  0
SECTION
  2
HEADER
  9
$ACADVER
  1
AC1032
  9
$ACADMAINTVER
 90
      197
  9
$DWGCODEPAGE
  3
ANSI_1252
  9
$LASTSAVEDBY
  1
hassa
  9
$REQUIREDVERSIONS
160
                 0
  9
$INSBASE
 10
0.0
 20
0.0
 30
0.0
  9
$EXTMIN
 10
5814.558850034821
 20
14.10009171365891
 30
0.0
  9
$EXTMAX
 10
10575.67601718176
 20
3210.600091713659
 30
0.0
  9
$LIMMIN
 10
0.0
 20
0.0
  9
$LIMMAX
 10
12.0
 20
9.0
  9
$ORTHOMODE
 70
     1
  9
$REGENMODE
 70
     1
  9
$FILLMODE
 70
     1
  9
$QTEXTMODE
 70
     0
  9
$MIRRTEXT
 70
     0
  9
$LTSCALE
 40
1.0
  9
$ATTMODE
 70
     1
  9
$TEXTSIZE
 40
0.2
  9
$TRACEWID
 40
0.05
  9
$TEXTSTYLE
  7
Standard
  9
$CLAYER
  8
0
  9
$CELTYPE
  6
ByLayer
  9
$CECOLOR
 62
   256
  9
$CELTSCALE
 40
1.0
  9
$DISPSILH
 70
     0
  9
$DIMSCALE
 40
4.0
  9
$DIMASZ
 40
1.5
  9
$DIMEXO
 40
0.625
  9
$DIMDLI
 40
3.75
  9
$DIMRND
 40
0.0
  9
$DIMDLE
 40
0.0
  9
$DIMEXE
 40
1.25
  9
$DIMTP
 40
0.0
  9
$DIMTM
 40
0.0
  9
$DIMTXT
 40
2.5
  9
$DIMCEN
 40
2.5
  9
$DIMTSZ
 40
0.0
  9
$DIMTOL
 70
     0
  9
$DIMLIM
 70
     0
  9
$DIMTIH
 70
     0
  9
$DIMTOH
 70
     0
  9
$DIMSE1
 70
     0
  9
$DIMSE2
 70
     0
  9
$DIMTAD
 70
     0
  9
$DIMZIN
 70
     8
  9
$DIMBLK
  1
Oblique
  9
$DIMASO
 70
     1
  9
$DIMSHO
 70
     1
  9
$DIMPOST
  1

  9
$DIMAPOST
  1

  9
$DIMALT
 70
     0
  9
$DIMALTD
 70
     3
  9
$DIMALTF
 40
0.03937007874016
  9
$DIMLFAC
 40
1.0
  9
$DIMTOFL
 70
     1
  9
$DIMTVP
 40
0.0
  9
$DIMTIX
 70
     0
  9
$DIMSOXD
 70
     0
  9
$DIMSAH
 70
     0
  9
$DIMBLK1
  1

  9
$DIMBLK2
  1

  9
$DIMSTYLE
  2
Sh
  9
$DIMCLRD
 70
     0
  9
$DIMCLRE
 70
     0
  9
$DIMCLRT
 70
     0
  9
$DIMTFAC
 40
1.0
  9
$DIMGAP
 40
0.625
  9
$DIMJUST
 70
     0
  9
$DIMSD1
 70
     0
  9
$DIMSD2
 70
     0
  9
$DIMTOLJ
 70
     0
  9
$DIMTZIN
 70
     8
  9
$DIMALTZ
 70
     0
  9
$DIMALTTZ
 70
     0
  9
$DIMUPT
 70
     0
  9
$DIMDEC
 70
     2
  9
$DIMTDEC
 70
     2
  9
$DIMALTU
 70
     2
  9
$DIMALTTD
 70
     3
  9
$DIMTXSTY
  7
Standard
  9
$DIMAUNIT
 70
     0
  9
$DIMADEC
 70
     0
  9
$DIMALTRND
 40
0.0
  9
$DIMAZIN
 70
     0
  9
$DIMDSEP
 70
    44
  9
$DIMATFIT
 70
     3
  9
$DIMFRAC
 70
     0
  9
$DIMLDRBLK
  1

  9
$DIMLUNIT
 70
     2
  9
$DIMLWD
 70
    -2
  9
$DIMLWE
 70
    -2
  9
$DIMTMOVE
 70
     0
  9
$DIMFXL
 40
1.0
  9
$DIMFXLON
 70
     1
  9
$DIMJOGANG
 40
0.7853981633974483
  9
$DIMTFILL
 70
     0
  9
$DIMTFILLCLR
 70
     0
  9
$DIMARCSYM
 70
     0
  9
$DIMLTYPE
  6

  9
$DIMLTEX1
  6

  9
$DIMLTEX2
  6

  9
$DIMTXTDIRECTION
 70
     0
  9
$LUNITS
 70
     2
  9
$LUPREC
 70
     4
  9
$SKETCHINC
 40
0.1
  9
$FILLETRAD
 40
0.0
  9
$AUNITS
 70
     0
  9
$AUPREC
 70
     0
  9
$MENU
  1
.
  9
$ELEVATION
 40
0.0
  9
$PELEVATION
 40
0.0
  9
$THICKNESS
 40
0.0
  9
$LIMCHECK
 70
     0
  9
$CHAMFERA
 40
0.0
  9
$CHAMFERB
 40
0.0
  9
$CHAMFERC
 40
0.0
  9
$CHAMFERD
 40
0.0
  9
$SKPOLY
 70
     0
  9
$TDCREATE
 40
2461296.648414352
  9
$TDUCREATE
 40
2461296.523414352
  9
$TDUPDATE
 40
2461307.991261574
  9
$TDUUPDATE
 40
2461307.866261574
  9
$TDINDWG
 40
0.4415625000
  9
$TDUSRTIMER
 40
0.4415625000
  9
$USRTIMER
 70
     1
  9
$ANGBASE
 50
0.0
  9
$ANGDIR
 70
     0
  9
$PDMODE
 70
     0
  9
$PDSIZE
 40
0.0
  9
$PLINEWID
 40
0.0
  9
$SPLFRAME
 70
     0
  9
$SPLINETYPE
 70
     6
  9
$SPLINESEGS
 70
     8
  9
$HANDSEED
  5
1CD2
  9
$SURFTAB1
 70
     6
  9
$SURFTAB2
 70
     6
  9
$SURFTYPE
 70
     6
  9
$SURFU
 70
     6
  9
$SURFV
 70
     6
  9
$UCSBASE
  2

  9
$UCSNAME
  2

  9
$UCSORG
 10
0.0
 20
0.0
 30
0.0
  9
$UCSXDIR
 10
1.0
 20
0.0
 30
0.0
  9
$UCSYDIR
 10
0.0
 20
1.0
 30
0.0
  9
$UCSORTHOREF
  2

  9
$UCSORTHOVIEW
 70
     0
  9
$UCSORGTOP
 10
0.0
 20
0.0
 30
0.0
  9
$UCSORGBOTTOM
 10
0.0
 20
0.0
 30
0.0
  9
$UCSORGLEFT
 10
0.0
 20
0.0
 30
0.0
  9
$UCSORGRIGHT
 10
0.0
 20
0.0
 30
0.0
  9
$UCSORGFRONT
 10
0.0
 20
0.0
 30
0.0
  9
$UCSORGBACK
 10
0.0
 20
0.0
 30
0.0
  9
$PUCSBASE
  2

  9
$PUCSNAME
  2

  9
$PUCSORG
 10
0.0
 20
0.0
 30
0.0
  9
$PUCSXDIR
 10
1.0
 20
0.0
 30
0.0
  9
$PUCSYDIR
 10
0.0
 20
1.0
 30
0.0
  9
$PUCSORTHOREF
  2

  9
$PUCSORTHOVIEW
 70
     0
  9
$PUCSORGTOP
 10
0.0
 20
0.0
 30
0.0
  9
$PUCSORGBOTTOM
 10
0.0
 20
0.0
 30
0.0
  9
$PUCSORGLEFT
 10
0.0
 20
0.0
 30
0.0
  9
$PUCSORGRIGHT
 10
0.0
 20
0.0
 30
0.0
  9
$PUCSORGFRONT
 10
0.0
 20
0.0
 30
0.0
  9
$PUCSORGBACK
 10
0.0
 20
0.0
 30
0.0
  9
$USERI1
 70
     0
  9
$USERI2
 70
     0
  9
$USERI3
 70
     0
  9
$USERI4
 70
     0
  9
$USERI5
 70
     0
  9
$USERR1
 40
0.0
  9
$USERR2
 40
0.0
  9
$USERR3
 40
0.0
  9
$USERR4
 40
0.0
  9
$USERR5
 40
0.0
  9
$WORLDVIEW
 70
     1
  9
$SHADEDGE
 70
     3
  9
$SHADEDIF
 70
    70
  9
$TILEMODE
 70
     1
  9
$MAXACTVP
 70
    64
  9
$PINSBASE
 10
0.0
 20
0.0
 30
0.0
  9
$PLIMCHECK
 70
     0
  9
$PEXTMIN
 10
0.0
 20
0.0
 30
0.0
  9
$PEXTMAX
 10
0.0
 20
0.0
 30
0.0
  9
$PLIMMIN
 10
0.0
 20
0.0
  9
$PLIMMAX
 10
12.0
 20
9.0
  9
$UNITMODE
 70
     0
  9
$VISRETAIN
 70
     1
  9
$PLINEGEN
 70
     0
  9
$PSLTSCALE
 70
     1
  9
$TREEDEPTH
 70
  3020
  9
$CMLSTYLE
  2
Standard
  9
$CMLJUST
 70
     0
  9
$CMLSCALE
 40
1.0
  9
$PROXYGRAPHICS
 70
     1
  9
$MEASUREMENT
 70
     0
  9
$CELWEIGHT
370
    -1
  9
$ENDCAPS
280
     0
  9
$JOINSTYLE
280
     0
  9
$LWDISPLAY
290
     0
  9
$INSUNITS
 70
     1
  9
$HYPERLINKBASE
  1

  9
$STYLESHEET
  1

  9
$XEDIT
290
     1
  9
$CEPSNTYPE
380
     0
  9
$PSTYLEMODE
290
     1
  9
$FINGERPRINTGUID
  2
{4B2035D4-175B-8F41-9D7A-3BD1EC79FFD3}
  9
$VERSIONGUID
  2
{B998A400-7343-7446-876A-EB46AEEB319F}
  9
$EXTNAMES
290
     1
  9
$PSVPSCALE
 40
0.0
  9
$OLESTARTUP
290
     0
  9
$SORTENTS
280
   127
  9
$INDEXCTL
280
     0
  9
$HIDETEXT
280
     1
  9
$XCLIPFRAME
280
     2
  9
$HALOGAP
280
     0
  9
$OBSCOLOR
 70
   257
  9
$OBSLTYPE
280
     0
  9
$INTERSECTIONDISPLAY
280
     0
  9
$INTERSECTIONCOLOR
 70
   257
  9
$DIMASSOC
280
     2
  9
$PROJECTNAME
  1

  9
$CAMERADISPLAY
290
     0
  9
$LENSLENGTH
 40
50.0
  9
$CAMERAHEIGHT
 40
0.0
  9
$STEPSPERSEC
 40
2.0
  9
$STEPSIZE
 40
6.0
  9
$3DDWFPREC
 40
2.0
  9
$PSOLWIDTH
 40
0.25
  9
$PSOLHEIGHT
 40
4.0
  9
$LOFTANG1
 40
1.570796326794896
  9
$LOFTANG2
 40
1.570796326794896
  9
$LOFTMAG1
 40
0.0
  9
$LOFTMAG2
 40
0.0
  9
$LOFTPARAM
 70
     7
  9
$LOFTNORMALS
280
     1
  9
$LATITUDE
 40
37.795
  9
$LONGITUDE
 40
-122.394
  9
$NORTHDIRECTION
 40
0.0
  9
$TIMEZONE
 70
 -8000
  9
$LIGHTGLYPHDISPLAY
280
     1
  9
$TILEMODELIGHTSYNCH
280
     1
  9
$CMATERIAL
347
96
  9
$SOLIDHIST
280
     0
  9
$SHOWHIST
280
     1
  9
$DWFFRAME
280
     2
  9
$DGNFRAME
280
     0
  9
$REALWORLDSCALE
290
     1
  9
$INTERFERECOLOR
 62
     1
  9
$INTERFEREOBJVS
345
A3
  9
$INTERFEREVPVS
346
A0
  9
$CSHADOW
280
     0
  9
$SHADOWPLANELOCATION
 40
0.0
  0
ENDSEC
  0
SECTION
  2
CLASSES
  0
CLASS
  1
ACDBDICTIONARYWDFLT
  2
AcDbDictionaryWithDefault
  3
ObjectDBX Classes
 90
        0
 91
        1
280
     0
281
     0
  0
CLASS
  1
DICTIONARYVAR
  2
AcDbDictionaryVar
  3
ObjectDBX Classes
 90
        0
 91
       90
280
     0
281
     0
  0
CLASS
  1
TABLESTYLE
  2
AcDbTableStyle
  3
ObjectDBX Classes
 90
     4095
 91
        1
280
     0
281
     0
  0
CLASS
  1
MATERIAL
  2
AcDbMaterial
  3
ObjectDBX Classes
 90
     1153
 91
        3
280
     0
281
     0
  0
CLASS
  1
VISUALSTYLE
  2
AcDbVisualStyle
  3
ObjectDBX Classes
 90
     4095
 91
       25
280
     0
281
     0
  0
CLASS
  1
SCALE
  2
AcDbScale
  3
ObjectDBX Classes
 90
     1153
 91
       33
280
     0
281
     0
  0
CLASS
  1
MLEADERSTYLE
  2
AcDbMLeaderStyle
  3
ACDB_MLEADERSTYLE_CLASS
 90
     4095
 91
        2
280
     0
281
     0
  0
CLASS
  1
CELLSTYLEMAP
  2
AcDbCellStyleMap
  3
ObjectDBX Classes
 90
     1152
 91
        2
280
     0
281
     0
  0
CLASS
  1
EXACXREFPANELOBJECT
  2
ExAcXREFPanelObject
  3
EXAC_ESW
 90
     1025
 91
        0
280
     0
281
     0
  0
CLASS
  1
NPOCOLLECTION
  2
AcDbImpNonPersistentObjectsCollection
  3
ObjectDBX Classes
 90
     1153
 91
        0
280
     0
281
     0
  0
CLASS
  1
LAYER_INDEX
  2
AcDbLayerIndex
  3
ObjectDBX Classes
 90
        0
 91
        0
280
     0
281
     0
  0
CLASS
  1
SPATIAL_INDEX
  2
AcDbSpatialIndex
  3
ObjectDBX Classes
 90
        0
 91
        0
280
     0
281
     0
  0
CLASS
  1
IDBUFFER
  2
AcDbIdBuffer
  3
ObjectDBX Classes
 90
        0
 91
        0
280
     0
281
     0
  0
CLASS
  1
ACDBSECTIONVIEWSTYLE
  2
AcDbSectionViewStyle
  3
ObjectDBX Classes
 90
     1025
 91
        2
280
     0
281
     0
  0
CLASS
  1
ACDBDETAILVIEWSTYLE
  2
AcDbDetailViewStyle
  3
ObjectDBX Classes
 90
     1025
 91
        2
280
     0
281
     0
  0
CLASS
  1
SORTENTSTABLE
  2
AcDbSortentsTable
  3
ObjectDBX Classes
 90
        0
 91
        2
280
     0
281
     0
  0
CLASS
  1
DIMASSOC
  2
AcDbDimAssoc
  3
"AcDbDimAssoc|Product Desc:     AcDim ARX App For Dimension|Company:          Autodesk, Inc.|WEB Address:      www.autodesk.com"
 90
        0
 91
       28
280
     0
281
     0
  0
CLASS
  1
ACDBASSOCACTION
  2
AcDbAssocAction
  3
ObjectDBX Classes
 90
     1025
 91
       22
280
     0
281
     0
  0
CLASS
  1
ACDBASSOCARRAYACTIONBODY
  2
AcDbAssocArrayActionBody
  3
ObjectDBX Classes
 90
     1025
 91
       14
280
     0
281
     0
  0
CLASS
  1
ACDBASSOCDEPENDENCY
  2
AcDbAssocDependency
  3
ObjectDBX Classes
 90
     1025
 91
       53
280
     0
281
     0
  0
CLASS
  1
ACDBASSOCVERTEXACTIONPARAM
  2
AcDbAssocVertexActionParam
  3
ObjectDBX Classes
 90
     1025
 91
       42
280
     0
281
     0
  0
CLASS
  1
ACDBASSOCEDGEACTIONPARAM
  2
AcDbAssocEdgeActionParam
  3
ObjectDBX Classes
 90
     1025
 91
       46
280
     0
281
     0
  0
CLASS
  1
ACDBASSOCARRAYPATHPARAMETERS
  2
AcDbAssocArrayPathParameters
  3
ObjectDBX Classes
 90
     1025
 91
        0
280
     0
281
     0
  0
CLASS
  1
ACDBASSOCNETWORK
  2
AcDbAssocNetwork
  3
ObjectDBX Classes
 90
     1025
 91
        2
280
     0
281
     0
  0
CLASS
  1
ACARRAYJIGENTITY
  2
AcArrayJigEntity
  3
ACAD_ARRAY
 90
      129
 91
        6
280
     0
281
     1
  0
CLASS
  1
ACDBASSOCROTATEDDIMACTIONBODY
  2
AcDbAssocRotatedDimActionBody
  3
ObjectDBX Classes
 90
     1025
 91
        8
280
     0
281
     0
  0
CLASS
  1
ACDBASSOCOSNAPPOINTREFACTIONPARAM
  2
AcDbAssocOsnapPointRefActionParam
  3
ObjectDBX Classes
 90
     1025
 91
       16
280
     0
281
     0
  0
CLASS
  1
ACDBASSOCGEOMDEPENDENCY
  2
AcDbAssocGeomDependency
  3
ObjectDBX Classes
 90
     1025
 91
       32
280
     0
281
     0
  0
ENDSEC
  0
SECTION
  2
TABLES
  0
TABLE
  2
VPORT
  5
8
330
0
100
AcDbSymbolTable
 70
     1
  0
VPORT
  5
94
330
8
100
AcDbSymbolTableRecord
100
AcDbViewportTableRecord
  2
*Active
 70
     0
 10
0.0
 20
0.0
 11
1.0
 21
1.0
 12
10336.53899987729
 22
1408.836243282634
 13
0.0
 23
0.0
 14
0.5
 24
0.5
 15
0.5
 25
0.5
 16
0.0
 26
0.0
 36
1.0
 17
0.0
 27
0.0
 37
0.0
 40
3508.862881002615
 41
2.562922868741542
 42
50.0
 43
0.0
 44
0.0
 50
0.0
 51
0.0
 71
     0
 72
  1000
 73
     1
 74
     3
 75
     0
 76
     1
 77
     0
 78
     0
281
     0
 65
     1
110
0.0
120
0.0
130
0.0
111
1.0
121
0.0
131
0.0
112
0.0
122
1.0
132
0.0
 79
     0
146
0.0
348
9F
 60
     3
 61
     5
292
     1
282
     1
141
0.0
142
0.0
 63
   250
421
  3355443
1001
ACAD_NAV_VCDISPLAY
1070
     3
  0
ENDTAB
  0
TABLE
  2
LTYPE
  5
5
330
0
100
AcDbSymbolTable
 70
     5
  0
LTYPE
  5
14
330
5
100
AcDbSymbolTableRecord
100
AcDbLinetypeTableRecord
  2
ByBlock
 70
     0
  3

 72
    65
 73
     0
 40
0.0
  0
LTYPE
  5
15
330
5
100
AcDbSymbolTableRecord
100
AcDbLinetypeTableRecord
  2
ByLayer
 70
     0
  3

 72
    65
 73
     0
 40
0.0
  0
LTYPE
  5
16
330
5
100
AcDbSymbolTableRecord
100
AcDbLinetypeTableRecord
  2
Continuous
 70
     0
  3
Solid line
 72
    65
 73
     0
 40
0.0
  0
LTYPE
  5
285
330
5
100
AcDbSymbolTableRecord
100
AcDbLinetypeTableRecord
  2
HIDDEN
 70
     0
  3
Hidden __ __ __ __ __ __ __ __ __ __ __ __ __ __
 72
    65
 73
     2
 40
1.905
 49
1.27
 74
     0
 49
-0.635
 74
     0
  0
LTYPE
  5
286
330
5
100
AcDbSymbolTableRecord
100
AcDbLinetypeTableRecord
  2
CENTERX2
 70
     0
  3
Center (2x) ________  __  ________  __  _____
 72
    65
 73
     4
 40
20.32
 49
12.7
 74
     0
 49
-2.54
 74
     0
 49
2.54
 74
     0
 49
-2.54
 74
     0
  0
ENDTAB
  0
TABLE
  2
LAYER
  5
2
102
{ACAD_XDICTIONARY
360
18E
102
}
330
0
100
AcDbSymbolTable
 70
     4
  0
LAYER
  5
10
102
{ACAD_XDICTIONARY
360
E6
102
}
330
2
100
AcDbSymbolTableRecord
100
AcDbLayerTableRecord
  2
0
 70
     0
 62
     7
  6
Continuous
370
    -3
390
F
347
98
348
0
  0
LAYER
  5
287
330
2
100
AcDbSymbolTableRecord
100
AcDbLayerTableRecord
  2
Defpoints
 70
     0
 62
     7
  6
Continuous
290
     0
370
    -3
390
F
347
98
348
0
  0
LAYER
  5
288
330
2
100
AcDbSymbolTableRecord
100
AcDbLayerTableRecord
  2
A-DIMS-INSD
 70
     0
 62
     7
  6
Continuous
370
    -3
390
F
347
98
348
0
  0
LAYER
  5
289
330
2
100
AcDbSymbolTableRecord
100
AcDbLayerTableRecord
  2
TEXT
 70
     0
 62
     7
  6
Continuous
370
    -3
390
F
347
98
348
0
  0
ENDTAB
  0
TABLE
  2
STYLE
  5
3
330
0
100
AcDbSymbolTable
 70
     2
  0
STYLE
  5
11
330
3
100
AcDbSymbolTableRecord
100
AcDbTextStyleTableRecord
  2
Standard
 70
     0
 40
0.0
 41
1.0
 50
0.0
 71
     0
 42
0.2
  3
arial.ttf
  4

1001
ACAD
1000
Arial
1071
       34
  0
STYLE
  5
DC
330
3
100
AcDbSymbolTableRecord
100
AcDbTextStyleTableRecord
  2
Annotative
 70
     0
 40
0.0
 41
1.0
 50
0.0
 71
     0
 42
0.2
  3
arial.ttf
  4

1001
AcadAnnotative
1000
AnnotativeData
1002
{
1070
     1
1070
     1
1002
}
1001
ACAD
1000
Arial
1071
       34
  0
ENDTAB
  0
TABLE
  2
VIEW
  5
6
330
0
100
AcDbSymbolTable
 70
     0
  0
ENDTAB
  0
TABLE
  2
UCS
  5
7
330
0
100
AcDbSymbolTable
 70
     0
  0
ENDTAB
  0
TABLE
  2
APPID
  5
9
330
0
100
AcDbSymbolTable
 70
    11
  0
APPID
  5
12
330
9
100
AcDbSymbolTableRecord
100
AcDbRegAppTableRecord
  2
ACAD
 70
     0
  0
APPID
  5
DD
330
9
100
AcDbSymbolTableRecord
100
AcDbRegAppTableRecord
  2
AcadAnnoPO
 70
     0
  0
APPID
  5
DE
330
9
100
AcDbSymbolTableRecord
100
AcDbRegAppTableRecord
  2
AcadAnnotative
 70
     0
  0
APPID
  5
DF
330
9
100
AcDbSymbolTableRecord
100
AcDbRegAppTableRecord
  2
ACAD_DSTYLE_DIMJAG
 70
     0
  0
APPID
  5
E0
330
9
100
AcDbSymbolTableRecord
100
AcDbRegAppTableRecord
  2
ACAD_DSTYLE_DIMTALN
 70
     0
  0
APPID
  5
107
330
9
100
AcDbSymbolTableRecord
100
AcDbRegAppTableRecord
  2
ACAD_MLEADERVER
 70
     0
  0
APPID
  5
1A6
330
9
100
AcDbSymbolTableRecord
100
AcDbRegAppTableRecord
  2
ACAD_NAV_VCDISPLAY
 70
     0
  0
APPID
  5
708
330
9
100
AcDbSymbolTableRecord
100
AcDbRegAppTableRecord
  2
Acad_TC
 70
     0
  0
APPID
  5
714
330
9
100
AcDbSymbolTableRecord
100
AcDbRegAppTableRecord
  2
ACAD_EXEMPT_FROM_CAD_STANDARDS
 70
     0
  0
APPID
  5
7A5
330
9
100
AcDbSymbolTableRecord
100
AcDbRegAppTableRecord
  2
ACAD_DSTYLE_DIMRADIAL_EXTENSION
 70
     0
  0
APPID
  5
1590
330
9
100
AcDbSymbolTableRecord
100
AcDbRegAppTableRecord
  2
ACAD_PSEXT
 70
     0
  0
ENDTAB
  0
TABLE
  2
DIMSTYLE
  5
A
330
0
100
AcDbSymbolTable
 70
     7
100
AcDbDimStyleTable
 71
     4
340
4E0
340
27
340
28A
340
E1
  0
DIMSTYLE
105
27
330
A
100
AcDbSymbolTableRecord
100
AcDbDimStyleTableRecord
  2
Standard
 70
     0
340
11
  0
DIMSTYLE
105
E1
330
A
100
AcDbSymbolTableRecord
100
AcDbDimStyleTableRecord
  2
Annotative
 70
     0
 40
0.0
340
11
1001
AcadAnnotative
1000
AnnotativeData
1002
{
1070
     1
1070
     1
1002
}
1001
ACAD_DSTYLE_DIMJAG
1070
   388
1040
1.5
1001
ACAD_DSTYLE_DIMTALN
1070
   392
1070
     0
  0
DIMSTYLE
105
28A
330
A
100
AcDbSymbolTableRecord
100
AcDbDimStyleTableRecord
  2
ISO-25
 70
     0
 41
2.5
 42
0.625
 43
3.75
 44
1.25
 73
     0
 74
     0
 77
     1
 78
     8
140
2.5
141
2.5
143
0.0393700787
147
0.625
171
     3
172
     1
271
     2
272
     2
274
     3
278
    44
283
     0
284
     8
340
11
  0
DIMSTYLE
105
4E0
330
A
100
AcDbSymbolTableRecord
100
AcDbDimStyleTableRecord
  2
Sh
 70
     0
 40
4.0
 41
1.5
 42
0.625
 43
3.75
 44
1.25
 73
     0
 74
     0
 78
     8
140
2.5
141
2.5
143
0.03937007874016
147
0.625
171
     3
172
     1
271
     2
272
     2
274
     3
278
    44
283
     0
284
     8
290
     1
340
11
342
49F
1001
ACAD_DSTYLE_DIMJAG
1070
   388
1040
1.5
1001
ACAD_DSTYLE_DIMTALN
1070
   392
1070
     0
  0
DIMSTYLE
105
158F
330
A
100
AcDbSymbolTableRecord
100
AcDbDimStyleTableRecord
  2
khaled
 70
     0
 40
5.0
 41
1.0
 42
0.625
 43
3.75
 44
1.25
 73
     0
 74
     0
 78
     9
140
2.5
141
2.5
143
0.03937007874016
144
-1.0
147
0.625
171
     3
172
     1
178
   256
179
     1
271
     1
272
     1
274
     3
278
    44
284
     8
290
     1
340
11
341
153E
342
153E
1001
ACAD_DSTYLE_DIMJAG
1070
   388
1040
1.5
1001
ACAD_DSTYLE_DIMTALN
1070
   392
1070
     0
  0
ENDTAB
  0
TABLE
  2
BLOCK_RECORD
  5
1
330
0
100
AcDbSymbolTable
 70
   118
  0
BLOCK_RECORD
  5
1F
102
{ACAD_XDICTIONARY
360
15D
102
}
330
1
100
AcDbSymbolTableRecord
100
AcDbBlockTableRecord
  2
*Model_Space
340
22
 70
     0
280
     1
281
     0
  0
BLOCK_RECORD
  5
58
330
1
100
AcDbSymbolTableRecord
100
AcDbBlockTableRecord
  2
*Paper_Space
340
59
 70
     0
280
     1
281
     0
  0
BLOCK_RECORD
  5
5D
330
1
100
AcDbSymbolTableRecord
100
AcDbBlockTableRecord
  2
*Paper_Space0
340
5E
 70
     0
280
     1
281
     0
  0
BLOCK_RECORD
  5
3A9
330
1
100
AcDbSymbolTableRecord
100
AcDbBlockTableRecord
  2
*D1
340
0
 70
     0
280
     1
281
     0
  0
BLOCK_RECORD
  5
3B6
330
1
100
AcDbSymbolTableRecord
100
AcDbBlockTableRecord
  2
*D2
340
0
 70
     0
280
     1
281
     0
  0
BLOCK_RECORD
  5
3C2
330
1
100
AcDbSymbolTableRecord
100
AcDbBlockTableRecord
  2
*D3
340
0
 70
     0
280
     1
281
     0
  0
BLOCK_RECORD
  5
3CE
330
1
100
AcDbSymbolTableRecord
100
AcDbBlockTableRecord
  2
*D4
340
0
 70
     0
280
     1
281
     0
  0
BLOCK_RECORD
  5
3DB
330
1
100
AcDbSymbolTableRecord
100
AcDbBlockTableRecord
  2
*D5
340
0
 70
     0
280
     1
281
     0
  0
BLOCK_RECORD
  5
3E7
330
1
100
AcDbSymbolTableRecord
100
AcDbBlockTableRecord
  2
*D6
340
0
 70
     0
280
     1
281
     0
  0
BLOCK_RECORD
  5
49F
330
1
100
AcDbSymbolTableRecord
100
AcDbBlockTableRecord
  2
_Oblique
340
0
102
{BLKREFS
331
1816
331
1817
331
185A
331
185B
331
1A7F
331
1A80
331
1AA8
331
1AA9
331
1ABC
331
1ABD
331
1799
331
179A
331
17A3
331
17A4
331
17DF
331
17E0
331
17F3
331
17F4
331
1510
331
1511
331
1904
331
1905
331
1929
331
192A
331
1933
331
1934
331
193D
331
193E
331
194B
331
194C
331
1547
331
1548
331
1554
331
1555
331
1561
331
1562
331
156E
331
156F
331
157B
331
157C
331
1588
331
1589
331
1971
331
1972
331
198B
331
198C
331
19C1
331
19C2
331
19DB
331
19DC
331
1AEF
331
1AF0
331
1B04
331
1B05
331
1B2A
331
1B2B
331
1A1F
331
1A20
331
1A2D
331
1A2E
331
1880
331
1881
331
189A
331
189B
331
18B0
331
18B1
331
18BA
331
18BB
331
18C4
331
18C5
331
1C43
331
1C44
331
1BC6
331
1BC7
331
1C03
331
1C04
331
1C12
331
1C13
331
1BBC
331
1BBD
102
}
 70
     0
280
     1
281
     0
  0
BLOCK_RECORD
  5
7D6
330
1
100
AcDbSymbolTableRecord
100
AcDbBlockTableRecord
  2
*U12
340
0
102
{BLKREFS
331
7EA
331
7EB
331
7EC
331
7ED
102
}
 70
     0
280
     1
281
     0
  0
BLOCK_RECORD
  5
7D9
330
1
100
AcDbSymbolTableRecord
100
AcDbBlockTableRecord
  2
*U13
340
0
 70
     0
280
     1
281
     1
  0
BLOCK_RECORD
  5
7FD
330
1
100
AcDbSymbolTableRecord
100
AcDbBlockTableRecord
  2
*U14
340
0
102
{BLKREFS
331
805
331
806
331
807
331
808
102
}
 70
     0
280
     1
281
     0
  0
BLOCK_RECORD
  5
803
330
1
100
AcDbSymbolTableRecord
100
AcDbBlockTableRecord
  2
*U15
340
0
 70
     0
280
     1
281
     1
  0
BLOCK_RECORD
  5
C3F
330
1
100
AcDbSymbolTableRecord
100
AcDbBlockTableRecord
  2
*U22
340
0
102
{BLKREFS
331
C47
331
C48
331
C49
331
C4A
102
}
 70
     0
280
     1
281
     0
  0
BLOCK_RECORD
  5
C45
330
1
100
AcDbSymbolTableRecord
100
AcDbBlockTableRecord
  2
*U23
340
0
 70
     0
280
     1
281
     1
  0
BLOCK_RECORD
  5
C55
330
1
100
AcDbSymbolTableRecord
100
AcDbBlockTableRecord
  2
*U24
340
0
102
{BLKREFS
331
C5B
331
C5C
331
C5D
331
C5E
102
}
 70
     0
280
     1
281
     0
  0
BLOCK_RECORD
  5
C59
330
1
100
AcDbSymbolTableRecord
100
AcDbBlockTableRecord
  2
*U25
340
0
 70
     0
280
     1
281
     1
  0
BLOCK_RECORD
  5
C69
330
1
100
AcDbSymbolTableRecord
100
AcDbBlockTableRecord
  2
*D26
340
0
 70
     0
280
     1
281
     0
  0
BLOCK_RECORD
  5
C76
330
1
100
AcDbSymbolTableRecord
100
AcDbBlockTableRecord
  2
*D27
340
0
 70
     0
280
     1
281
     0
  0
BLOCK_RECORD
  5
C82
330
1
100
AcDbSymbolTableRecord
100
AcDbBlockTableRecord
  2
*D28
340
0
 70
     0
280
     1
281
     0
  0
BLOCK_RECORD
  5
C8E
330
1
100
AcDbSymbolTableRecord
100
AcDbBlockTableRecord
  2
*D29
340
0
 70
     0
280
     1
281
     0
  0
BLOCK_RECORD
  5
C9B
330
1
100
AcDbSymbolTableRecord
100
AcDbBlockTableRecord
  2
*D30
340
0
 70
     0
280
     1
281
     0
  0
BLOCK_RECORD
  5
CA7
330
1
100
AcDbSymbolTableRecord
100
AcDbBlockTableRecord
  2
*D31
340
0
 70
     0
280
     1
281
     0
  0
BLOCK_RECORD
  5
DA3
330
1
100
AcDbSymbolTableRecord
100
AcDbBlockTableRecord
  2
*U32
340
0
102
{BLKREFS
102
}
 70
     0
280
     1
281
     0
  0
BLOCK_RECORD
  5
DB9
330
1
100
AcDbSymbolTableRecord
100
AcDbBlockTableRecord
  2
*U34
340
0
102
{BLKREFS
102
}
 70
     0
280
     1
281
     0
  0
BLOCK_RECORD
  5
DF7
330
1
100
AcDbSymbolTableRecord
100
AcDbBlockTableRecord
  2
*U36
340
0
102
{BLKREFS
102
}
 70
     0
280
     1
281
     0
  0
BLOCK_RECORD
  5
E0D
330
1
100
AcDbSymbolTableRecord
100
AcDbBlockTableRecord
  2
*U38
340
0
102
{BLKREFS
102
}
 70
     0
280
     1
281
     0
  0
BLOCK_RECORD
  5
E4B
330
1
100
AcDbSymbolTableRecord
100
AcDbBlockTableRecord
  2
*U40
340
0
102
{BLKREFS
102
}
 70
     0
280
     1
281
     0
  0
BLOCK_RECORD
  5
E61
330
1
100
AcDbSymbolTableRecord
100
AcDbBlockTableRecord
  2
*U42
340
0
102
{BLKREFS
102
}
 70
     0
280
     1
281
     0
  0
BLOCK_RECORD
  5
11CE
330
1
100
AcDbSymbolTableRecord
100
AcDbBlockTableRecord
  2
*D44
340
0
 70
     0
280
     1
281
     0
  0
BLOCK_RECORD
  5
125F
330
1
100
AcDbSymbolTableRecord
100
AcDbBlockTableRecord
  2
*D45
340
0
 70
     0
280
     1
281
     0
  0
BLOCK_RECORD
  5
132C
330
1
100
AcDbSymbolTableRecord
100
AcDbBlockTableRecord
  2
*U47
340
0
102
{BLKREFS
331
1340
331
1341
331
1342
331
1343
102
}
 70
     0
280
     1
281
     0
  0
BLOCK_RECORD
  5
132F
330
1
100
AcDbSymbolTableRecord
100
AcDbBlockTableRecord
  2
*U48
340
0
 70
     0
280
     1
281
     1
  0
BLOCK_RECORD
  5
135B
330
1
100
AcDbSymbolTableRecord
100
AcDbBlockTableRecord
  2
*U49
340
0
102
{BLKREFS
331
1363
331
1364
331
1365
331
1366
102
}
 70
     0
280
     1
281
     0
  0
BLOCK_RECORD
  5
1361
330
1
100
AcDbSymbolTableRecord
100
AcDbBlockTableRecord
  2
*U51
340
0
 70
     0
280
     1
281
     1
  0
BLOCK_RECORD
  5
1388
330
1
100
AcDbSymbolTableRecord
100
AcDbBlockTableRecord
  2
*U52
340
0
102
{BLKREFS
331
1390
331
1391
331
1392
331
1393
102
}
 70
     0
280
     1
281
     0
  0
BLOCK_RECORD
  5
138E
330
1
100
AcDbSymbolTableRecord
100
AcDbBlockTableRecord
  2
*U54
340
0
 70
     0
280
     1
281
     1
  0
BLOCK_RECORD
  5
13BD
330
1
100
AcDbSymbolTableRecord
100
AcDbBlockTableRecord
  2
*U55
340
0
102
{BLKREFS
331
13C5
331
13C6
331
13C7
331
13C8
102
}
 70
     0
280
     1
281
     0
  0
BLOCK_RECORD
  5
13C3
330
1
100
AcDbSymbolTableRecord
100
AcDbBlockTableRecord
  2
*U57
340
0
 70
     0
280
     1
281
     1
  0
BLOCK_RECORD
  5
13EF
330
1
100
AcDbSymbolTableRecord
100
AcDbBlockTableRecord
  2
*U58
340
0
102
{BLKREFS
331
13F7
331
13F8
331
13F9
331
13FA
102
}
 70
     0
280
     1
281
     0
  0
BLOCK_RECORD
  5
13F5
330
1
100
AcDbSymbolTableRecord
100
AcDbBlockTableRecord
  2
*U60
340
0
 70
     0
280
     1
281
     1
  0
BLOCK_RECORD
  5
1410
330
1
100
AcDbSymbolTableRecord
100
AcDbBlockTableRecord
  2
*U61
340
0
102
{BLKREFS
331
1424
331
1425
331
1426
331
1427
102
}
 70
     0
280
     1
281
     0
  0
BLOCK_RECORD
  5
1413
330
1
100
AcDbSymbolTableRecord
100
AcDbBlockTableRecord
  2
*U62
340
0
 70
     0
280
     1
281
     1
  0
BLOCK_RECORD
  5
1429
330
1
100
AcDbSymbolTableRecord
100
AcDbBlockTableRecord
  2
*D63
340
0
 70
     0
280
     1
281
     0
  0
BLOCK_RECORD
  5
1444
330
1
100
AcDbSymbolTableRecord
100
AcDbBlockTableRecord
  2
*U64
340
0
102
{BLKREFS
331
144C
331
144D
331
144E
331
144F
102
}
 70
     0
280
     1
281
     0
  0
BLOCK_RECORD
  5
144A
330
1
100
AcDbSymbolTableRecord
100
AcDbBlockTableRecord
  2
*U66
340
0
 70
     0
280
     1
281
     1
  0
BLOCK_RECORD
  5
14E4
330
1
100
AcDbSymbolTableRecord
100
AcDbBlockTableRecord
  2
*D68
340
0
 70
     0
280
     1
281
     0
  0
BLOCK_RECORD
  5
14FE
330
1
100
AcDbSymbolTableRecord
100
AcDbBlockTableRecord
  2
*D69
340
0
 70
     0
280
     1
281
     0
  0
BLOCK_RECORD
  5
151C
330
1
100
AcDbSymbolTableRecord
100
AcDbBlockTableRecord
  2
*U70
340
0
102
{BLKREFS
331
1530
331
1531
331
1532
331
1533
102
}
 70
     0
280
     1
281
     0
  0
BLOCK_RECORD
  5
151F
330
1
100
AcDbSymbolTableRecord
100
AcDbBlockTableRecord
  2
*U71
340
0
 70
     0
280
     1
281
     1
  0
BLOCK_RECORD
  5
153E
330
1
100
AcDbSymbolTableRecord
100
AcDbBlockTableRecord
  2
_None
340
0
 70
     0
280
     1
281
     0
  0
BLOCK_RECORD
  5
1541
330
1
100
AcDbSymbolTableRecord
100
AcDbBlockTableRecord
  2
*D73
340
0
 70
     0
280
     1
281
     0
  0
BLOCK_RECORD
  5
154E
330
1
100
AcDbSymbolTableRecord
100
AcDbBlockTableRecord
  2
*D74
340
0
 70
     0
280
     1
281
     0
  0
BLOCK_RECORD
  5
155B
330
1
100
AcDbSymbolTableRecord
100
AcDbBlockTableRecord
  2
*D75
340
0
 70
     0
280
     1
281
     0
  0
BLOCK_RECORD
  5
1568
330
1
100
AcDbSymbolTableRecord
100
AcDbBlockTableRecord
  2
*D76
340
0
 70
     0
280
     1
281
     0
  0
BLOCK_RECORD
  5
1575
330
1
100
AcDbSymbolTableRecord
100
AcDbBlockTableRecord
  2
*D77
340
0
 70
     0
280
     1
281
     0
  0
BLOCK_RECORD
  5
1582
330
1
100
AcDbSymbolTableRecord
100
AcDbBlockTableRecord
  2
*D78
340
0
 70
     0
280
     1
281
     0
  0
BLOCK_RECORD
  5
16E4
330
1
100
AcDbSymbolTableRecord
100
AcDbBlockTableRecord
  2
*D80
340
0
 70
     0
280
     1
281
     0
  0
BLOCK_RECORD
  5
16F1
330
1
100
AcDbSymbolTableRecord
100
AcDbBlockTableRecord
  2
*D81
340
0
 70
     0
280
     1
281
     0
  0
BLOCK_RECORD
  5
16FE
330
1
100
AcDbSymbolTableRecord
100
AcDbBlockTableRecord
  2
*D82
340
0
 70
     0
280
     1
281
     0
  0
BLOCK_RECORD
  5
1729
330
1
100
AcDbSymbolTableRecord
100
AcDbBlockTableRecord
  2
*D83
340
0
 70
     0
280
     1
281
     0
  0
BLOCK_RECORD
  5
1735
330
1
100
AcDbSymbolTableRecord
100
AcDbBlockTableRecord
  2
*D84
340
0
 70
     0
280
     1
281
     0
  0
BLOCK_RECORD
  5
1742
330
1
100
AcDbSymbolTableRecord
100
AcDbBlockTableRecord
  2
*D85
340
0
 70
     0
280
     1
281
     0
  0
BLOCK_RECORD
  5
1804
330
1
100
AcDbSymbolTableRecord
100
AcDbBlockTableRecord
  2
*D86
340
0
 70
     0
280
     1
281
     0
  0
BLOCK_RECORD
  5
181E
330
1
100
AcDbSymbolTableRecord
100
AcDbBlockTableRecord
  2
*D87
340
0
 70
     0
280
     1
281
     0
  0
BLOCK_RECORD
  5
1838
330
1
100
AcDbSymbolTableRecord
100
AcDbBlockTableRecord
  2
*D88
340
0
 70
     0
280
     1
281
     0
  0
BLOCK_RECORD
  5
1853
330
1
100
AcDbSymbolTableRecord
100
AcDbBlockTableRecord
  2
*D89
340
0
 70
     0
280
     1
281
     0
  0
BLOCK_RECORD
  5
186E
330
1
100
AcDbSymbolTableRecord
100
AcDbBlockTableRecord
  2
*D90
340
0
 70
     0
280
     1
281
     0
  0
BLOCK_RECORD
  5
1888
330
1
100
AcDbSymbolTableRecord
100
AcDbBlockTableRecord
  2
*D91
340
0
 70
     0
280
     1
281
     0
  0
BLOCK_RECORD
  5
18CB
330
1
100
AcDbSymbolTableRecord
100
AcDbBlockTableRecord
  2
*D92
340
0
 70
     0
280
     1
281
     0
  0
BLOCK_RECORD
  5
18E6
330
1
100
AcDbSymbolTableRecord
100
AcDbBlockTableRecord
  2
*D93
340
0
 70
     0
280
     1
281
     0
  0
BLOCK_RECORD
  5
190B
330
1
100
AcDbSymbolTableRecord
100
AcDbBlockTableRecord
  2
*D94
340
0
 70
     0
280
     1
281
     0
  0
BLOCK_RECORD
  5
1944
330
1
100
AcDbSymbolTableRecord
100
AcDbBlockTableRecord
  2
*D95
340
0
 70
     0
280
     1
281
     0
  0
BLOCK_RECORD
  5
195F
330
1
100
AcDbSymbolTableRecord
100
AcDbBlockTableRecord
  2
*D96
340
0
 70
     0
280
     1
281
     0
  0
BLOCK_RECORD
  5
1979
330
1
100
AcDbSymbolTableRecord
100
AcDbBlockTableRecord
  2
*D97
340
0
 70
     0
280
     1
281
     0
  0
BLOCK_RECORD
  5
1995
330
1
100
AcDbSymbolTableRecord
100
AcDbBlockTableRecord
  2
*D98
340
0
 70
     0
280
     1
281
     0
  0
BLOCK_RECORD
  5
19AF
330
1
100
AcDbSymbolTableRecord
100
AcDbBlockTableRecord
  2
*D99
340
0
 70
     0
280
     1
281
     0
  0
BLOCK_RECORD
  5
19C9
330
1
100
AcDbSymbolTableRecord
100
AcDbBlockTableRecord
  2
*D100
340
0
 70
     0
280
     1
281
     0
  0
BLOCK_RECORD
  5
19E3
330
1
100
AcDbSymbolTableRecord
100
AcDbBlockTableRecord
  2
*D101
340
0
 70
     0
280
     1
281
     0
  0
BLOCK_RECORD
  5
1A26
330
1
100
AcDbSymbolTableRecord
100
AcDbBlockTableRecord
  2
*D102
340
0
 70
     0
280
     1
281
     0
  0
BLOCK_RECORD
  5
1A53
330
1
100
AcDbSymbolTableRecord
100
AcDbBlockTableRecord
  2
*D103
340
0
 70
     0
280
     1
281
     0
  0
BLOCK_RECORD
  5
1A6D
330
1
100
AcDbSymbolTableRecord
100
AcDbBlockTableRecord
  2
*D104
340
0
 70
     0
280
     1
281
     0
  0
BLOCK_RECORD
  5
1AC3
330
1
100
AcDbSymbolTableRecord
100
AcDbBlockTableRecord
  2
*D105
340
0
 70
     0
280
     1
281
     0
  0
BLOCK_RECORD
  5
1ADD
330
1
100
AcDbSymbolTableRecord
100
AcDbBlockTableRecord
  2
*D106
340
0
 70
     0
280
     1
281
     0
  0
BLOCK_RECORD
  5
1B9B
330
1
100
AcDbSymbolTableRecord
100
AcDbBlockTableRecord
  2
*D107
340
0
 70
     0
280
     1
281
     0
  0
BLOCK_RECORD
  5
1BB5
330
1
100
AcDbSymbolTableRecord
100
AcDbBlockTableRecord
  2
*D108
340
0
 70
     0
280
     1
281
     0
  0
BLOCK_RECORD
  5
1BD1
102
{ACAD_REACTORS
330
1BE1
102
}
330
1
100
AcDbSymbolTableRecord
100
AcDbBlockTableRecord
  2
*U109
340
0
102
{BLKREFS
331
1BD9
331
1BDA
331
1BDB
331
1BDC
102
}
 70
     0
280
     1
281
     0
  0
BLOCK_RECORD
  5
1BD7
102
{ACAD_REACTORS
330
1BE0
102
}
330
1
100
AcDbSymbolTableRecord
100
AcDbBlockTableRecord
  2
*U111
340
0
102
{BLKREFS
331
1BD0
102
}
 70
     0
280
     1
281
     1
  0
BLOCK_RECORD
  5
1BF1
330
1
100
AcDbSymbolTableRecord
100
AcDbBlockTableRecord
  2
*D112
340
0
 70
     0
280
     1
281
     0
  0
BLOCK_RECORD
  5
1C0B
330
1
100
AcDbSymbolTableRecord
100
AcDbBlockTableRecord
  2
*D113
340
0
 70
     0
280
     1
281
     0
  0
BLOCK_RECORD
  5
1C26
330
1
100
AcDbSymbolTableRecord
100
AcDbBlockTableRecord
  2
*D114
340
0
 70
     0
280
     1
281
     0
  0
BLOCK_RECORD
  5
1C94
102
{ACAD_REACTORS
330
1CA4
102
}
330
1
100
AcDbSymbolTableRecord
100
AcDbBlockTableRecord
  2
*U115
340
0
102
{BLKREFS
331
1C9C
331
1C9D
331
1C9E
331
1C9F
102
}
 70
     0
280
     1
281
     0
  0
BLOCK_RECORD
  5
1C9A
102
{ACAD_REACTORS
330
1CA3
102
}
330
1
100
AcDbSymbolTableRecord
100
AcDbBlockTableRecord
  2
*U117
340
0
102
{BLKREFS
331
1C8D
102
}
 70
     0
280
     1
281
     1
  0
ENDTAB
  0
ENDSEC
  0
SECTION
  2
BLOCKS
  0
BLOCK
  5
20
330
1F
100
AcDbEntity
  8
0
100
AcDbBlockBegin
  2
*Model_Space
 70
     0
 10
0.0
 20
0.0
 30
0.0
  3
*Model_Space
  1

  0
ENDBLK
  5
21
330
1F
100
AcDbEntity
  8
0
100
AcDbBlockEnd
  0
BLOCK
  5
5A
330
58
100
AcDbEntity
 67
     1
  8
0
100
AcDbBlockBegin
  2
*Paper_Space
 70
     0
 10
0.0
 20
0.0
 30
0.0
  3
*Paper_Space
  1

  0
ENDBLK
  5
5B
330
58
100
AcDbEntity
 67
     1
  8
0
100
AcDbBlockEnd
  0
BLOCK
  5
5F
330
5D
100
AcDbEntity
 67
     1
  8
0
100
AcDbBlockBegin
  2
*Paper_Space0
 70
     0
 10
0.0
 20
0.0
 30
0.0
  3
*Paper_Space0
  1

  0
ENDBLK
  5
60
330
5D
100
AcDbEntity
 67
     1
  8
0
100
AcDbBlockEnd
  0
BLOCK
  5
3AA
330
3A9
100
AcDbEntity
  8
0
100
AcDbBlockBegin
  2
*D1
 70
     1
 10
0.0
 20
0.0
 30
0.0
  3
*D1
  1

  0
LINE
  5
1318
330
3A9
100
AcDbEntity
  8
A-DIMS-INSD
 62
     0
440
 16777216
370
    -2
100
AcDbLine
 10
5923.026935386623
 20
2475.271289823487
 30
0.0
 11
5907.747735527134
 21
2475.271289823487
 31
0.0
  0
LINE
  5
1319
330
3A9
100
AcDbEntity
  8
A-DIMS-INSD
 62
     0
440
 16777216
370
    -2
100
AcDbLine
 10
5923.026935386623
 20
2420.271289823487
 30
0.0
 11
5907.747735527134
 21
2420.271289823487
 31
0.0
  0
LINE
  5
131A
330
3A9
100
AcDbEntity
  8
A-DIMS-INSD
 62
     0
440
 16777216
370
    -2
100
AcDbLine
 10
5908.747735527135
 20
2471.969289823487
 30
0.0
 11
5908.747735527135
 21
2451.398632251863
 31
0.0
  0
LINE
  5
131B
330
3A9
100
AcDbEntity
  8
A-DIMS-INSD
 62
     0
440
 16777216
370
    -2
100
AcDbLine
 10
5908.747735527135
 20
2423.573289823487
 30
0.0
 11
5908.747735527135
 21
2444.143947395111
 31
0.0
  0
SOLID
  5
131C
330
3A9
100
AcDbEntity
  8
A-DIMS-INSD
 62
     0
440
 16777216
100
AcDbTrace
 10
5908.197402193802
 20
2471.969289823487
 30
0.0
 11
5909.298068860469
 21
2471.969289823487
 31
0.0
 12
5908.747735527135
 22
2475.271289823487
 32
0.0
 13
5908.747735527135
 23
2475.271289823487
 33
0.0
  0
SOLID
  5
131D
330
3A9
100
AcDbEntity
  8
A-DIMS-INSD
 62
     0
440
 16777216
100
AcDbTrace
 10
5908.197402193802
 20
2423.573289823487
 30
0.0
 11
5909.298068860469
 21
2423.573289823487
 31
0.0
 12
5908.747735527135
 22
2420.271289823487
 32
0.0
 13
5908.747735527135
 23
2420.271289823487
 33
0.0
  0
MTEXT
  5
131E
330
3A9
100
AcDbEntity
  8
A-DIMS-INSD
 62
     0
440
 16777216
100
AcDbMText
 10
5908.747735527135
 20
2447.771289823485
 30
0.0
 40
3.5
 41
0.0
 46
0.0
 71
     5
 72
     1
  1
55,00
 73
     1
 44
1.0
  0
POINT
  5
131F
330
3A9
100
AcDbEntity
  8
Defpoints
 62
     0
440
 16777216
100
AcDbPoint
 10
5923.026935386623
 20
2475.271289823487
 30
0.0
  0
POINT
  5
1320
330
3A9
100
AcDbEntity
  8
Defpoints
 62
     0
440
 16777216
100
AcDbPoint
 10
5923.026935386623
 20
2420.271289823487
 30
0.0
  0
POINT
  5
1321
330
3A9
100
AcDbEntity
  8
Defpoints
 62
     0
440
 16777216
100
AcDbPoint
 10
5908.747735527135
 20
2420.271289823487
 30
0.0
  0
ENDBLK
  5
3AB
330
3A9
100
AcDbEntity
  8
0
100
AcDbBlockEnd
  0
BLOCK
  5
3B7
330
3B6
100
AcDbEntity
  8
0
100
AcDbBlockBegin
  2
*D2
 70
     1
 10
0.0
 20
0.0
 30
0.0
  3
*D2
  1

  0
LINE
  5
130F
330
3B6
100
AcDbEntity
  8
A-DIMS-INSD
 62
     0
440
 16777216
370
    -2
100
AcDbLine
 10
6073.026935386621
 20
2435.271289823486
 30
0.0
 11
6073.026935386621
 21
2401.689876418394
 31
0.0
  0
LINE
  5
1310
330
3B6
100
AcDbEntity
  8
A-DIMS-INSD
 62
     0
440
 16777216
370
    -2
100
AcDbLine
 10
6026.026935386621
 20
2423.271289823486
 30
0.0
 11
6026.026935386621
 21
2401.689876418394
 31
0.0
  0
LINE
  5
1311
330
3B6
100
AcDbEntity
  8
A-DIMS-INSD
 62
     0
440
 16777216
370
    -2
100
AcDbLine
 10
6069.724935386621
 20
2402.689876418393
 30
0.0
 11
6029.328935386621
 21
2402.689876418393
 31
0.0
  0
SOLID
  5
1312
330
3B6
100
AcDbEntity
  8
A-DIMS-INSD
 62
     0
440
 16777216
100
AcDbTrace
 10
6069.724935386621
 20
2403.240209751727
 30
0.0
 11
6069.724935386621
 21
2402.13954308506
 31
0.0
 12
6073.026935386621
 22
2402.689876418393
 32
0.0
 13
6073.026935386621
 23
2402.689876418393
 33
0.0
  0
SOLID
  5
1313
330
3B6
100
AcDbEntity
  8
A-DIMS-INSD
 62
     0
440
 16777216
100
AcDbTrace
 10
6029.328935386621
 20
2403.240209751727
 30
0.0
 11
6029.328935386621
 21
2402.13954308506
 31
0.0
 12
6026.026935386621
 22
2402.689876418393
 32
0.0
 13
6026.026935386621
 23
2402.689876418393
 33
0.0
  0
MTEXT
  5
1314
330
3B6
100
AcDbEntity
  8
A-DIMS-INSD
 62
     0
440
 16777216
100
AcDbMText
 10
6049.52693538662
 20
2406.31721884677
 30
0.0
 40
3.5
 41
0.0
 46
0.0
 71
     5
 72
     1
  1
47,00
 73
     1
 44
1.0
  0
POINT
  5
1315
330
3B6
100
AcDbEntity
  8
Defpoints
 62
     0
440
 16777216
100
AcDbPoint
 10
6073.026935386621
 20
2435.271289823486
 30
0.0
  0
POINT
  5
1316
330
3B6
100
AcDbEntity
  8
Defpoints
 62
     0
440
 16777216
100
AcDbPoint
 10
6026.026935386621
 20
2423.271289823486
 30
0.0
  0
POINT
  5
1317
330
3B6
100
AcDbEntity
  8
Defpoints
 62
     0
440
 16777216
100
AcDbPoint
 10
6026.026935386621
 20
2402.689876418393
 30
0.0
  0
ENDBLK
  5
3B8
330
3B6
100
AcDbEntity
  8
0
100
AcDbBlockEnd
  0
BLOCK
  5
3C3
330
3C2
100
AcDbEntity
  8
0
100
AcDbBlockBegin
  2
*D3
 70
     1
 10
0.0
 20
0.0
 30
0.0
  3
*D3
  1

  0
LINE
  5
1306
330
3C2
100
AcDbEntity
  8
A-DIMS-INSD
 62
     0
440
 16777216
370
    -2
100
AcDbLine
 10
6026.026935386621
 20
2423.271289823486
 30
0.0
 11
6026.026935386621
 21
2392.967418860164
 31
0.0
  0
LINE
  5
1307
330
3C2
100
AcDbEntity
  8
A-DIMS-INSD
 62
     0
440
 16777216
370
    -2
100
AcDbLine
 10
5923.02693538662
 20
2423.271289823486
 30
0.0
 11
5923.02693538662
 21
2392.967418860164
 31
0.0
  0
LINE
  5
1308
330
3C2
100
AcDbEntity
  8
A-DIMS-INSD
 62
     0
440
 16777216
370
    -2
100
AcDbLine
 10
6022.724935386621
 20
2393.967418860164
 30
0.0
 11
5926.328935386621
 21
2393.967418860164
 31
0.0
  0
SOLID
  5
1309
330
3C2
100
AcDbEntity
  8
A-DIMS-INSD
 62
     0
440
 16777216
100
AcDbTrace
 10
6022.724935386621
 20
2394.517752193497
 30
0.0
 11
6022.724935386621
 21
2393.417085526831
 31
0.0
 12
6026.026935386621
 22
2393.967418860164
 32
0.0
 13
6026.026935386621
 23
2393.967418860164
 33
0.0
  0
SOLID
  5
130A
330
3C2
100
AcDbEntity
  8
A-DIMS-INSD
 62
     0
440
 16777216
100
AcDbTrace
 10
5926.328935386621
 20
2394.517752193497
 30
0.0
 11
5926.328935386621
 21
2393.417085526831
 31
0.0
 12
5923.02693538662
 22
2393.967418860164
 32
0.0
 13
5923.02693538662
 23
2393.967418860164
 33
0.0
  0
MTEXT
  5
130B
330
3C2
100
AcDbEntity
  8
A-DIMS-INSD
 62
     0
440
 16777216
100
AcDbMText
 10
5974.52693538662
 20
2397.59476128854
 30
0.0
 40
3.5
 41
0.0
 46
0.0
 71
     5
 72
     1
  1
103,00
 73
     1
 44
1.0
  0
POINT
  5
130C
330
3C2
100
AcDbEntity
  8
Defpoints
 62
     0
440
 16777216
100
AcDbPoint
 10
6026.026935386621
 20
2423.271289823486
 30
0.0
  0
POINT
  5
130D
330
3C2
100
AcDbEntity
  8
Defpoints
 62
     0
440
 16777216
100
AcDbPoint
 10
5923.02693538662
 20
2423.271289823486
 30
0.0
  0
POINT
  5
130E
330
3C2
100
AcDbEntity
  8
Defpoints
 62
     0
440
 16777216
100
AcDbPoint
 10
5923.02693538662
 20
2393.967418860164
 30
0.0
  0
ENDBLK
  5
3C4
330
3C2
100
AcDbEntity
  8
0
100
AcDbBlockEnd
  0
BLOCK
  5
3CF
330
3CE
100
AcDbEntity
  8
0
100
AcDbBlockBegin
  2
*D4
 70
     1
 10
0.0
 20
0.0
 30
0.0
  3
*D4
  1

  0
LINE
  5
12FC
330
3CE
100
AcDbEntity
  8
0
 62
     0
440
 16777216
370
    -2
100
AcDbLine
 10
6073.026935386621
 20
2475.271289823486
 30
0.0
 11
6073.026935386621
 21
2487.889333944033
 31
0.0
  0
LINE
  5
12FD
330
3CE
100
AcDbEntity
  8
0
 62
     0
440
 16777216
370
    -2
100
AcDbLine
 10
6058.026935386621
 20
2475.271289823486
 30
0.0
 11
6058.026935386621
 21
2487.889333944033
 31
0.0
  0
LINE
  5
12FE
330
3CE
100
AcDbEntity
  8
0
 62
     0
440
 16777216
370
    -2
100
AcDbLine
 10
6069.724935386621
 20
2486.889333944033
 30
0.0
 11
6061.328935386621
 21
2486.889333944033
 31
0.0
  0
LINE
  5
12FF
330
3CE
100
AcDbEntity
  8
0
 62
     0
440
 16777216
370
    -2
100
AcDbLine
 10
6058.026935386621
 20
2486.889333944033
 30
0.0
 11
6040.207631157425
 21
2486.889333944033
 31
0.0
  0
SOLID
  5
1300
330
3CE
100
AcDbEntity
  8
0
 62
     0
440
 16777216
100
AcDbTrace
 10
6069.724935386621
 20
2487.439667277366
 30
0.0
 11
6069.724935386621
 21
2486.3390006107
 31
0.0
 12
6073.026935386621
 22
2486.889333944033
 32
0.0
 13
6073.026935386621
 23
2486.889333944033
 33
0.0
  0
SOLID
  5
1301
330
3CE
100
AcDbEntity
  8
0
 62
     0
440
 16777216
100
AcDbTrace
 10
6061.328935386621
 20
2487.439667277366
 30
0.0
 11
6061.328935386621
 21
2486.3390006107
 31
0.0
 12
6058.026935386621
 22
2486.889333944033
 32
0.0
 13
6058.026935386621
 23
2486.889333944033
 33
0.0
  0
MTEXT
  5
1302
330
3CE
100
AcDbEntity
  8
0
 62
     0
440
 16777216
100
AcDbMText
 10
6047.466283272023
 20
2490.51667637241
 30
0.0
 40
3.5
 41
0.0
 46
0.0
 71
     5
 72
     1
  1
15,00
 73
     1
 44
1.0
  0
POINT
  5
1303
330
3CE
100
AcDbEntity
  8
Defpoints
 62
     0
440
 16777216
100
AcDbPoint
 10
6073.026935386621
 20
2475.271289823486
 30
0.0
  0
POINT
  5
1304
330
3CE
100
AcDbEntity
  8
Defpoints
 62
     0
440
 16777216
100
AcDbPoint
 10
6058.026935386621
 20
2475.271289823486
 30
0.0
  0
POINT
  5
1305
330
3CE
100
AcDbEntity
  8
Defpoints
 62
     0
440
 16777216
100
AcDbPoint
 10
6058.026935386621
 20
2486.889333944033
 30
0.0
  0
ENDBLK
  5
3D0
330
3CE
100
AcDbEntity
  8
0
100
AcDbBlockEnd
  0
BLOCK
  5
3DC
330
3DB
100
AcDbEntity
  8
0
100
AcDbBlockBegin
  2
*D5
 70
     1
 10
0.0
 20
0.0
 30
0.0
  3
*D5
  1

  0
LINE
  5
12F3
330
3DB
100
AcDbEntity
  8
0
 62
     0
440
 16777216
370
    -2
100
AcDbLine
 10
5923.02693538662
 20
2472.271289823486
 30
0.0
 11
5923.02693538662
 21
2482.492728418354
 31
0.0
  0
LINE
  5
12F4
330
3DB
100
AcDbEntity
  8
0
 62
     0
440
 16777216
370
    -2
100
AcDbLine
 10
5938.02693538662
 20
2475.271289823486
 30
0.0
 11
5938.02693538662
 21
2482.492728418354
 31
0.0
  0
LINE
  5
12F5
330
3DB
100
AcDbEntity
  8
0
 62
     0
440
 16777216
370
    -2
100
AcDbLine
 10
5926.328935386621
 20
2481.492728418354
 30
0.0
 11
5934.724935386621
 21
2481.492728418354
 31
0.0
  0
SOLID
  5
12F6
330
3DB
100
AcDbEntity
  8
0
 62
     0
440
 16777216
100
AcDbTrace
 10
5926.328935386621
 20
2482.043061751687
 30
0.0
 11
5926.328935386621
 21
2480.942395085021
 31
0.0
 12
5923.02693538662
 22
2481.492728418354
 32
0.0
 13
5923.02693538662
 23
2481.492728418354
 33
0.0
  0
SOLID
  5
12F7
330
3DB
100
AcDbEntity
  8
0
 62
     0
440
 16777216
100
AcDbTrace
 10
5934.724935386621
 20
2482.043061751687
 30
0.0
 11
5934.724935386621
 21
2480.942395085021
 31
0.0
 12
5938.02693538662
 22
2481.492728418354
 32
0.0
 13
5938.02693538662
 23
2481.492728418354
 33
0.0
  0
MTEXT
  5
12F8
330
3DB
100
AcDbEntity
  8
0
 62
     0
440
 16777216
100
AcDbMText
 10
5930.526935386621
 20
2485.12007084673
 30
0.0
 40
3.5
 41
0.0
 46
0.0
 71
     5
 72
     1
  1
15,00
 73
     1
 44
1.0
  0
POINT
  5
12F9
330
3DB
100
AcDbEntity
  8
Defpoints
 62
     0
440
 16777216
100
AcDbPoint
 10
5923.02693538662
 20
2472.271289823486
 30
0.0
  0
POINT
  5
12FA
330
3DB
100
AcDbEntity
  8
Defpoints
 62
     0
440
 16777216
100
AcDbPoint
 10
5938.02693538662
 20
2475.271289823486
 30
0.0
  0
POINT
  5
12FB
330
3DB
100
AcDbEntity
  8
Defpoints
 62
     0
440
 16777216
100
AcDbPoint
 10
5938.02693538662
 20
2481.492728418354
 30
0.0
  0
ENDBLK
  5
3DD
330
3DB
100
AcDbEntity
  8
0
100
AcDbBlockEnd
  0
BLOCK
  5
3E8
330
3E7
100
AcDbEntity
  8
0
100
AcDbBlockBegin
  2
*D6
 70
     1
 10
0.0
 20
0.0
 30
0.0
  3
*D6
  1

  0
LINE
  5
12E9
330
3E7
100
AcDbEntity
  8
0
 62
     0
440
 16777216
370
    -2
100
AcDbLine
 10
6073.026935386622
 20
2475.271289823487
 30
0.0
 11
6080.317154952958
 21
2475.271289823487
 31
0.0
  0
LINE
  5
12EA
330
3E7
100
AcDbEntity
  8
0
 62
     0
440
 16777216
370
    -2
100
AcDbLine
 10
6073.026935386622
 20
2435.271289823487
 30
0.0
 11
6080.317154952958
 21
2435.271289823487
 31
0.0
  0
LINE
  5
12EB
330
3E7
100
AcDbEntity
  8
0
 62
     0
440
 16777216
370
    -2
100
AcDbLine
 10
6079.317154952959
 20
2471.969289823487
 30
0.0
 11
6079.317154952959
 21
2458.898632251863
 31
0.0
  0
LINE
  5
12EC
330
3E7
100
AcDbEntity
  8
0
 62
     0
440
 16777216
370
    -2
100
AcDbLine
 10
6079.317154952959
 20
2438.573289823487
 30
0.0
 11
6079.317154952959
 21
2451.643947395111
 31
0.0
  0
SOLID
  5
12ED
330
3E7
100
AcDbEntity
  8
0
 62
     0
440
 16777216
100
AcDbTrace
 10
6078.766821619625
 20
2471.969289823487
 30
0.0
 11
6079.867488286293
 21
2471.969289823487
 31
0.0
 12
6079.317154952959
 22
2475.271289823487
 32
0.0
 13
6079.317154952959
 23
2475.271289823487
 33
0.0
  0
SOLID
  5
12EE
330
3E7
100
AcDbEntity
  8
0
 62
     0
440
 16777216
100
AcDbTrace
 10
6078.766821619625
 20
2438.573289823487
 30
0.0
 11
6079.867488286293
 21
2438.573289823487
 31
0.0
 12
6079.317154952959
 22
2435.271289823487
 32
0.0
 13
6079.317154952959
 23
2435.271289823487
 33
0.0
  0
MTEXT
  5
12EF
330
3E7
100
AcDbEntity
  8
0
 62
     0
440
 16777216
100
AcDbMText
 10
6079.317154952959
 20
2455.271289823484
 30
0.0
 40
3.5
 41
0.0
 46
0.0
 71
     5
 72
     1
  1
40,00
 73
     1
 44
1.0
  0
POINT
  5
12F0
330
3E7
100
AcDbEntity
  8
Defpoints
 62
     0
440
 16777216
100
AcDbPoint
 10
6073.026935386622
 20
2475.271289823487
 30
0.0
  0
POINT
  5
12F1
330
3E7
100
AcDbEntity
  8
Defpoints
 62
     0
440
 16777216
100
AcDbPoint
 10
6073.026935386622
 20
2435.271289823487
 30
0.0
  0
POINT
  5
12F2
330
3E7
100
AcDbEntity
  8
Defpoints
 62
     0
440
 16777216
100
AcDbPoint
 10
6079.317154952959
 20
2435.271289823487
 30
0.0
  0
ENDBLK
  5
3E9
330
3E7
100
AcDbEntity
  8
0
100
AcDbBlockEnd
  0
BLOCK
  5
4A0
330
49F
100
AcDbEntity
  8
0
100
AcDbBlockBegin
  2
_Oblique
 70
     0
 10
0.0
 20
0.0
 30
0.0
  3
_Oblique
  1

  0
LINE
  5
4A1
330
49F
100
AcDbEntity
  8
0
  6
ByBlock
 62
     0
370
    -2
100
AcDbLine
 10
-0.5
 20
-0.5
 30
0.0
 11
0.5
 21
0.5
 31
0.0
  0
ENDBLK
  5
4A2
330
49F
100
AcDbEntity
  8
0
100
AcDbBlockEnd
  0
BLOCK
  5
7D7
330
7D6
100
AcDbEntity
  8
0
100
AcDbBlockBegin
  2
*U12
 70
     1
 10
0.0
 20
0.0
 30
0.0
  3
*U12
  1

  0
CIRCLE
  5
7DD
330
7D6
100
AcDbEntity
  8
0
 62
     0
100
AcDbCircle
 10
0.0
 20
-0.0000000000004547
 30
0.0
 40
3.499999999999998
  0
ENDBLK
  5
7D8
330
7D6
100
AcDbEntity
  8
0
100
AcDbBlockEnd
  0
BLOCK
  5
7DA
330
7D9
100
AcDbEntity
  8
0
100
AcDbBlockBegin
  2
*U13
 70
     1
 10
0.0
 20
0.0
 30
0.0
  3
*U13
  1

  0
INSERT
  5
7EA
330
7D9
100
AcDbEntity
  8
0
  6
ByBlock
347
97
 62
     0
440
 16777216
370
    -2
380
     1
100
AcDbBlockReference
  2
*U12
 10
1089.955080355421
 20
1999.100091713659
 30
0.0
 50
270.0
  0
INSERT
  5
7EB
330
7D9
100
AcDbEntity
  8
0
  6
ByBlock
347
97
 62
     0
440
 16777216
370
    -2
380
     1
100
AcDbBlockReference
  2
*U12
 10
1089.955080355421
 20
1404.100091713659
 30
0.0
 50
270.0
  0
INSERT
  5
7EC
330
7D9
100
AcDbEntity
  8
0
  6
ByBlock
347
97
 62
     0
440
 16777216
370
    -2
380
     1
100
AcDbBlockReference
  2
*U12
 10
1089.955080355421
 20
809.1000917136591
 30
0.0
 50
270.0
  0
INSERT
  5
7ED
330
7D9
100
AcDbEntity
  8
0
  6
ByBlock
347
97
 62
     0
440
 16777216
370
    -2
380
     1
100
AcDbBlockReference
  2
*U12
 10
1089.955080355421
 20
214.1000917136594
 30
0.0
 50
270.0
  0
ENDBLK
  5
7DB
330
7D9
100
AcDbEntity
  8
0
100
AcDbBlockEnd
  0
BLOCK
  5
7FE
330
7FD
100
AcDbEntity
  8
0
100
AcDbBlockBegin
  2
*U14
 70
     1
 10
0.0
 20
0.0
 30
0.0
  3
*U14
  1

  0
CIRCLE
  5
7FF
330
7FD
100
AcDbEntity
  8
0
 62
     0
100
AcDbCircle
 10
0.0
 20
-0.0000000000004547
 30
0.0
 40
3.499999999999998
  0
ENDBLK
  5
800
330
7FD
100
AcDbEntity
  8
0
100
AcDbBlockEnd
  0
BLOCK
  5
804
330
803
100
AcDbEntity
  8
0
100
AcDbBlockBegin
  2
*U15
 70
     1
 10
0.0
 20
0.0
 30
0.0
  3
*U15
  1

  0
INSERT
  5
805
330
803
100
AcDbEntity
  8
0
  6
ByBlock
347
97
 62
     0
440
 16777216
370
    -2
380
     1
100
AcDbBlockReference
  2
*U14
 10
1089.955080355421
 20
1999.100091713659
 30
0.0
 50
270.0
  0
INSERT
  5
806
330
803
100
AcDbEntity
  8
0
  6
ByBlock
347
97
 62
     0
440
 16777216
370
    -2
380
     1
100
AcDbBlockReference
  2
*U14
 10
1089.955080355421
 20
1404.100091713659
 30
0.0
 50
270.0
  0
INSERT
  5
807
330
803
100
AcDbEntity
  8
0
  6
ByBlock
347
97
 62
     0
440
 16777216
370
    -2
380
     1
100
AcDbBlockReference
  2
*U14
 10
1089.955080355421
 20
809.1000917136591
 30
0.0
 50
270.0
  0
INSERT
  5
808
330
803
100
AcDbEntity
  8
0
  6
ByBlock
347
97
 62
     0
440
 16777216
370
    -2
380
     1
100
AcDbBlockReference
  2
*U14
 10
1089.955080355421
 20
214.1000917136594
 30
0.0
 50
270.0
  0
ENDBLK
  5
809
330
803
100
AcDbEntity
  8
0
100
AcDbBlockEnd
  0
BLOCK
  5
C40
330
C3F
100
AcDbEntity
  8
0
100
AcDbBlockBegin
  2
*U22
 70
     1
 10
0.0
 20
0.0
 30
0.0
  3
*U22
  1

  0
CIRCLE
  5
C41
330
C3F
100
AcDbEntity
  8
0
 62
     0
100
AcDbCircle
 10
0.0
 20
-0.0000000000004547
 30
0.0
 40
3.499999999999998
  0
ENDBLK
  5
C42
330
C3F
100
AcDbEntity
  8
0
100
AcDbBlockEnd
  0
BLOCK
  5
C46
330
C45
100
AcDbEntity
  8
0
100
AcDbBlockBegin
  2
*U23
 70
     1
 10
0.0
 20
0.0
 30
0.0
  3
*U23
  1

  0
INSERT
  5
C47
330
C45
100
AcDbEntity
  8
0
  6
ByBlock
347
97
 62
     0
440
 16777216
370
    -2
380
     1
100
AcDbBlockReference
  2
*U22
 10
1089.955080355421
 20
1999.100091713659
 30
0.0
 50
270.0
  0
INSERT
  5
C48
330
C45
100
AcDbEntity
  8
0
  6
ByBlock
347
97
 62
     0
440
 16777216
370
    -2
380
     1
100
AcDbBlockReference
  2
*U22
 10
1089.955080355421
 20
1404.100091713659
 30
0.0
 50
270.0
  0
INSERT
  5
C49
330
C45
100
AcDbEntity
  8
0
  6
ByBlock
347
97
 62
     0
440
 16777216
370
    -2
380
     1
100
AcDbBlockReference
  2
*U22
 10
1089.955080355421
 20
809.1000917136591
 30
0.0
 50
270.0
  0
INSERT
  5
C4A
330
C45
100
AcDbEntity
  8
0
  6
ByBlock
347
97
 62
     0
440
 16777216
370
    -2
380
     1
100
AcDbBlockReference
  2
*U22
 10
1089.955080355421
 20
214.1000917136594
 30
0.0
 50
270.0
  0
ENDBLK
  5
C4B
330
C45
100
AcDbEntity
  8
0
100
AcDbBlockEnd
  0
BLOCK
  5
C56
330
C55
100
AcDbEntity
  8
0
100
AcDbBlockBegin
  2
*U24
 70
     1
 10
0.0
 20
0.0
 30
0.0
  3
*U24
  1

  0
CIRCLE
  5
C57
330
C55
100
AcDbEntity
  8
0
 62
     0
100
AcDbCircle
 10
0.0
 20
-0.0000000000004547
 30
0.0
 40
3.499999999999998
  0
ENDBLK
  5
C58
330
C55
100
AcDbEntity
  8
0
100
AcDbBlockEnd
  0
BLOCK
  5
C5A
330
C59
100
AcDbEntity
  8
0
100
AcDbBlockBegin
  2
*U25
 70
     1
 10
0.0
 20
0.0
 30
0.0
  3
*U25
  1

  0
INSERT
  5
C5B
330
C59
100
AcDbEntity
  8
0
  6
ByBlock
347
97
 62
     0
440
 16777216
370
    -2
380
     1
100
AcDbBlockReference
  2
*U24
 10
1089.955080355421
 20
1999.100091713659
 30
0.0
 50
270.0
  0
INSERT
  5
C5C
330
C59
100
AcDbEntity
  8
0
  6
ByBlock
347
97
 62
     0
440
 16777216
370
    -2
380
     1
100
AcDbBlockReference
  2
*U24
 10
1089.955080355421
 20
1404.100091713659
 30
0.0
 50
270.0
  0
INSERT
  5
C5D
330
C59
100
AcDbEntity
  8
0
  6
ByBlock
347
97
 62
     0
440
 16777216
370
    -2
380
     1
100
AcDbBlockReference
  2
*U24
 10
1089.955080355421
 20
809.1000917136591
 30
0.0
 50
270.0
  0
INSERT
  5
C5E
330
C59
100
AcDbEntity
  8
0
  6
ByBlock
347
97
 62
     0
440
 16777216
370
    -2
380
     1
100
AcDbBlockReference
  2
*U24
 10
1089.955080355421
 20
214.1000917136594
 30
0.0
 50
270.0
  0
ENDBLK
  5
C5F
330
C59
100
AcDbEntity
  8
0
100
AcDbBlockEnd
  0
BLOCK
  5
C6A
330
C69
100
AcDbEntity
  8
0
100
AcDbBlockBegin
  2
*D26
 70
     1
 10
0.0
 20
0.0
 30
0.0
  3
*D26
  1

  0
LINE
  5
D39
330
C69
100
AcDbEntity
  8
A-DIMS-INSD
 62
     0
440
 16777216
370
    -2
100
AcDbLine
 10
10622.69472409717
 20
2475.271289823487
 30
0.0
 11
10607.41552423768
 21
2475.271289823487
 31
0.0
  0
LINE
  5
D3A
330
C69
100
AcDbEntity
  8
A-DIMS-INSD
 62
     0
440
 16777216
370
    -2
100
AcDbLine
 10
10622.69472409717
 20
2420.271289823487
 30
0.0
 11
10607.41552423768
 21
2420.271289823487
 31
0.0
  0
LINE
  5
D3B
330
C69
100
AcDbEntity
  8
A-DIMS-INSD
 62
     0
440
 16777216
370
    -2
100
AcDbLine
 10
10608.41552423768
 20
2471.969289823487
 30
0.0
 11
10608.41552423768
 21
2451.398632251863
 31
0.0
  0
LINE
  5
D3C
330
C69
100
AcDbEntity
  8
A-DIMS-INSD
 62
     0
440
 16777216
370
    -2
100
AcDbLine
 10
10608.41552423768
 20
2423.573289823487
 30
0.0
 11
10608.41552423768
 21
2444.143947395111
 31
0.0
  0
SOLID
  5
D3D
330
C69
100
AcDbEntity
  8
A-DIMS-INSD
 62
     0
440
 16777216
100
AcDbTrace
 10
10607.86519090435
 20
2471.969289823487
 30
0.0
 11
10608.96585757101
 21
2471.969289823487
 31
0.0
 12
10608.41552423768
 22
2475.271289823487
 32
0.0
 13
10608.41552423768
 23
2475.271289823487
 33
0.0
  0
SOLID
  5
D3E
330
C69
100
AcDbEntity
  8
A-DIMS-INSD
 62
     0
440
 16777216
100
AcDbTrace
 10
10607.86519090435
 20
2423.573289823487
 30
0.0
 11
10608.96585757101
 21
2423.573289823487
 31
0.0
 12
10608.41552423768
 22
2420.271289823487
 32
0.0
 13
10608.41552423768
 23
2420.271289823487
 33
0.0
  0
MTEXT
  5
D3F
330
C69
100
AcDbEntity
  8
A-DIMS-INSD
 62
     0
440
 16777216
100
AcDbMText
 10
10608.41552423768
 20
2447.771289823484
 30
0.0
 40
3.5
 41
0.0
 46
0.0
 71
     5
 72
     1
  1
55,00
 73
     1
 44
1.0
  0
POINT
  5
D40
330
C69
100
AcDbEntity
  8
Defpoints
 62
     0
440
 16777216
100
AcDbPoint
 10
10622.69472409717
 20
2475.271289823487
 30
0.0
  0
POINT
  5
D41
330
C69
100
AcDbEntity
  8
Defpoints
 62
     0
440
 16777216
100
AcDbPoint
 10
10622.69472409717
 20
2420.271289823487
 30
0.0
  0
POINT
  5
D42
330
C69
100
AcDbEntity
  8
Defpoints
 62
     0
440
 16777216
100
AcDbPoint
 10
10608.41552423768
 20
2420.271289823487
 30
0.0
  0
ENDBLK
  5
C6B
330
C69
100
AcDbEntity
  8
0
100
AcDbBlockEnd
  0
BLOCK
  5
C77
330
C76
100
AcDbEntity
  8
0
100
AcDbBlockBegin
  2
*D27
 70
     1
 10
0.0
 20
0.0
 30
0.0
  3
*D27
  1

  0
LINE
  5
D43
330
C76
100
AcDbEntity
  8
A-DIMS-INSD
 62
     0
440
 16777216
370
    -2
100
AcDbLine
 10
10842.69472409717
 20
2435.271289823486
 30
0.0
 11
10842.69472409717
 21
2401.689876418394
 31
0.0
  0
LINE
  5
D44
330
C76
100
AcDbEntity
  8
A-DIMS-INSD
 62
     0
440
 16777216
370
    -2
100
AcDbLine
 10
10795.69472409717
 20
2423.271289823486
 30
0.0
 11
10795.69472409717
 21
2401.689876418394
 31
0.0
  0
LINE
  5
D45
330
C76
100
AcDbEntity
  8
A-DIMS-INSD
 62
     0
440
 16777216
370
    -2
100
AcDbLine
 10
10839.39272409717
 20
2402.689876418393
 30
0.0
 11
10798.99672409717
 21
2402.689876418393
 31
0.0
  0
SOLID
  5
D46
330
C76
100
AcDbEntity
  8
A-DIMS-INSD
 62
     0
440
 16777216
100
AcDbTrace
 10
10839.39272409717
 20
2403.240209751727
 30
0.0
 11
10839.39272409717
 21
2402.13954308506
 31
0.0
 12
10842.69472409717
 22
2402.689876418393
 32
0.0
 13
10842.69472409717
 23
2402.689876418393
 33
0.0
  0
SOLID
  5
D47
330
C76
100
AcDbEntity
  8
A-DIMS-INSD
 62
     0
440
 16777216
100
AcDbTrace
 10
10798.99672409717
 20
2403.240209751727
 30
0.0
 11
10798.99672409717
 21
2402.13954308506
 31
0.0
 12
10795.69472409717
 22
2402.689876418393
 32
0.0
 13
10795.69472409717
 23
2402.689876418393
 33
0.0
  0
MTEXT
  5
D48
330
C76
100
AcDbEntity
  8
A-DIMS-INSD
 62
     0
440
 16777216
100
AcDbMText
 10
10819.19472409717
 20
2406.31721884677
 30
0.0
 40
3.5
 41
0.0
 46
0.0
 71
     5
 72
     1
  1
47,00
 73
     1
 44
1.0
  0
POINT
  5
D49
330
C76
100
AcDbEntity
  8
Defpoints
 62
     0
440
 16777216
100
AcDbPoint
 10
10842.69472409717
 20
2435.271289823486
 30
0.0
  0
POINT
  5
D4A
330
C76
100
AcDbEntity
  8
Defpoints
 62
     0
440
 16777216
100
AcDbPoint
 10
10795.69472409717
 20
2423.271289823486
 30
0.0
  0
POINT
  5
D4B
330
C76
100
AcDbEntity
  8
Defpoints
 62
     0
440
 16777216
100
AcDbPoint
 10
10795.69472409717
 20
2402.689876418393
 30
0.0
  0
ENDBLK
  5
C78
330
C76
100
AcDbEntity
  8
0
100
AcDbBlockEnd
  0
BLOCK
  5
C83
330
C82
100
AcDbEntity
  8
0
100
AcDbBlockBegin
  2
*D28
 70
     1
 10
0.0
 20
0.0
 30
0.0
  3
*D28
  1

  0
LINE
  5
D4C
330
C82
100
AcDbEntity
  8
A-DIMS-INSD
 62
     0
440
 16777216
370
    -2
100
AcDbLine
 10
10795.69472409717
 20
2423.271289823486
 30
0.0
 11
10795.69472409717
 21
2392.967418860164
 31
0.0
  0
LINE
  5
D4D
330
C82
100
AcDbEntity
  8
A-DIMS-INSD
 62
     0
440
 16777216
370
    -2
100
AcDbLine
 10
10622.69472409717
 20
2423.271289823486
 30
0.0
 11
10622.69472409717
 21
2392.967418860164
 31
0.0
  0
LINE
  5
D4E
330
C82
100
AcDbEntity
  8
A-DIMS-INSD
 62
     0
440
 16777216
370
    -2
100
AcDbLine
 10
10792.39272409717
 20
2393.967418860164
 30
0.0
 11
10625.99672409717
 21
2393.967418860164
 31
0.0
  0
SOLID
  5
D4F
330
C82
100
AcDbEntity
  8
A-DIMS-INSD
 62
     0
440
 16777216
100
AcDbTrace
 10
10792.39272409717
 20
2394.517752193497
 30
0.0
 11
10792.39272409717
 21
2393.417085526831
 31
0.0
 12
10795.69472409717
 22
2393.967418860164
 32
0.0
 13
10795.69472409717
 23
2393.967418860164
 33
0.0
  0
SOLID
  5
D50
330
C82
100
AcDbEntity
  8
A-DIMS-INSD
 62
     0
440
 16777216
100
AcDbTrace
 10
10625.99672409717
 20
2394.517752193497
 30
0.0
 11
10625.99672409717
 21
2393.417085526831
 31
0.0
 12
10622.69472409717
 22
2393.967418860164
 32
0.0
 13
10622.69472409717
 23
2393.967418860164
 33
0.0
  0
MTEXT
  5
D51
330
C82
100
AcDbEntity
  8
A-DIMS-INSD
 62
     0
440
 16777216
100
AcDbMText
 10
10709.19472409717
 20
2397.59476128854
 30
0.0
 40
3.5
 41
0.0
 46
0.0
 71
     5
 72
     1
  1
173,00
 73
     1
 44
1.0
  0
POINT
  5
D52
330
C82
100
AcDbEntity
  8
Defpoints
 62
     0
440
 16777216
100
AcDbPoint
 10
10795.69472409717
 20
2423.271289823486
 30
0.0
  0
POINT
  5
D53
330
C82
100
AcDbEntity
  8
Defpoints
 62
     0
440
 16777216
100
AcDbPoint
 10
10622.69472409717
 20
2423.271289823486
 30
0.0
  0
POINT
  5
D54
330
C82
100
AcDbEntity
  8
Defpoints
 62
     0
440
 16777216
100
AcDbPoint
 10
10622.69472409717
 20
2393.967418860164
 30
0.0
  0
ENDBLK
  5
C84
330
C82
100
AcDbEntity
  8
0
100
AcDbBlockEnd
  0
BLOCK
  5
C8F
330
C8E
100
AcDbEntity
  8
0
100
AcDbBlockBegin
  2
*D29
 70
     1
 10
0.0
 20
0.0
 30
0.0
  3
*D29
  1

  0
LINE
  5
D55
330
C8E
100
AcDbEntity
  8
0
 62
     0
440
 16777216
370
    -2
100
AcDbLine
 10
10842.69472409717
 20
2475.271289823486
 30
0.0
 11
10842.69472409717
 21
2498.50737806458
 31
0.0
  0
LINE
  5
D56
330
C8E
100
AcDbEntity
  8
0
 62
     0
440
 16777216
370
    -2
100
AcDbLine
 10
10827.69472409717
 20
2475.271289823486
 30
0.0
 11
10827.69472409717
 21
2498.50737806458
 31
0.0
  0
LINE
  5
D57
330
C8E
100
AcDbEntity
  8
0
 62
     0
440
 16777216
370
    -2
100
AcDbLine
 10
10839.39272409717
 20
2497.50737806458
 30
0.0
 11
10830.99672409717
 21
2497.50737806458
 31
0.0
  0
LINE
  5
D58
330
C8E
100
AcDbEntity
  8
0
 62
     0
440
 16777216
370
    -2
100
AcDbLine
 10
10827.69472409717
 20
2497.50737806458
 30
0.0
 11
10809.87541986797
 21
2497.50737806458
 31
0.0
  0
SOLID
  5
D59
330
C8E
100
AcDbEntity
  8
0
 62
     0
440
 16777216
100
AcDbTrace
 10
10839.39272409717
 20
2498.057711397913
 30
0.0
 11
10839.39272409717
 21
2496.957044731247
 31
0.0
 12
10842.69472409717
 22
2497.50737806458
 32
0.0
 13
10842.69472409717
 23
2497.50737806458
 33
0.0
  0
SOLID
  5
D5A
330
C8E
100
AcDbEntity
  8
0
 62
     0
440
 16777216
100
AcDbTrace
 10
10830.99672409717
 20
2498.057711397913
 30
0.0
 11
10830.99672409717
 21
2496.957044731247
 31
0.0
 12
10827.69472409717
 22
2497.50737806458
 32
0.0
 13
10827.69472409717
 23
2497.50737806458
 33
0.0
  0
MTEXT
  5
D5B
330
C8E
100
AcDbEntity
  8
0
 62
     0
440
 16777216
100
AcDbMText
 10
10817.13407198257
 20
2501.134720492956
 30
0.0
 40
3.5
 41
0.0
 46
0.0
 71
     5
 72
     1
  1
15,00
 73
     1
 44
1.0
  0
POINT
  5
D5C
330
C8E
100
AcDbEntity
  8
Defpoints
 62
     0
440
 16777216
100
AcDbPoint
 10
10842.69472409717
 20
2475.271289823486
 30
0.0
  0
POINT
  5
D5D
330
C8E
100
AcDbEntity
  8
Defpoints
 62
     0
440
 16777216
100
AcDbPoint
 10
10827.69472409717
 20
2475.271289823486
 30
0.0
  0
POINT
  5
D5E
330
C8E
100
AcDbEntity
  8
Defpoints
 62
     0
440
 16777216
100
AcDbPoint
 10
10827.69472409717
 20
2497.50737806458
 30
0.0
  0
ENDBLK
  5
C90
330
C8E
100
AcDbEntity
  8
0
100
AcDbBlockEnd
  0
BLOCK
  5
C9C
330
C9B
100
AcDbEntity
  8
0
100
AcDbBlockBegin
  2
*D30
 70
     1
 10
0.0
 20
0.0
 30
0.0
  3
*D30
  1

  0
LINE
  5
D5F
330
C9B
100
AcDbEntity
  8
0
 62
     0
440
 16777216
370
    -2
100
AcDbLine
 10
10622.69472409717
 20
2472.271289823486
 30
0.0
 11
10622.69472409717
 21
2482.492728418354
 31
0.0
  0
LINE
  5
D60
330
C9B
100
AcDbEntity
  8
0
 62
     0
440
 16777216
370
    -2
100
AcDbLine
 10
10637.69472409717
 20
2475.271289823486
 30
0.0
 11
10637.69472409717
 21
2482.492728418354
 31
0.0
  0
LINE
  5
D61
330
C9B
100
AcDbEntity
  8
0
 62
     0
440
 16777216
370
    -2
100
AcDbLine
 10
10625.99672409717
 20
2481.492728418354
 30
0.0
 11
10634.39272409717
 21
2481.492728418354
 31
0.0
  0
SOLID
  5
D62
330
C9B
100
AcDbEntity
  8
0
 62
     0
440
 16777216
100
AcDbTrace
 10
10625.99672409717
 20
2482.043061751687
 30
0.0
 11
10625.99672409717
 21
2480.942395085021
 31
0.0
 12
10622.69472409717
 22
2481.492728418354
 32
0.0
 13
10622.69472409717
 23
2481.492728418354
 33
0.0
  0
SOLID
  5
D63
330
C9B
100
AcDbEntity
  8
0
 62
     0
440
 16777216
100
AcDbTrace
 10
10634.39272409717
 20
2482.043061751687
 30
0.0
 11
10634.39272409717
 21
2480.942395085021
 31
0.0
 12
10637.69472409717
 22
2481.492728418354
 32
0.0
 13
10637.69472409717
 23
2481.492728418354
 33
0.0
  0
MTEXT
  5
D64
330
C9B
100
AcDbEntity
  8
0
 62
     0
440
 16777216
100
AcDbMText
 10
10630.19472409717
 20
2485.12007084673
 30
0.0
 40
3.5
 41
0.0
 46
0.0
 71
     5
 72
     1
  1
15,00
 73
     1
 44
1.0
  0
POINT
  5
D65
330
C9B
100
AcDbEntity
  8
Defpoints
 62
     0
440
 16777216
100
AcDbPoint
 10
10622.69472409717
 20
2472.271289823486
 30
0.0
  0
POINT
  5
D66
330
C9B
100
AcDbEntity
  8
Defpoints
 62
     0
440
 16777216
100
AcDbPoint
 10
10637.69472409717
 20
2475.271289823486
 30
0.0
  0
POINT
  5
D67
330
C9B
100
AcDbEntity
  8
Defpoints
 62
     0
440
 16777216
100
AcDbPoint
 10
10637.69472409717
 20
2481.492728418354
 30
0.0
  0
ENDBLK
  5
C9D
330
C9B
100
AcDbEntity
  8
0
100
AcDbBlockEnd
  0
BLOCK
  5
CA8
330
CA7
100
AcDbEntity
  8
0
100
AcDbBlockBegin
  2
*D31
 70
     1
 10
0.0
 20
0.0
 30
0.0
  3
*D31
  1

  0
LINE
  5
D68
330
CA7
100
AcDbEntity
  8
0
 62
     0
440
 16777216
370
    -2
100
AcDbLine
 10
10842.69472409717
 20
2475.271289823487
 30
0.0
 11
10849.98494366351
 21
2475.271289823487
 31
0.0
  0
LINE
  5
D69
330
CA7
100
AcDbEntity
  8
0
 62
     0
440
 16777216
370
    -2
100
AcDbLine
 10
10842.69472409717
 20
2435.271289823487
 30
0.0
 11
10849.98494366351
 21
2435.271289823487
 31
0.0
  0
LINE
  5
D6A
330
CA7
100
AcDbEntity
  8
0
 62
     0
440
 16777216
370
    -2
100
AcDbLine
 10
10848.98494366351
 20
2471.969289823487
 30
0.0
 11
10848.98494366351
 21
2458.898632251863
 31
0.0
  0
LINE
  5
D6B
330
CA7
100
AcDbEntity
  8
0
 62
     0
440
 16777216
370
    -2
100
AcDbLine
 10
10848.98494366351
 20
2438.573289823487
 30
0.0
 11
10848.98494366351
 21
2451.643947395111
 31
0.0
  0
SOLID
  5
D6C
330
CA7
100
AcDbEntity
  8
0
 62
     0
440
 16777216
100
AcDbTrace
 10
10848.43461033017
 20
2471.969289823487
 30
0.0
 11
10849.53527699684
 21
2471.969289823487
 31
0.0
 12
10848.98494366351
 22
2475.271289823487
 32
0.0
 13
10848.98494366351
 23
2475.271289823487
 33
0.0
  0
SOLID
  5
D6D
330
CA7
100
AcDbEntity
  8
0
 62
     0
440
 16777216
100
AcDbTrace
 10
10848.43461033017
 20
2438.573289823487
 30
0.0
 11
10849.53527699684
 21
2438.573289823487
 31
0.0
 12
10848.98494366351
 22
2435.271289823487
 32
0.0
 13
10848.98494366351
 23
2435.271289823487
 33
0.0
  0
MTEXT
  5
D6E
330
CA7
100
AcDbEntity
  8
0
 62
     0
440
 16777216
100
AcDbMText
 10
10848.9849436635
 20
2455.271289823484
 30
0.0
 40
3.5
 41
0.0
 46
0.0
 71
     5
 72
     1
  1
40,00
 73
     1
 44
1.0
  0
POINT
  5
D6F
330
CA7
100
AcDbEntity
  8
Defpoints
 62
     0
440
 16777216
100
AcDbPoint
 10
10842.69472409717
 20
2475.271289823487
 30
0.0
  0
POINT
  5
D70
330
CA7
100
AcDbEntity
  8
Defpoints
 62
     0
440
 16777216
100
AcDbPoint
 10
10842.69472409717
 20
2435.271289823487
 30
0.0
  0
POINT
  5
D71
330
CA7
100
AcDbEntity
  8
Defpoints
 62
     0
440
 16777216
100
AcDbPoint
 10
10848.98494366351
 20
2435.271289823487
 30
0.0
  0
ENDBLK
  5
CA9
330
CA7
100
AcDbEntity
  8
0
100
AcDbBlockEnd
  0
BLOCK
  5
DA4
330
DA3
100
AcDbEntity
  8
0
100
AcDbBlockBegin
  2
*U32
 70
     1
 10
0.0
 20
0.0
 30
0.0
  3
*U32
  1

  0
CIRCLE
  5
DA5
330
DA3
100
AcDbEntity
  8
0
 62
     0
100
AcDbCircle
 10
0.0
 20
-0.0000000000004547
 30
0.0
 40
3.499999999999998
  0
ENDBLK
  5
DA6
330
DA3
100
AcDbEntity
  8
0
100
AcDbBlockEnd
  0
BLOCK
  5
DBA
330
DB9
100
AcDbEntity
  8
0
100
AcDbBlockBegin
  2
*U34
 70
     1
 10
0.0
 20
0.0
 30
0.0
  3
*U34
  1

  0
CIRCLE
  5
DBB
330
DB9
100
AcDbEntity
  8
0
 62
     0
100
AcDbCircle
 10
0.0
 20
-0.0000000000004547
 30
0.0
 40
3.499999999999998
  0
ENDBLK
  5
DBC
330
DB9
100
AcDbEntity
  8
0
100
AcDbBlockEnd
  0
BLOCK
  5
DF8
330
DF7
100
AcDbEntity
  8
0
100
AcDbBlockBegin
  2
*U36
 70
     1
 10
0.0
 20
0.0
 30
0.0
  3
*U36
  1

  0
CIRCLE
  5
DF9
330
DF7
100
AcDbEntity
  8
0
 62
     0
100
AcDbCircle
 10
0.0
 20
-0.0000000000004547
 30
0.0
 40
3.499999999999998
  0
ENDBLK
  5
DFA
330
DF7
100
AcDbEntity
  8
0
100
AcDbBlockEnd
  0
BLOCK
  5
E0E
330
E0D
100
AcDbEntity
  8
0
100
AcDbBlockBegin
  2
*U38
 70
     1
 10
0.0
 20
0.0
 30
0.0
  3
*U38
  1

  0
CIRCLE
  5
E0F
330
E0D
100
AcDbEntity
  8
0
 62
     0
100
AcDbCircle
 10
0.0
 20
-0.0000000000004547
 30
0.0
 40
3.499999999999998
  0
ENDBLK
  5
E10
330
E0D
100
AcDbEntity
  8
0
100
AcDbBlockEnd
  0
BLOCK
  5
E4C
330
E4B
100
AcDbEntity
  8
0
100
AcDbBlockBegin
  2
*U40
 70
     1
 10
0.0
 20
0.0
 30
0.0
  3
*U40
  1

  0
CIRCLE
  5
E4D
330
E4B
100
AcDbEntity
  8
0
 62
     0
100
AcDbCircle
 10
0.0
 20
-0.0000000000004547
 30
0.0
 40
3.499999999999998
  0
ENDBLK
  5
E4E
330
E4B
100
AcDbEntity
  8
0
100
AcDbBlockEnd
  0
BLOCK
  5
E62
330
E61
100
AcDbEntity
  8
0
100
AcDbBlockBegin
  2
*U42
 70
     1
 10
0.0
 20
0.0
 30
0.0
  3
*U42
  1

  0
CIRCLE
  5
E63
330
E61
100
AcDbEntity
  8
0
 62
     0
100
AcDbCircle
 10
0.0
 20
-0.0000000000004547
 30
0.0
 40
3.499999999999998
  0
ENDBLK
  5
E64
330
E61
100
AcDbEntity
  8
0
100
AcDbBlockEnd
  0
BLOCK
  5
11CF
330
11CE
100
AcDbEntity
  8
0
100
AcDbBlockBegin
  2
*D44
 70
     1
 10
0.0
 20
0.0
 30
0.0
  3
*D44
  1

  0
LINE
  5
1C75
330
11CE
100
AcDbEntity
  8
0
 62
     0
440
 16777216
370
    -2
100
AcDbLine
 10
5923.02693538662
 20
2447.771289823486
 30
0.0
 11
5923.02693538662
 21
2505.246391897847
 31
0.0
  0
LINE
  5
1C76
330
11CE
100
AcDbEntity
  8
0
 62
     0
440
 16777216
370
    -2
100
AcDbLine
 10
6073.026935386621
 20
2447.771289823486
 30
0.0
 11
6073.026935386621
 21
2505.246391897847
 31
0.0
  0
LINE
  5
1C77
330
11CE
100
AcDbEntity
  8
0
 62
     0
440
 16777216
370
    -2
100
AcDbLine
 10
5926.328935386621
 20
2504.246391897847
 30
0.0
 11
6069.724935386621
 21
2504.246391897847
 31
0.0
  0
SOLID
  5
1C78
330
11CE
100
AcDbEntity
  8
0
 62
     0
440
 16777216
100
AcDbTrace
 10
5926.328935386621
 20
2504.79672523118
 30
0.0
 11
5926.328935386621
 21
2503.696058564513
 31
0.0
 12
5923.02693538662
 22
2504.246391897847
 32
0.0
 13
5923.02693538662
 23
2504.246391897847
 33
0.0
  0
SOLID
  5
1C79
330
11CE
100
AcDbEntity
  8
0
 62
     0
440
 16777216
100
AcDbTrace
 10
6069.724935386621
 20
2504.79672523118
 30
0.0
 11
6069.724935386621
 21
2503.696058564513
 31
0.0
 12
6073.026935386621
 22
2504.246391897847
 32
0.0
 13
6073.026935386621
 23
2504.246391897847
 33
0.0
  0
MTEXT
  5
1C7A
330
11CE
100
AcDbEntity
  8
0
 62
     0
440
 16777216
100
AcDbMText
 10
6033.026935386621
 20
2507.873734326223
 30
0.0
 40
3.5
 41
0.0
 46
0.0
 71
     5
 72
     1
  1
150,00
 73
     1
 44
1.0
  0
POINT
  5
1C7B
330
11CE
100
AcDbEntity
  8
Defpoints
 62
     0
440
 16777216
100
AcDbPoint
 10
5923.02693538662
 20
2447.771289823486
 30
0.0
  0
POINT
  5
1C7C
330
11CE
100
AcDbEntity
  8
Defpoints
 62
     0
440
 16777216
100
AcDbPoint
 10
6073.026935386621
 20
2447.771289823486
 30
0.0
  0
POINT
  5
1C7D
330
11CE
100
AcDbEntity
  8
Defpoints
 62
     0
440
 16777216
100
AcDbPoint
 10
6073.026935386621
 20
2504.246391897847
 30
0.0
  0
ENDBLK
  5
11D0
330
11CE
100
AcDbEntity
  8
0
100
AcDbBlockEnd
  0
BLOCK
  5
1260
330
125F
100
AcDbEntity
  8
0
100
AcDbBlockBegin
  2
*D45
 70
     1
 10
0.0
 20
0.0
 30
0.0
  3
*D45
  1

  0
LINE
  5
1262
330
125F
100
AcDbEntity
  8
A-DIMS-INSD
 62
     0
440
 16777216
370
    -2
100
AcDbLine
 10
6034.713874967247
 20
2435.271289823487
 30
0.0
 11
6034.596374967247
 21
2435.271289823487
 31
0.0
  0
LINE
  5
1263
330
125F
100
AcDbEntity
  8
A-DIMS-INSD
 62
     0
440
 16777216
370
    -2
100
AcDbLine
 10
6023.089435386623
 20
2420.271289823487
 30
0.0
 11
6034.956374967247
 21
2420.271289823487
 31
0.0
  0
LINE
  5
1264
330
125F
100
AcDbEntity
  8
A-DIMS-INSD
 62
     0
440
 16777216
370
    -2
100
AcDbLine
 10
6034.776374967247
 20
2435.091289823487
 30
0.0
 11
6034.776374967247
 21
2427.953192961277
 31
0.0
  0
LINE
  5
1265
330
125F
100
AcDbEntity
  8
A-DIMS-INSD
 62
     0
440
 16777216
370
    -2
100
AcDbLine
 10
6034.776374967247
 20
2420.451289823487
 30
0.0
 11
6034.776374967247
 21
2427.589386685697
 31
0.0
  0
SOLID
  5
1266
330
125F
100
AcDbEntity
  8
A-DIMS-INSD
 62
     0
440
 16777216
100
AcDbTrace
 10
6034.746374967247
 20
2435.091289823487
 30
0.0
 11
6034.806374967246
 21
2435.091289823487
 31
0.0
 12
6034.776374967247
 22
2435.271289823487
 32
0.0
 13
6034.776374967247
 23
2435.271289823487
 33
0.0
  0
SOLID
  5
1267
330
125F
100
AcDbEntity
  8
A-DIMS-INSD
 62
     0
440
 16777216
100
AcDbTrace
 10
6034.746374967247
 20
2420.451289823487
 30
0.0
 11
6034.806374967246
 21
2420.451289823487
 31
0.0
 12
6034.776374967247
 22
2420.271289823487
 32
0.0
 13
6034.776374967247
 23
2420.271289823487
 33
0.0
  0
MTEXT
  5
1268
330
125F
100
AcDbEntity
  8
A-DIMS-INSD
 62
     0
440
 16777216
100
AcDbMText
 10
6034.776374967247
 20
2427.771289823485
 30
0.0
 40
0.18
 41
0.0
 46
0.0
 71
     5
 72
     1
  1
\A1;15.0000
 73
     1
 44
1.0
  0
POINT
  5
1269
330
125F
100
AcDbEntity
  8
Defpoints
 62
     0
440
 16777216
100
AcDbPoint
 10
6034.776374967247
 20
2435.271289823487
 30
0.0
  0
POINT
  5
126A
330
125F
100
AcDbEntity
  8
Defpoints
 62
     0
440
 16777216
100
AcDbPoint
 10
6023.026935386623
 20
2420.271289823487
 30
0.0
  0
POINT
  5
126B
330
125F
100
AcDbEntity
  8
Defpoints
 62
     0
440
 16777216
100
AcDbPoint
 10
6034.776374967247
 20
2420.271289823487
 30
0.0
  0
ENDBLK
  5
1261
330
125F
100
AcDbEntity
  8
0
100
AcDbBlockEnd
  0
BLOCK
  5
132D
330
132C
100
AcDbEntity
  8
0
100
AcDbBlockBegin
  2
*U47
 70
     1
 10
0.0
 20
0.0
 30
0.0
  3
*U47
  1

  0
XLINE
  5
1333
330
132C
100
AcDbEntity
  8
0
100
AcDbXline
 10
0.0
 20
0.0
 30
0.0
 11
0.0
 21
-1.0
 31
0.0
  0
ENDBLK
  5
132E
330
132C
100
AcDbEntity
  8
0
100
AcDbBlockEnd
  0
BLOCK
  5
1330
330
132F
100
AcDbEntity
  8
0
100
AcDbBlockBegin
  2
*U48
 70
     1
 10
0.0
 20
0.0
 30
0.0
  3
*U48
  1

  0
INSERT
  5
1340
330
132F
100
AcDbEntity
  8
0
  6
ByBlock
347
97
 62
     0
440
 16777216
370
    -2
380
     1
100
AcDbBlockReference
  2
*U47
 10
5924.526935386621
 20
2143.100091713659
 30
0.0
  0
INSERT
  5
1341
330
132F
100
AcDbEntity
  8
0
  6
ByBlock
347
97
 62
     0
440
 16777216
370
    -2
380
     1
100
AcDbBlockReference
  2
*U47
 10
5957.904848277287
 20
2143.100091713659
 30
0.0
  0
INSERT
  5
1342
330
132F
100
AcDbEntity
  8
0
  6
ByBlock
347
97
 62
     0
440
 16777216
370
    -2
380
     1
100
AcDbBlockReference
  2
*U47
 10
5991.282761167955
 20
2143.100091713659
 30
0.0
  0
INSERT
  5
1343
330
132F
100
AcDbEntity
  8
0
  6
ByBlock
347
97
 62
     0
440
 16777216
370
    -2
380
     1
100
AcDbBlockReference
  2
*U47
 10
6024.660674058622
 20
2143.100091713659
 30
0.0
  0
ENDBLK
  5
1331
330
132F
100
AcDbEntity
  8
0
100
AcDbBlockEnd
  0
BLOCK
  5
135C
330
135B
100
AcDbEntity
  8
0
100
AcDbBlockBegin
  2
*U49
 70
     1
 10
0.0
 20
0.0
 30
0.0
  3
*U49
  1

  0
CIRCLE
  5
135D
330
135B
100
AcDbEntity
  8
0
 62
     0
100
AcDbCircle
 10
0.0
 20
-0.0000000000004547
 30
0.0
 40
3.499999999999998
  0
ENDBLK
  5
135E
330
135B
100
AcDbEntity
  8
0
100
AcDbBlockEnd
  0
BLOCK
  5
1362
330
1361
100
AcDbEntity
  8
0
100
AcDbBlockBegin
  2
*U51
 70
     1
 10
0.0
 20
0.0
 30
0.0
  3
*U51
  1

  0
INSERT
  5
1363
330
1361
100
AcDbEntity
  8
0
  6
ByBlock
347
97
 62
     0
440
 16777216
370
    -2
380
     1
100
AcDbBlockReference
  2
*U49
 10
1089.955080355421
 20
1999.100091713659
 30
0.0
 50
270.0
  0
INSERT
  5
1364
330
1361
100
AcDbEntity
  8
0
  6
ByBlock
347
97
 62
     0
440
 16777216
370
    -2
380
     1
100
AcDbBlockReference
  2
*U49
 10
1089.955080355421
 20
1404.100091713659
 30
0.0
 50
270.0
  0
INSERT
  5
1365
330
1361
100
AcDbEntity
  8
0
  6
ByBlock
347
97
 62
     0
440
 16777216
370
    -2
380
     1
100
AcDbBlockReference
  2
*U49
 10
1089.955080355421
 20
809.1000917136591
 30
0.0
 50
270.0
  0
INSERT
  5
1366
330
1361
100
AcDbEntity
  8
0
  6
ByBlock
347
97
 62
     0
440
 16777216
370
    -2
380
     1
100
AcDbBlockReference
  2
*U49
 10
1089.955080355421
 20
214.1000917136594
 30
0.0
 50
270.0
  0
ENDBLK
  5
1367
330
1361
100
AcDbEntity
  8
0
100
AcDbBlockEnd
  0
BLOCK
  5
1389
330
1388
100
AcDbEntity
  8
0
100
AcDbBlockBegin
  2
*U52
 70
     1
 10
0.0
 20
0.0
 30
0.0
  3
*U52
  1

  0
CIRCLE
  5
138A
330
1388
100
AcDbEntity
  8
0
 62
     0
100
AcDbCircle
 10
0.0
 20
-0.0000000000004547
 30
0.0
 40
3.499999999999998
  0
ENDBLK
  5
138B
330
1388
100
AcDbEntity
  8
0
100
AcDbBlockEnd
  0
BLOCK
  5
138F
330
138E
100
AcDbEntity
  8
0
100
AcDbBlockBegin
  2
*U54
 70
     1
 10
0.0
 20
0.0
 30
0.0
  3
*U54
  1

  0
INSERT
  5
1390
330
138E
100
AcDbEntity
  8
0
  6
ByBlock
347
97
 62
     0
440
 16777216
370
    -2
380
     1
100
AcDbBlockReference
  2
*U52
 10
1089.955080355421
 20
1999.100091713659
 30
0.0
 50
270.0
  0
INSERT
  5
1391
330
138E
100
AcDbEntity
  8
0
  6
ByBlock
347
97
 62
     0
440
 16777216
370
    -2
380
     1
100
AcDbBlockReference
  2
*U52
 10
1089.955080355421
 20
1404.100091713659
 30
0.0
 50
270.0
  0
INSERT
  5
1392
330
138E
100
AcDbEntity
  8
0
  6
ByBlock
347
97
 62
     0
440
 16777216
370
    -2
380
     1
100
AcDbBlockReference
  2
*U52
 10
1089.955080355421
 20
809.1000917136591
 30
0.0
 50
270.0
  0
INSERT
  5
1393
330
138E
100
AcDbEntity
  8
0
  6
ByBlock
347
97
 62
     0
440
 16777216
370
    -2
380
     1
100
AcDbBlockReference
  2
*U52
 10
1089.955080355421
 20
214.1000917136594
 30
0.0
 50
270.0
  0
ENDBLK
  5
1394
330
138E
100
AcDbEntity
  8
0
100
AcDbBlockEnd
  0
BLOCK
  5
13BE
330
13BD
100
AcDbEntity
  8
0
100
AcDbBlockBegin
  2
*U55
 70
     1
 10
0.0
 20
0.0
 30
0.0
  3
*U55
  1

  0
CIRCLE
  5
13BF
330
13BD
100
AcDbEntity
  8
0
 62
     0
100
AcDbCircle
 10
0.0
 20
-0.0000000000004547
 30
0.0
 40
3.499999999999998
  0
ENDBLK
  5
13C0
330
13BD
100
AcDbEntity
  8
0
100
AcDbBlockEnd
  0
BLOCK
  5
13C4
330
13C3
100
AcDbEntity
  8
0
100
AcDbBlockBegin
  2
*U57
 70
     1
 10
0.0
 20
0.0
 30
0.0
  3
*U57
  1

  0
INSERT
  5
13C5
330
13C3
100
AcDbEntity
  8
0
  6
ByBlock
347
97
 62
     0
440
 16777216
370
    -2
380
     1
100
AcDbBlockReference
  2
*U55
 10
1089.955080355421
 20
1999.100091713659
 30
0.0
 50
270.0
  0
INSERT
  5
13C6
330
13C3
100
AcDbEntity
  8
0
  6
ByBlock
347
97
 62
     0
440
 16777216
370
    -2
380
     1
100
AcDbBlockReference
  2
*U55
 10
1089.955080355421
 20
1404.100091713659
 30
0.0
 50
270.0
  0
INSERT
  5
13C7
330
13C3
100
AcDbEntity
  8
0
  6
ByBlock
347
97
 62
     0
440
 16777216
370
    -2
380
     1
100
AcDbBlockReference
  2
*U55
 10
1089.955080355421
 20
809.1000917136591
 30
0.0
 50
270.0
  0
INSERT
  5
13C8
330
13C3
100
AcDbEntity
  8
0
  6
ByBlock
347
97
 62
     0
440
 16777216
370
    -2
380
     1
100
AcDbBlockReference
  2
*U55
 10
1089.955080355421
 20
214.1000917136594
 30
0.0
 50
270.0
  0
ENDBLK
  5
13C9
330
13C3
100
AcDbEntity
  8
0
100
AcDbBlockEnd
  0
BLOCK
  5
13F0
330
13EF
100
AcDbEntity
  8
0
100
AcDbBlockBegin
  2
*U58
 70
     1
 10
0.0
 20
0.0
 30
0.0
  3
*U58
  1

  0
CIRCLE
  5
13F1
330
13EF
100
AcDbEntity
  8
0
 62
     0
100
AcDbCircle
 10
0.0
 20
-0.0000000000004547
 30
0.0
 40
3.499999999999998
  0
ENDBLK
  5
13F2
330
13EF
100
AcDbEntity
  8
0
100
AcDbBlockEnd
  0
BLOCK
  5
13F6
330
13F5
100
AcDbEntity
  8
0
100
AcDbBlockBegin
  2
*U60
 70
     1
 10
0.0
 20
0.0
 30
0.0
  3
*U60
  1

  0
INSERT
  5
13F7
330
13F5
100
AcDbEntity
  8
0
  6
ByBlock
347
97
 62
     0
440
 16777216
370
    -2
380
     1
100
AcDbBlockReference
  2
*U58
 10
1089.955080355421
 20
1999.100091713659
 30
0.0
 50
270.0
  0
INSERT
  5
13F8
330
13F5
100
AcDbEntity
  8
0
  6
ByBlock
347
97
 62
     0
440
 16777216
370
    -2
380
     1
100
AcDbBlockReference
  2
*U58
 10
1089.955080355421
 20
1404.100091713659
 30
0.0
 50
270.0
  0
INSERT
  5
13F9
330
13F5
100
AcDbEntity
  8
0
  6
ByBlock
347
97
 62
     0
440
 16777216
370
    -2
380
     1
100
AcDbBlockReference
  2
*U58
 10
1089.955080355421
 20
809.1000917136591
 30
0.0
 50
270.0
  0
INSERT
  5
13FA
330
13F5
100
AcDbEntity
  8
0
  6
ByBlock
347
97
 62
     0
440
 16777216
370
    -2
380
     1
100
AcDbBlockReference
  2
*U58
 10
1089.955080355421
 20
214.1000917136594
 30
0.0
 50
270.0
  0
ENDBLK
  5
13FB
330
13F5
100
AcDbEntity
  8
0
100
AcDbBlockEnd
  0
BLOCK
  5
1411
330
1410
100
AcDbEntity
  8
0
100
AcDbBlockBegin
  2
*U61
 70
     1
 10
0.0
 20
0.0
 30
0.0
  3
*U61
  1

  0
CIRCLE
  5
1417
330
1410
100
AcDbEntity
  8
0
 62
     0
100
AcDbCircle
 10
0.0
 20
0.0
 30
0.0
 40
3.499999999999998
  0
ENDBLK
  5
1412
330
1410
100
AcDbEntity
  8
0
100
AcDbBlockEnd
  0
BLOCK
  5
1414
330
1413
100
AcDbEntity
  8
0
100
AcDbBlockBegin
  2
*U62
 70
     1
 10
0.0
 20
0.0
 30
0.0
  3
*U62
  1

  0
INSERT
  5
1424
330
1413
100
AcDbEntity
  8
0
  6
ByBlock
347
97
 62
     0
440
 16777216
370
    -2
380
     1
100
AcDbBlockReference
  2
*U61
 10
5974.593804722621
 20
164.1000917136594
 30
0.0
 50
90.0
  0
INSERT
  5
1425
330
1413
100
AcDbEntity
  8
0
  6
ByBlock
347
97
 62
     0
440
 16777216
370
    -2
380
     1
100
AcDbBlockReference
  2
*U61
 10
5974.593804722621
 20
745.7667583803258
 30
0.0
 50
90.0
  0
INSERT
  5
1426
330
1413
100
AcDbEntity
  8
0
  6
ByBlock
347
97
 62
     0
440
 16777216
370
    -2
380
     1
100
AcDbBlockReference
  2
*U61
 10
5974.593804722621
 20
1327.433425046992
 30
0.0
 50
90.0
  0
INSERT
  5
1427
330
1413
100
AcDbEntity
  8
0
  6
ByBlock
347
97
 62
     0
440
 16777216
370
    -2
380
     1
100
AcDbBlockReference
  2
*U61
 10
5974.593804722621
 20
1909.100091713659
 30
0.0
 50
90.0
  0
ENDBLK
  5
1415
330
1413
100
AcDbEntity
  8
0
100
AcDbBlockEnd
  0
BLOCK
  5
142A
330
1429
100
AcDbEntity
  8
0
100
AcDbBlockBegin
  2
*D63
 70
     1
 10
0.0
 20
0.0
 30
0.0
  3
*D63
  1

  0
LINE
  5
1437
330
1429
100
AcDbEntity
  8
A-DIMS-INSD
 62
     0
440
 16777216
370
    -2
100
AcDbLine
 10
5974.656304722623
 20
1909.10009171366
 30
0.0
 11
6004.350321212387
 21
1909.10009171366
 31
0.0
  0
LINE
  5
1438
330
1429
100
AcDbEntity
  8
A-DIMS-INSD
 62
     0
440
 16777216
370
    -2
100
AcDbLine
 10
5974.656304722623
 20
2059.10009171366
 30
0.0
 11
6004.350321212386
 21
2059.10009171366
 31
0.0
  0
LINE
  5
1439
330
1429
100
AcDbEntity
  8
A-DIMS-INSD
 62
     0
440
 16777216
370
    -2
100
AcDbLine
 10
6004.170321212387
 20
1909.28009171366
 30
0.0
 11
6004.170321212387
 21
1983.91818857587
 31
0.0
  0
LINE
  5
143A
330
1429
100
AcDbEntity
  8
A-DIMS-INSD
 62
     0
440
 16777216
370
    -2
100
AcDbLine
 10
6004.170321212385
 20
2058.92009171366
 30
0.0
 11
6004.170321212387
 21
1984.28199485145
 31
0.0
  0
SOLID
  5
143B
330
1429
100
AcDbEntity
  8
A-DIMS-INSD
 62
     0
440
 16777216
100
AcDbTrace
 10
6004.140321212386
 20
1909.28009171366
 30
0.0
 11
6004.200321212387
 21
1909.28009171366
 31
0.0
 12
6004.170321212387
 22
1909.10009171366
 32
0.0
 13
6004.170321212387
 23
1909.10009171366
 33
0.0
  0
SOLID
  5
143C
330
1429
100
AcDbEntity
  8
A-DIMS-INSD
 62
     0
440
 16777216
100
AcDbTrace
 10
6004.140321212386
 20
2058.92009171366
 30
0.0
 11
6004.200321212386
 21
2058.92009171366
 31
0.0
 12
6004.170321212385
 22
2059.10009171366
 32
0.0
 13
6004.170321212385
 23
2059.10009171366
 33
0.0
  0
MTEXT
  5
143D
330
1429
100
AcDbEntity
  8
A-DIMS-INSD
 62
     0
440
 16777216
100
AcDbMText
 10
6004.170321212385
 20
1984.100091713657
 30
0.0
 40
0.18
 41
0.0
 46
0.0
 71
     5
 72
     1
  1
\A1;150.0000
 73
     1
 44
1.0
  0
POINT
  5
143E
330
1429
100
AcDbEntity
  8
Defpoints
 62
     0
440
 16777216
100
AcDbPoint
 10
5974.593804722623
 20
1909.10009171366
 30
0.0
  0
POINT
  5
143F
330
1429
100
AcDbEntity
  8
Defpoints
 62
     0
440
 16777216
100
AcDbPoint
 10
5974.593804722623
 20
2059.10009171366
 30
0.0
  0
POINT
  5
1440
330
1429
100
AcDbEntity
  8
Defpoints
 62
     0
440
 16777216
100
AcDbPoint
 10
6004.170321212385
 20
2059.10009171366
 30
0.0
  0
ENDBLK
  5
142B
330
1429
100
AcDbEntity
  8
0
100
AcDbBlockEnd
  0
BLOCK
  5
1445
330
1444
100
AcDbEntity
  8
0
100
AcDbBlockBegin
  2
*U64
 70
     1
 10
0.0
 20
0.0
 30
0.0
  3
*U64
  1

  0
CIRCLE
  5
1446
330
1444
100
AcDbEntity
  8
0
 62
     0
100
AcDbCircle
 10
0.0
 20
0.0
 30
0.0
 40
3.499999999999998
  0
ENDBLK
  5
1447
330
1444
100
AcDbEntity
  8
0
100
AcDbBlockEnd
  0
BLOCK
  5
144B
330
144A
100
AcDbEntity
  8
0
100
AcDbBlockBegin
  2
*U66
 70
     1
 10
0.0
 20
0.0
 30
0.0
  3
*U66
  1

  0
INSERT
  5
144C
330
144A
100
AcDbEntity
  8
0
  6
ByBlock
347
97
 62
     0
440
 16777216
370
    -2
380
     1
100
AcDbBlockReference
  2
*U64
 10
5974.593804722621
 20
164.1000917136594
 30
0.0
 50
90.0
  0
INSERT
  5
144D
330
144A
100
AcDbEntity
  8
0
  6
ByBlock
347
97
 62
     0
440
 16777216
370
    -2
380
     1
100
AcDbBlockReference
  2
*U64
 10
5974.593804722621
 20
745.7667583803258
 30
0.0
 50
90.0
  0
INSERT
  5
144E
330
144A
100
AcDbEntity
  8
0
  6
ByBlock
347
97
 62
     0
440
 16777216
370
    -2
380
     1
100
AcDbBlockReference
  2
*U64
 10
5974.593804722621
 20
1327.433425046992
 30
0.0
 50
90.0
  0
INSERT
  5
144F
330
144A
100
AcDbEntity
  8
0
  6
ByBlock
347
97
 62
     0
440
 16777216
370
    -2
380
     1
100
AcDbBlockReference
  2
*U64
 10
5974.593804722621
 20
1909.100091713659
 30
0.0
 50
90.0
  0
ENDBLK
  5
1450
330
144A
100
AcDbEntity
  8
0
100
AcDbBlockEnd
  0
BLOCK
  5
14E5
330
14E4
100
AcDbEntity
  8
0
100
AcDbBlockBegin
  2
*D68
 70
     1
 10
0.0
 20
0.0
 30
0.0
  3
*D68
  1

  0
LINE
  5
1795
330
14E4
100
AcDbEntity
  8
A-DIMS-INSD
 62
     0
440
 16777216
370
    -2
100
AcDbLine
 10
8235.583005502386
 20
-25.97453674177086
 30
0.0
 11
8235.583005502386
 21
-34.97453674177086
 31
0.0
  0
LINE
  5
1796
330
14E4
100
AcDbEntity
  8
A-DIMS-INSD
 62
     0
440
 16777216
370
    -2
100
AcDbLine
 10
8093.165970428184
 20
-25.97453674177086
 30
0.0
 11
8093.165970428184
 21
-34.97453674177086
 31
0.0
  0
LINE
  5
1797
330
14E4
100
AcDbEntity
  8
A-DIMS-INSD
 62
     0
440
 16777216
370
    -2
100
AcDbLine
 10
8235.583005502386
 20
-29.97453674177086
 30
0.0
 11
8187.109822208123
 21
-29.97453674177086
 31
0.0
  0
LINE
  5
1798
330
14E4
100
AcDbEntity
  8
A-DIMS-INSD
 62
     0
440
 16777216
370
    -2
100
AcDbLine
 10
8093.165970428184
 20
-29.97453674177086
 30
0.0
 11
8141.639153722447
 21
-29.97453674177086
 31
0.0
  0
INSERT
  5
1799
330
14E4
100
AcDbEntity
  8
A-DIMS-INSD
 62
     0
440
 16777216
370
    -2
100
AcDbBlockReference
  2
_Oblique
 10
8235.583005502386
 20
-29.97453674177086
 30
0.0
 41
6.0
 42
6.0
 43
6.0
  0
INSERT
  5
179A
330
14E4
100
AcDbEntity
  8
A-DIMS-INSD
 62
     0
440
 16777216
370
    -2
100
AcDbBlockReference
  2
_Oblique
 10
8093.165970428184
 20
-29.97453674177086
 30
0.0
 41
6.0
 42
6.0
 43
6.0
 50
180.0
  0
MTEXT
  5
179B
330
14E4
100
AcDbEntity
  8
A-DIMS-INSD
 62
     0
440
 16777216
100
AcDbMText
 10
8164.374487965286
 20
-29.97453674177086
 30
0.0
 40
10.0
 41
0.0
 46
0.0
 71
     5
 72
     1
  1
142,42
 73
     1
 44
1.0
  0
POINT
  5
179C
330
14E4
100
AcDbEntity
  8
Defpoints
 62
     0
440
 16777216
100
AcDbPoint
 10
8235.583005502386
 20
14.10009171365891
 30
0.0
  0
POINT
  5
179D
330
14E4
100
AcDbEntity
  8
Defpoints
 62
     0
440
 16777216
100
AcDbPoint
 10
8093.165970428184
 20
14.10009171365891
 30
0.0
  0
POINT
  5
179E
330
14E4
100
AcDbEntity
  8
Defpoints
 62
     0
440
 16777216
100
AcDbPoint
 10
8093.165970428184
 20
-29.97453674177086
 30
0.0
  0
ENDBLK
  5
14E6
330
14E4
100
AcDbEntity
  8
0
100
AcDbBlockEnd
  0
BLOCK
  5
14FF
330
14FE
100
AcDbEntity
  8
0
100
AcDbBlockBegin
  2
*D69
 70
     1
 10
0.0
 20
0.0
 30
0.0
  3
*D69
  1

  0
LINE
  5
150C
330
14FE
100
AcDbEntity
  8
A-DIMS-INSD
 62
     0
440
 16777216
370
    -2
100
AcDbLine
 10
8235.583005502386
 20
51.85444921039016
 30
0.0
 11
8235.583005502386
 21
85.60444921039016
 31
0.0
  0
LINE
  5
150D
330
14FE
100
AcDbEntity
  8
A-DIMS-INSD
 62
     0
440
 16777216
370
    -2
100
AcDbLine
 10
8164.374487965284
 20
51.85444921039016
 30
0.0
 11
8164.374487965284
 21
85.60444921039016
 31
0.0
  0
LINE
  5
150E
330
14FE
100
AcDbEntity
  8
A-DIMS-INSD
 62
     0
440
 16777216
370
    -2
100
AcDbLine
 10
8235.583005502386
 20
66.85444921039016
 30
0.0
 11
8164.374487965284
 21
66.85444921039016
 31
0.0
  0
LINE
  5
150F
330
14FE
100
AcDbEntity
  8
A-DIMS-INSD
 62
     0
440
 16777216
370
    -2
100
AcDbLine
 10
8164.374487965284
 20
66.85444921039016
 30
0.0
 11
8141.874487965285
 21
66.85444921039016
 31
0.0
  0
INSERT
  5
1510
330
14FE
100
AcDbEntity
  8
A-DIMS-INSD
 62
     0
440
 16777216
370
    -2
100
AcDbBlockReference
  2
_Oblique
 10
8235.583005502386
 20
66.85444921039016
 30
0.0
 41
22.5
 42
22.5
 43
22.5
  0
INSERT
  5
1511
330
14FE
100
AcDbEntity
  8
A-DIMS-INSD
 62
     0
440
 16777216
370
    -2
100
AcDbBlockReference
  2
_Oblique
 10
8164.374487965284
 20
66.85444921039016
 30
0.0
 41
22.5
 42
22.5
 43
22.5
 50
180.0
  0
MTEXT
  5
1512
330
14FE
100
AcDbEntity
  8
A-DIMS-INSD
 62
     0
440
 16777216
100
AcDbMText
 10
8073.000852221765
 20
66.85444921039016
 30
0.0
 40
37.5
 41
0.0
 46
0.0
 71
     5
 72
     1
  1
71,21
 73
     1
 44
1.0
  0
POINT
  5
1513
330
14FE
100
AcDbEntity
  8
Defpoints
 62
     0
440
 16777216
100
AcDbPoint
 10
8235.583005502386
 20
14.10009171365891
 30
0.0
  0
POINT
  5
1514
330
14FE
100
AcDbEntity
  8
Defpoints
 62
     0
440
 16777216
100
AcDbPoint
 10
8164.374487965284
 20
14.10009171365891
 30
0.0
  0
POINT
  5
1515
330
14FE
100
AcDbEntity
  8
Defpoints
 62
     0
440
 16777216
100
AcDbPoint
 10
8164.374487965284
 20
66.85444921039016
 30
0.0
  0
ENDBLK
  5
1500
330
14FE
100
AcDbEntity
  8
0
100
AcDbBlockEnd
  0
BLOCK
  5
151D
330
151C
100
AcDbEntity
  8
0
100
AcDbBlockBegin
  2
*U70
 70
     1
 10
0.0
 20
0.0
 30
0.0
  3
*U70
  1

  0
CIRCLE
  5
1523
330
151C
100
AcDbEntity
  8
0
100
AcDbCircle
 10
0.0
 20
0.0
 30
0.0
 40
3.5
  0
ENDBLK
  5
151E
330
151C
100
AcDbEntity
  8
0
100
AcDbBlockEnd
  0
BLOCK
  5
1520
330
151F
100
AcDbEntity
  8
0
100
AcDbBlockBegin
  2
*U71
 70
     1
 10
0.0
 20
0.0
 30
0.0
  3
*U71
  1

  0
INSERT
  5
1530
330
151F
100
AcDbEntity
  8
0
  6
ByBlock
347
97
 62
     0
440
 16777216
370
    -2
380
     1
100
AcDbBlockReference
  2
*U70
 10
8164.374487965284
 20
164.1000917136589
 30
0.0
 50
89.99999999999998
  0
INSERT
  5
1531
330
151F
100
AcDbEntity
  8
0
  6
ByBlock
347
97
 62
     0
440
 16777216
370
    -2
380
     1
100
AcDbBlockReference
  2
*U70
 10
8164.374487965284
 20
740.8667583803256
 30
0.0
 50
89.99999999999998
  0
INSERT
  5
1532
330
151F
100
AcDbEntity
  8
0
  6
ByBlock
347
97
 62
     0
440
 16777216
370
    -2
380
     1
100
AcDbBlockReference
  2
*U70
 10
8164.374487965286
 20
1317.633425046992
 30
0.0
 50
89.99999999999998
  0
INSERT
  5
1533
330
151F
100
AcDbEntity
  8
0
  6
ByBlock
347
97
 62
     0
440
 16777216
370
    -2
380
     1
100
AcDbBlockReference
  2
*U70
 10
8164.374487965286
 20
1894.400091713659
 30
0.0
 50
89.99999999999998
  0
ENDBLK
  5
1521
330
151F
100
AcDbEntity
  8
0
100
AcDbBlockEnd
  0
BLOCK
  5
153F
330
153E
100
AcDbEntity
  8
0
 62
     1
100
AcDbBlockBegin
  2
_None
 70
     0
 10
0.0
 20
0.0
 30
0.0
  3
_None
  1

  0
ENDBLK
  5
1540
330
153E
100
AcDbEntity
  8
0
 62
     1
100
AcDbBlockEnd
  0
BLOCK
  5
1542
330
1541
100
AcDbEntity
  8
0
 62
     0
100
AcDbBlockBegin
  2
*D73
 70
     1
 10
0.0
 20
0.0
 30
0.0
  3
*D73
  1

  0
LINE
  5
1543
330
1541
100
AcDbEntity
  8
A-DIMS-INSD
 62
     0
440
 16777216
370
    -2
100
AcDbLine
 10
1191279.870564229
 20
268393.8273238629
 30
0.0
 11
1191275.370564229
 21
268393.8273238629
 31
0.0
  0
LINE
  5
1544
330
1541
100
AcDbEntity
  8
A-DIMS-INSD
 62
     0
440
 16777216
370
    -2
100
AcDbLine
 10
1191279.870564229
 20
268353.8273238629
 30
0.0
 11
1191275.370564229
 21
268353.8273238629
 31
0.0
  0
LINE
  5
1545
330
1541
100
AcDbEntity
  8
A-DIMS-INSD
 62
     0
440
 16777216
370
    -2
100
AcDbLine
 10
1191277.870564229
 20
268393.8273238629
 30
0.0
 11
1191277.870564229
 21
268387.2129853808
 31
0.0
  0
LINE
  5
1546
330
1541
100
AcDbEntity
  8
A-DIMS-INSD
 62
     0
440
 16777216
370
    -2
100
AcDbLine
 10
1191277.870564229
 20
268353.8273238629
 30
0.0
 11
1191277.870564229
 21
268360.4416623452
 31
0.0
  0
INSERT
  5
1547
330
1541
100
AcDbEntity
  8
A-DIMS-INSD
 62
     0
440
 16777216
370
    -2
100
AcDbBlockReference
  2
_Oblique
 10
1191277.870564229
 20
268393.8273238629
 30
0.0
 41
3.0
 42
3.0
 43
3.0
 50
90.0
  0
INSERT
  5
1548
330
1541
100
AcDbEntity
  8
A-DIMS-INSD
 62
     0
440
 16777216
370
    -2
100
AcDbBlockReference
  2
_Oblique
 10
1191277.870564229
 20
268353.8273238629
 30
0.0
 41
3.0
 42
3.0
 43
3.0
 50
270.0
  0
MTEXT
  5
1549
330
1541
100
AcDbEntity
  8
A-DIMS-INSD
 62
     0
440
 16777216
100
AcDbMText
 10
1191277.870564229
 20
268373.8273238625
 30
0.0
 40
5.0
 41
0.0
 46
0.0
 71
     5
 72
     1
  1
40-100
 11
0.0000000000000001
 21
1.0
 31
0.0
 73
     1
 44
1.0
  0
POINT
  5
154A
330
1541
100
AcDbEntity
  8
Defpoints
 62
     0
440
 16777216
100
AcDbPoint
 10
1191306.635160078
 20
268393.8273238629
 30
0.0
  0
POINT
  5
154B
330
1541
100
AcDbEntity
  8
Defpoints
 62
     0
440
 16777216
100
AcDbPoint
 10
1191306.635160078
 20
268353.8273238629
 30
0.0
  0
POINT
  5
154C
330
1541
100
AcDbEntity
  8
Defpoints
 62
     0
440
 16777216
100
AcDbPoint
 10
1191277.870564229
 20
268353.8273238629
 30
0.0
  0
ENDBLK
  5
154D
330
1541
100
AcDbEntity
  8
0
 62
     0
100
AcDbBlockEnd
  0
BLOCK
  5
154F
330
154E
100
AcDbEntity
  8
0
 62
     0
100
AcDbBlockBegin
  2
*D74
 70
     1
 10
0.0
 20
0.0
 30
0.0
  3
*D74
  1

  0
LINE
  5
1550
330
154E
100
AcDbEntity
  8
A-DIMS-INSD
 62
     0
440
 16777216
370
    -2
100
AcDbLine
 10
1191459.357656621
 20
268393.8273238629
 30
0.0
 11
1191463.857656621
 21
268393.8273238629
 31
0.0
  0
LINE
  5
1551
330
154E
100
AcDbEntity
  8
A-DIMS-INSD
 62
     0
440
 16777216
370
    -2
100
AcDbLine
 10
1191459.357656621
 20
268353.8273238629
 30
0.0
 11
1191463.857656621
 21
268353.8273238629
 31
0.0
  0
LINE
  5
1552
330
154E
100
AcDbEntity
  8
A-DIMS-INSD
 62
     0
440
 16777216
370
    -2
100
AcDbLine
 10
1191461.357656621
 20
268393.8273238629
 30
0.0
 11
1191461.357656621
 21
268387.2129853808
 31
0.0
  0
LINE
  5
1553
330
154E
100
AcDbEntity
  8
A-DIMS-INSD
 62
     0
440
 16777216
370
    -2
100
AcDbLine
 10
1191461.357656621
 20
268353.8273238629
 30
0.0
 11
1191461.357656621
 21
268360.4416623452
 31
0.0
  0
INSERT
  5
1554
330
154E
100
AcDbEntity
  8
A-DIMS-INSD
 62
     0
440
 16777216
370
    -2
100
AcDbBlockReference
  2
_Oblique
 10
1191461.357656621
 20
268393.8273238629
 30
0.0
 41
3.0
 42
3.0
 43
3.0
 50
90.0
  0
INSERT
  5
1555
330
154E
100
AcDbEntity
  8
A-DIMS-INSD
 62
     0
440
 16777216
370
    -2
100
AcDbBlockReference
  2
_Oblique
 10
1191461.357656621
 20
268353.8273238629
 30
0.0
 41
3.0
 42
3.0
 43
3.0
 50
270.0
  0
MTEXT
  5
1556
330
154E
100
AcDbEntity
  8
A-DIMS-INSD
 62
     0
440
 16777216
100
AcDbMText
 10
1191461.357656621
 20
268373.8273238625
 30
0.0
 40
5.0
 41
0.0
 46
0.0
 71
     5
 72
     1
  1
40-100
 11
0.0000000000000001
 21
1.0
 31
0.0
 73
     1
 44
1.0
  0
POINT
  5
1557
330
154E
100
AcDbEntity
  8
Defpoints
 62
     0
440
 16777216
100
AcDbPoint
 10
1191447.125008092
 20
268393.8273238629
 30
0.0
  0
POINT
  5
1558
330
154E
100
AcDbEntity
  8
Defpoints
 62
     0
440
 16777216
100
AcDbPoint
 10
1191447.125008092
 20
268353.8273238629
 30
0.0
  0
POINT
  5
1559
330
154E
100
AcDbEntity
  8
Defpoints
 62
     0
440
 16777216
100
AcDbPoint
 10
1191461.357656621
 20
268353.8273238629
 30
0.0
  0
ENDBLK
  5
155A
330
154E
100
AcDbEntity
  8
0
 62
     0
100
AcDbBlockEnd
  0
BLOCK
  5
155C
330
155B
100
AcDbEntity
  8
0
 62
     0
100
AcDbBlockBegin
  2
*D75
 70
     1
 10
0.0
 20
0.0
 30
0.0
  3
*D75
  1

  0
LINE
  5
155D
330
155B
100
AcDbEntity
  8
A-DIMS-INSD
 62
     0
440
 16777216
370
    -2
100
AcDbLine
 10
1191300.125008092
 20
268406.7326874548
 30
0.0
 11
1191300.125008092
 21
268411.2326874548
 31
0.0
  0
LINE
  5
155E
330
155B
100
AcDbEntity
  8
A-DIMS-INSD
 62
     0
440
 16777216
370
    -2
100
AcDbLine
 10
1191450.125008092
 20
268406.7326874548
 30
0.0
 11
1191450.125008092
 21
268411.2326874548
 31
0.0
  0
LINE
  5
155F
330
155B
100
AcDbEntity
  8
A-DIMS-INSD
 62
     0
440
 16777216
370
    -2
100
AcDbLine
 10
1191300.125008092
 20
268408.7326874548
 30
0.0
 11
1191359.890790496
 21
268408.7326874548
 31
0.0
  0
LINE
  5
1560
330
155B
100
AcDbEntity
  8
A-DIMS-INSD
 62
     0
440
 16777216
370
    -2
100
AcDbLine
 10
1191450.125008092
 20
268408.7326874548
 30
0.0
 11
1191390.359225687
 21
268408.7326874548
 31
0.0
  0
INSERT
  5
1561
330
155B
100
AcDbEntity
  8
A-DIMS-INSD
 62
     0
440
 16777216
370
    -2
100
AcDbBlockReference
  2
_Oblique
 10
1191300.125008092
 20
268408.7326874548
 30
0.0
 41
3.0
 42
3.0
 43
3.0
 50
180.0
  0
INSERT
  5
1562
330
155B
100
AcDbEntity
  8
A-DIMS-INSD
 62
     0
440
 16777216
370
    -2
100
AcDbBlockReference
  2
_Oblique
 10
1191450.125008092
 20
268408.7326874548
 30
0.0
 41
3.0
 42
3.0
 43
3.0
  0
MTEXT
  5
1563
330
155B
100
AcDbEntity
  8
A-DIMS-INSD
 62
     0
440
 16777216
100
AcDbMText
 10
1191375.125008091
 20
268408.7326874548
 30
0.0
 40
5.0
 41
0.0
 46
0.0
 71
     5
 72
     1
  1
150-330
 73
     1
 44
1.0
  0
POINT
  5
1564
330
155B
100
AcDbEntity
  8
Defpoints
 62
     0
440
 16777216
100
AcDbPoint
 10
1191300.125008092
 20
268391.6741939488
 30
0.0
  0
POINT
  5
1565
330
155B
100
AcDbEntity
  8
Defpoints
 62
     0
440
 16777216
100
AcDbPoint
 10
1191450.125008092
 20
268391.6741939488
 30
0.0
  0
POINT
  5
1566
330
155B
100
AcDbEntity
  8
Defpoints
 62
     0
440
 16777216
100
AcDbPoint
 10
1191450.125008092
 20
268408.7326874548
 30
0.0
  0
ENDBLK
  5
1567
330
155B
100
AcDbEntity
  8
0
 62
     0
100
AcDbBlockEnd
  0
BLOCK
  5
1569
330
1568
100
AcDbEntity
  8
0
 62
     0
100
AcDbBlockBegin
  2
*D76
 70
     1
 10
0.0
 20
0.0
 30
0.0
  3
*D76
  1

  0
LINE
  5
156A
330
1568
100
AcDbEntity
  8
A-DIMS-INSD
 62
     0
440
 16777216
370
    -2
100
AcDbLine
 10
1191300.125008092
 20
268332.032285605
 30
0.0
 11
1191300.125008092
 21
268327.532285605
 31
0.0
  0
LINE
  5
156B
330
1568
100
AcDbEntity
  8
A-DIMS-INSD
 62
     0
440
 16777216
370
    -2
100
AcDbLine
 10
1191348.125008092
 20
268332.032285605
 30
0.0
 11
1191348.125008092
 21
268327.532285605
 31
0.0
  0
LINE
  5
156C
330
1568
100
AcDbEntity
  8
A-DIMS-INSD
 62
     0
440
 16777216
370
    -2
100
AcDbLine
 10
1191300.125008092
 20
268330.032285605
 30
0.0
 11
1191318.837063162
 21
268330.032285605
 31
0.0
  0
LINE
  5
156D
330
1568
100
AcDbEntity
  8
A-DIMS-INSD
 62
     0
440
 16777216
370
    -2
100
AcDbLine
 10
1191348.125008092
 20
268330.032285605
 30
0.0
 11
1191329.412953021
 21
268330.032285605
 31
0.0
  0
INSERT
  5
156E
330
1568
100
AcDbEntity
  8
A-DIMS-INSD
 62
     0
440
 16777216
370
    -2
100
AcDbBlockReference
  2
_Oblique
 10
1191300.125008092
 20
268330.032285605
 30
0.0
 41
3.0
 42
3.0
 43
3.0
 50
180.0
  0
INSERT
  5
156F
330
1568
100
AcDbEntity
  8
A-DIMS-INSD
 62
     0
440
 16777216
370
    -2
100
AcDbBlockReference
  2
_Oblique
 10
1191348.125008092
 20
268330.032285605
 30
0.0
 41
3.0
 42
3.0
 43
3.0
  0
MTEXT
  5
1570
330
1568
100
AcDbEntity
  8
A-DIMS-INSD
 62
     0
440
 16777216
100
AcDbMText
 10
1191324.125008092
 20
268330.032285605
 30
0.0
 40
5.0
 41
0.0
 46
0.0
 71
     5
 72
     1
  1
48
 73
     1
 44
1.0
  0
POINT
  5
1571
330
1568
100
AcDbEntity
  8
Defpoints
 62
     0
440
 16777216
100
AcDbPoint
 10
1191300.125008092
 20
268356.8273238628
 30
0.0
  0
POINT
  5
1572
330
1568
100
AcDbEntity
  8
Defpoints
 62
     0
440
 16777216
100
AcDbPoint
 10
1191348.125008092
 20
268352.3273238629
 30
0.0
  0
POINT
  5
1573
330
1568
100
AcDbEntity
  8
Defpoints
 62
     0
440
 16777216
100
AcDbPoint
 10
1191348.125008092
 20
268330.032285605
 30
0.0
  0
ENDBLK
  5
1574
330
1568
100
AcDbEntity
  8
0
 62
     0
100
AcDbBlockEnd
  0
BLOCK
  5
1576
330
1575
100
AcDbEntity
  8
0
 62
     0
100
AcDbBlockBegin
  2
*D77
 70
     1
 10
0.0
 20
0.0
 30
0.0
  3
*D77
  1

  0
LINE
  5
1577
330
1575
100
AcDbEntity
  8
A-DIMS-INSD
 62
     0
440
 16777216
370
    -2
100
AcDbLine
 10
1191402.125008092
 20
268330.3658177185
 30
0.0
 11
1191402.125008092
 21
268325.8658177185
 31
0.0
  0
LINE
  5
1578
330
1575
100
AcDbEntity
  8
A-DIMS-INSD
 62
     0
440
 16777216
370
    -2
100
AcDbLine
 10
1191450.125008092
 20
268330.3658177185
 30
0.0
 11
1191450.125008092
 21
268325.8658177185
 31
0.0
  0
LINE
  5
1579
330
1575
100
AcDbEntity
  8
A-DIMS-INSD
 62
     0
440
 16777216
370
    -2
100
AcDbLine
 10
1191402.125008092
 20
268328.3658177185
 30
0.0
 11
1191420.837063162
 21
268328.3658177185
 31
0.0
  0
LINE
  5
157A
330
1575
100
AcDbEntity
  8
A-DIMS-INSD
 62
     0
440
 16777216
370
    -2
100
AcDbLine
 10
1191450.125008092
 20
268328.3658177185
 30
0.0
 11
1191431.412953021
 21
268328.3658177185
 31
0.0
  0
INSERT
  5
157B
330
1575
100
AcDbEntity
  8
A-DIMS-INSD
 62
     0
440
 16777216
370
    -2
100
AcDbBlockReference
  2
_Oblique
 10
1191402.125008092
 20
268328.3658177185
 30
0.0
 41
3.0
 42
3.0
 43
3.0
 50
180.0
  0
INSERT
  5
157C
330
1575
100
AcDbEntity
  8
A-DIMS-INSD
 62
     0
440
 16777216
370
    -2
100
AcDbBlockReference
  2
_Oblique
 10
1191450.125008092
 20
268328.3658177185
 30
0.0
 41
3.0
 42
3.0
 43
3.0
  0
MTEXT
  5
157D
330
1575
100
AcDbEntity
  8
A-DIMS-INSD
 62
     0
440
 16777216
100
AcDbMText
 10
1191426.125008091
 20
268328.3658177185
 30
0.0
 40
5.0
 41
0.0
 46
0.0
 71
     5
 72
     1
  1
48
 73
     1
 44
1.0
  0
POINT
  5
157E
330
1575
100
AcDbEntity
  8
Defpoints
 62
     0
440
 16777216
100
AcDbPoint
 10
1191402.125008092
 20
268341.5773238629
 30
0.0
  0
POINT
  5
157F
330
1575
100
AcDbEntity
  8
Defpoints
 62
     0
440
 16777216
100
AcDbPoint
 10
1191450.125008092
 20
268356.8273238628
 30
0.0
  0
POINT
  5
1580
330
1575
100
AcDbEntity
  8
Defpoints
 62
     0
440
 16777216
100
AcDbPoint
 10
1191450.125008092
 20
268328.3658177185
 30
0.0
  0
ENDBLK
  5
1581
330
1575
100
AcDbEntity
  8
0
 62
     0
100
AcDbBlockEnd
  0
BLOCK
  5
1583
330
1582
100
AcDbEntity
  8
0
 62
     0
100
AcDbBlockBegin
  2
*D78
 70
     1
 10
0.0
 20
0.0
 30
0.0
  3
*D78
  1

  0
LINE
  5
1584
330
1582
100
AcDbEntity
  8
A-DIMS-INSD
 62
     0
440
 16777216
370
    -2
100
AcDbLine
 10
1191356.334145829
 20
268353.8273238629
 30
0.0
 11
1191360.834145829
 21
268353.8273238629
 31
0.0
  0
LINE
  5
1585
330
1582
100
AcDbEntity
  8
A-DIMS-INSD
 62
     0
440
 16777216
370
    -2
100
AcDbLine
 10
1191356.334145829
 20
268327.8273238629
 30
0.0
 11
1191360.834145829
 21
268327.8273238629
 31
0.0
  0
LINE
  5
1586
330
1582
100
AcDbEntity
  8
A-DIMS-INSD
 62
     0
440
 16777216
370
    -2
100
AcDbLine
 10
1191358.334145829
 20
268353.8273238629
 30
0.0
 11
1191358.334145829
 21
268345.9927033123
 31
0.0
  0
LINE
  5
1587
330
1582
100
AcDbEntity
  8
A-DIMS-INSD
 62
     0
440
 16777216
370
    -2
100
AcDbLine
 10
1191358.334145829
 20
268327.8273238629
 30
0.0
 11
1191358.334145829
 21
268335.6619444137
 31
0.0
  0
INSERT
  5
1588
330
1582
100
AcDbEntity
  8
A-DIMS-INSD
 62
     0
440
 16777216
370
    -2
100
AcDbBlockReference
  2
_Oblique
 10
1191358.334145829
 20
268353.8273238629
 30
0.0
 41
3.0
 42
3.0
 43
3.0
 50
90.0
  0
INSERT
  5
1589
330
1582
100
AcDbEntity
  8
A-DIMS-INSD
 62
     0
440
 16777216
370
    -2
100
AcDbBlockReference
  2
_Oblique
 10
1191358.334145829
 20
268327.8273238629
 30
0.0
 41
3.0
 42
3.0
 43
3.0
 50
270.0
  0
MTEXT
  5
158A
330
1582
100
AcDbEntity
  8
A-DIMS-INSD
 62
     0
440
 16777216
100
AcDbMText
 10
1191358.334145829
 20
268340.8273238625
 30
0.0
 40
5.0
 41
0.0
 46
0.0
 71
     5
 72
     1
  1
26
 11
0.0000000000000001
 21
1.0
 31
0.0
 73
     1
 44
1.0
  0
POINT
  5
158B
330
1582
100
AcDbEntity
  8
Defpoints
 62
     0
440
 16777216
100
AcDbPoint
 10
1191346.625008092
 20
268353.8273238629
 30
0.0
  0
POINT
  5
158C
330
1582
100
AcDbEntity
  8
Defpoints
 62
     0
440
 16777216
100
AcDbPoint
 10
1191351.125008092
 20
268327.8273238629
 30
0.0
  0
POINT
  5
158D
330
1582
100
AcDbEntity
  8
Defpoints
 62
     0
440
 16777216
100
AcDbPoint
 10
1191358.334145829
 20
268327.8273238629
 30
0.0
  0
ENDBLK
  5
158E
330
1582
100
AcDbEntity
  8
0
 62
     0
100
AcDbBlockEnd
  0
BLOCK
  5
16E5
330
16E4
100
AcDbEntity
  8
0
100
AcDbBlockBegin
  2
*D80
 70
     1
 10
0.0
 20
0.0
 30
0.0
  3
*D80
  1

  0
LINE
  5
179F
330
16E4
100
AcDbEntity
  8
A-DIMS-INSD
 62
     0
440
 16777216
370
    -2
100
AcDbLine
 10
8062.891393756869
 20
2305.637428090559
 30
0.0
 11
8053.891393756869
 21
2305.637428090559
 31
0.0
  0
LINE
  5
17A0
330
16E4
100
AcDbEntity
  8
A-DIMS-INSD
 62
     0
440
 16777216
370
    -2
100
AcDbLine
 10
8062.891393756869
 20
2265.637428090559
 30
0.0
 11
8053.891393756869
 21
2265.637428090559
 31
0.0
  0
LINE
  5
17A1
330
16E4
100
AcDbEntity
  8
A-DIMS-INSD
 62
     0
440
 16777216
370
    -2
100
AcDbLine
 10
8058.891393756869
 20
2305.637428090559
 30
0.0
 11
8058.891393756869
 21
2265.637428090559
 31
0.0
  0
LINE
  5
17A2
330
16E4
100
AcDbEntity
  8
A-DIMS-INSD
 62
     0
440
 16777216
370
    -2
100
AcDbLine
 10
8058.891393756869
 20
2265.637428090559
 30
0.0
 11
8058.891393756869
 21
2259.63742809056
 31
0.0
  0
INSERT
  5
17A3
330
16E4
100
AcDbEntity
  8
A-DIMS-INSD
 62
     0
440
 16777216
370
    -2
100
AcDbBlockReference
  2
_Oblique
 10
8058.891393756869
 20
2305.637428090559
 30
0.0
 41
6.0
 42
6.0
 43
6.0
 50
90.0
  0
INSERT
  5
17A4
330
16E4
100
AcDbEntity
  8
A-DIMS-INSD
 62
     0
440
 16777216
370
    -2
100
AcDbBlockReference
  2
_Oblique
 10
8058.891393756869
 20
2265.637428090559
 30
0.0
 41
6.0
 42
6.0
 43
6.0
 50
270.0
  0
MTEXT
  5
17A5
330
16E4
100
AcDbEntity
  8
A-DIMS-INSD
 62
     0
440
 16777216
100
AcDbMText
 10
8058.891393756868
 20
2235.810688663544
 30
0.0
 40
10.0
 41
0.0
 46
0.0
 71
     5
 72
     1
  1
40-100
 11
0.0000000000000001
 21
1.0
 31
0.0
 73
     1
 44
1.0
  0
POINT
  5
17A6
330
16E4
100
AcDbEntity
  8
Defpoints
 62
     0
440
 16777216
100
AcDbPoint
 10
8087.655989605369
 20
2305.637428090559
 30
0.0
  0
POINT
  5
17A7
330
16E4
100
AcDbEntity
  8
Defpoints
 62
     0
440
 16777216
100
AcDbPoint
 10
8087.655989605369
 20
2265.637428090559
 30
0.0
  0
POINT
  5
17A8
330
16E4
100
AcDbEntity
  8
Defpoints
 62
     0
440
 16777216
100
AcDbPoint
 10
8058.891393756869
 20
2265.637428090559
 30
0.0
  0
ENDBLK
  5
16E6
330
16E4
100
AcDbEntity
  8
0
100
AcDbBlockEnd
  0
BLOCK
  5
16F2
330
16F1
100
AcDbEntity
  8
0
100
AcDbBlockBegin
  2
*D81
 70
     1
 10
0.0
 20
0.0
 30
0.0
  3
*D81
  1

  0
LINE
  5
18AC
330
16F1
100
AcDbEntity
  8
A-DIMS-INSD
 62
     0
440
 16777216
370
    -2
100
AcDbLine
 10
8237.378486148925
 20
2305.637428090559
 30
0.0
 11
8246.378486148925
 21
2305.637428090559
 31
0.0
  0
LINE
  5
18AD
330
16F1
100
AcDbEntity
  8
A-DIMS-INSD
 62
     0
440
 16777216
370
    -2
100
AcDbLine
 10
8237.378486148925
 20
2265.637428090559
 30
0.0
 11
8246.378486148925
 21
2265.637428090559
 31
0.0
  0
LINE
  5
18AE
330
16F1
100
AcDbEntity
  8
A-DIMS-INSD
 62
     0
440
 16777216
370
    -2
100
AcDbLine
 10
8241.378486148926
 20
2305.637428090559
 30
0.0
 11
8241.378486148926
 21
2265.637428090559
 31
0.0
  0
LINE
  5
18AF
330
16F1
100
AcDbEntity
  8
A-DIMS-INSD
 62
     0
440
 16777216
370
    -2
100
AcDbLine
 10
8241.378486148926
 20
2265.637428090559
 30
0.0
 11
8241.378486148926
 21
2259.63742809056
 31
0.0
  0
INSERT
  5
18B0
330
16F1
100
AcDbEntity
  8
A-DIMS-INSD
 62
     0
440
 16777216
370
    -2
100
AcDbBlockReference
  2
_Oblique
 10
8241.378486148926
 20
2305.637428090559
 30
0.0
 41
6.0
 42
6.0
 43
6.0
 50
90.0
  0
INSERT
  5
18B1
330
16F1
100
AcDbEntity
  8
A-DIMS-INSD
 62
     0
440
 16777216
370
    -2
100
AcDbBlockReference
  2
_Oblique
 10
8241.378486148926
 20
2265.637428090559
 30
0.0
 41
6.0
 42
6.0
 43
6.0
 50
270.0
  0
MTEXT
  5
18B2
330
16F1
100
AcDbEntity
  8
A-DIMS-INSD
 62
     0
440
 16777216
100
AcDbMText
 10
8241.378486148924
 20
2235.810688663544
 30
0.0
 40
10.0
 41
0.0
 46
0.0
 71
     5
 72
     1
  1
40-100
 11
0.0000000000000001
 21
1.0
 31
0.0
 73
     1
 44
1.0
  0
POINT
  5
18B3
330
16F1
100
AcDbEntity
  8
Defpoints
 62
     0
440
 16777216
100
AcDbPoint
 10
8227.145837619337
 20
2305.637428090559
 30
0.0
  0
POINT
  5
18B4
330
16F1
100
AcDbEntity
  8
Defpoints
 62
     0
440
 16777216
100
AcDbPoint
 10
8227.145837619337
 20
2265.637428090559
 30
0.0
  0
POINT
  5
18B5
330
16F1
100
AcDbEntity
  8
Defpoints
 62
     0
440
 16777216
100
AcDbPoint
 10
8241.378486148926
 20
2265.637428090559
 30
0.0
  0
ENDBLK
  5
16F3
330
16F1
100
AcDbEntity
  8
0
100
AcDbBlockEnd
  0
BLOCK
  5
16FF
330
16FE
100
AcDbEntity
  8
0
100
AcDbBlockBegin
  2
*D82
 70
     1
 10
0.0
 20
0.0
 30
0.0
  3
*D82
  1

  0
LINE
  5
18B6
330
16FE
100
AcDbEntity
  8
A-DIMS-INSD
 62
     0
440
 16777216
370
    -2
100
AcDbLine
 10
8081.145837619333
 20
2316.542791682528
 30
0.0
 11
8081.145837619333
 21
2325.542791682528
 31
0.0
  0
LINE
  5
18B7
330
16FE
100
AcDbEntity
  8
A-DIMS-INSD
 62
     0
440
 16777216
370
    -2
100
AcDbLine
 10
8230.145837619334
 20
2316.542791682528
 30
0.0
 11
8230.145837619334
 21
2325.542791682528
 31
0.0
  0
LINE
  5
18B8
330
16FE
100
AcDbEntity
  8
A-DIMS-INSD
 62
     0
440
 16777216
370
    -2
100
AcDbLine
 10
8081.145837619333
 20
2320.542791682528
 30
0.0
 11
8128.606274181406
 21
2320.542791682528
 31
0.0
  0
LINE
  5
18B9
330
16FE
100
AcDbEntity
  8
A-DIMS-INSD
 62
     0
440
 16777216
370
    -2
100
AcDbLine
 10
8230.145837619334
 20
2320.542791682528
 30
0.0
 11
8182.685401057261
 21
2320.542791682528
 31
0.0
  0
INSERT
  5
18BA
330
16FE
100
AcDbEntity
  8
A-DIMS-INSD
 62
     0
440
 16777216
370
    -2
100
AcDbBlockReference
  2
_Oblique
 10
8081.145837619333
 20
2320.542791682528
 30
0.0
 41
6.0
 42
6.0
 43
6.0
 50
180.0
  0
INSERT
  5
18BB
330
16FE
100
AcDbEntity
  8
A-DIMS-INSD
 62
     0
440
 16777216
370
    -2
100
AcDbBlockReference
  2
_Oblique
 10
8230.145837619334
 20
2320.542791682528
 30
0.0
 41
6.0
 42
6.0
 43
6.0
  0
MTEXT
  5
18BC
330
16FE
100
AcDbEntity
  8
A-DIMS-INSD
 62
     0
440
 16777216
100
AcDbMText
 10
8155.645837619333
 20
2320.542791682528
 30
0.0
 40
10.0
 41
0.0
 46
0.0
 71
     5
 72
     1
  1
150-330
 73
     1
 44
1.0
  0
POINT
  5
18BD
330
16FE
100
AcDbEntity
  8
Defpoints
 62
     0
440
 16777216
100
AcDbPoint
 10
8081.145837619333
 20
2303.48429817654
 30
0.0
  0
POINT
  5
18BE
330
16FE
100
AcDbEntity
  8
Defpoints
 62
     0
440
 16777216
100
AcDbPoint
 10
8230.145837619334
 20
2303.48429817654
 30
0.0
  0
POINT
  5
18BF
330
16FE
100
AcDbEntity
  8
Defpoints
 62
     0
440
 16777216
100
AcDbPoint
 10
8230.145837619334
 20
2320.542791682528
 30
0.0
  0
ENDBLK
  5
1700
330
16FE
100
AcDbEntity
  8
0
100
AcDbBlockEnd
  0
BLOCK
  5
172A
330
1729
100
AcDbEntity
  8
0
100
AcDbBlockBegin
  2
*D83
 70
     1
 10
0.0
 20
0.0
 30
0.0
  3
*D83
  1

  0
LINE
  5
17DB
330
1729
100
AcDbEntity
  8
A-DIMS-INSD
 62
     0
440
 16777216
370
    -2
100
AcDbLine
 10
8081.145837619333
 20
2256.842389832717
 30
0.0
 11
8081.145837619333
 21
2247.842389832717
 31
0.0
  0
LINE
  5
17DC
330
1729
100
AcDbEntity
  8
A-DIMS-INSD
 62
     0
440
 16777216
370
    -2
100
AcDbLine
 10
8129.145837619333
 20
2256.842389832717
 30
0.0
 11
8129.145837619333
 21
2247.842389832717
 31
0.0
  0
LINE
  5
17DD
330
1729
100
AcDbEntity
  8
A-DIMS-INSD
 62
     0
440
 16777216
370
    -2
100
AcDbLine
 10
8081.145837619333
 20
2252.842389832717
 30
0.0
 11
8095.272031343753
 21
2252.842389832717
 31
0.0
  0
LINE
  5
17DE
330
1729
100
AcDbEntity
  8
A-DIMS-INSD
 62
     0
440
 16777216
370
    -2
100
AcDbLine
 10
8129.145837619333
 20
2252.842389832717
 30
0.0
 11
8115.019643894914
 21
2252.842389832717
 31
0.0
  0
INSERT
  5
17DF
330
1729
100
AcDbEntity
  8
A-DIMS-INSD
 62
     0
440
 16777216
370
    -2
100
AcDbBlockReference
  2
_Oblique
 10
8081.145837619333
 20
2252.842389832717
 30
0.0
 41
6.0
 42
6.0
 43
6.0
 50
180.0
  0
INSERT
  5
17E0
330
1729
100
AcDbEntity
  8
A-DIMS-INSD
 62
     0
440
 16777216
370
    -2
100
AcDbBlockReference
  2
_Oblique
 10
8129.145837619333
 20
2252.842389832717
 30
0.0
 41
6.0
 42
6.0
 43
6.0
  0
MTEXT
  5
17E1
330
1729
100
AcDbEntity
  8
A-DIMS-INSD
 62
     0
440
 16777216
100
AcDbMText
 10
8105.145837619334
 20
2252.842389832717
 30
0.0
 40
10.0
 41
0.0
 46
0.0
 71
     5
 72
     1
  1
48
 73
     1
 44
1.0
  0
POINT
  5
17E2
330
1729
100
AcDbEntity
  8
Defpoints
 62
     0
440
 16777216
100
AcDbPoint
 10
8081.145837619333
 20
2268.637428090559
 30
0.0
  0
POINT
  5
17E3
330
1729
100
AcDbEntity
  8
Defpoints
 62
     0
440
 16777216
100
AcDbPoint
 10
8129.145837619333
 20
2264.137428090558
 30
0.0
  0
POINT
  5
17E4
330
1729
100
AcDbEntity
  8
Defpoints
 62
     0
440
 16777216
100
AcDbPoint
 10
8129.145837619333
 20
2252.842389832717
 30
0.0
  0
ENDBLK
  5
172B
330
1729
100
AcDbEntity
  8
0
100
AcDbBlockEnd
  0
BLOCK
  5
1736
330
1735
100
AcDbEntity
  8
0
100
AcDbBlockBegin
  2
*D84
 70
     1
 10
0.0
 20
0.0
 30
0.0
  3
*D84
  1

  0
LINE
  5
18C0
330
1735
100
AcDbEntity
  8
A-DIMS-INSD
 62
     0
440
 16777216
370
    -2
100
AcDbLine
 10
8183.145837619333
 20
2249.67592194618
 30
0.0
 11
8183.145837619333
 21
2240.67592194618
 31
0.0
  0
LINE
  5
18C1
330
1735
100
AcDbEntity
  8
A-DIMS-INSD
 62
     0
440
 16777216
370
    -2
100
AcDbLine
 10
8230.145837619334
 20
2249.67592194618
 30
0.0
 11
8230.145837619334
 21
2240.67592194618
 31
0.0
  0
LINE
  5
18C2
330
1735
100
AcDbEntity
  8
A-DIMS-INSD
 62
     0
440
 16777216
370
    -2
100
AcDbLine
 10
8183.145837619333
 20
2245.67592194618
 30
0.0
 11
8196.772031343753
 21
2245.67592194618
 31
0.0
  0
LINE
  5
18C3
330
1735
100
AcDbEntity
  8
A-DIMS-INSD
 62
     0
440
 16777216
370
    -2
100
AcDbLine
 10
8230.145837619334
 20
2245.67592194618
 30
0.0
 11
8216.519643894914
 21
2245.67592194618
 31
0.0
  0
INSERT
  5
18C4
330
1735
100
AcDbEntity
  8
A-DIMS-INSD
 62
     0
440
 16777216
370
    -2
100
AcDbBlockReference
  2
_Oblique
 10
8183.145837619333
 20
2245.67592194618
 30
0.0
 41
6.0
 42
6.0
 43
6.0
 50
180.0
  0
INSERT
  5
18C5
330
1735
100
AcDbEntity
  8
A-DIMS-INSD
 62
     0
440
 16777216
370
    -2
100
AcDbBlockReference
  2
_Oblique
 10
8230.145837619334
 20
2245.67592194618
 30
0.0
 41
6.0
 42
6.0
 43
6.0
  0
MTEXT
  5
18C6
330
1735
100
AcDbEntity
  8
A-DIMS-INSD
 62
     0
440
 16777216
100
AcDbMText
 10
8206.645837619333
 20
2245.67592194618
 30
0.0
 40
10.0
 41
0.0
 46
0.0
 71
     5
 72
     1
  1
48
 73
     1
 44
1.0
  0
POINT
  5
18C7
330
1735
100
AcDbEntity
  8
Defpoints
 62
     0
440
 16777216
100
AcDbPoint
 10
8183.145837619333
 20
2258.887428090559
 30
0.0
  0
POINT
  5
18C8
330
1735
100
AcDbEntity
  8
Defpoints
 62
     0
440
 16777216
100
AcDbPoint
 10
8230.145837619334
 20
2268.637428090559
 30
0.0
  0
POINT
  5
18C9
330
1735
100
AcDbEntity
  8
Defpoints
 62
     0
440
 16777216
100
AcDbPoint
 10
8230.145837619334
 20
2245.67592194618
 30
0.0
  0
ENDBLK
  5
1737
330
1735
100
AcDbEntity
  8
0
100
AcDbBlockEnd
  0
BLOCK
  5
1743
330
1742
100
AcDbEntity
  8
0
100
AcDbBlockBegin
  2
*D85
 70
     1
 10
0.0
 20
0.0
 30
0.0
  3
*D85
  1

  0
LINE
  5
17EF
330
1742
100
AcDbEntity
  8
A-DIMS-INSD
 62
     0
440
 16777216
370
    -2
100
AcDbLine
 10
8135.354975357099
 20
2265.637428090559
 30
0.0
 11
8144.354975357099
 21
2265.637428090559
 31
0.0
  0
LINE
  5
17F0
330
1742
100
AcDbEntity
  8
A-DIMS-INSD
 62
     0
440
 16777216
370
    -2
100
AcDbLine
 10
8135.354975357099
 20
2250.637428090559
 30
0.0
 11
8144.354975357099
 21
2250.637428090559
 31
0.0
  0
LINE
  5
17F1
330
1742
100
AcDbEntity
  8
A-DIMS-INSD
 62
     0
440
 16777216
370
    -2
100
AcDbLine
 10
8139.354975357099
 20
2265.637428090559
 30
0.0
 11
8139.354975357099
 21
2250.637428090559
 31
0.0
  0
LINE
  5
17F2
330
1742
100
AcDbEntity
  8
A-DIMS-INSD
 62
     0
440
 16777216
370
    -2
100
AcDbLine
 10
8139.354975357099
 20
2250.637428090559
 30
0.0
 11
8139.354975357099
 21
2244.637428090559
 31
0.0
  0
INSERT
  5
17F3
330
1742
100
AcDbEntity
  8
A-DIMS-INSD
 62
     0
440
 16777216
370
    -2
100
AcDbBlockReference
  2
_Oblique
 10
8139.354975357099
 20
2265.637428090559
 30
0.0
 41
6.0
 42
6.0
 43
6.0
 50
90.0
  0
INSERT
  5
17F4
330
1742
100
AcDbEntity
  8
A-DIMS-INSD
 62
     0
440
 16777216
370
    -2
100
AcDbBlockReference
  2
_Oblique
 10
8139.354975357099
 20
2250.637428090559
 30
0.0
 41
6.0
 42
6.0
 43
6.0
 50
270.0
  0
MTEXT
  5
17F5
330
1742
100
AcDbEntity
  8
A-DIMS-INSD
 62
     0
440
 16777216
100
AcDbMText
 10
8139.354975357099
 20
2235.40823300188
 30
0.0
 40
10.0
 41
0.0
 46
0.0
 71
     5
 72
     1
  1
15
 11
0.0000000000000001
 21
1.0
 31
0.0
 73
     1
 44
1.0
  0
POINT
  5
17F6
330
1742
100
AcDbEntity
  8
Defpoints
 62
     0
440
 16777216
100
AcDbPoint
 10
8127.645837619338
 20
2265.637428090559
 30
0.0
  0
POINT
  5
17F7
330
1742
100
AcDbEntity
  8
Defpoints
 62
     0
440
 16777216
100
AcDbPoint
 10
8132.145837619338
 20
2250.637428090559
 30
0.0
  0
POINT
  5
17F8
330
1742
100
AcDbEntity
  8
Defpoints
 62
     0
440
 16777216
100
AcDbPoint
 10
8139.354975357099
 20
2250.637428090559
 30
0.0
  0
ENDBLK
  5
1744
330
1742
100
AcDbEntity
  8
0
100
AcDbBlockEnd
  0
BLOCK
  5
1805
330
1804
100
AcDbEntity
  8
0
100
AcDbBlockBegin
  2
*D86
 70
     1
 10
0.0
 20
0.0
 30
0.0
  3
*D86
  1

  0
LINE
  5
1812
330
1804
100
AcDbEntity
  8
A-DIMS-INSD
 62
     0
440
 16777216
370
    -2
100
AcDbLine
 10
5910.893196714722
 20
2051.59562027514
 30
0.0
 11
5910.893196714722
 21
2042.59562027514
 31
0.0
  0
LINE
  5
1813
330
1804
100
AcDbEntity
  8
A-DIMS-INSD
 62
     0
440
 16777216
370
    -2
100
AcDbLine
 10
5865.259458042721
 20
2051.59562027514
 30
0.0
 11
5865.259458042721
 21
2042.59562027514
 31
0.0
  0
LINE
  5
1814
330
1804
100
AcDbEntity
  8
A-DIMS-INSD
 62
     0
440
 16777216
370
    -2
100
AcDbLine
 10
5910.893196714722
 20
2047.59562027514
 30
0.0
 11
5907.649997228654
 21
2047.59562027514
 31
0.0
  0
LINE
  5
1815
330
1804
100
AcDbEntity
  8
A-DIMS-INSD
 62
     0
440
 16777216
370
    -2
100
AcDbLine
 10
5865.259458042721
 20
2047.59562027514
 30
0.0
 11
5868.502657528789
 21
2047.59562027514
 31
0.0
  0
INSERT
  5
1816
330
1804
100
AcDbEntity
  8
A-DIMS-INSD
 62
     0
440
 16777216
370
    -2
100
AcDbBlockReference
  2
_Oblique
 10
5910.893196714722
 20
2047.59562027514
 30
0.0
 41
6.0
 42
6.0
 43
6.0
  0
INSERT
  5
1817
330
1804
100
AcDbEntity
  8
A-DIMS-INSD
 62
     0
440
 16777216
370
    -2
100
AcDbBlockReference
  2
_Oblique
 10
5865.259458042721
 20
2047.59562027514
 30
0.0
 41
6.0
 42
6.0
 43
6.0
 50
180.0
  0
MTEXT
  5
1818
330
1804
100
AcDbEntity
  8
A-DIMS-INSD
 62
     0
440
 16777216
100
AcDbMText
 10
5888.076327378722
 20
2047.59562027514
 30
0.0
 40
10.0
 41
0.0
 46
0.0
 71
     5
 72
     1
  1
45,63
 73
     1
 44
1.0
  0
POINT
  5
1819
330
1804
100
AcDbEntity
  8
Defpoints
 62
     0
440
 16777216
100
AcDbPoint
 10
5910.893196714722
 20
2057.100091713659
 30
0.0
  0
POINT
  5
181A
330
1804
100
AcDbEntity
  8
Defpoints
 62
     0
440
 16777216
100
AcDbPoint
 10
5865.259458042721
 20
2069.600091713659
 30
0.0
  0
POINT
  5
181B
330
1804
100
AcDbEntity
  8
Defpoints
 62
     0
440
 16777216
100
AcDbPoint
 10
5865.259458042721
 20
2047.59562027514
 30
0.0
  0
ENDBLK
  5
1806
330
1804
100
AcDbEntity
  8
0
100
AcDbBlockEnd
  0
BLOCK
  5
181F
330
181E
100
AcDbEntity
  8
0
100
AcDbBlockBegin
  2
*D87
 70
     1
 10
0.0
 20
0.0
 30
0.0
  3
*D87
  1

  0
LINE
  5
1AA4
330
181E
100
AcDbEntity
  8
A-DIMS-INSD
 62
     0
440
 16777216
370
    -2
100
AcDbLine
 10
8249.200040576486
 20
2036.252426319979
 30
0.0
 11
8249.200040576486
 21
2027.25242631998
 31
0.0
  0
LINE
  5
1AA5
330
181E
100
AcDbEntity
  8
A-DIMS-INSD
 62
     0
440
 16777216
370
    -2
100
AcDbLine
 10
8294.817075650586
 20
2036.252426319979
 30
0.0
 11
8294.817075650586
 21
2027.25242631998
 31
0.0
  0
LINE
  5
1AA6
330
181E
100
AcDbEntity
  8
A-DIMS-INSD
 62
     0
440
 16777216
370
    -2
100
AcDbLine
 10
8249.200040576486
 20
2032.252426319979
 30
0.0
 11
8252.486047881612
 21
2032.252426319979
 31
0.0
  0
LINE
  5
1AA7
330
181E
100
AcDbEntity
  8
A-DIMS-INSD
 62
     0
440
 16777216
370
    -2
100
AcDbLine
 10
8294.817075650586
 20
2032.252426319979
 30
0.0
 11
8291.531068345459
 21
2032.252426319979
 31
0.0
  0
INSERT
  5
1AA8
330
181E
100
AcDbEntity
  8
A-DIMS-INSD
 62
     0
440
 16777216
370
    -2
100
AcDbBlockReference
  2
_Oblique
 10
8249.200040576486
 20
2032.252426319979
 30
0.0
 41
6.0
 42
6.0
 43
6.0
 50
180.0
  0
INSERT
  5
1AA9
330
181E
100
AcDbEntity
  8
A-DIMS-INSD
 62
     0
440
 16777216
370
    -2
100
AcDbBlockReference
  2
_Oblique
 10
8294.817075650586
 20
2032.252426319979
 30
0.0
 41
6.0
 42
6.0
 43
6.0
  0
MTEXT
  5
1AAA
330
181E
100
AcDbEntity
  8
A-DIMS-INSD
 62
     0
440
 16777216
100
AcDbMText
 10
8272.008558113535
 20
2032.252426319979
 30
0.0
 40
10.0
 41
0.0
 46
0.0
 71
     5
 72
     1
  1
45,62
 73
     1
 44
1.0
  0
POINT
  5
1AAB
330
181E
100
AcDbEntity
  8
Defpoints
 62
     0
440
 16777216
100
AcDbPoint
 10
8249.200040576486
 20
2043.400091713659
 30
0.0
  0
POINT
  5
1AAC
330
181E
100
AcDbEntity
  8
Defpoints
 62
     0
440
 16777216
100
AcDbPoint
 10
8294.817075650586
 20
2061.200091713708
 30
0.0
  0
POINT
  5
1AAD
330
181E
100
AcDbEntity
  8
Defpoints
 62
     0
440
 16777216
100
AcDbPoint
 10
8294.817075650586
 20
2032.252426319979
 30
0.0
  0
ENDBLK
  5
1820
330
181E
100
AcDbEntity
  8
0
100
AcDbBlockEnd
  0
BLOCK
  5
1839
330
1838
100
AcDbEntity
  8
0
100
AcDbBlockBegin
  2
*D88
 70
     1
 10
0.0
 20
0.0
 30
0.0
  3
*D88
  1

  0
LINE
  5
1925
330
1838
100
AcDbEntity
  8
A-DIMS-INSD
 62
     0
440
 16777216
370
    -2
100
AcDbLine
 10
8185.145837619334
 20
2276.246836115206
 30
0.0
 11
8185.145837619334
 21
2285.246836115206
 31
0.0
  0
LINE
  5
1926
330
1838
100
AcDbEntity
  8
A-DIMS-INSD
 62
     0
440
 16777216
370
    -2
100
AcDbLine
 10
8230.645837619332
 20
2280.246836115206
 30
0.0
 11
8230.645837619332
 21
2285.246836115206
 31
0.0
  0
LINE
  5
1927
330
1838
100
AcDbEntity
  8
A-DIMS-INSD
 62
     0
440
 16777216
370
    -2
100
AcDbLine
 10
8185.145837619334
 20
2280.246836115206
 30
0.0
 11
8192.169371043616
 21
2280.246836115206
 31
0.0
  0
LINE
  5
1928
330
1838
100
AcDbEntity
  8
A-DIMS-INSD
 62
     0
440
 16777216
370
    -2
100
AcDbLine
 10
8230.645837619332
 20
2280.246836115206
 30
0.0
 11
8223.62230419505
 21
2280.246836115206
 31
0.0
  0
INSERT
  5
1929
330
1838
100
AcDbEntity
  8
A-DIMS-INSD
 62
     0
440
 16777216
370
    -2
100
AcDbBlockReference
  2
_Oblique
 10
8185.145837619334
 20
2280.246836115206
 30
0.0
 41
6.0
 42
6.0
 43
6.0
 50
180.0
  0
INSERT
  5
192A
330
1838
100
AcDbEntity
  8
A-DIMS-INSD
 62
     0
440
 16777216
370
    -2
100
AcDbBlockReference
  2
_Oblique
 10
8230.645837619332
 20
2280.246836115206
 30
0.0
 41
6.0
 42
6.0
 43
6.0
  0
MTEXT
  5
192B
330
1838
100
AcDbEntity
  8
A-DIMS-INSD
 62
     0
440
 16777216
100
AcDbMText
 10
8207.895837619332
 20
2280.246836115206
 30
0.0
 40
10.0
 41
0.0
 46
0.0
 71
     5
 72
     1
  1
45,5
 73
     1
 44
1.0
  0
POINT
  5
192C
330
1838
100
AcDbEntity
  8
Defpoints
 62
     0
440
 16777216
100
AcDbPoint
 10
8185.145837619334
 20
2264.137428090558
 30
0.0
  0
POINT
  5
192D
330
1838
100
AcDbEntity
  8
Defpoints
 62
     0
440
 16777216
100
AcDbPoint
 10
8230.645837619332
 20
2280.246836115206
 30
0.0
  0
POINT
  5
192E
330
1838
100
AcDbEntity
  8
Defpoints
 62
     0
440
 16777216
100
AcDbPoint
 10
8230.645837619332
 20
2280.246836115206
 30
0.0
  0
ENDBLK
  5
183A
330
1838
100
AcDbEntity
  8
0
100
AcDbBlockEnd
  0
BLOCK
  5
1854
330
1853
100
AcDbEntity
  8
0
100
AcDbBlockBegin
  2
*D89
 70
     1
 10
0.0
 20
0.0
 30
0.0
  3
*D89
  1

  0
LINE
  5
1856
330
1853
100
AcDbEntity
  8
A-DIMS-INSD
 62
     0
440
 16777216
370
    -2
100
AcDbLine
 10
6026.026935386621
 20
2448.397111800659
 30
0.0
 11
6026.026935386621
 21
2457.39711180066
 31
0.0
  0
LINE
  5
1857
330
1853
100
AcDbEntity
  8
A-DIMS-INSD
 62
     0
440
 16777216
370
    -2
100
AcDbLine
 10
6071.526935386621
 20
2452.397111800659
 30
0.0
 11
6071.526935386621
 21
2457.39711180066
 31
0.0
  0
LINE
  5
1858
330
1853
100
AcDbEntity
  8
A-DIMS-INSD
 62
     0
440
 16777216
370
    -2
100
AcDbLine
 10
6026.026935386621
 20
2452.397111800659
 30
0.0
 11
6033.050468810905
 21
2452.397111800659
 31
0.0
  0
LINE
  5
1859
330
1853
100
AcDbEntity
  8
A-DIMS-INSD
 62
     0
440
 16777216
370
    -2
100
AcDbLine
 10
6071.526935386621
 20
2452.397111800659
 30
0.0
 11
6064.503401962337
 21
2452.397111800659
 31
0.0
  0
INSERT
  5
185A
330
1853
100
AcDbEntity
  8
A-DIMS-INSD
 62
     0
440
 16777216
370
    -2
100
AcDbBlockReference
  2
_Oblique
 10
6026.026935386621
 20
2452.397111800659
 30
0.0
 41
6.0
 42
6.0
 43
6.0
 50
180.0
  0
INSERT
  5
185B
330
1853
100
AcDbEntity
  8
A-DIMS-INSD
 62
     0
440
 16777216
370
    -2
100
AcDbBlockReference
  2
_Oblique
 10
6071.526935386621
 20
2452.397111800659
 30
0.0
 41
6.0
 42
6.0
 43
6.0
  0
MTEXT
  5
185C
330
1853
100
AcDbEntity
  8
A-DIMS-INSD
 62
     0
440
 16777216
100
AcDbMText
 10
6048.77693538662
 20
2452.397111800659
 30
0.0
 40
10.0
 41
0.0
 46
0.0
 71
     5
 72
     1
  1
45,5
 73
     1
 44
1.0
  0
POINT
  5
185D
330
1853
100
AcDbEntity
  8
Defpoints
 62
     0
440
 16777216
100
AcDbPoint
 10
6026.026935386621
 20
2433.771289823486
 30
0.0
  0
POINT
  5
185E
330
1853
100
AcDbEntity
  8
Defpoints
 62
     0
440
 16777216
100
AcDbPoint
 10
6071.526935386621
 20
2452.397111800659
 30
0.0
  0
POINT
  5
185F
330
1853
100
AcDbEntity
  8
Defpoints
 62
     0
440
 16777216
100
AcDbPoint
 10
6071.526935386621
 20
2452.397111800659
 30
0.0
  0
ENDBLK
  5
1855
330
1853
100
AcDbEntity
  8
0
100
AcDbBlockEnd
  0
BLOCK
  5
186F
330
186E
100
AcDbEntity
  8
0
100
AcDbBlockBegin
  2
*D90
 70
     1
 10
0.0
 20
0.0
 30
0.0
  3
*D90
  1

  0
LINE
  5
187C
330
186E
100
AcDbEntity
  8
A-DIMS-INSD
 62
     0
440
 16777216
370
    -2
100
AcDbLine
 10
5910.893196714722
 20
2125.75748198112
 30
0.0
 11
5910.893196714722
 21
2134.75748198112
 31
0.0
  0
LINE
  5
187D
330
186E
100
AcDbEntity
  8
A-DIMS-INSD
 62
     0
440
 16777216
370
    -2
100
AcDbLine
 10
5865.259458042721
 20
2125.75748198112
 30
0.0
 11
5865.259458042721
 21
2134.75748198112
 31
0.0
  0
LINE
  5
187E
330
186E
100
AcDbEntity
  8
A-DIMS-INSD
 62
     0
440
 16777216
370
    -2
100
AcDbLine
 10
5910.893196714722
 20
2129.75748198112
 30
0.0
 11
5907.649997228654
 21
2129.75748198112
 31
0.0
  0
LINE
  5
187F
330
186E
100
AcDbEntity
  8
A-DIMS-INSD
 62
     0
440
 16777216
370
    -2
100
AcDbLine
 10
5865.259458042721
 20
2129.75748198112
 30
0.0
 11
5868.502657528789
 21
2129.75748198112
 31
0.0
  0
INSERT
  5
1880
330
186E
100
AcDbEntity
  8
A-DIMS-INSD
 62
     0
440
 16777216
370
    -2
100
AcDbBlockReference
  2
_Oblique
 10
5910.893196714722
 20
2129.75748198112
 30
0.0
 41
6.0
 42
6.0
 43
6.0
  0
INSERT
  5
1881
330
186E
100
AcDbEntity
  8
A-DIMS-INSD
 62
     0
440
 16777216
370
    -2
100
AcDbBlockReference
  2
_Oblique
 10
5865.259458042721
 20
2129.75748198112
 30
0.0
 41
6.0
 42
6.0
 43
6.0
 50
180.0
  0
MTEXT
  5
1882
330
186E
100
AcDbEntity
  8
A-DIMS-INSD
 62
     0
440
 16777216
100
AcDbMText
 10
5888.076327378722
 20
2129.75748198112
 30
0.0
 40
10.0
 41
0.0
 46
0.0
 71
     5
 72
     1
  1
45,63
 73
     1
 44
1.0
  0
POINT
  5
1883
330
186E
100
AcDbEntity
  8
Defpoints
 62
     0
440
 16777216
100
AcDbPoint
 10
5910.893196714722
 20
2057.100091713659
 30
0.0
  0
POINT
  5
1884
330
186E
100
AcDbEntity
  8
Defpoints
 62
     0
440
 16777216
100
AcDbPoint
 10
5865.259458042721
 20
2069.600091713659
 30
0.0
  0
POINT
  5
1885
330
186E
100
AcDbEntity
  8
Defpoints
 62
     0
440
 16777216
100
AcDbPoint
 10
5865.259458042721
 20
2129.75748198112
 30
0.0
  0
ENDBLK
  5
1870
330
186E
100
AcDbEntity
  8
0
100
AcDbBlockEnd
  0
BLOCK
  5
1889
330
1888
100
AcDbEntity
  8
0
100
AcDbBlockBegin
  2
*D91
 70
     1
 10
0.0
 20
0.0
 30
0.0
  3
*D91
  1

  0
LINE
  5
1896
330
1888
100
AcDbEntity
  8
A-DIMS-INSD
 62
     0
440
 16777216
370
    -2
100
AcDbLine
 10
8074.748935354085
 20
2110.080059091022
 30
0.0
 11
8074.748935354085
 21
2119.080059091022
 31
0.0
  0
LINE
  5
1897
330
1888
100
AcDbEntity
  8
A-DIMS-INSD
 62
     0
440
 16777216
370
    -2
100
AcDbLine
 10
8024.331900279985
 20
2110.080059091022
 30
0.0
 11
8024.331900279985
 21
2119.080059091022
 31
0.0
  0
LINE
  5
1898
330
1888
100
AcDbEntity
  8
A-DIMS-INSD
 62
     0
440
 16777216
370
    -2
100
AcDbLine
 10
8074.748935354085
 20
2114.080059091022
 30
0.0
 11
8068.861700218127
 21
2114.080059091022
 31
0.0
  0
LINE
  5
1899
330
1888
100
AcDbEntity
  8
A-DIMS-INSD
 62
     0
440
 16777216
370
    -2
100
AcDbLine
 10
8024.331900279985
 20
2114.080059091022
 30
0.0
 11
8030.219135415945
 21
2114.080059091022
 31
0.0
  0
INSERT
  5
189A
330
1888
100
AcDbEntity
  8
A-DIMS-INSD
 62
     0
440
 16777216
370
    -2
100
AcDbBlockReference
  2
_Oblique
 10
8074.748935354085
 20
2114.080059091022
 30
0.0
 41
6.0
 42
6.0
 43
6.0
  0
INSERT
  5
189B
330
1888
100
AcDbEntity
  8
A-DIMS-INSD
 62
     0
440
 16777216
370
    -2
100
AcDbBlockReference
  2
_Oblique
 10
8024.331900279985
 20
2114.080059091022
 30
0.0
 41
6.0
 42
6.0
 43
6.0
 50
180.0
  0
MTEXT
  5
189C
330
1888
100
AcDbEntity
  8
A-DIMS-INSD
 62
     0
440
 16777216
100
AcDbMText
 10
8049.540417817036
 20
2114.080059091022
 30
0.0
 40
10.0
 41
0.0
 46
0.0
 71
     5
 72
     1
  1
50,42
 73
     1
 44
1.0
  0
POINT
  5
189D
330
1888
100
AcDbEntity
  8
Defpoints
 62
     0
440
 16777216
100
AcDbPoint
 10
8074.748935354085
 20
2043.400091713659
 30
0.0
  0
POINT
  5
189E
330
1888
100
AcDbEntity
  8
Defpoints
 62
     0
440
 16777216
100
AcDbPoint
 10
8024.331900279985
 20
2061.200091713661
 30
0.0
  0
POINT
  5
189F
330
1888
100
AcDbEntity
  8
Defpoints
 62
     0
440
 16777216
100
AcDbPoint
 10
8024.331900279985
 20
2114.080059091022
 30
0.0
  0
ENDBLK
  5
188A
330
1888
100
AcDbEntity
  8
0
100
AcDbBlockEnd
  0
BLOCK
  5
18CC
330
18CB
100
AcDbEntity
  8
0
100
AcDbBlockBegin
  2
*D92
 70
     1
 10
0.0
 20
0.0
 30
0.0
  3
*D92
  1

  0
LINE
  5
1900
330
18CB
100
AcDbEntity
  8
A-DIMS-INSD
 62
     0
440
 16777216
370
    -2
100
AcDbLine
 10
8129.145837619333
 20
2245.536953662947
 30
0.0
 11
8129.145837619333
 21
2236.536953662947
 31
0.0
  0
LINE
  5
1901
330
18CB
100
AcDbEntity
  8
A-DIMS-INSD
 62
     0
440
 16777216
370
    -2
100
AcDbLine
 10
8082.145837619334
 20
2245.536953662947
 30
0.0
 11
8082.145837619334
 21
2236.536953662947
 31
0.0
  0
LINE
  5
1902
330
18CB
100
AcDbEntity
  8
A-DIMS-INSD
 62
     0
440
 16777216
370
    -2
100
AcDbLine
 10
8129.145837619333
 20
2241.536953662947
 30
0.0
 11
8115.509411971311
 21
2241.536953662947
 31
0.0
  0
LINE
  5
1903
330
18CB
100
AcDbEntity
  8
A-DIMS-INSD
 62
     0
440
 16777216
370
    -2
100
AcDbLine
 10
8082.145837619334
 20
2241.536953662947
 30
0.0
 11
8095.782263267356
 21
2241.536953662947
 31
0.0
  0
INSERT
  5
1904
330
18CB
100
AcDbEntity
  8
A-DIMS-INSD
 62
     0
440
 16777216
370
    -2
100
AcDbBlockReference
  2
_Oblique
 10
8129.145837619333
 20
2241.536953662947
 30
0.0
 41
6.0
 42
6.0
 43
6.0
  0
INSERT
  5
1905
330
18CB
100
AcDbEntity
  8
A-DIMS-INSD
 62
     0
440
 16777216
370
    -2
100
AcDbBlockReference
  2
_Oblique
 10
8082.145837619334
 20
2241.536953662947
 30
0.0
 41
6.0
 42
6.0
 43
6.0
 50
180.0
  0
MTEXT
  5
1906
330
18CB
100
AcDbEntity
  8
A-DIMS-INSD
 62
     0
440
 16777216
100
AcDbMText
 10
8105.645837619332
 20
2241.536953662947
 30
0.0
 40
10.0
 41
0.0
 46
0.0
 71
     5
 72
     1
  1
47
 73
     1
 44
1.0
  0
POINT
  5
1907
330
18CB
100
AcDbEntity
  8
Defpoints
 62
     0
440
 16777216
100
AcDbPoint
 10
8129.145837619333
 20
2253.637428090558
 30
0.0
  0
POINT
  5
1908
330
18CB
100
AcDbEntity
  8
Defpoints
 62
     0
440
 16777216
100
AcDbPoint
 10
8082.145837619334
 20
2268.637428090559
 30
0.0
  0
POINT
  5
1909
330
18CB
100
AcDbEntity
  8
Defpoints
 62
     0
440
 16777216
100
AcDbPoint
 10
8082.145837619334
 20
2241.536953662947
 30
0.0
  0
ENDBLK
  5
18CD
330
18CB
100
AcDbEntity
  8
0
100
AcDbBlockEnd
  0
BLOCK
  5
18E7
330
18E6
100
AcDbEntity
  8
0
100
AcDbBlockBegin
  2
*D93
 70
     1
 10
0.0
 20
0.0
 30
0.0
  3
*D93
  1

  0
LINE
  5
1939
330
18E6
100
AcDbEntity
  8
A-DIMS-INSD
 62
     0
440
 16777216
370
    -2
100
AcDbLine
 10
8185.145837619334
 20
2243.311683452418
 30
0.0
 11
8185.145837619334
 21
2234.311683452418
 31
0.0
  0
LINE
  5
193A
330
18E6
100
AcDbEntity
  8
A-DIMS-INSD
 62
     0
440
 16777216
370
    -2
100
AcDbLine
 10
8232.145837619333
 20
2243.311683452418
 30
0.0
 11
8232.145837619333
 21
2234.311683452418
 31
0.0
  0
LINE
  5
193B
330
18E6
100
AcDbEntity
  8
A-DIMS-INSD
 62
     0
440
 16777216
370
    -2
100
AcDbLine
 10
8185.145837619334
 20
2239.311683452418
 30
0.0
 11
8198.782263267354
 21
2239.311683452418
 31
0.0
  0
LINE
  5
193C
330
18E6
100
AcDbEntity
  8
A-DIMS-INSD
 62
     0
440
 16777216
370
    -2
100
AcDbLine
 10
8232.145837619333
 20
2239.311683452418
 30
0.0
 11
8218.509411971313
 21
2239.311683452418
 31
0.0
  0
INSERT
  5
193D
330
18E6
100
AcDbEntity
  8
A-DIMS-INSD
 62
     0
440
 16777216
370
    -2
100
AcDbBlockReference
  2
_Oblique
 10
8185.145837619334
 20
2239.311683452418
 30
0.0
 41
6.0
 42
6.0
 43
6.0
 50
180.0
  0
INSERT
  5
193E
330
18E6
100
AcDbEntity
  8
A-DIMS-INSD
 62
     0
440
 16777216
370
    -2
100
AcDbBlockReference
  2
_Oblique
 10
8232.145837619333
 20
2239.311683452418
 30
0.0
 41
6.0
 42
6.0
 43
6.0
  0
MTEXT
  5
193F
330
18E6
100
AcDbEntity
  8
A-DIMS-INSD
 62
     0
440
 16777216
100
AcDbMText
 10
8208.645837619334
 20
2239.311683452418
 30
0.0
 40
10.0
 41
0.0
 46
0.0
 71
     5
 72
     1
  1
47
 73
     1
 44
1.0
  0
POINT
  5
1940
330
18E6
100
AcDbEntity
  8
Defpoints
 62
     0
440
 16777216
100
AcDbPoint
 10
8185.145837619334
 20
2253.637428090558
 30
0.0
  0
POINT
  5
1941
330
18E6
100
AcDbEntity
  8
Defpoints
 62
     0
440
 16777216
100
AcDbPoint
 10
8232.145837619333
 20
2268.637428090559
 30
0.0
  0
POINT
  5
1942
330
18E6
100
AcDbEntity
  8
Defpoints
 62
     0
440
 16777216
100
AcDbPoint
 10
8232.145837619333
 20
2239.311683452418
 30
0.0
  0
ENDBLK
  5
18E8
330
18E6
100
AcDbEntity
  8
0
100
AcDbBlockEnd
  0
BLOCK
  5
190C
330
190B
100
AcDbEntity
  8
0
100
AcDbBlockBegin
  2
*D94
 70
     1
 10
0.0
 20
0.0
 30
0.0
  3
*D94
  1

  0
LINE
  5
192F
330
190B
100
AcDbEntity
  8
A-DIMS-INSD
 62
     0
440
 16777216
370
    -2
100
AcDbLine
 10
8082.145837619334
 20
2318.404034489463
 30
0.0
 11
8082.145837619334
 21
2327.404034489463
 31
0.0
  0
LINE
  5
1930
330
190B
100
AcDbEntity
  8
A-DIMS-INSD
 62
     0
440
 16777216
370
    -2
100
AcDbLine
 10
8232.145837619333
 20
2318.404034489463
 30
0.0
 11
8232.145837619333
 21
2327.404034489463
 31
0.0
  0
LINE
  5
1931
330
190B
100
AcDbEntity
  8
A-DIMS-INSD
 62
     0
440
 16777216
370
    -2
100
AcDbLine
 10
8082.145837619334
 20
2322.404034489463
 30
0.0
 11
8144.086492462443
 21
2322.404034489463
 31
0.0
  0
LINE
  5
1932
330
190B
100
AcDbEntity
  8
A-DIMS-INSD
 62
     0
440
 16777216
370
    -2
100
AcDbLine
 10
8232.145837619333
 20
2322.404034489463
 30
0.0
 11
8170.205182776223
 21
2322.404034489463
 31
0.0
  0
INSERT
  5
1933
330
190B
100
AcDbEntity
  8
A-DIMS-INSD
 62
     0
440
 16777216
370
    -2
100
AcDbBlockReference
  2
_Oblique
 10
8082.145837619334
 20
2322.404034489463
 30
0.0
 41
6.0
 42
6.0
 43
6.0
 50
180.0
  0
INSERT
  5
1934
330
190B
100
AcDbEntity
  8
A-DIMS-INSD
 62
     0
440
 16777216
370
    -2
100
AcDbBlockReference
  2
_Oblique
 10
8232.145837619333
 20
2322.404034489463
 30
0.0
 41
6.0
 42
6.0
 43
6.0
  0
MTEXT
  5
1935
330
190B
100
AcDbEntity
  8
A-DIMS-INSD
 62
     0
440
 16777216
100
AcDbMText
 10
8157.145837619333
 20
2322.404034489463
 30
0.0
 40
10.0
 41
0.0
 46
0.0
 71
     5
 72
     1
  1
150
 73
     1
 44
1.0
  0
POINT
  5
1936
330
190B
100
AcDbEntity
  8
Defpoints
 62
     0
440
 16777216
100
AcDbPoint
 10
8082.145837619334
 20
2302.637428090559
 30
0.0
  0
POINT
  5
1937
330
190B
100
AcDbEntity
  8
Defpoints
 62
     0
440
 16777216
100
AcDbPoint
 10
8232.145837619333
 20
2302.637428090559
 30
0.0
  0
POINT
  5
1938
330
190B
100
AcDbEntity
  8
Defpoints
 62
     0
440
 16777216
100
AcDbPoint
 10
8232.145837619333
 20
2322.404034489463
 30
0.0
  0
ENDBLK
  5
190D
330
190B
100
AcDbEntity
  8
0
100
AcDbBlockEnd
  0
BLOCK
  5
1945
330
1944
100
AcDbEntity
  8
0
100
AcDbBlockBegin
  2
*D95
 70
     1
 10
0.0
 20
0.0
 30
0.0
  3
*D95
  1

  0
LINE
  5
1947
330
1944
100
AcDbEntity
  8
A-DIMS-INSD
 62
     0
440
 16777216
370
    -2
100
AcDbLine
 10
8232.145837619333
 20
2310.377238884229
 30
0.0
 11
8232.145837619333
 21
2319.377238884229
 31
0.0
  0
LINE
  5
1948
330
1944
100
AcDbEntity
  8
A-DIMS-INSD
 62
     0
440
 16777216
370
    -2
100
AcDbLine
 10
8217.145837619332
 20
2310.377238884229
 30
0.0
 11
8217.145837619332
 21
2319.377238884229
 31
0.0
  0
LINE
  5
1949
330
1944
100
AcDbEntity
  8
A-DIMS-INSD
 62
     0
440
 16777216
370
    -2
100
AcDbLine
 10
8232.145837619333
 20
2314.377238884229
 30
0.0
 11
8217.145837619332
 21
2314.377238884229
 31
0.0
  0
LINE
  5
194A
330
1944
100
AcDbEntity
  8
A-DIMS-INSD
 62
     0
440
 16777216
370
    -2
100
AcDbLine
 10
8217.145837619332
 20
2314.377238884229
 30
0.0
 11
8211.145837619334
 21
2314.377238884229
 31
0.0
  0
INSERT
  5
194B
330
1944
100
AcDbEntity
  8
A-DIMS-INSD
 62
     0
440
 16777216
370
    -2
100
AcDbBlockReference
  2
_Oblique
 10
8232.145837619333
 20
2314.377238884229
 30
0.0
 41
6.0
 42
6.0
 43
6.0
  0
INSERT
  5
194C
330
1944
100
AcDbEntity
  8
A-DIMS-INSD
 62
     0
440
 16777216
370
    -2
100
AcDbBlockReference
  2
_Oblique
 10
8217.145837619332
 20
2314.377238884229
 30
0.0
 41
6.0
 42
6.0
 43
6.0
 50
180.0
  0
MTEXT
  5
194D
330
1944
100
AcDbEntity
  8
A-DIMS-INSD
 62
     0
440
 16777216
100
AcDbMText
 10
8201.916642530656
 20
2314.377238884229
 30
0.0
 40
10.0
 41
0.0
 46
0.0
 71
     5
 72
     1
  1
15
 73
     1
 44
1.0
  0
POINT
  5
194E
330
1944
100
AcDbEntity
  8
Defpoints
 62
     0
440
 16777216
100
AcDbPoint
 10
8232.145837619333
 20
2302.637428090559
 30
0.0
  0
POINT
  5
194F
330
1944
100
AcDbEntity
  8
Defpoints
 62
     0
440
 16777216
100
AcDbPoint
 10
8217.145837619332
 20
2305.637428090558
 30
0.0
  0
POINT
  5
1950
330
1944
100
AcDbEntity
  8
Defpoints
 62
     0
440
 16777216
100
AcDbPoint
 10
8217.145837619332
 20
2314.377238884229
 30
0.0
  0
ENDBLK
  5
1946
330
1944
100
AcDbEntity
  8
0
100
AcDbBlockEnd
  0
BLOCK
  5
1960
330
195F
100
AcDbEntity
  8
0
100
AcDbBlockBegin
  2
*D96
 70
     1
 10
0.0
 20
0.0
 30
0.0
  3
*D96
  1

  0
LINE
  5
196D
330
195F
100
AcDbEntity
  8
A-DIMS-INSD
 62
     0
440
 16777216
370
    -2
100
AcDbLine
 10
8024.331900279985
 20
2087.101501639782
 30
0.0
 11
8024.331900279985
 21
2096.101501639783
 31
0.0
  0
LINE
  5
196E
330
195F
100
AcDbEntity
  8
A-DIMS-INSD
 62
     0
440
 16777216
370
    -2
100
AcDbLine
 10
8073.840417817086
 20
2087.101501639782
 30
0.0
 11
8073.840417817086
 21
2096.101501639783
 31
0.0
  0
LINE
  5
196F
330
195F
100
AcDbEntity
  8
A-DIMS-INSD
 62
     0
440
 16777216
370
    -2
100
AcDbLine
 10
8024.331900279985
 20
2091.101501639782
 30
0.0
 11
8030.477700658357
 21
2091.101501639782
 31
0.0
  0
LINE
  5
1970
330
195F
100
AcDbEntity
  8
A-DIMS-INSD
 62
     0
440
 16777216
370
    -2
100
AcDbLine
 10
8073.840417817086
 20
2091.101501639782
 30
0.0
 11
8067.694617438712
 21
2091.101501639782
 31
0.0
  0
INSERT
  5
1971
330
195F
100
AcDbEntity
  8
A-DIMS-INSD
 62
     0
440
 16777216
370
    -2
100
AcDbBlockReference
  2
_Oblique
 10
8024.331900279985
 20
2091.101501639782
 30
0.0
 41
6.0
 42
6.0
 43
6.0
 50
180.0
  0
INSERT
  5
1972
330
195F
100
AcDbEntity
  8
A-DIMS-INSD
 62
     0
440
 16777216
370
    -2
100
AcDbBlockReference
  2
_Oblique
 10
8073.840417817086
 20
2091.101501639782
 30
0.0
 41
6.0
 42
6.0
 43
6.0
  0
MTEXT
  5
1973
330
195F
100
AcDbEntity
  8
A-DIMS-INSD
 62
     0
440
 16777216
100
AcDbMText
 10
8049.086159048535
 20
2091.101501639782
 30
0.0
 40
10.0
 41
0.0
 46
0.0
 71
     5
 72
     1
  1
49,51
 73
     1
 44
1.0
  0
POINT
  5
1974
330
195F
100
AcDbEntity
  8
Defpoints
 62
     0
440
 16777216
100
AcDbPoint
 10
8024.331900279985
 20
2061.200091713661
 30
0.0
  0
POINT
  5
1975
330
195F
100
AcDbEntity
  8
Defpoints
 62
     0
440
 16777216
100
AcDbPoint
 10
8073.840417817086
 20
2061.200091713661
 30
0.0
  0
POINT
  5
1976
330
195F
100
AcDbEntity
  8
Defpoints
 62
     0
440
 16777216
100
AcDbPoint
 10
8073.840417817086
 20
2091.101501639782
 30
0.0
  0
ENDBLK
  5
1961
330
195F
100
AcDbEntity
  8
0
100
AcDbBlockEnd
  0
BLOCK
  5
197A
330
1979
100
AcDbEntity
  8
0
100
AcDbBlockBegin
  2
*D97
 70
     1
 10
0.0
 20
0.0
 30
0.0
  3
*D97
  1

  0
LINE
  5
1987
330
1979
100
AcDbEntity
  8
A-DIMS-INSD
 62
     0
440
 16777216
370
    -2
100
AcDbLine
 10
8074.748935354085
 20
2033.213403779121
 30
0.0
 11
8074.748935354085
 21
2024.213403779121
 31
0.0
  0
LINE
  5
1988
330
1979
100
AcDbEntity
  8
A-DIMS-INSD
 62
     0
440
 16777216
370
    -2
100
AcDbLine
 10
8024.331900279985
 20
2033.213403779121
 30
0.0
 11
8024.331900279985
 21
2024.213403779121
 31
0.0
  0
LINE
  5
1989
330
1979
100
AcDbEntity
  8
A-DIMS-INSD
 62
     0
440
 16777216
370
    -2
100
AcDbLine
 10
8074.748935354085
 20
2029.213403779121
 30
0.0
 11
8068.861700218127
 21
2029.213403779121
 31
0.0
  0
LINE
  5
198A
330
1979
100
AcDbEntity
  8
A-DIMS-INSD
 62
     0
440
 16777216
370
    -2
100
AcDbLine
 10
8024.331900279985
 20
2029.213403779121
 30
0.0
 11
8030.219135415945
 21
2029.213403779121
 31
0.0
  0
INSERT
  5
198B
330
1979
100
AcDbEntity
  8
A-DIMS-INSD
 62
     0
440
 16777216
370
    -2
100
AcDbBlockReference
  2
_Oblique
 10
8074.748935354085
 20
2029.213403779121
 30
0.0
 41
6.0
 42
6.0
 43
6.0
  0
INSERT
  5
198C
330
1979
100
AcDbEntity
  8
A-DIMS-INSD
 62
     0
440
 16777216
370
    -2
100
AcDbBlockReference
  2
_Oblique
 10
8024.331900279985
 20
2029.213403779121
 30
0.0
 41
6.0
 42
6.0
 43
6.0
 50
180.0
  0
MTEXT
  5
198D
330
1979
100
AcDbEntity
  8
A-DIMS-INSD
 62
     0
440
 16777216
100
AcDbMText
 10
8049.540417817036
 20
2029.213403779121
 30
0.0
 40
10.0
 41
0.0
 46
0.0
 71
     5
 72
     1
  1
50,42
 73
     1
 44
1.0
  0
POINT
  5
198E
330
1979
100
AcDbEntity
  8
Defpoints
 62
     0
440
 16777216
100
AcDbPoint
 10
8074.748935354085
 20
2043.400091713659
 30
0.0
  0
POINT
  5
198F
330
1979
100
AcDbEntity
  8
Defpoints
 62
     0
440
 16777216
100
AcDbPoint
 10
8024.331900279985
 20
2061.200091713661
 30
0.0
  0
POINT
  5
1990
330
1979
100
AcDbEntity
  8
Defpoints
 62
     0
440
 16777216
100
AcDbPoint
 10
8024.331900279985
 20
2029.213403779121
 30
0.0
  0
ENDBLK
  5
197B
330
1979
100
AcDbEntity
  8
0
100
AcDbBlockEnd
  0
BLOCK
  5
1996
330
1995
100
AcDbEntity
  8
0
100
AcDbBlockBegin
  2
*D98
 70
     1
 10
0.0
 20
0.0
 30
0.0
  3
*D98
  1

  0
LINE
  5
1A1B
330
1995
100
AcDbEntity
  8
A-DIMS-INSD
 62
     0
440
 16777216
370
    -2
100
AcDbLine
 10
8024.331900279985
 20
2047.515160963907
 30
0.0
 11
8024.331900279985
 21
2038.515160963907
 31
0.0
  0
LINE
  5
1A1C
330
1995
100
AcDbEntity
  8
A-DIMS-INSD
 62
     0
440
 16777216
370
    -2
100
AcDbLine
 10
7987.214865205884
 20
2047.515160963907
 30
0.0
 11
7987.214865205884
 21
2038.515160963907
 31
0.0
  0
LINE
  5
1A1D
330
1995
100
AcDbEntity
  8
A-DIMS-INSD
 62
     0
440
 16777216
370
    -2
100
AcDbLine
 10
8024.331900279985
 20
2043.515160963907
 30
0.0
 11
7987.214865205884
 21
2043.515160963907
 31
0.0
  0
LINE
  5
1A1E
330
1995
100
AcDbEntity
  8
A-DIMS-INSD
 62
     0
440
 16777216
370
    -2
100
AcDbLine
 10
7987.214865205884
 20
2043.515160963907
 30
0.0
 11
7981.214865205884
 21
2043.515160963907
 31
0.0
  0
INSERT
  5
1A1F
330
1995
100
AcDbEntity
  8
A-DIMS-INSD
 62
     0
440
 16777216
370
    -2
100
AcDbBlockReference
  2
_Oblique
 10
8024.331900279985
 20
2043.515160963907
 30
0.0
 41
6.0
 42
6.0
 43
6.0
  0
INSERT
  5
1A20
330
1995
100
AcDbEntity
  8
A-DIMS-INSD
 62
     0
440
 16777216
370
    -2
100
AcDbBlockReference
  2
_Oblique
 10
7987.214865205884
 20
2043.515160963907
 30
0.0
 41
6.0
 42
6.0
 43
6.0
 50
180.0
  0
MTEXT
  5
1A21
330
1995
100
AcDbEntity
  8
A-DIMS-INSD
 62
     0
440
 16777216
100
AcDbMText
 10
7961.896993445993
 20
2043.515160963907
 30
0.0
 40
10.0
 41
0.0
 46
0.0
 71
     5
 72
     1
  1
37,12
 73
     1
 44
1.0
  0
POINT
  5
1A22
330
1995
100
AcDbEntity
  8
Defpoints
 62
     0
440
 16777216
100
AcDbPoint
 10
8024.331900279985
 20
2061.200091713661
 30
0.0
  0
POINT
  5
1A23
330
1995
100
AcDbEntity
  8
Defpoints
 62
     0
440
 16777216
100
AcDbPoint
 10
7987.214865205884
 20
2097.200091713684
 30
0.0
  0
POINT
  5
1A24
330
1995
100
AcDbEntity
  8
Defpoints
 62
     0
440
 16777216
100
AcDbPoint
 10
7987.214865205884
 20
2043.515160963907
 30
0.0
  0
ENDBLK
  5
1997
330
1995
100
AcDbEntity
  8
0
100
AcDbBlockEnd
  0
BLOCK
  5
19B0
330
19AF
100
AcDbEntity
  8
0
100
AcDbBlockBegin
  2
*D99
 70
     1
 10
0.0
 20
0.0
 30
0.0
  3
*D99
  1

  0
LINE
  5
19BD
330
19AF
100
AcDbEntity
  8
A-DIMS-INSD
 62
     0
440
 16777216
370
    -2
100
AcDbLine
 10
8552.751166605997
 20
2041.078617701108
 30
0.0
 11
8552.751166605997
 21
2032.078617701108
 31
0.0
  0
LINE
  5
19BE
330
19AF
100
AcDbEntity
  8
A-DIMS-INSD
 62
     0
440
 16777216
370
    -2
100
AcDbLine
 10
8500.617427934098
 20
2041.078617701108
 30
0.0
 11
8500.617427934098
 21
2032.078617701108
 31
0.0
  0
LINE
  5
19BF
330
19AF
100
AcDbEntity
  8
A-DIMS-INSD
 62
     0
440
 16777216
370
    -2
100
AcDbLine
 10
8552.751166605997
 20
2037.078617701108
 30
0.0
 11
8546.056739289147
 21
2037.078617701108
 31
0.0
  0
LINE
  5
19C0
330
19AF
100
AcDbEntity
  8
A-DIMS-INSD
 62
     0
440
 16777216
370
    -2
100
AcDbLine
 10
8500.617427934098
 20
2037.078617701108
 30
0.0
 11
8507.311855250948
 21
2037.078617701108
 31
0.0
  0
INSERT
  5
19C1
330
19AF
100
AcDbEntity
  8
A-DIMS-INSD
 62
     0
440
 16777216
370
    -2
100
AcDbBlockReference
  2
_Oblique
 10
8552.751166605997
 20
2037.078617701108
 30
0.0
 41
6.0
 42
6.0
 43
6.0
  0
INSERT
  5
19C2
330
19AF
100
AcDbEntity
  8
A-DIMS-INSD
 62
     0
440
 16777216
370
    -2
100
AcDbBlockReference
  2
_Oblique
 10
8500.617427934098
 20
2037.078617701108
 30
0.0
 41
6.0
 42
6.0
 43
6.0
 50
180.0
  0
MTEXT
  5
19C3
330
19AF
100
AcDbEntity
  8
A-DIMS-INSD
 62
     0
440
 16777216
100
AcDbMText
 10
8526.684297270048
 20
2037.078617701108
 30
0.0
 40
10.0
 41
0.0
 46
0.0
 71
     5
 72
     1
  1
52,13
 73
     1
 44
1.0
  0
POINT
  5
19C4
330
19AF
100
AcDbEntity
  8
Defpoints
 62
     0
440
 16777216
100
AcDbPoint
 10
8552.751166605997
 20
2054.600091713659
 30
0.0
  0
POINT
  5
19C5
330
19AF
100
AcDbEntity
  8
Defpoints
 62
     0
440
 16777216
100
AcDbPoint
 10
8500.617427934098
 20
2105.850091713659
 30
0.0
  0
POINT
  5
19C6
330
19AF
100
AcDbEntity
  8
Defpoints
 62
     0
440
 16777216
100
AcDbPoint
 10
8500.617427934098
 20
2037.078617701108
 30
0.0
  0
ENDBLK
  5
19B1
330
19AF
100
AcDbEntity
  8
0
100
AcDbBlockEnd
  0
BLOCK
  5
19CA
330
19C9
100
AcDbEntity
  8
0
100
AcDbBlockBegin
  2
*D100
 70
     1
 10
0.0
 20
0.0
 30
0.0
  3
*D100
  1

  0
LINE
  5
19D7
330
19C9
100
AcDbEntity
  8
A-DIMS-INSD
 62
     0
440
 16777216
370
    -2
100
AcDbLine
 10
8749.286121293847
 20
2024.018340267349
 30
0.0
 11
8749.286121293847
 21
2015.018340267349
 31
0.0
  0
LINE
  5
19D8
330
19C9
100
AcDbEntity
  8
A-DIMS-INSD
 62
     0
440
 16777216
370
    -2
100
AcDbLine
 10
8712.152382621896
 20
2024.018340267349
 30
0.0
 11
8712.152382621896
 21
2015.018340267349
 31
0.0
  0
LINE
  5
19D9
330
19C9
100
AcDbEntity
  8
A-DIMS-INSD
 62
     0
440
 16777216
370
    -2
100
AcDbLine
 10
8749.286121293847
 20
2020.018340267349
 30
0.0
 11
8712.152382621896
 21
2020.018340267349
 31
0.0
  0
LINE
  5
19DA
330
19C9
100
AcDbEntity
  8
A-DIMS-INSD
 62
     0
440
 16777216
370
    -2
100
AcDbLine
 10
8712.152382621896
 20
2020.018340267349
 30
0.0
 11
8706.152382621896
 21
2020.018340267349
 31
0.0
  0
INSERT
  5
19DB
330
19C9
100
AcDbEntity
  8
A-DIMS-INSD
 62
     0
440
 16777216
370
    -2
100
AcDbBlockReference
  2
_Oblique
 10
8749.286121293847
 20
2020.018340267349
 30
0.0
 41
6.0
 42
6.0
 43
6.0
  0
INSERT
  5
19DC
330
19C9
100
AcDbEntity
  8
A-DIMS-INSD
 62
     0
440
 16777216
370
    -2
100
AcDbBlockReference
  2
_Oblique
 10
8712.152382621896
 20
2020.018340267349
 30
0.0
 41
6.0
 42
6.0
 43
6.0
 50
180.0
  0
MTEXT
  5
19DD
330
19C9
100
AcDbEntity
  8
A-DIMS-INSD
 62
     0
440
 16777216
100
AcDbMText
 10
8686.783351243997
 20
2020.018340267349
 30
0.0
 40
10.0
 41
0.0
 46
0.0
 71
     5
 72
     1
  1
37,13
 73
     1
 44
1.0
  0
POINT
  5
19DE
330
19C9
100
AcDbEntity
  8
Defpoints
 62
     0
440
 16777216
100
AcDbPoint
 10
8749.286121293847
 20
2108.850091713659
 30
0.0
  0
POINT
  5
19DF
330
19C9
100
AcDbEntity
  8
Defpoints
 62
     0
440
 16777216
100
AcDbPoint
 10
8712.152382621896
 20
2069.600091713659
 30
0.0
  0
POINT
  5
19E0
330
19C9
100
AcDbEntity
  8
Defpoints
 62
     0
440
 16777216
100
AcDbPoint
 10
8712.152382621896
 20
2020.018340267349
 30
0.0
  0
ENDBLK
  5
19CB
330
19C9
100
AcDbEntity
  8
0
100
AcDbBlockEnd
  0
BLOCK
  5
19E4
330
19E3
100
AcDbEntity
  8
0
100
AcDbBlockBegin
  2
*D101
 70
     1
 10
0.0
 20
0.0
 30
0.0
  3
*D101
  1

  0
LINE
  5
1B00
330
19E3
100
AcDbEntity
  8
A-DIMS-INSD
 62
     0
440
 16777216
370
    -2
100
AcDbLine
 10
8294.817075650586
 20
2143.196653781078
 30
0.0
 11
8294.817075650586
 21
2152.196653781078
 31
0.0
  0
LINE
  5
1B01
330
19E3
100
AcDbEntity
  8
A-DIMS-INSD
 62
     0
440
 16777216
370
    -2
100
AcDbLine
 10
8331.934110724686
 20
2143.196653781078
 30
0.0
 11
8331.934110724686
 21
2152.196653781078
 31
0.0
  0
LINE
  5
1B02
330
19E3
100
AcDbEntity
  8
A-DIMS-INSD
 62
     0
440
 16777216
370
    -2
100
AcDbLine
 10
8294.817075650586
 20
2147.196653781078
 30
0.0
 11
8331.934110724686
 21
2147.196653781078
 31
0.0
  0
LINE
  5
1B03
330
19E3
100
AcDbEntity
  8
A-DIMS-INSD
 62
     0
440
 16777216
370
    -2
100
AcDbLine
 10
8331.934110724686
 20
2147.196653781078
 30
0.0
 11
8338.184110724686
 21
2147.196653781078
 31
0.0
  0
INSERT
  5
1B04
330
19E3
100
AcDbEntity
  8
A-DIMS-INSD
 62
     0
440
 16777216
370
    -2
100
AcDbBlockReference
  2
_Oblique
 10
8294.817075650586
 20
2147.196653781078
 30
0.0
 41
6.0
 42
6.0
 43
6.0
 50
180.0
  0
INSERT
  5
1B05
330
19E3
100
AcDbEntity
  8
A-DIMS-INSD
 62
     0
440
 16777216
370
    -2
100
AcDbBlockReference
  2
_Oblique
 10
8331.934110724686
 20
2147.196653781078
 30
0.0
 41
6.0
 42
6.0
 43
6.0
  0
MTEXT
  5
1B06
330
19E3
100
AcDbEntity
  8
A-DIMS-INSD
 62
     0
440
 16777216
100
AcDbMText
 10
8357.501982484576
 20
2147.196653781078
 30
0.0
 40
10.0
 41
0.0
 46
0.0
 71
     5
 72
     1
  1
37,12
 73
     1
 44
1.0
  0
POINT
  5
1B07
330
19E3
100
AcDbEntity
  8
Defpoints
 62
     0
440
 16777216
100
AcDbPoint
 10
8294.817075650586
 20
2061.200091713708
 30
0.0
  0
POINT
  5
1B08
330
19E3
100
AcDbEntity
  8
Defpoints
 62
     0
440
 16777216
100
AcDbPoint
 10
8331.934110724686
 20
2097.200091713684
 30
0.0
  0
POINT
  5
1B09
330
19E3
100
AcDbEntity
  8
Defpoints
 62
     0
440
 16777216
100
AcDbPoint
 10
8331.934110724686
 20
2147.196653781078
 30
0.0
  0
ENDBLK
  5
19E5
330
19E3
100
AcDbEntity
  8
0
100
AcDbBlockEnd
  0
BLOCK
  5
1A27
330
1A26
100
AcDbEntity
  8
0
100
AcDbBlockBegin
  2
*D102
 70
     1
 10
0.0
 20
0.0
 30
0.0
  3
*D102
  1

  0
LINE
  5
1A29
330
1A26
100
AcDbEntity
  8
A-DIMS-INSD
 62
     0
440
 16777216
370
    -2
100
AcDbLine
 10
5910.893196714722
 20
2047.797954312696
 30
0.0
 11
5910.893196714722
 21
2038.797954312696
 31
0.0
  0
LINE
  5
1A2A
330
1A26
100
AcDbEntity
  8
A-DIMS-INSD
 62
     0
440
 16777216
370
    -2
100
AcDbLine
 10
5865.259458042721
 20
2047.797954312696
 30
0.0
 11
5865.259458042721
 21
2038.797954312696
 31
0.0
  0
LINE
  5
1A2B
330
1A26
100
AcDbEntity
  8
A-DIMS-INSD
 62
     0
440
 16777216
370
    -2
100
AcDbLine
 10
5910.893196714722
 20
2043.797954312696
 30
0.0
 11
5907.649997228654
 21
2043.797954312696
 31
0.0
  0
LINE
  5
1A2C
330
1A26
100
AcDbEntity
  8
A-DIMS-INSD
 62
     0
440
 16777216
370
    -2
100
AcDbLine
 10
5865.259458042721
 20
2043.797954312696
 30
0.0
 11
5868.502657528789
 21
2043.797954312696
 31
0.0
  0
INSERT
  5
1A2D
330
1A26
100
AcDbEntity
  8
A-DIMS-INSD
 62
     0
440
 16777216
370
    -2
100
AcDbBlockReference
  2
_Oblique
 10
5910.893196714722
 20
2043.797954312696
 30
0.0
 41
6.0
 42
6.0
 43
6.0
  0
INSERT
  5
1A2E
330
1A26
100
AcDbEntity
  8
A-DIMS-INSD
 62
     0
440
 16777216
370
    -2
100
AcDbBlockReference
  2
_Oblique
 10
5865.259458042721
 20
2043.797954312696
 30
0.0
 41
6.0
 42
6.0
 43
6.0
 50
180.0
  0
MTEXT
  5
1A2F
330
1A26
100
AcDbEntity
  8
A-DIMS-INSD
 62
     0
440
 16777216
100
AcDbMText
 10
5888.076327378722
 20
2043.797954312696
 30
0.0
 40
10.0
 41
0.0
 46
0.0
 71
     5
 72
     1
  1
45,63
 73
     1
 44
1.0
  0
POINT
  5
1A30
330
1A26
100
AcDbEntity
  8
Defpoints
 62
     0
440
 16777216
100
AcDbPoint
 10
5910.893196714722
 20
2057.100091713659
 30
0.0
  0
POINT
  5
1A31
330
1A26
100
AcDbEntity
  8
Defpoints
 62
     0
440
 16777216
100
AcDbPoint
 10
5865.259458042721
 20
2069.600091713659
 30
0.0
  0
POINT
  5
1A32
330
1A26
100
AcDbEntity
  8
Defpoints
 62
     0
440
 16777216
100
AcDbPoint
 10
5865.259458042721
 20
2043.797954312696
 30
0.0
  0
ENDBLK
  5
1A28
330
1A26
100
AcDbEntity
  8
0
100
AcDbBlockEnd
  0
BLOCK
  5
1A54
330
1A53
100
AcDbEntity
  8
0
100
AcDbBlockBegin
  2
*D103
 70
     1
 10
0.0
 20
0.0
 30
0.0
  3
*D103
  1

  0
LINE
  5
1AB8
330
1A53
100
AcDbEntity
  8
A-DIMS-INSD
 62
     0
440
 16777216
370
    -2
100
AcDbLine
 10
8249.200040576486
 20
2070.745529791805
 30
0.0
 11
8249.200040576486
 21
2079.745529791805
 31
0.0
  0
LINE
  5
1AB9
330
1A53
100
AcDbEntity
  8
A-DIMS-INSD
 62
     0
440
 16777216
370
    -2
100
AcDbLine
 10
8235.583005502386
 20
2070.745529791805
 30
0.0
 11
8235.583005502386
 21
2079.745529791805
 31
0.0
  0
LINE
  5
1ABA
330
1A53
100
AcDbEntity
  8
A-DIMS-INSD
 62
     0
440
 16777216
370
    -2
100
AcDbLine
 10
8249.200040576486
 20
2074.745529791805
 30
0.0
 11
8235.583005502386
 21
2074.745529791805
 31
0.0
  0
LINE
  5
1ABB
330
1A53
100
AcDbEntity
  8
A-DIMS-INSD
 62
     0
440
 16777216
370
    -2
100
AcDbLine
 10
8235.583005502386
 20
2074.745529791805
 30
0.0
 11
8229.583005502385
 21
2074.745529791805
 31
0.0
  0
INSERT
  5
1ABC
330
1A53
100
AcDbEntity
  8
A-DIMS-INSD
 62
     0
440
 16777216
370
    -2
100
AcDbBlockReference
  2
_Oblique
 10
8249.200040576486
 20
2074.745529791805
 30
0.0
 41
6.0
 42
6.0
 43
6.0
  0
INSERT
  5
1ABD
330
1A53
100
AcDbEntity
  8
A-DIMS-INSD
 62
     0
440
 16777216
370
    -2
100
AcDbBlockReference
  2
_Oblique
 10
8235.583005502386
 20
2074.745529791805
 30
0.0
 41
6.0
 42
6.0
 43
6.0
 50
180.0
  0
MTEXT
  5
1ABE
330
1A53
100
AcDbEntity
  8
A-DIMS-INSD
 62
     0
440
 16777216
100
AcDbMText
 10
8210.73239158697
 20
2074.745529791805
 30
0.0
 40
10.0
 41
0.0
 46
0.0
 71
     5
 72
     1
  1
13,62
 73
     1
 44
1.0
  0
POINT
  5
1ABF
330
1A53
100
AcDbEntity
  8
Defpoints
 62
     0
440
 16777216
100
AcDbPoint
 10
8249.200040576486
 20
2043.400091713659
 30
0.0
  0
POINT
  5
1AC0
330
1A53
100
AcDbEntity
  8
Defpoints
 62
     0
440
 16777216
100
AcDbPoint
 10
8235.583005502386
 20
2043.400091713659
 30
0.0
  0
POINT
  5
1AC1
330
1A53
100
AcDbEntity
  8
Defpoints
 62
     0
440
 16777216
100
AcDbPoint
 10
8235.583005502386
 20
2074.745529791805
 30
0.0
  0
ENDBLK
  5
1A55
330
1A53
100
AcDbEntity
  8
0
100
AcDbBlockEnd
  0
BLOCK
  5
1A6E
330
1A6D
100
AcDbEntity
  8
0
100
AcDbBlockBegin
  2
*D104
 70
     1
 10
0.0
 20
0.0
 30
0.0
  3
*D104
  1

  0
LINE
  5
1A7B
330
1A6D
100
AcDbEntity
  8
A-DIMS-INSD
 62
     0
440
 16777216
370
    -2
100
AcDbLine
 10
8666.518643949896
 20
2097.36886311372
 30
0.0
 11
8666.518643949896
 21
2106.36886311372
 31
0.0
  0
LINE
  5
1A7C
330
1A6D
100
AcDbEntity
  8
A-DIMS-INSD
 62
     0
440
 16777216
370
    -2
100
AcDbLine
 10
8652.884905277998
 20
2097.36886311372
 30
0.0
 11
8652.884905277998
 21
2106.36886311372
 31
0.0
  0
LINE
  5
1A7D
330
1A6D
100
AcDbEntity
  8
A-DIMS-INSD
 62
     0
440
 16777216
370
    -2
100
AcDbLine
 10
8666.518643949896
 20
2101.36886311372
 30
0.0
 11
8652.884905277998
 21
2101.36886311372
 31
0.0
  0
LINE
  5
1A7E
330
1A6D
100
AcDbEntity
  8
A-DIMS-INSD
 62
     0
440
 16777216
370
    -2
100
AcDbLine
 10
8652.884905277998
 20
2101.36886311372
 30
0.0
 11
8646.884905277998
 21
2101.36886311372
 31
0.0
  0
INSERT
  5
1A7F
330
1A6D
100
AcDbEntity
  8
A-DIMS-INSD
 62
     0
440
 16777216
370
    -2
100
AcDbBlockReference
  2
_Oblique
 10
8666.518643949896
 20
2101.36886311372
 30
0.0
 41
6.0
 42
6.0
 43
6.0
  0
INSERT
  5
1A80
330
1A6D
100
AcDbEntity
  8
A-DIMS-INSD
 62
     0
440
 16777216
370
    -2
100
AcDbBlockReference
  2
_Oblique
 10
8652.884905277998
 20
2101.36886311372
 30
0.0
 41
6.0
 42
6.0
 43
6.0
 50
180.0
  0
MTEXT
  5
1A81
330
1A6D
100
AcDbEntity
  8
A-DIMS-INSD
 62
     0
440
 16777216
100
AcDbMText
 10
8627.983131744574
 20
2101.36886311372
 30
0.0
 40
10.0
 41
0.0
 46
0.0
 71
     5
 72
     1
  1
13,63
 73
     1
 44
1.0
  0
POINT
  5
1A82
330
1A6D
100
AcDbEntity
  8
Defpoints
 62
     0
440
 16777216
100
AcDbPoint
 10
8666.518643949896
 20
2057.100091713659
 30
0.0
  0
POINT
  5
1A83
330
1A6D
100
AcDbEntity
  8
Defpoints
 62
     0
440
 16777216
100
AcDbPoint
 10
8652.884905277998
 20
2057.100091713659
 30
0.0
  0
POINT
  5
1A84
330
1A6D
100
AcDbEntity
  8
Defpoints
 62
     0
440
 16777216
100
AcDbPoint
 10
8652.884905277998
 20
2101.36886311372
 30
0.0
  0
ENDBLK
  5
1A6F
330
1A6D
100
AcDbEntity
  8
0
100
AcDbBlockEnd
  0
BLOCK
  5
1AC4
330
1AC3
100
AcDbEntity
  8
0
100
AcDbBlockBegin
  2
*D105
 70
     1
 10
0.0
 20
0.0
 30
0.0
  3
*D105
  1

  0
LINE
  5
1B26
330
1AC3
100
AcDbEntity
  8
A-DIMS-INSD
 62
     0
440
 16777216
370
    -2
100
AcDbLine
 10
8331.934110724686
 20
2070.170122740738
 30
0.0
 11
8331.934110724686
 21
2061.170122740739
 31
0.0
  0
LINE
  5
1B27
330
1AC3
100
AcDbEntity
  8
A-DIMS-INSD
 62
     0
440
 16777216
370
    -2
100
AcDbLine
 10
8345.492628261686
 20
2070.170122740738
 30
0.0
 11
8345.492628261686
 21
2061.170122740739
 31
0.0
  0
LINE
  5
1B28
330
1AC3
100
AcDbEntity
  8
A-DIMS-INSD
 62
     0
440
 16777216
370
    -2
100
AcDbLine
 10
8331.934110724686
 20
2066.170122740738
 30
0.0
 11
8345.492628261686
 21
2066.170122740738
 31
0.0
  0
LINE
  5
1B29
330
1AC3
100
AcDbEntity
  8
A-DIMS-INSD
 62
     0
440
 16777216
370
    -2
100
AcDbLine
 10
8345.492628261686
 20
2066.170122740738
 30
0.0
 11
8351.492628261686
 21
2066.170122740738
 31
0.0
  0
INSERT
  5
1B2A
330
1AC3
100
AcDbEntity
  8
A-DIMS-INSD
 62
     0
440
 16777216
370
    -2
100
AcDbBlockReference
  2
_Oblique
 10
8331.934110724686
 20
2066.170122740738
 30
0.0
 41
6.0
 42
6.0
 43
6.0
 50
180.0
  0
INSERT
  5
1B2B
330
1AC3
100
AcDbEntity
  8
A-DIMS-INSD
 62
     0
440
 16777216
370
    -2
100
AcDbBlockReference
  2
_Oblique
 10
8345.492628261686
 20
2066.170122740738
 30
0.0
 41
6.0
 42
6.0
 43
6.0
  0
MTEXT
  5
1B2C
330
1AC3
100
AcDbEntity
  8
A-DIMS-INSD
 62
     0
440
 16777216
100
AcDbMText
 10
8370.390991153909
 20
2066.170122740738
 30
0.0
 40
10.0
 41
0.0
 46
0.0
 71
     5
 72
     1
  1
13,56
 73
     1
 44
1.0
  0
POINT
  5
1B2D
330
1AC3
100
AcDbEntity
  8
Defpoints
 62
     0
440
 16777216
100
AcDbPoint
 10
8331.934110724686
 20
2097.200091713684
 30
0.0
  0
POINT
  5
1B2E
330
1AC3
100
AcDbEntity
  8
Defpoints
 62
     0
440
 16777216
100
AcDbPoint
 10
8345.492628261686
 20
2097.200091713685
 30
0.0
  0
POINT
  5
1B2F
330
1AC3
100
AcDbEntity
  8
Defpoints
 62
     0
440
 16777216
100
AcDbPoint
 10
8345.492628261686
 20
2066.170122740738
 30
0.0
  0
ENDBLK
  5
1AC5
330
1AC3
100
AcDbEntity
  8
0
100
AcDbBlockEnd
  0
BLOCK
  5
1ADE
330
1ADD
100
AcDbEntity
  8
0
100
AcDbBlockBegin
  2
*D106
 70
     1
 10
0.0
 20
0.0
 30
0.0
  3
*D106
  1

  0
LINE
  5
1AEB
330
1ADD
100
AcDbEntity
  8
A-DIMS-INSD
 62
     0
440
 16777216
370
    -2
100
AcDbLine
 10
8749.286121293847
 20
2093.100681315971
 30
0.0
 11
8749.286121293847
 21
2084.100681315971
 31
0.0
  0
LINE
  5
1AEC
330
1ADD
100
AcDbEntity
  8
A-DIMS-INSD
 62
     0
440
 16777216
370
    -2
100
AcDbLine
 10
8762.852990629797
 20
2093.100681315971
 30
0.0
 11
8762.852990629797
 21
2084.100681315971
 31
0.0
  0
LINE
  5
1AED
330
1ADD
100
AcDbEntity
  8
A-DIMS-INSD
 62
     0
440
 16777216
370
    -2
100
AcDbLine
 10
8749.286121293847
 20
2089.100681315971
 30
0.0
 11
8762.852990629797
 21
2089.100681315971
 31
0.0
  0
LINE
  5
1AEE
330
1ADD
100
AcDbEntity
  8
A-DIMS-INSD
 62
     0
440
 16777216
370
    -2
100
AcDbLine
 10
8762.852990629797
 20
2089.100681315971
 30
0.0
 11
8768.852990629797
 21
2089.100681315971
 31
0.0
  0
INSERT
  5
1AEF
330
1ADD
100
AcDbEntity
  8
A-DIMS-INSD
 62
     0
440
 16777216
370
    -2
100
AcDbBlockReference
  2
_Oblique
 10
8749.286121293847
 20
2089.100681315971
 30
0.0
 41
6.0
 42
6.0
 43
6.0
 50
180.0
  0
INSERT
  5
1AF0
330
1ADD
100
AcDbEntity
  8
A-DIMS-INSD
 62
     0
440
 16777216
370
    -2
100
AcDbBlockReference
  2
_Oblique
 10
8762.852990629797
 20
2089.100681315971
 30
0.0
 41
6.0
 42
6.0
 43
6.0
  0
MTEXT
  5
1AF1
330
1ADD
100
AcDbEntity
  8
A-DIMS-INSD
 62
     0
440
 16777216
100
AcDbMText
 10
8787.754764163221
 20
2089.100681315971
 30
0.0
 40
10.0
 41
0.0
 46
0.0
 71
     5
 72
     1
  1
13,57
 73
     1
 44
1.0
  0
POINT
  5
1AF2
330
1ADD
100
AcDbEntity
  8
Defpoints
 62
     0
440
 16777216
100
AcDbPoint
 10
8749.286121293847
 20
2105.850091713659
 30
0.0
  0
POINT
  5
1AF3
330
1ADD
100
AcDbEntity
  8
Defpoints
 62
     0
440
 16777216
100
AcDbPoint
 10
8762.852990629797
 20
2105.850091713659
 30
0.0
  0
POINT
  5
1AF4
330
1ADD
100
AcDbEntity
  8
Defpoints
 62
     0
440
 16777216
100
AcDbPoint
 10
8762.852990629797
 20
2089.100681315971
 30
0.0
  0
ENDBLK
  5
1ADF
330
1ADD
100
AcDbEntity
  8
0
100
AcDbBlockEnd
  0
BLOCK
  5
1B9C
330
1B9B
100
AcDbEntity
  8
0
100
AcDbBlockBegin
  2
*D107
 70
     1
 10
0.0
 20
0.0
 30
0.0
  3
*D107
  1

  0
LINE
  5
1BC2
330
1B9B
100
AcDbEntity
  8
A-DIMS-INSD
 62
     0
440
 16777216
370
    -2
100
AcDbLine
 10
8331.934110724686
 20
1966.52723308113
 30
0.0
 11
8331.934110724686
 21
1957.52723308113
 31
0.0
  0
LINE
  5
1BC3
330
1B9B
100
AcDbEntity
  8
A-DIMS-INSD
 62
     0
440
 16777216
370
    -2
100
AcDbLine
 10
8294.817075650586
 20
1966.52723308113
 30
0.0
 11
8294.817075650586
 21
1957.52723308113
 31
0.0
  0
LINE
  5
1BC4
330
1B9B
100
AcDbEntity
  8
A-DIMS-INSD
 62
     0
440
 16777216
370
    -2
100
AcDbLine
 10
8331.934110724686
 20
1962.52723308113
 30
0.0
 11
8294.817075650586
 21
1962.52723308113
 31
0.0
  0
LINE
  5
1BC5
330
1B9B
100
AcDbEntity
  8
A-DIMS-INSD
 62
     0
440
 16777216
370
    -2
100
AcDbLine
 10
8294.817075650586
 20
1962.52723308113
 30
0.0
 11
8288.817075650586
 21
1962.52723308113
 31
0.0
  0
INSERT
  5
1BC6
330
1B9B
100
AcDbEntity
  8
A-DIMS-INSD
 62
     0
440
 16777216
370
    -2
100
AcDbBlockReference
  2
_Oblique
 10
8331.934110724686
 20
1962.52723308113
 30
0.0
 41
6.0
 42
6.0
 43
6.0
  0
INSERT
  5
1BC7
330
1B9B
100
AcDbEntity
  8
A-DIMS-INSD
 62
     0
440
 16777216
370
    -2
100
AcDbBlockReference
  2
_Oblique
 10
8294.817075650586
 20
1962.52723308113
 30
0.0
 41
6.0
 42
6.0
 43
6.0
 50
180.0
  0
MTEXT
  5
1BC8
330
1B9B
100
AcDbEntity
  8
A-DIMS-INSD
 62
     0
440
 16777216
100
AcDbMText
 10
8269.499203890694
 20
1962.52723308113
 30
0.0
 40
10.0
 41
0.0
 46
0.0
 71
     5
 72
     1
  1
37,12
 73
     1
 44
1.0
  0
POINT
  5
1BC9
330
1B9B
100
AcDbEntity
  8
Defpoints
 62
     0
440
 16777216
100
AcDbPoint
 10
8331.934110724686
 20
2099.200091713684
 30
0.0
  0
POINT
  5
1BCA
330
1B9B
100
AcDbEntity
  8
Defpoints
 62
     0
440
 16777216
100
AcDbPoint
 10
8294.817075650586
 20
2063.200091713708
 30
0.0
  0
POINT
  5
1BCB
330
1B9B
100
AcDbEntity
  8
Defpoints
 62
     0
440
 16777216
100
AcDbPoint
 10
8294.817075650586
 20
1962.52723308113
 30
0.0
  0
ENDBLK
  5
1B9D
330
1B9B
100
AcDbEntity
  8
0
100
AcDbBlockEnd
  0
BLOCK
  5
1BB6
330
1BB5
100
AcDbEntity
  8
0
100
AcDbBlockBegin
  2
*D108
 70
     1
 10
0.0
 20
0.0
 30
0.0
  3
*D108
  1

  0
LINE
  5
1BB8
330
1BB5
100
AcDbEntity
  8
A-DIMS-INSD
 62
     0
440
 16777216
370
    -2
100
AcDbLine
 10
8749.286121293847
 20
2141.055301085617
 30
0.0
 11
8749.286121293847
 21
2150.055301085616
 31
0.0
  0
LINE
  5
1BB9
330
1BB5
100
AcDbEntity
  8
A-DIMS-INSD
 62
     0
440
 16777216
370
    -2
100
AcDbLine
 10
8712.152382621896
 20
2141.055301085617
 30
0.0
 11
8712.152382621896
 21
2150.055301085616
 31
0.0
  0
LINE
  5
1BBA
330
1BB5
100
AcDbEntity
  8
A-DIMS-INSD
 62
     0
440
 16777216
370
    -2
100
AcDbLine
 10
8749.286121293847
 20
2145.055301085617
 30
0.0
 11
8712.152382621896
 21
2145.055301085617
 31
0.0
  0
LINE
  5
1BBB
330
1BB5
100
AcDbEntity
  8
A-DIMS-INSD
 62
     0
440
 16777216
370
    -2
100
AcDbLine
 10
8712.152382621896
 20
2145.055301085617
 30
0.0
 11
8706.152382621896
 21
2145.055301085617
 31
0.0
  0
INSERT
  5
1BBC
330
1BB5
100
AcDbEntity
  8
A-DIMS-INSD
 62
     0
440
 16777216
370
    -2
100
AcDbBlockReference
  2
_Oblique
 10
8749.286121293847
 20
2145.055301085617
 30
0.0
 41
6.0
 42
6.0
 43
6.0
  0
INSERT
  5
1BBD
330
1BB5
100
AcDbEntity
  8
A-DIMS-INSD
 62
     0
440
 16777216
370
    -2
100
AcDbBlockReference
  2
_Oblique
 10
8712.152382621896
 20
2145.055301085617
 30
0.0
 41
6.0
 42
6.0
 43
6.0
 50
180.0
  0
MTEXT
  5
1BBE
330
1BB5
100
AcDbEntity
  8
A-DIMS-INSD
 62
     0
440
 16777216
100
AcDbMText
 10
8686.783351243997
 20
2145.055301085617
 30
0.0
 40
10.0
 41
0.0
 46
0.0
 71
     5
 72
     1
  1
37,13
 73
     1
 44
1.0
  0
POINT
  5
1BBF
330
1BB5
100
AcDbEntity
  8
Defpoints
 62
     0
440
 16777216
100
AcDbPoint
 10
8749.286121293847
 20
2105.850091713659
 30
0.0
  0
POINT
  5
1BC0
330
1BB5
100
AcDbEntity
  8
Defpoints
 62
     0
440
 16777216
100
AcDbPoint
 10
8712.152382621896
 20
2069.600091713659
 30
0.0
  0
POINT
  5
1BC1
330
1BB5
100
AcDbEntity
  8
Defpoints
 62
     0
440
 16777216
100
AcDbPoint
 10
8712.152382621896
 20
2145.055301085617
 30
0.0
  0
ENDBLK
  5
1BB7
330
1BB5
100
AcDbEntity
  8
0
100
AcDbBlockEnd
  0
BLOCK
  5
1BD2
330
1BD1
100
AcDbEntity
  8
0
100
AcDbBlockBegin
  2
*U109
 70
     1
 10
0.0
 20
0.0
 30
0.0
  3
*U109
  1

  0
CIRCLE
  5
1BD3
330
1BD1
100
AcDbEntity
  8
0
 62
     0
100
AcDbCircle
 10
0.0
 20
0.0
 30
0.0
 40
3.499999999999998
  0
ENDBLK
  5
1BD4
330
1BD1
100
AcDbEntity
  8
0
100
AcDbBlockEnd
  0
BLOCK
  5
1BD8
330
1BD7
100
AcDbEntity
  8
0
100
AcDbBlockBegin
  2
*U111
 70
     1
 10
0.0
 20
0.0
 30
0.0
  3
*U111
  1

  0
INSERT
  5
1BD9
330
1BD7
100
AcDbEntity
  8
0
  6
ByBlock
347
97
 62
     0
440
 16777216
370
    -2
380
     1
100
AcDbBlockReference
  2
*U109
 10
5974.593804722621
 20
164.1000917136594
 30
0.0
 50
90.0
  0
INSERT
  5
1BDA
330
1BD7
100
AcDbEntity
  8
0
  6
ByBlock
347
97
 62
     0
440
 16777216
370
    -2
380
     1
100
AcDbBlockReference
  2
*U109
 10
5974.593804722621
 20
745.7667583803258
 30
0.0
 50
90.0
  0
INSERT
  5
1BDB
330
1BD7
100
AcDbEntity
  8
0
  6
ByBlock
347
97
 62
     0
440
 16777216
370
    -2
380
     1
100
AcDbBlockReference
  2
*U109
 10
5974.593804722621
 20
1327.433425046992
 30
0.0
 50
90.0
  0
INSERT
  5
1BDC
330
1BD7
100
AcDbEntity
  8
0
  6
ByBlock
347
97
 62
     0
440
 16777216
370
    -2
380
     1
100
AcDbBlockReference
  2
*U109
 10
5974.593804722621
 20
1909.100091713659
 30
0.0
 50
90.0
  0
ENDBLK
  5
1BDD
330
1BD7
100
AcDbEntity
  8
0
100
AcDbBlockEnd
  0
BLOCK
  5
1BF2
330
1BF1
100
AcDbEntity
  8
0
100
AcDbBlockBegin
  2
*D112
 70
     1
 10
0.0
 20
0.0
 30
0.0
  3
*D112
  1

  0
LINE
  5
1BFF
330
1BF1
100
AcDbEntity
  8
A-DIMS-INSD
 62
     0
440
 16777216
370
    -2
100
AcDbLine
 10
8144.122659932042
 20
-12.28901629123174
 30
0.0
 11
8144.122659932042
 21
-21.28901629123175
 31
0.0
  0
LINE
  5
1C00
330
1BF1
100
AcDbEntity
  8
A-DIMS-INSD
 62
     0
440
 16777216
370
    -2
100
AcDbLine
 10
8235.583005502386
 20
-12.28901629123174
 30
0.0
 11
8235.583005502386
 21
-21.28901629123175
 31
0.0
  0
LINE
  5
1C01
330
1BF1
100
AcDbEntity
  8
A-DIMS-INSD
 62
     0
440
 16777216
370
    -2
100
AcDbLine
 10
8144.122659932042
 20
-16.28901629123174
 30
0.0
 11
8170.483801339313
 21
-16.28901629123174
 31
0.0
  0
LINE
  5
1C02
330
1BF1
100
AcDbEntity
  8
A-DIMS-INSD
 62
     0
440
 16777216
370
    -2
100
AcDbLine
 10
8235.583005502386
 20
-16.28901629123174
 30
0.0
 11
8209.221864095113
 21
-16.28901629123174
 31
0.0
  0
INSERT
  5
1C03
330
1BF1
100
AcDbEntity
  8
A-DIMS-INSD
 62
     0
440
 16777216
370
    -2
100
AcDbBlockReference
  2
_Oblique
 10
8144.122659932042
 20
-16.28901629123174
 30
0.0
 41
6.0
 42
6.0
 43
6.0
 50
180.0
  0
INSERT
  5
1C04
330
1BF1
100
AcDbEntity
  8
A-DIMS-INSD
 62
     0
440
 16777216
370
    -2
100
AcDbBlockReference
  2
_Oblique
 10
8235.583005502386
 20
-16.28901629123174
 30
0.0
 41
6.0
 42
6.0
 43
6.0
  0
MTEXT
  5
1C05
330
1BF1
100
AcDbEntity
  8
A-DIMS-INSD
 62
     0
440
 16777216
100
AcDbMText
 10
8189.852832717212
 20
-16.28901629123174
 30
0.0
 40
10.0
 41
0.0
 46
0.0
 71
     5
 72
     1
  1
91,46
 73
     1
 44
1.0
  0
POINT
  5
1C06
330
1BF1
100
AcDbEntity
  8
Defpoints
 62
     0
440
 16777216
100
AcDbPoint
 10
8144.122659932042
 20
14.10009171365891
 30
0.0
  0
POINT
  5
1C07
330
1BF1
100
AcDbEntity
  8
Defpoints
 62
     0
440
 16777216
100
AcDbPoint
 10
8235.583005502386
 20
14.10009171365891
 30
0.0
  0
POINT
  5
1C08
330
1BF1
100
AcDbEntity
  8
Defpoints
 62
     0
440
 16777216
100
AcDbPoint
 10
8235.583005502386
 20
-16.28901629123174
 30
0.0
  0
ENDBLK
  5
1BF3
330
1BF1
100
AcDbEntity
  8
0
100
AcDbBlockEnd
  0
BLOCK
  5
1C0C
330
1C0B
100
AcDbEntity
  8
0
100
AcDbBlockBegin
  2
*D113
 70
     1
 10
0.0
 20
0.0
 30
0.0
  3
*D113
  1

  0
LINE
  5
1C0E
330
1C0B
100
AcDbEntity
  8
A-DIMS-INSD
 62
     0
440
 16777216
370
    -2
100
AcDbLine
 10
8183.645837619334
 20
2272.472543298323
 30
0.0
 11
8183.645837619334
 21
2281.472543298324
 31
0.0
  0
LINE
  5
1C0F
330
1C0B
100
AcDbEntity
  8
A-DIMS-INSD
 62
     0
440
 16777216
370
    -2
100
AcDbLine
 10
8130.645837619333
 20
2272.472543298323
 30
0.0
 11
8130.645837619333
 21
2281.472543298324
 31
0.0
  0
LINE
  5
1C10
330
1C0B
100
AcDbEntity
  8
A-DIMS-INSD
 62
     0
440
 16777216
370
    -2
100
AcDbLine
 10
8183.645837619334
 20
2276.472543298323
 30
0.0
 11
8166.80818414048
 21
2276.472543298323
 31
0.0
  0
LINE
  5
1C11
330
1C0B
100
AcDbEntity
  8
A-DIMS-INSD
 62
     0
440
 16777216
370
    -2
100
AcDbLine
 10
8130.645837619333
 20
2276.472543298323
 30
0.0
 11
8147.483491098187
 21
2276.472543298323
 31
0.0
  0
INSERT
  5
1C12
330
1C0B
100
AcDbEntity
  8
A-DIMS-INSD
 62
     0
440
 16777216
370
    -2
100
AcDbBlockReference
  2
_Oblique
 10
8183.645837619334
 20
2276.472543298323
 30
0.0
 41
6.0
 42
6.0
 43
6.0
  0
INSERT
  5
1C13
330
1C0B
100
AcDbEntity
  8
A-DIMS-INSD
 62
     0
440
 16777216
370
    -2
100
AcDbBlockReference
  2
_Oblique
 10
8130.645837619333
 20
2276.472543298323
 30
0.0
 41
6.0
 42
6.0
 43
6.0
 50
180.0
  0
MTEXT
  5
1C14
330
1C0B
100
AcDbEntity
  8
A-DIMS-INSD
 62
     0
440
 16777216
100
AcDbMText
 10
8157.145837619333
 20
2276.472543298323
 30
0.0
 40
10.0
 41
0.0
 46
0.0
 71
     5
 72
     1
  1
53
 73
     1
 44
1.0
  0
POINT
  5
1C15
330
1C0B
100
AcDbEntity
  8
Defpoints
 62
     0
440
 16777216
100
AcDbPoint
 10
8183.645837619334
 20
2264.137428090558
 30
0.0
  0
POINT
  5
1C16
330
1C0B
100
AcDbEntity
  8
Defpoints
 62
     0
440
 16777216
100
AcDbPoint
 10
8130.645837619333
 20
2264.137428090558
 30
0.0
  0
POINT
  5
1C17
330
1C0B
100
AcDbEntity
  8
Defpoints
 62
     0
440
 16777216
100
AcDbPoint
 10
8130.645837619333
 20
2276.472543298323
 30
0.0
  0
ENDBLK
  5
1C0D
330
1C0B
100
AcDbEntity
  8
0
100
AcDbBlockEnd
  0
BLOCK
  5
1C27
330
1C26
100
AcDbEntity
  8
0
100
AcDbBlockBegin
  2
*D114
 70
     1
 10
0.0
 20
0.0
 30
0.0
  3
*D114
  1

  0
LINE
  5
1C3F
330
1C26
100
AcDbEntity
  8
A-DIMS-INSD
 62
     0
440
 16777216
370
    -2
100
AcDbLine
 10
8182.462659932042
 20
53.95560281650251
 30
0.0
 11
8182.462659932042
 21
62.9556028165025
 31
0.0
  0
LINE
  5
1C40
330
1C26
100
AcDbEntity
  8
A-DIMS-INSD
 62
     0
440
 16777216
370
    -2
100
AcDbLine
 10
8235.583005502386
 20
53.95560281650251
 30
0.0
 11
8235.583005502386
 21
62.9556028165025
 31
0.0
  0
LINE
  5
1C41
330
1C26
100
AcDbEntity
  8
A-DIMS-INSD
 62
     0
440
 16777216
370
    -2
100
AcDbLine
 10
8182.462659932042
 20
57.9556028165025
 30
0.0
 11
8189.701550316122
 21
57.9556028165025
 31
0.0
  0
LINE
  5
1C42
330
1C26
100
AcDbEntity
  8
A-DIMS-INSD
 62
     0
440
 16777216
370
    -2
100
AcDbLine
 10
8235.583005502386
 20
57.9556028165025
 30
0.0
 11
8228.344115118305
 21
57.9556028165025
 31
0.0
  0
INSERT
  5
1C43
330
1C26
100
AcDbEntity
  8
A-DIMS-INSD
 62
     0
440
 16777216
370
    -2
100
AcDbBlockReference
  2
_Oblique
 10
8182.462659932042
 20
57.9556028165025
 30
0.0
 41
6.0
 42
6.0
 43
6.0
 50
180.0
  0
INSERT
  5
1C44
330
1C26
100
AcDbEntity
  8
A-DIMS-INSD
 62
     0
440
 16777216
370
    -2
100
AcDbBlockReference
  2
_Oblique
 10
8235.583005502386
 20
57.9556028165025
 30
0.0
 41
6.0
 42
6.0
 43
6.0
  0
MTEXT
  5
1C45
330
1C26
100
AcDbEntity
  8
A-DIMS-INSD
 62
     0
440
 16777216
100
AcDbMText
 10
8209.022832717215
 20
57.9556028165025
 30
0.0
 40
10.0
 41
0.0
 46
0.0
 71
     5
 72
     1
  1
53,12
 73
     1
 44
1.0
  0
POINT
  5
1C46
330
1C26
100
AcDbEntity
  8
Defpoints
 62
     0
440
 16777216
100
AcDbPoint
 10
8182.462659932042
 20
14.10009171365891
 30
0.0
  0
POINT
  5
1C47
330
1C26
100
AcDbEntity
  8
Defpoints
 62
     0
440
 16777216
100
AcDbPoint
 10
8235.583005502386
 20
14.10009171365891
 30
0.0
  0
POINT
  5
1C48
330
1C26
100
AcDbEntity
  8
Defpoints
 62
     0
440
 16777216
100
AcDbPoint
 10
8235.583005502386
 20
57.9556028165025
 30
0.0
  0
ENDBLK
  5
1C28
330
1C26
100
AcDbEntity
  8
0
100
AcDbBlockEnd
  0
BLOCK
  5
1C95
330
1C94
100
AcDbEntity
  8
0
100
AcDbBlockBegin
  2
*U115
 70
     1
 10
0.0
 20
0.0
 30
0.0
  3
*U115
  1

  0
CIRCLE
  5
1C96
330
1C94
100
AcDbEntity
  8
0
 62
     0
100
AcDbCircle
 10
0.0
 20
0.0
 30
0.0
 40
3.499999999999998
  0
ENDBLK
  5
1C97
330
1C94
100
AcDbEntity
  8
0
100
AcDbBlockEnd
  0
BLOCK
  5
1C9B
330
1C9A
100
AcDbEntity
  8
0
100
AcDbBlockBegin
  2
*U117
 70
     1
 10
0.0
 20
0.0
 30
0.0
  3
*U117
  1

  0
INSERT
  5
1C9C
330
1C9A
100
AcDbEntity
  8
0
  6
ByBlock
347
97
 62
     0
440
 16777216
370
    -2
380
     1
100
AcDbBlockReference
  2
*U115
 10
5974.593804722621
 20
164.1000917136594
 30
0.0
 50
90.0
  0
INSERT
  5
1C9D
330
1C9A
100
AcDbEntity
  8
0
  6
ByBlock
347
97
 62
     0
440
 16777216
370
    -2
380
     1
100
AcDbBlockReference
  2
*U115
 10
5974.593804722621
 20
745.7667583803258
 30
0.0
 50
90.0
  0
INSERT
  5
1C9E
330
1C9A
100
AcDbEntity
  8
0
  6
ByBlock
347
97
 62
     0
440
 16777216
370
    -2
380
     1
100
AcDbBlockReference
  2
*U115
 10
5974.593804722621
 20
1327.433425046992
 30
0.0
 50
90.0
  0
INSERT
  5
1C9F
330
1C9A
100
AcDbEntity
  8
0
  6
ByBlock
347
97
 62
     0
440
 16777216
370
    -2
380
     1
100
AcDbBlockReference
  2
*U115
 10
5974.593804722621
 20
1909.100091713659
 30
0.0
 50
90.0
  0
ENDBLK
  5
1CA0
330
1C9A
100
AcDbEntity
  8
0
100
AcDbBlockEnd
  0
ENDSEC
  0
SECTION
  2
ENTITIES
  0
LINE
  5
14B8
330
1F
100
AcDbEntity
  8
0
100
AcDbLine
 10
9596.999401007355
 20
2111.700091713684
 30
0.0
 11
9596.999401007355
 21
2108.700091713684
 31
0.0
  0
LINE
  5
14B9
330
1F
100
AcDbEntity
  8
0
100
AcDbLine
 10
9559.882365933255
 20
2075.700091713706
 30
0.0
 11
9559.882365933255
 21
2072.700091713708
 31
0.0
  0
LINE
  5
14BA
330
1F
100
AcDbEntity
  8
0
100
AcDbLine
 10
9500.648295785055
 20
2058.900091713659
 30
0.0
 11
9500.648295785055
 21
2055.90009171366
 31
0.0
  0
LINE
  5
14BF
330
1F
100
AcDbEntity
  8
0
100
AcDbLine
 10
9514.265330859155
 20
2058.900091713659
 30
0.0
 11
9514.265330859155
 21
2057.900091713659
 31
0.0
  0
LWPOLYLINE
  5
14C4
330
1F
100
AcDbEntity
  8
0
  6
Continuous
 62
     7
370
    25
100
AcDbPolyline
 90
        4
 70
     1
 43
0.0
 10
10445.20622163729
 20
348.6007132554892
 10
10433.20622163729
 20
348.6007132554892
 10
10433.20622163729
 20
346.4007132554889
 10
10445.20622163729
 20
346.4007132554889
  0
LWPOLYLINE
  5
14C5
330
1F
100
AcDbEntity
  8
0
  6
Continuous
 62
     7
370
    25
100
AcDbPolyline
 90
        4
 70
     1
 43
0.0
 10
10433.20622163729
 20
1231.000713255488
 10
10445.20622163729
 20
1231.000713255488
 10
10445.20622163729
 20
1228.800713255488
 10
10433.20622163729
 20
1228.800713255488
  0
LWPOLYLINE
  5
14C8
330
1F
100
AcDbEntity
  8
0
  6
Continuous
 62
     7
370
    25
100
AcDbPolyline
 90
        4
 70
     1
 43
0.0
 10
10500.89194703356
 20
1248.800713255488
 10
10512.89194703356
 20
1248.800713255488
 10
10512.89194703356
 20
1251.000713255488
 10
10500.89194703356
 20
1251.000713255488
  0
LWPOLYLINE
  5
14C9
330
1F
100
AcDbEntity
  8
0
  6
Continuous
 62
     7
370
    25
100
AcDbPolyline
 90
        4
 70
     1
 43
0.0
 10
10511.99194703356
 20
326.5007132554888
 10
10501.79194703356
 20
326.5007132554888
 10
10501.79194703356
 20
328.5007132554888
 10
10511.99194703356
 20
328.5007132554888
  0
LINE
  5
14CA
330
1F
100
AcDbEntity
  8
0
100
AcDbLine
 10
10562.11749964476
 20
1286.800713255511
 30
0.0
 11
10562.11749964476
 21
1281.800713255511
 31
0.0
  0
LINE
  5
14CB
330
1F
100
AcDbEntity
  8
0
100
AcDbLine
 10
10525.00046457066
 20
1250.800713255535
 30
0.0
 11
10525.00046457066
 21
1245.800713255535
 31
0.0
  0
LINE
  5
14CC
330
1F
100
AcDbEntity
  8
0
100
AcDbLine
 10
10479.38342949656
 20
1259.000713255488
 30
0.0
 11
10479.38342949656
 21
1258.000713255488
 31
0.0
  0
LINE
  5
14CD
330
1F
100
AcDbEntity
  8
0
100
AcDbLine
 10
10465.76639442246
 20
1259.000713255488
 30
0.0
 11
10465.76639442246
 21
1254.000713255488
 31
0.0
  0
LINE
  5
14D2
330
1F
100
AcDbEntity
  8
0
100
AcDbLine
 10
10562.11749964476
 20
290.600713255465
 30
0.0
 11
10562.11749964476
 21
295.600713255465
 31
0.0
  0
LINE
  5
14D3
330
1F
100
AcDbEntity
  8
0
100
AcDbLine
 10
10525.00046457066
 20
326.6007132554419
 30
0.0
 11
10525.00046457066
 21
331.600713255441
 31
0.0
  0
LINE
  5
14D4
330
1F
100
AcDbEntity
  8
0
100
AcDbLine
 10
10479.38342949656
 20
318.4007132554889
 30
0.0
 11
10479.38342949656
 21
319.4007132554889
 31
0.0
  0
LINE
  5
14D5
330
1F
100
AcDbEntity
  8
0
100
AcDbLine
 10
10465.76639442246
 20
318.4007132554889
 30
0.0
 11
10465.76639442246
 21
323.4007132554889
 31
0.0
  0
LINE
  5
1B8E
330
1F
100
AcDbEntity
  8
0
100
AcDbLine
 10
9514.265330859155
 20
14.10009171365891
 30
0.0
 11
9514.265330859155
 21
15.10009171365891
 31
0.0
  0
LINE
  5
1B8F
330
1F
100
AcDbEntity
  8
0
100
AcDbLine
 10
9500.648295785055
 20
14.10009171365891
 30
0.0
 11
9500.648295785055
 21
17.10009171365891
 31
0.0
  0
LINE
  5
1B90
330
1F
100
AcDbEntity
  8
0
100
AcDbLine
 10
9559.882365933255
 20
14.10009171365891
 30
0.0
 11
9559.882365933255
 21
17.10009171365891
 31
0.0
  0
LINE
  5
1B91
330
1F
100
AcDbEntity
  8
0
100
AcDbLine
 10
9596.999401007355
 20
14.10009171365891
 30
0.0
 11
9596.999401007355
 21
17.10009171365891
 31
0.0
  0
LINE
  5
1B94
330
1F
100
AcDbEntity
  8
0
100
AcDbLine
 10
9351.176844992412
 20
2111.700091713684
 30
0.0
 11
9351.176844992412
 21
2108.700091713684
 31
0.0
  0
LINE
  5
1B95
330
1F
100
AcDbEntity
  8
0
100
AcDbLine
 10
9388.293880066511
 20
2075.700091713706
 30
0.0
 11
9388.293880066511
 21
2072.700091713708
 31
0.0
  0
LINE
  5
1B96
330
1F
100
AcDbEntity
  8
0
100
AcDbLine
 10
9447.527950214711
 20
2058.900091713659
 30
0.0
 11
9447.527950214711
 21
2055.90009171366
 31
0.0
  0
LINE
  5
1B97
330
1F
100
AcDbEntity
  8
0
100
AcDbLine
 10
9433.910915140613
 20
2058.900091713659
 30
0.0
 11
9433.910915140613
 21
2057.900091713659
 31
0.0
  0
INSERT
  5
1BD0
102
{ACAD_REACTORS
330
1BE2
102
}
330
1F
100
AcDbEntity
  8
0
100
AcDbBlockReference
  2
*U111
 10
3499.494318277263
 20
-0.1999999999998394
 30
0.0
  0
LWPOLYLINE
  5
1BEB
330
1F
100
AcDbEntity
  8
0
100
AcDbPolyline
 90
        8
 70
     1
 43
0.0
 10
9549.498627261259
 20
1108.350091713659
 10
9549.498627261259
 20
1016.350091713659
 10
9524.998627261259
 20
1016.350091713659
 10
9524.998627261259
 20
1186.850091713659
 10
9549.498627261259
 20
1186.850091713659
 10
9549.498627261259
 20
1174.850091713659
 10
9560.482365933244
 20
1174.850091713659
 10
9560.482365933244
 20
1108.350091713659
  0
LINE
  5
1BEC
330
1F
100
AcDbEntity
  8
0
100
AcDbLine
 10
9433.910915140613
 20
14.10009171365891
 30
0.0
 11
9433.910915140613
 21
15.10009171365891
 31
0.0
  0
LINE
  5
1BED
330
1F
100
AcDbEntity
  8
0
100
AcDbLine
 10
9447.527950214711
 20
14.10009171365891
 30
0.0
 11
9447.527950214711
 21
17.10009171365891
 31
0.0
  0
LINE
  5
1BEE
330
1F
100
AcDbEntity
  8
0
100
AcDbLine
 10
9388.293880066511
 20
14.10009171365891
 30
0.0
 11
9388.293880066511
 21
17.10009171365891
 31
0.0
  0
LINE
  5
1BEF
330
1F
100
AcDbEntity
  8
0
100
AcDbLine
 10
9351.176844992412
 20
14.10009171365891
 30
0.0
 11
9351.176844992412
 21
17.10009171365891
 31
0.0
  0
LWPOLYLINE
  5
1C71
330
1F
100
AcDbEntity
  8
0
100
AcDbPolyline
 90
       34
 70
     1
 43
0.0
 10
9536.773848396155
 20
2073.900091713659
 10
9515.173848396155
 20
2073.900091713659
 10
9515.173848396155
 20
2058.900091713659
 10
9479.088122999883
 20
2058.900091713659
 10
9479.088122999883
 20
2067.900091713659
 10
9476.088122999883
 20
2070.900091713659
 10
9472.088122999883
 20
2070.900091713659
 10
9469.088122999883
 20
2067.900091713659
 10
9469.088122999883
 20
2058.900091713659
 10
9433.002397603614
 20
2058.900091713659
 10
9433.002397603614
 20
2073.900091713659
 10
9411.402397603614
 20
2073.900091713659
 10
9411.402397603614
 20
2082.900091713659
 10
9408.402397603614
 20
2085.90009171366
 10
9404.402397603613
 20
2085.90009171366
 10
9401.402397603613
 20
2082.900091713659
 10
9401.402397603613
 20
2073.900091713659
 10
9390.202397603614
 20
2073.900091713659
 10
9386.385362529512
 20
2077.50009171366
 10
9353.085362529514
 20
2110.80009171366
 10
9349.268327455412
 20
2112.600091713659
 10
9337.618327455414
 20
2112.600091713659
 10
9337.618327455414
 20
14.10009171365891
 10
9610.557918544355
 20
14.10009171365891
 10
9610.557918544355
 20
2112.600091713659
 10
9598.907918544355
 20
2112.600091713659
 10
9595.090883470254
 20
2110.80009171366
 10
9561.790883470257
 20
2077.50009171366
 10
9557.973848396157
 20
2073.900091713659
 10
9546.773848396155
 20
2073.900091713659
 10
9546.773848396155
 20
2082.900091713659
 10
9543.773848396154
 20
2085.90009171366
 10
9539.773848396155
 20
2085.90009171366
 10
9536.773848396155
 20
2082.900091713659
  0
LINE
  5
1C81
330
1F
100
AcDbEntity
  8
0
100
AcDbLine
 10
8740.358226551647
 20
2111.700091713684
 30
0.0
 11
8740.358226551647
 21
2108.700091713684
 31
0.0
  0
LINE
  5
1C82
330
1F
100
AcDbEntity
  8
0
100
AcDbLine
 10
8777.475261625747
 20
2075.700091713706
 30
0.0
 11
8777.475261625747
 21
2072.700091713708
 31
0.0
  0
LINE
  5
1C83
330
1F
100
AcDbEntity
  8
0
100
AcDbLine
 10
8836.709331773947
 20
2058.900091713659
 30
0.0
 11
8836.709331773947
 21
2055.90009171366
 31
0.0
  0
LINE
  5
1C84
330
1F
100
AcDbEntity
  8
0
100
AcDbLine
 10
8823.092296699847
 20
2058.900091713659
 30
0.0
 11
8823.092296699847
 21
2057.900091713659
 31
0.0
  0
LINE
  5
1C85
330
1F
100
AcDbEntity
  8
0
100
AcDbLine
 10
8823.092296699847
 20
14.10009171365891
 30
0.0
 11
8823.092296699847
 21
15.10009171365891
 31
0.0
  0
LINE
  5
1C86
330
1F
100
AcDbEntity
  8
0
100
AcDbLine
 10
8836.709331773947
 20
14.10009171365891
 30
0.0
 11
8836.709331773947
 21
17.10009171365891
 31
0.0
  0
LINE
  5
1C87
330
1F
100
AcDbEntity
  8
0
100
AcDbLine
 10
8777.475261625747
 20
14.10009171365891
 30
0.0
 11
8777.475261625747
 21
17.10009171365891
 31
0.0
  0
LINE
  5
1C88
330
1F
100
AcDbEntity
  8
0
100
AcDbLine
 10
8740.358226551647
 20
14.10009171365891
 30
0.0
 11
8740.358226551647
 21
17.10009171365891
 31
0.0
  0
LINE
  5
1C89
330
1F
100
AcDbEntity
  8
0
100
AcDbLine
 10
8986.18078256659
 20
2111.700091713684
 30
0.0
 11
8986.18078256659
 21
2108.700091713684
 31
0.0
  0
LINE
  5
1C8A
330
1F
100
AcDbEntity
  8
0
100
AcDbLine
 10
8949.063747492493
 20
2075.700091713706
 30
0.0
 11
8949.063747492493
 21
2072.700091713708
 31
0.0
  0
LINE
  5
1C8B
330
1F
100
AcDbEntity
  8
0
100
AcDbLine
 10
8889.829677344291
 20
2058.900091713659
 30
0.0
 11
8889.829677344291
 21
2055.90009171366
 31
0.0
  0
LINE
  5
1C8C
330
1F
100
AcDbEntity
  8
0
100
AcDbLine
 10
8903.446712418391
 20
2058.900091713659
 30
0.0
 11
8903.446712418391
 21
2057.900091713659
 31
0.0
  0
INSERT
  5
1C8D
102
{ACAD_REACTORS
330
1CA5
102
}
330
1F
100
AcDbEntity
  8
0
100
AcDbBlockReference
  2
*U117
 10
14837.86330928174
 20
-0.1999999999998394
 30
0.0
 41
-1.0
  0
LINE
  5
1C8F
330
1F
100
AcDbEntity
  8
0
100
AcDbLine
 10
8903.446712418391
 20
14.10009171365891
 30
0.0
 11
8903.446712418391
 21
15.10009171365891
 31
0.0
  0
LINE
  5
1C90
330
1F
100
AcDbEntity
  8
0
100
AcDbLine
 10
8889.829677344291
 20
14.10009171365891
 30
0.0
 11
8889.829677344291
 21
17.10009171365891
 31
0.0
  0
LINE
  5
1C91
330
1F
100
AcDbEntity
  8
0
100
AcDbLine
 10
8949.063747492493
 20
14.10009171365891
 30
0.0
 11
8949.063747492493
 21
17.10009171365891
 31
0.0
  0
LINE
  5
1C92
330
1F
100
AcDbEntity
  8
0
100
AcDbLine
 10
8986.18078256659
 20
14.10009171365891
 30
0.0
 11
8986.18078256659
 21
17.10009171365891
 31
0.0
  0
LWPOLYLINE
  5
1C93
330
1F
100
AcDbEntity
  8
0
100
AcDbPolyline
 90
       34
 70
     1
 43
0.0
 10
8800.583779162847
 20
2073.900091713659
 10
8822.183779162847
 20
2073.900091713659
 10
8822.183779162847
 20
2058.900091713659
 10
8858.269504559119
 20
2058.900091713659
 10
8858.269504559119
 20
2067.900091713659
 10
8861.269504559119
 20
2070.900091713659
 10
8865.269504559119
 20
2070.900091713659
 10
8868.269504559119
 20
2067.900091713659
 10
8868.269504559119
 20
2058.900091713659
 10
8904.355229955388
 20
2058.900091713659
 10
8904.355229955388
 20
2073.900091713659
 10
8925.955229955389
 20
2073.900091713659
 10
8925.955229955389
 20
2082.900091713659
 10
8928.95522995539
 20
2085.90009171366
 10
8932.955229955389
 20
2085.90009171366
 10
8935.955229955389
 20
2082.900091713659
 10
8935.955229955389
 20
2073.900091713659
 10
8947.15522995539
 20
2073.900091713659
 10
8950.97226502949
 20
2077.50009171366
 10
8984.272265029488
 20
2110.80009171366
 10
8988.08930010359
 20
2112.600091713659
 10
8999.739300103589
 20
2112.600091713659
 10
8999.739300103589
 20
14.10009171365891
 10
8726.799709014647
 20
14.10009171365891
 10
8726.799709014647
 20
2112.600091713659
 10
8738.449709014647
 20
2112.600091713659
 10
8742.266744088748
 20
2110.80009171366
 10
8775.566744088747
 20
2077.50009171366
 10
8779.383779162847
 20
2073.900091713659
 10
8790.583779162847
 20
2073.900091713659
 10
8790.583779162847
 20
2082.900091713659
 10
8793.583779162847
 20
2085.90009171366
 10
8797.583779162847
 20
2085.90009171366
 10
8800.583779162847
 20
2082.900091713659
  0
CIRCLE
  5
1CAD
330
1F
100
AcDbEntity
  8
0
100
AcDbCircle
 10
8803.908969633942
 20
1408.939647423485
 30
0.0
 40
2.0
  0
CIRCLE
  5
1CAE
330
1F
100
AcDbEntity
  8
0
100
AcDbCircle
 10
8803.908969633942
 20
1338.939647423485
 30
0.0
 40
2.0
  0
LWPOLYLINE
  5
1CAF
330
1F
100
AcDbEntity
  8
0
100
AcDbPolyline
 90
        4
 70
     1
 43
0.0
 10
8775.675261625933
 20
266.1000917136589
 10
8807.175261625934
 20
266.1000917136589
 10
8807.175261625934
 20
164.1000917136589
 10
8775.675261625933
 20
164.1000917136589
  0
LWPOLYLINE
  5
1CB0
330
1F
100
AcDbEntity
  8
0
100
AcDbPolyline
 90
        4
 70
     1
 43
0.0
 10
8775.658392289747
 20
1924.100091713659
 10
8807.158392289748
 20
1924.100091713659
 10
8807.158392289748
 20
1822.100091713659
 10
8775.658392289747
 20
1822.100091713659
  0
LWPOLYLINE
  5
1CB1
330
1F
100
AcDbEntity
  8
0
100
AcDbPolyline
 90
        4
 70
     1
 43
0.0
 10
8775.658392289747
 20
1574.100091713659
 10
8807.158392289748
 20
1574.100091713659
 10
8807.158392289748
 20
1472.100091713659
 10
8775.658392289747
 20
1472.100091713659
  0
LWPOLYLINE
  5
1CB2
330
1F
100
AcDbEntity
  8
0
100
AcDbPolyline
 90
        4
 70
     1
 43
0.0
 10
8775.666826957841
 20
920.1000917136589
 10
8807.166826957841
 20
920.1000917136589
 10
8807.166826957841
 20
818.1000917136589
 10
8775.666826957841
 20
818.1000917136589
  0
LWPOLYLINE
  5
1CBF
330
1F
100
AcDbEntity
  8
0
  6
Continuous
 62
     7
370
    25
100
AcDbPolyline
 90
       26
 70
     1
 43
0.0
 10
10439.20622163729
 20
1259.000713255488
 10
10513.09194703356
 20
1259.000713255488
 10
10523.09194703356
 20
1249.000713255488
 10
10526.90898210766
 20
1252.600713255488
 10
10560.20898210766
 20
1285.900713255488
 10
10564.02601718176
 20
1287.700713255488
 10
10575.67601718176
 20
1287.700713255488
 10
10575.67601718176
 20
289.7007132554882
 10
10564.02601718176
 20
289.7007132554882
 10
10560.20898210766
 20
291.5007132554888
 10
10526.90898210766
 20
324.800713255489
 10
10523.09194703356
 20
328.4007132554889
 10
10513.09194703356
 20
318.4007132554889
 10
10439.20622163729
 20
318.4007132554889
 10
10365.32049624102
 20
318.4007132554889
 10
10355.32049624102
 20
328.4007132554889
 10
10351.50346116692
 20
324.800713255489
 10
10318.20346116692
 20
291.5007132554888
 10
10314.38642609282
 20
289.7007132554882
 10
10302.73642609282
 20
289.7007132554882
 10
10302.73642609282
 20
1287.700713255488
 10
10314.38642609282
 20
1287.700713255488
 10
10318.20346116692
 20
1285.900713255488
 10
10351.50346116692
 20
1252.600713255488
 10
10355.32049624102
 20
1249.000713255488
 10
10365.32049624102
 20
1259.000713255488
  0
LWPOLYLINE
  5
1CC0
330
1F
100
AcDbEntity
  8
0
  6
Continuous
 62
     7
370
    25
100
AcDbPolyline
 90
        4
 70
     1
 43
0.0
 10
10377.52049624102
 20
1248.800713255488
 10
10365.52049624102
 20
1248.800713255488
 10
10365.52049624102
 20
1251.000713255488
 10
10377.52049624102
 20
1251.000713255488
  0
LWPOLYLINE
  5
1CC1
330
1F
100
AcDbEntity
  8
0
  6
Continuous
 62
     7
370
    25
100
AcDbPolyline
 90
        4
 70
     1
 43
0.0
 10
10366.12049624102
 20
326.5007132554888
 10
10376.32049624102
 20
326.5007132554888
 10
10376.32049624102
 20
328.5007132554888
 10
10366.12049624102
 20
328.5007132554888
  0
LINE
  5
1CC2
330
1F
100
AcDbEntity
  8
0
100
AcDbLine
 10
10316.29494362982
 20
1286.800713255511
 30
0.0
 11
10316.29494362982
 21
1281.800713255511
 31
0.0
  0
LINE
  5
1CC3
330
1F
100
AcDbEntity
  8
0
100
AcDbLine
 10
10353.41197870392
 20
1250.800713255535
 30
0.0
 11
10353.41197870392
 21
1245.800713255535
 31
0.0
  0
LINE
  5
1CC4
330
1F
100
AcDbEntity
  8
0
100
AcDbLine
 10
10399.02901377802
 20
1259.000713255488
 30
0.0
 11
10399.02901377802
 21
1258.000713255488
 31
0.0
  0
LINE
  5
1CC5
330
1F
100
AcDbEntity
  8
0
100
AcDbLine
 10
10412.64604885212
 20
1259.000713255488
 30
0.0
 11
10412.64604885212
 21
1254.000713255488
 31
0.0
  0
LINE
  5
1CC6
330
1F
100
AcDbEntity
  8
0
100
AcDbLine
 10
10316.29494362982
 20
290.600713255465
 30
0.0
 11
10316.29494362982
 21
295.600713255465
 31
0.0
  0
LINE
  5
1CC7
330
1F
100
AcDbEntity
  8
0
100
AcDbLine
 10
10353.41197870392
 20
326.6007132554419
 30
0.0
 11
10353.41197870392
 21
331.600713255441
 31
0.0
  0
LINE
  5
1CC8
330
1F
100
AcDbEntity
  8
0
100
AcDbLine
 10
10399.02901377802
 20
318.4007132554889
 30
0.0
 11
10399.02901377802
 21
319.4007132554889
 31
0.0
  0
LINE
  5
1CC9
330
1F
100
AcDbEntity
  8
0
100
AcDbLine
 10
10412.64604885212
 20
318.4007132554889
 30
0.0
 11
10412.64604885212
 21
323.4007132554889
 31
0.0
  0
ENDSEC
  0
SECTION
  2
OBJECTS
  0
DICTIONARY
  5
C
330
0
100
AcDbDictionary
281
     1
  3
ACAD_ASSOCNETWORK
350
5E4
  3
ACAD_CIP_PREVIOUS_PRODUCT_INFO
350
1A5
  3
ACAD_COLOR
350
73
  3
ACAD_DETAILVIEWSTYLE
350
1AB
  3
ACAD_GROUP
350
D
  3
ACAD_LAYOUT
350
1A
  3
ACAD_MATERIAL
350
72
  3
ACAD_MLEADERSTYLE
350
D7
  3
ACAD_MLINESTYLE
350
17
  3
ACAD_PLOTSETTINGS
350
19
  3
ACAD_PLOTSTYLENAME
350
E
  3
ACAD_SCALELIST
350
B6
  3
ACAD_SECTIONVIEWSTYLE
350
1A8
  3
ACAD_TABLESTYLE
350
86
  3
ACAD_VISUALSTYLE
350
99
  3
ACDB_RECOMPOSE_DATA
350
1CD1
  3
ACDBVARIABLEDICTIONARY
350
1594
  0
DICTIONARY
  5
18E
330
2
100
AcDbDictionary
280
     1
281
     1
  3
ACAD_LAYERSTATES
360
18F
  0
DICTIONARY
  5
E6
330
10
100
AcDbDictionary
280
     1
281
     1
  0
DICTIONARY
  5
15D
330
1F
100
AcDbDictionary
280
     1
281
     1
  3
ACAD_ASSOCNETWORK
360
6DD
  3
ACAD_SORTENTS
360
7B0
  0
DICTIONARY
  5
5E4
102
{ACAD_REACTORS
330
C
102
}
330
C
100
AcDbDictionary
281
     1
  3
ACAD_ASSOCNETWORK
350
5E5
  0
XRECORD
  5
1A5
102
{ACAD_REACTORS
330
C
102
}
330
C
100
AcDbXrecord
280
     1
300
ACD
300
2022
300

  0
DICTIONARY
  5
73
102
{ACAD_REACTORS
330
C
102
}
330
C
100
AcDbDictionary
281
     1
  0
DICTIONARY
  5
1AB
102
{ACAD_REACTORS
330
C
102
}
330
C
100
AcDbDictionary
281
     1
  3
Imperial24
350
1AC
  3
Metric50
350
1593
  0
DICTIONARY
  5
D
102
{ACAD_REACTORS
330
C
102
}
330
C
100
AcDbDictionary
281
     1
  3
*A3
350
1CAC
  0
DICTIONARY
  5
1A
102
{ACAD_REACTORS
330
C
102
}
330
C
100
AcDbDictionary
281
     1
  3
Layout1
350
59
  3
Layout2
350
5E
  3
Model
350
22
  0
DICTIONARY
  5
72
102
{ACAD_REACTORS
330
C
102
}
330
C
100
AcDbDictionary
281
     1
  3
ByBlock
350
97
  3
ByLayer
350
96
  3
Global
350
98
  0
DICTIONARY
  5
D7
102
{ACAD_REACTORS
330
C
102
}
330
C
100
AcDbDictionary
281
     1
  3
Annotative
350
E5
  3
Standard
350
D8
  0
DICTIONARY
  5
17
102
{ACAD_REACTORS
330
C
102
}
330
C
100
AcDbDictionary
281
     1
  3
Standard
350
18
  0
DICTIONARY
  5
19
102
{ACAD_REACTORS
330
C
102
}
330
C
100
AcDbDictionary
281
     1
  0
ACDBDICTIONARYWDFLT
  5
E
102
{ACAD_REACTORS
330
C
102
}
330
C
100
AcDbDictionary
281
     1
  3
Normal
350
F
100
AcDbDictionaryWithDefault
340
F
  0
DICTIONARY
  5
B6
102
{ACAD_REACTORS
330
C
102
}
330
C
100
AcDbDictionary
281
     1
  3
A0
350
B7
  3
A1
350
124
  3
A2
350
125
  3
A3
350
126
  3
A4
350
127
  3
A5
350
128
  3
A6
350
129
  3
A7
350
12A
  3
A8
350
12B
  3
A9
350
12C
  3
B0
350
12D
  3
B1
350
12E
  3
B2
350
12F
  3
B3
350
130
  3
B4
350
131
  3
B5
350
132
  3
B6
350
133
  3
B7
350
134
  3
B8
350
135
  3
B9
350
136
  3
C0
350
137
  3
C1
350
138
  3
C2
350
139
  3
C3
350
13A
  3
C4
350
13B
  3
C5
350
13C
  3
C6
350
13D
  3
C7
350
13E
  3
C8
350
13F
  3
C9
350
140
  3
D0
350
141
  3
D1
350
142
  3
D2
350
143
  0
DICTIONARY
  5
1A8
102
{ACAD_REACTORS
330
C
102
}
330
C
100
AcDbDictionary
281
     1
  3
Imperial24
350
1AA
  3
Metric50
350
1592
  0
DICTIONARY
  5
86
102
{ACAD_REACTORS
330
C
102
}
330
C
100
AcDbDictionary
281
     1
  3
Standard
350
87
  0
DICTIONARY
  5
99
102
{ACAD_REACTORS
330
C
102
}
330
C
100
AcDbDictionary
281
     1
  3
2dWireframe
350
9F
  3
3dWireframe
350
1591
  3
Basic
350
9E
  3
Brighten
350
A5
  3
ColorChange
350
A9
  3
Conceptual
350
A2
  3
Dim
350
A4
  3
EdgeColorOff
350
175
  3
Facepattern
350
A8
  3
Flat
350
9A
  3
FlatWithEdges
350
9B
  3
Gouraud
350
9C
  3
GouraudWithEdges
350
9D
  3
Hidden
350
A1
  3
JitterOff
350
173
  3
Linepattern
350
A7
  3
OverhangOff
350
174
  3
Realistic
350
A3
  3
Shaded
350
182
  3
Shaded with edges
350
181
  3
Shades of Gray
350
17E
  3
Sketchy
350
17F
  3
Thicken
350
A6
  3
Wireframe
350
A0
  3
X-Ray
350
180
  0
XRECORD
  5
1CD1
102
{ACAD_REACTORS
330
C
102
}
330
C
100
AcDbXrecord
280
     1
 90
        1
330
87
  0
DICTIONARY
  5
1594
102
{ACAD_REACTORS
330
C
102
}
330
C
100
AcDbDictionary
281
     2
  3
#COMPAREDIFFTOTAL
350
1595
  3
#REVCLOUDAPPROXARCLEN
350
1596
  3
ANNOALLVISIBLE
350
1597
  3
CANNOSCALE
350
1598
  3
CMLEADERSTYLE
350
1599
  3
CTABLESTYLE
350
159A
  3
CVIEWDETAILSTYLE
350
159B
  3
CVIEWSECTIONSTYLE
350
159C
  3
DIMADEC
350
159D
  3
DIMASSOC
350
159E
  3
DIMLAYER
350
159F
  3
EXPORTPAPERSPACE
350
15A0
  3
HIDETEXT
350
15A1
  3
HPCOLOR
350
15A2
  3
HPINHERIT
350
15A3
  3
HPLAYER
350
15A4
  3
HPORIGIN
350
15A5
  3
HPTRANSPARENCY
350
15A6
  3
INDEXCTL
350
15A7
  3
LAYEREVAL
350
15A8
  3
LAYERNOTIFY
350
15A9
  3
LIGHTINGUNITS
350
15AA
  3
MLEADERSCALE
350
15AB
  3
MSLTSCALE
350
15AC
  3
OLEFRAME
350
15AD
  3
PDFFRAME
350
15AE
  3
SOLIDHIST
350
15AF
  3
SORTENTS
350
15B0
  3
TEXTLAYER
350
15B1
  0
DICTIONARY
  5
18F
102
{ACAD_REACTORS
330
18E
102
}
330
18E
100
AcDbDictionary
281
     1
  0
DICTIONARY
  5
6DD
102
{ACAD_REACTORS
330
15D
102
}
330
15D
100
AcDbDictionary
281
     1
  3
ACAD_ASSOCNETWORK
350
6DE
  0
SORTENTSTABLE
  5
7B0
102
{ACAD_REACTORS
330
15D
102
}
330
15D
100
AcDbSortentsTable
330
1F
331
14C4
  5
14C5
331
14C5
  5
14C6
331
14C8
  5
14C9
331
14C9
  5
14CA
331
14CA
  5
14CB
331
14CB
  5
14CC
331
14CC
  5
14CD
331
14CD
  5
14CE
331
14D2
  5
14D3
331
14D3
  5
14D4
331
14D4
  5
14D5
331
14D5
  5
14D6
331
1B8E
  5
1B8F
331
1B8F
  5
1B90
331
1B90
  5
1B91
331
1B91
  5
1C66
331
1B94
  5
1C67
331
1B95
  5
1C68
331
1B96
  5
1C69
331
1B97
  5
1C6A
331
1BD0
  5
1C6B
331
1BEB
  5
1C6C
331
1BEC
  5
1C6D
331
1BED
  5
1C6E
331
1BEE
  5
1C6F
331
1BEF
  5
1C70
331
1C71
  5
1C72
331
1C81
  5
1C82
331
1C82
  5
1C83
331
1C83
  5
1C84
331
1C84
  5
1C85
331
1C85
  5
1C86
331
1C86
  5
1C87
331
1C87
  5
1C88
331
1C88
  5
1C89
331
1C89
  5
1C8A
331
1C8A
  5
1C8B
331
1C8B
  5
1C8C
331
1C8C
  5
1C8D
331
1C8D
  5
1C8F
331
1C8F
  5
1C90
331
1C90
  5
1C91
331
1C91
  5
1C92
331
1C92
  5
1C93
331
1C93
  5
1CAD
331
1CAD
  5
1CAE
331
1CAE
  5
1CAF
331
1CAF
  5
1CB0
331
1CB0
  5
1CB1
331
1CB1
  5
1CB2
331
1CB2
  5
1CBD
  0
ACDBASSOCNETWORK
  5
5E5
102
{ACAD_REACTORS
330
5E4
102
}
330
5E4
100
AcDbAssocAction
 90
        2
 90
        0
330
0
360
0
 90
        0
 90
        0
 90
        0
 90
        0
 90
        0
 90
        0
 90
        0
100
AcDbAssocNetwork
 90
        0
 90
        2
 90
        1
330
6DE
 90
        0
  0
ACDBDETAILVIEWSTYLE
  5
1AC
102
{ACAD_REACTORS
330
1AB
102
}
330
1AB
100
AcDbModelDocViewStyle
 70
     0
  3
Imperial24
290
     0
300
Imperial24
 90
        0
100
AcDbDetailViewStyle
 70
     0
 71
     0
 90
        3
 71
     1
340
11
 62
   256
 40
0.24
340
0
 62
   256
 40
0.24
300

 40
0.36
280
     3
 71
     2
340
16
 90
       25
 62
   256
 71
     3
340
11
 62
   256
 40
0.24
 90
        1
 40
0.75
 90
        1
300
%<\AcVar ViewType \f "%tc1">% %<\AcVar ViewDetailId>%\PSCALE %<\AcVar ViewScale \f "%sn">%
 71
     4
340
16
 90
       25
 62
   256
340
16
 90
       25
 62
   256
280
     0
  0
ACDBDETAILVIEWSTYLE
  5
1593
102
{ACAD_REACTORS
330
1AB
102
}
330
1AB
100
AcDbModelDocViewStyle
 70
     0
  3
Metric50
290
     0
300
Metric50
 90
        0
100
AcDbDetailViewStyle
 70
     0
 71
     0
 90
        3
 71
     1
340
11
 62
   256
 40
5.0
340
0
 62
   256
 40
5.0
300

 40
0.0
280
     1
 71
     2
340
16
 90
       25
 62
   256
 71
     3
340
11
 62
   256
 40
5.0
 90
        0
 40
15.0
 90
        1
300
%<\AcVar ViewDetailId>% (%<\AcVar ViewScale \f "%sn">%)
 71
     4
340
16
 90
       25
 62
   256
340
16
 90
       25
 62
   256
280
     0
  0
GROUP
  5
1CAC
102
{ACAD_REACTORS
330
D
102
}
330
D
100
AcDbGroup
300

 70
     1
 71
     1
  0
LAYOUT
  5
59
102
{ACAD_REACTORS
330
1A
102
}
330
1A
100
AcDbPlotSettings
  1

  2
None
  4

  6

 40
0.0
 41
0.0
 42
0.0
 43
0.0
 44
0.0
 45
0.0
 46
0.0
 47
0.0
 48
0.0
 49
0.0
140
0.0
141
0.0
142
1.0
143
1.0
 70
   688
 72
     0
 73
     0
 74
     5
  7

 75
    16
147
1.0
 76
     0
 77
     2
 78
   300
148
0.0
149
0.0
100
AcDbLayout
  1
Layout1
 70
     1
 71
     1
 10
0.0
 20
0.0
 11
12.0
 21
9.0
 12
0.0
 22
0.0
 32
0.0
 14
0.0
 24
0.0
 34
0.0
 15
0.0
 25
0.0
 35
0.0
146
0.0
 13
0.0
 23
0.0
 33
0.0
 16
1.0
 26
0.0
 36
0.0
 17
0.0
 27
1.0
 37
0.0
 76
     0
330
58
  0
LAYOUT
  5
5E
102
{ACAD_REACTORS
330
1A
102
}
330
1A
100
AcDbPlotSettings
  1

  2
None
  4

  6

 40
0.0
 41
0.0
 42
0.0
 43
0.0
 44
0.0
 45
0.0
 46
0.0
 47
0.0
 48
0.0
 49
0.0
140
0.0
141
0.0
142
1.0
143
1.0
 70
   688
 72
     0
 73
     0
 74
     5
  7

 75
    16
147
1.0
 76
     0
 77
     2
 78
   300
148
0.0
149
0.0
100
AcDbLayout
  1
Layout2
 70
     1
 71
     2
 10
0.0
 20
0.0
 11
12.0
 21
9.0
 12
0.0
 22
0.0
 32
0.0
 14
0.0
 24
0.0
 34
0.0
 15
0.0
 25
0.0
 35
0.0
146
0.0
 13
0.0
 23
0.0
 33
0.0
 16
1.0
 26
0.0
 36
0.0
 17
0.0
 27
1.0
 37
0.0
 76
     0
330
5D
  0
LAYOUT
  5
22
102
{ACAD_XDICTIONARY
360
194
102
}
102
{ACAD_REACTORS
330
1A
102
}
330
1A
100
AcDbPlotSettings
  1

  2
none_device
  4
ANSI_A_(8.50_x_11.00_Inches)
  6

 40
6.349999904632568
 41
19.04999923706055
 42
6.350006103515625
 43
19.04998779296875
 44
215.8999938964844
 45
279.3999938964844
 46
0.0
 47
0.0
 48
0.0
 49
0.0
140
0.0
141
0.0
142
1.0
143
2.584895464708373
 70
 11952
 72
     0
 73
     1
 74
     0
  7

 75
     0
147
0.3868628397755418
 76
     0
 77
     2
 78
   300
148
0.0
149
0.0
100
AcDbLayout
  1
Model
 70
     1
 71
     0
 10
0.0
 20
0.0
 11
12.0
 21
9.0
 12
0.0
 22
0.0
 32
0.0
 14
0.0
 24
0.0
 34
0.0
 15
0.0
 25
0.0
 35
0.0
146
0.0
 13
0.0
 23
0.0
 33
0.0
 16
1.0
 26
0.0
 36
0.0
 17
0.0
 27
1.0
 37
0.0
 76
     0
330
1F
331
94
  0
MATERIAL
  5
97
102
{ACAD_XDICTIONARY
360
188
102
}
102
{ACAD_REACTORS
330
72
102
}
330
72
100
AcDbMaterial
  1
ByBlock
 94
       63
  0
MATERIAL
  5
96
102
{ACAD_XDICTIONARY
360
186
102
}
102
{ACAD_REACTORS
330
72
102
}
330
72
100
AcDbMaterial
  1
ByLayer
 94
       63
  0
MATERIAL
  5
98
102
{ACAD_XDICTIONARY
360
110
102
}
102
{ACAD_REACTORS
330
72
102
}
330
72
100
AcDbMaterial
  1
Global
 43
0.0208000000566244
 43
0.0
 43
0.0
 43
0.0
 43
0.0
 43
0.0208000000566244
 43
0.0
 43
0.0
 43
0.0
 43
0.0
 43
1.0
 43
0.0
 43
0.0
 43
0.0
 43
0.0
 43
1.0
 49
0.0208000000566244
 49
0.0
 49
0.0
 49
0.0
 49
0.0
 49
0.0208000000566244
 49
0.0
 49
0.0
 49
0.0
 49
0.0
 49
1.0
 49
0.0
 49
0.0
 49
0.0
 49
0.0
 49
1.0
142
0.0208000000566244
142
0.0
142
0.0
142
0.0
142
0.0
142
0.0208000000566244
142
0.0
142
0.0
142
0.0
142
0.0
142
1.0
142
0.0
142
0.0
142
0.0
142
0.0
142
1.0
144
0.0208000000566244
144
0.0
144
0.0
144
0.0
144
0.0
144
0.0208000000566244
144
0.0
144
0.0
144
0.0
144
0.0
144
1.0
144
0.0
144
0.0
144
0.0
144
0.0
144
1.0
 94
       63
1001
ACAD
1070
    -1
1070
     3
1070
     0
1000

1071
        0
1070
     0
  0
MLEADERSTYLE
  5
E5
102
{ACAD_REACTORS
330
D7
102
}
330
D7
100
AcDbMLeaderStyle
179
     2
170
     2
171
     1
172
     0
 90
        2
 40
0.0
 41
0.0
173
     1
 91
-1056964608
340
14
 92
       -2
290
     1
 42
0.09
291
     1
 43
0.36
  3
Standard
 44
0.18
300

342
11
174
     1
178
     1
175
     1
176
     0
 93
-1056964608
 45
0.18
292
     0
297
     0
 46
0.18
 94
-1056964608
 47
1.0
 49
1.0
140
1.0
293
     1
141
0.0
294
     1
177
     0
142
1.0
295
     0
296
     1
143
0.125
271
     0
272
     9
273
     9
298
     0
  0
MLEADERSTYLE
  5
D8
102
{ACAD_REACTORS
330
D7
102
}
330
D7
100
AcDbMLeaderStyle
179
     2
170
     2
171
     1
172
     0
 90
        2
 40
0.0
 41
0.0
173
     1
 91
-1056964608
340
14
 92
       -2
290
     1
 42
0.09
291
     1
 43
0.36
  3
Standard
 44
0.18
300

342
11
174
     1
178
     1
175
     1
176
     0
 93
-1056964608
 45
0.18
292
     0
297
     0
 46
0.18
 94
-1056964608
 47
1.0
 49
1.0
140
1.0
293
     1
141
0.0
294
     1
177
     0
142
1.0
295
     0
296
     0
143
0.125
271
     0
272
     9
273
     9
298
     0
  0
MLINESTYLE
  5
18
102
{ACAD_REACTORS
330
17
102
}
330
17
100
AcDbMlineStyle
  2
STANDARD
 70
     0
  3

 62
   256
 51
90.0
 52
90.0
 71
     2
 49
0.5
 62
   256
  6
BYLAYER
 49
-0.5
 62
   256
  6
BYLAYER
  0
ACDBPLACEHOLDER
  5
F
102
{ACAD_REACTORS
330
E
102
}
330
E
  0
SCALE
  5
B7
102
{ACAD_REACTORS
330
B6
102
}
330
B6
100
AcDbScale
 70
     0
300
1:1
140
1.0
141
1.0
290
     1
  0
SCALE
  5
124
102
{ACAD_REACTORS
330
B6
102
}
330
B6
100
AcDbScale
 70
     0
300
1:2
140
1.0
141
2.0
290
     0
  0
SCALE
  5
125
102
{ACAD_REACTORS
330
B6
102
}
330
B6
100
AcDbScale
 70
     0
300
1:4
140
1.0
141
4.0
290
     0
  0
SCALE
  5
126
102
{ACAD_REACTORS
330
B6
102
}
330
B6
100
AcDbScale
 70
     0
300
1:5
140
1.0
141
5.0
290
     0
  0
SCALE
  5
127
102
{ACAD_REACTORS
330
B6
102
}
330
B6
100
AcDbScale
 70
     0
300
1:8
140
1.0
141
8.0
290
     0
  0
SCALE
  5
128
102
{ACAD_REACTORS
330
B6
102
}
330
B6
100
AcDbScale
 70
     0
300
1:10
140
1.0
141
10.0
290
     0
  0
SCALE
  5
129
102
{ACAD_REACTORS
330
B6
102
}
330
B6
100
AcDbScale
 70
     0
300
1:16
140
1.0
141
16.0
290
     0
  0
SCALE
  5
12A
102
{ACAD_REACTORS
330
B6
102
}
330
B6
100
AcDbScale
 70
     0
300
1:20
140
1.0
141
20.0
290
     0
  0
SCALE
  5
12B
102
{ACAD_REACTORS
330
B6
102
}
330
B6
100
AcDbScale
 70
     0
300
1:30
140
1.0
141
30.0
290
     0
  0
SCALE
  5
12C
102
{ACAD_REACTORS
330
B6
102
}
330
B6
100
AcDbScale
 70
     0
300
1:40
140
1.0
141
40.0
290
     0
  0
SCALE
  5
12D
102
{ACAD_REACTORS
330
B6
102
}
330
B6
100
AcDbScale
 70
     0
300
1:50
140
1.0
141
50.0
290
     0
  0
SCALE
  5
12E
102
{ACAD_REACTORS
330
B6
102
}
330
B6
100
AcDbScale
 70
     0
300
1:100
140
1.0
141
100.0
290
     0
  0
SCALE
  5
12F
102
{ACAD_REACTORS
330
B6
102
}
330
B6
100
AcDbScale
 70
     0
300
2:1
140
2.0
141
1.0
290
     0
  0
SCALE
  5
130
102
{ACAD_REACTORS
330
B6
102
}
330
B6
100
AcDbScale
 70
     0
300
4:1
140
4.0
141
1.0
290
     0
  0
SCALE
  5
131
102
{ACAD_REACTORS
330
B6
102
}
330
B6
100
AcDbScale
 70
     0
300
8:1
140
8.0
141
1.0
290
     0
  0
SCALE
  5
132
102
{ACAD_REACTORS
330
B6
102
}
330
B6
100
AcDbScale
 70
     0
300
10:1
140
10.0
141
1.0
290
     0
  0
SCALE
  5
133
102
{ACAD_REACTORS
330
B6
102
}
330
B6
100
AcDbScale
 70
     0
300
100:1
140
100.0
141
1.0
290
     0
  0
SCALE
  5
134
102
{ACAD_REACTORS
330
B6
102
}
330
B6
100
AcDbScale
 70
     0
300
1/128" = 1'-0"
140
0.0078125
141
12.0
290
     0
  0
SCALE
  5
135
102
{ACAD_REACTORS
330
B6
102
}
330
B6
100
AcDbScale
 70
     0
300
1/64" = 1'-0"
140
0.015625
141
12.0
290
     0
  0
SCALE
  5
136
102
{ACAD_REACTORS
330
B6
102
}
330
B6
100
AcDbScale
 70
     0
300
1/32" = 1'-0"
140
0.03125
141
12.0
290
     0
  0
SCALE
  5
137
102
{ACAD_REACTORS
330
B6
102
}
330
B6
100
AcDbScale
 70
     0
300
1/16" = 1'-0"
140
0.0625
141
12.0
290
     0
  0
SCALE
  5
138
102
{ACAD_REACTORS
330
B6
102
}
330
B6
100
AcDbScale
 70
     0
300
3/32" = 1'-0"
140
0.09375
141
12.0
290
     0
  0
SCALE
  5
139
102
{ACAD_REACTORS
330
B6
102
}
330
B6
100
AcDbScale
 70
     0
300
1/8" = 1'-0"
140
0.125
141
12.0
290
     0
  0
SCALE
  5
13A
102
{ACAD_REACTORS
330
B6
102
}
330
B6
100
AcDbScale
 70
     0
300
3/16" = 1'-0"
140
0.1875
141
12.0
290
     0
  0
SCALE
  5
13B
102
{ACAD_REACTORS
330
B6
102
}
330
B6
100
AcDbScale
 70
     0
300
1/4" = 1'-0"
140
0.25
141
12.0
290
     0
  0
SCALE
  5
13C
102
{ACAD_REACTORS
330
B6
102
}
330
B6
100
AcDbScale
 70
     0
300
3/8" = 1'-0"
140
0.375
141
12.0
290
     0
  0
SCALE
  5
13D
102
{ACAD_REACTORS
330
B6
102
}
330
B6
100
AcDbScale
 70
     0
300
1/2" = 1'-0"
140
0.5
141
12.0
290
     0
  0
SCALE
  5
13E
102
{ACAD_REACTORS
330
B6
102
}
330
B6
100
AcDbScale
 70
     0
300
3/4" = 1'-0"
140
0.75
141
12.0
290
     0
  0
SCALE
  5
13F
102
{ACAD_REACTORS
330
B6
102
}
330
B6
100
AcDbScale
 70
     0
300
1" = 1'-0"
140
1.0
141
12.0
290
     0
  0
SCALE
  5
140
102
{ACAD_REACTORS
330
B6
102
}
330
B6
100
AcDbScale
 70
     0
300
1-1/2" = 1'-0"
140
1.5
141
12.0
290
     0
  0
SCALE
  5
141
102
{ACAD_REACTORS
330
B6
102
}
330
B6
100
AcDbScale
 70
     0
300
3" = 1'-0"
140
3.0
141
12.0
290
     0
  0
SCALE
  5
142
102
{ACAD_REACTORS
330
B6
102
}
330
B6
100
AcDbScale
 70
     0
300
6" = 1'-0"
140
6.0
141
12.0
290
     0
  0
SCALE
  5
143
102
{ACAD_REACTORS
330
B6
102
}
330
B6
100
AcDbScale
 70
     0
300
1'-0" = 1'-0"
140
12.0
141
12.0
290
     0
  0
ACDBSECTIONVIEWSTYLE
  5
1AA
102
{ACAD_REACTORS
330
1A8
102
}
330
1A8
100
AcDbModelDocViewStyle
 70
     0
  3
Imperial24
290
     0
300
Imperial24
 90
        0
100
AcDbSectionViewStyle
 70
     0
 71
     0
 90
       78
 71
     1
340
11
 62
   256
 40
0.24
340
0
340
0
 62
   256
 40
0.24
300
I, O, Q, S, X, Z
 40
0.48
 90
        3
 40
0.18
 90
        1
 71
     2
340
16
 90
       25
 62
   256
340
16
 90
       50
 62
   256
 40
0.24
 40
0.0
 40
0.24
 71
     3
340
11
 62
   256
 40
0.24
 90
        1
 40
0.75
 90
        1
300
%<\AcVar ViewType \f "%tc1">% %<\AcVar ViewSectionStartId>%-%<\AcVar ViewSectionEndId>%\PSCALE %<\AcVar ViewScale \f "%sn">%
 71
     4
 62
   256
 62
   257
300
ANSI31
 40
1.0
 90
        0
290
     0
290
     0
 90
        6
 40
0.0
 40
1.570796326794896
 40
0.2617993877991494
 40
1.308996938995747
 40
-0.2617993877991494
 40
1.832595714594046
  0
ACDBSECTIONVIEWSTYLE
  5
1592
102
{ACAD_REACTORS
330
1A8
102
}
330
1A8
100
AcDbModelDocViewStyle
 70
     0
  3
Metric50
290
     0
300
Metric50
 90
        0
100
AcDbSectionViewStyle
 70
     0
 71
     0
 90
      102
 71
     1
340
11
 62
   256
 40
5.0
340
0
340
0
 62
   256
 40
5.0
300
I, O, Q, S, X, Z
 40
10.0
 90
        0
 40
2.5
 90
        0
 71
     2
340
16
 90
       25
 62
   256
340
16
 90
       50
 62
   256
 40
5.0
 40
2.5
 40
5.0
 71
     3
340
11
 62
   256
 40
5.0
 90
        0
 40
15.0
 90
        1
300
%<\AcVar ViewSectionStartId>%-%<\AcVar ViewSectionEndId>% (%<\AcVar ViewScale \f "%sn">%)
 71
     4
 62
   256
 62
   257
300
ANSI31
 40
1.0
 90
        0
290
     0
290
     0
 90
        6
 40
0.0
 40
1.570796326794896
 40
0.2617993877991494
 40
1.308996938995747
 40
-0.2617993877991494
 40
1.832595714594046
  0
TABLESTYLE
  5
87
102
{ACAD_XDICTIONARY
360
104
102
}
102
{ACAD_REACTORS
330
86
102
}
330
86
100
AcDbTableStyle
280
     0
  3
Standard
 70
     0
 71
     0
 40
0.06
 41
0.06
280
     0
281
     0
  7
Standard
140
0.18
170
     2
 62
     0
 63
     7
283
     0
 90
      512
 91
        0
  1

274
    -2
284
     1
 64
     0
275
    -2
285
     1
 65
     0
276
    -2
286
     1
 66
     0
277
    -2
287
     1
 67
     0
278
    -2
288
     1
 68
     0
279
    -2
289
     1
 69
     0
  7
Standard
140
0.25
170
     5
 62
     0
 63
     7
283
     0
 90
      512
 91
        0
  1

274
    -2
284
     1
 64
     0
275
    -2
285
     1
 65
     0
276
    -2
286
     1
 66
     0
277
    -2
287
     1
 67
     0
278
    -2
288
     1
 68
     0
279
    -2
289
     1
 69
     0
  7
Standard
140
0.18
170
     5
 62
     0
 63
     7
283
     0
 90
      512
 91
        0
  1

274
    -2
284
     1
 64
     0
275
    -2
285
     1
 65
     0
276
    -2
286
     1
 66
     0
277
    -2
287
     1
 67
     0
278
    -2
288
     1
 68
     0
279
    -2
289
     1
 69
     0
  0
VISUALSTYLE
  5
9F
102
{ACAD_REACTORS
330
99
102
}
330
99
100
AcDbVisualStyle
  2
2dWireframe
 70
     4
177
     3
291
     0
 70
    58
 90
        0
176
     1
 90
        2
176
     1
 90
        1
176
     1
 90
        0
176
     1
 40
0.6
176
     1
 40
30.0
176
     1
 62
     7
420
 16777215
176
     1
 90
        1
176
     1
 90
        4
176
     1
 62
     7
176
     1
 62
   257
176
     1
 90
        1
176
     1
 90
        1
176
     1
 40
1.0
176
     1
 90
        0
176
     1
 62
   257
176
     1
 40
1.0
176
     1
 90
        1
176
     1
 90
        6
176
     1
 90
        2
176
     1
 62
     7
176
     1
 90
        5
176
     1
 90
        0
176
     1
 90
        0
176
     1
290
     0
176
     1
 90
        1
176
     1
 40
0.0
176
     1
 90
        0
176
     1
290
     1
176
     1
290
     1
176
     1
290
     0
176
     1
290
     0
176
     1
290
     0
176
     1
290
     0
176
     1
290
     0
176
     1
290
     0
176
     1
290
     0
176
     1
 90
       50
176
     1
 40
0.0
176
     1
 40
1.0
176
     1
 90
        0
176
     1
 62
    18
420
        0
176
     1
 90
       50
176
     1
 90
        3
176
     1
 62
     5
420
      255
176
     1
290
     0
176
     1
 90
       50
176
     1
 90
       50
176
     1
 90
       50
176
     1
290
     0
176
     1
 90
       50
176
     1
 62
   256
176
     0
 40
1.0
176
     0
 90
        2
176
     1
  1
strokes_ogs.tif
176
     1
290
     0
176
     1
 40
1.0
176
     1
 40
1.0
176
     1
  0
VISUALSTYLE
  5
1591
102
{ACAD_REACTORS
330
99
102
}
330
99
100
AcDbVisualStyle
  2
3dWireframe
 70
     5
177
     3
291
     0
 70
    58
 90
        0
176
     1
 90
        2
176
     1
 90
        1
176
     1
 90
        0
176
     1
 40
0.6
176
     1
 40
30.0
176
     1
 62
     7
420
 16777215
176
     1
 90
        1
176
     1
 90
        4
176
     1
 62
     7
176
     1
 62
   257
176
     1
 90
        1
176
     1
 90
        1
176
     1
 40
1.0
176
     1
 90
        0
176
     1
 62
   257
176
     1
 40
1.0
176
     1
 90
        1
176
     1
 90
        6
176
     1
 90
        2
176
     1
 62
     7
176
     1
 90
        5
176
     1
 90
        0
176
     1
 90
        0
176
     1
290
     0
176
     1
 90
        1
176
     1
 40
0.0
176
     1
 90
        0
176
     1
290
     0
176
     1
290
     1
176
     1
290
     1
176
     1
290
     0
176
     1
290
     0
176
     1
290
     0
176
     1
290
     0
176
     1
290
     0
176
     1
290
     0
176
     1
 90
       50
176
     1
 40
0.0
176
     1
 40
1.0
176
     1
 90
        0
176
     1
 62
    18
420
        0
176
     1
 90
       50
176
     1
 90
        3
176
     1
 62
     5
420
      255
176
     1
290
     0
176
     1
 90
       50
176
     1
 90
       50
176
     1
 90
       50
176
     1
290
     0
176
     1
 90
       50
176
     1
 62
   256
176
     0
 40
1.0
176
     0
 90
        2
176
     1
  1
strokes_ogs.tif
176
     1
290
     0
176
     1
 40
1.0
176
     1
 40
1.0
176
     1
  0
VISUALSTYLE
  5
9E
102
{ACAD_REACTORS
330
99
102
}
330
99
100
AcDbVisualStyle
  2
Basic
 70
     7
177
     3
291
     1
 70
    58
 90
        1
176
     1
 90
        0
176
     1
 90
        1
176
     1
 90
        0
176
     1
 40
0.6
176
     1
 40
30.0
176
     1
 62
     7
420
 16777215
176
     1
 90
        0
176
     1
 90
        4
176
     1
 62
     7
176
     1
 62
   257
176
     1
 90
        1
176
     1
 90
        1
176
     1
 40
1.0
176
     1
 90
        8
176
     1
 62
     7
176
     1
 40
1.0
176
     1
 90
        1
176
     1
 90
        6
176
     1
 90
        2
176
     1
 62
     7
176
     1
 90
        5
176
     1
 90
        0
176
     1
 90
        0
176
     1
290
     0
176
     1
 90
        1
176
     1
 40
0.0
176
     1
 90
        0
176
     1
290
     0
176
     1
290
     1
176
     1
290
     1
176
     1
290
     0
176
     1
290
     0
176
     1
290
     0
176
     1
290
     0
176
     1
290
     0
176
     1
290
     0
176
     1
 90
       50
176
     1
 40
0.0
176
     1
 40
1.0
176
     1
 90
        0
176
     1
 62
    18
420
        0
176
     1
 90
       50
176
     1
 90
        3
176
     1
 62
     5
420
      255
176
     1
290
     0
176
     1
 90
       50
176
     1
 90
       50
176
     1
 90
       50
176
     1
290
     0
176
     1
 90
       50
176
     1
 62
   256
176
     0
 40
1.0
176
     0
 90
        2
176
     1
  1
strokes_ogs.tif
176
     1
290
     0
176
     1
 40
1.0
176
     1
 40
1.0
176
     1
  0
VISUALSTYLE
  5
A5
102
{ACAD_REACTORS
330
99
102
}
330
99
100
AcDbVisualStyle
  2
Brighten
 70
    12
177
     3
291
     1
 70
    58
 90
        2
176
     1
 90
        2
176
     1
 90
        1
176
     1
 90
        0
176
     1
 40
0.6
176
     1
 40
30.0
176
     1
 62
     7
420
 16777215
176
     1
 90
        1
176
     1
 90
        4
176
     1
 62
     7
176
     1
 62
   257
176
     1
 90
        1
176
     1
 90
        1
176
     1
 40
1.0
176
     1
 90
        8
176
     1
 62
     7
176
     1
 40
1.0
176
     1
 90
        1
176
     1
 90
        6
176
     1
 90
        2
176
     1
 62
     7
176
     1
 90
        5
176
     1
 90
        0
176
     1
 90
        0
176
     1
290
     0
176
     1
 90
        1
176
     1
 40
50.0
176
     1
 90
        0
176
     1
290
     0
176
     1
290
     1
176
     1
290
     1
176
     1
290
     0
176
     1
290
     0
176
     1
290
     0
176
     1
290
     0
176
     1
290
     0
176
     1
290
     0
176
     1
 90
       50
176
     1
 40
0.0
176
     1
 40
1.0
176
     1
 90
        0
176
     1
 62
    18
420
        0
176
     1
 90
       50
176
     1
 90
        3
176
     1
 62
     5
420
      255
176
     1
290
     0
176
     1
 90
       50
176
     1
 90
       50
176
     1
 90
       50
176
     1
290
     0
176
     1
 90
       50
176
     1
 62
   256
176
     0
 40
1.0
176
     0
 90
        2
176
     1
  1
strokes_ogs.tif
176
     1
290
     0
176
     1
 40
1.0
176
     1
 40
1.0
176
     1
  0
VISUALSTYLE
  5
A9
102
{ACAD_REACTORS
330
99
102
}
330
99
100
AcDbVisualStyle
  2
ColorChange
 70
    16
177
     3
291
     1
 70
    58
 90
        2
176
     1
 90
        2
176
     1
 90
        3
176
     1
 90
        0
176
     1
 40
0.6
176
     1
 40
30.0
176
     1
 62
     8
420
  8421504
176
     1
 90
        1
176
     1
 90
        4
176
     1
 62
     7
176
     1
 62
   257
176
     1
 90
        1
176
     1
 90
        1
176
     1
 40
1.0
176
     1
 90
        8
176
     1
 62
     8
420
  8421504
176
     1
 40
1.0
176
     1
 90
        1
176
     1
 90
        6
176
     1
 90
        2
176
     1
 62
     7
176
     1
 90
        5
176
     1
 90
        0
176
     1
 90
        0
176
     1
290
     0
176
     1
 90
        1
176
     1
 40
0.0
176
     1
 90
        0
176
     1
290
     0
176
     1
290
     1
176
     1
290
     1
176
     1
290
     0
176
     1
290
     0
176
     1
290
     0
176
     1
290
     0
176
     1
290
     0
176
     1
290
     0
176
     1
 90
       50
176
     1
 40
0.0
176
     1
 40
1.0
176
     1
 90
        0
176
     1
 62
    18
420
        0
176
     1
 90
       50
176
     1
 90
        3
176
     1
 62
     5
420
      255
176
     1
290
     0
176
     1
 90
       50
176
     1
 90
       50
176
     1
 90
       50
176
     1
290
     0
176
     1
 90
       50
176
     1
 62
   256
176
     0
 40
1.0
176
     0
 90
        2
176
     1
  1
strokes_ogs.tif
176
     1
290
     0
176
     1
 40
1.0
176
     1
 40
1.0
176
     1
  0
VISUALSTYLE
  5
A2
102
{ACAD_REACTORS
330
99
102
}
330
99
100
AcDbVisualStyle
  2
Conceptual
 70
     9
177
     3
291
     0
 70
    58
 90
        3
176
     1
 90
        2
176
     1
 90
        1
176
     1
 90
        0
176
     1
 40
0.6
176
     1
 40
30.0
176
     1
 62
     7
420
 16777215
176
     1
 90
        2
176
     1
 90
        2
176
     1
 62
     7
176
     1
 62
   257
176
     1
 90
        1
176
     1
 90
        1
176
     1
 40
40.0
176
     1
 90
        8
176
     1
 62
     7
176
     1
 40
1.0
176
     1
 90
        1
176
     1
 90
        6
176
     1
 90
        2
176
     1
 62
     7
176
     1
 90
        3
176
     1
 90
        0
176
     1
 90
        0
176
     1
290
     0
176
     1
 90
        1
176
     1
 40
0.0
176
     1
 90
        0
176
     1
290
     0
176
     1
290
     1
176
     1
290
     1
176
     1
290
     0
176
     1
290
     0
176
     1
290
     0
176
     1
290
     0
176
     1
290
     0
176
     1
290
     0
176
     1
 90
       50
176
     1
 40
0.0
176
     1
 40
1.0
176
     1
 90
        0
176
     1
 62
    18
420
        0
176
     1
 90
       50
176
     1
 90
        3
176
     1
 62
     5
420
      255
176
     1
290
     0
176
     1
 90
       50
176
     1
 90
       50
176
     1
 90
       50
176
     1
290
     0
176
     1
 90
       50
176
     1
 62
   256
176
     0
 40
1.0
176
     0
 90
        2
176
     1
  1
strokes_ogs.tif
176
     1
290
     0
176
     1
 40
1.0
176
     1
 40
1.0
176
     1
  0
VISUALSTYLE
  5
A4
102
{ACAD_REACTORS
330
99
102
}
330
99
100
AcDbVisualStyle
  2
Dim
 70
    11
177
     3
291
     1
 70
    58
 90
        2
176
     1
 90
        2
176
     1
 90
        1
176
     1
 90
        0
176
     1
 40
0.6
176
     1
 40
30.0
176
     1
 62
     7
420
 16777215
176
     1
 90
        1
176
     1
 90
        4
176
     1
 62
     7
176
     1
 62
   257
176
     1
 90
        1
176
     1
 90
        1
176
     1
 40
1.0
176
     1
 90
        8
176
     1
 62
     7
176
     1
 40
1.0
176
     1
 90
        1
176
     1
 90
        6
176
     1
 90
        2
176
     1
 62
     7
176
     1
 90
        5
176
     1
 90
        0
176
     1
 90
        0
176
     1
290
     0
176
     1
 90
        1
176
     1
 40
-50.0
176
     1
 90
        0
176
     1
290
     0
176
     1
290
     1
176
     1
290
     1
176
     1
290
     0
176
     1
290
     0
176
     1
290
     0
176
     1
290
     0
176
     1
290
     0
176
     1
290
     0
176
     1
 90
       50
176
     1
 40
0.0
176
     1
 40
1.0
176
     1
 90
        0
176
     1
 62
    18
420
        0
176
     1
 90
       50
176
     1
 90
        3
176
     1
 62
     5
420
      255
176
     1
290
     0
176
     1
 90
       50
176
     1
 90
       50
176
     1
 90
       50
176
     1
290
     0
176
     1
 90
       50
176
     1
 62
   256
176
     0
 40
1.0
176
     0
 90
        2
176
     1
  1
strokes_ogs.tif
176
     1
290
     0
176
     1
 40
1.0
176
     1
 40
1.0
176
     1
  0
VISUALSTYLE
  5
175
102
{ACAD_REACTORS
330
99
102
}
330
99
100
AcDbVisualStyle
  2
EdgeColorOff
 70
    22
177
     3
291
     1
 70
    58
 90
        2
176
     0
 90
        2
176
     0
 90
        0
176
     0
 90
        0
176
     0
 40
0.6
176
     0
 40
30.0
176
     0
 62
     7
420
 16777215
176
     0
 90
        1
176
     0
 90
        4
176
     0
 62
     7
176
     0
 62
   257
176
     0
 90
        1
176
     0
 90
        1
176
     0
 40
1.0
176
     0
 90
        8
176
     2
 62
     7
176
     0
 40
1.0
176
     0
 90
        1
176
     0
 90
        6
176
     0
 90
        2
176
     0
 62
     7
176
     0
 90
        5
176
     0
 90
        0
176
     0
 90
        0
176
     0
290
     0
176
     0
 90
        1
176
     0
 40
0.0
176
     0
 90
        0
176
     0
290
     0
176
     1
290
     1
176
     1
290
     1
176
     1
290
     0
176
     1
290
     0
176
     1
290
     0
176
     1
290
     0
176
     1
290
     0
176
     1
290
     0
176
     1
 90
       50
176
     1
 40
0.0
176
     1
 40
1.0
176
     1
 90
        0
176
     1
 62
    18
420
        0
176
     1
 90
       50
176
     1
 90
        3
176
     1
 62
     5
420
      255
176
     1
290
     0
176
     1
 90
       50
176
     1
 90
       50
176
     1
 90
       50
176
     1
290
     0
176
     1
 90
       50
176
     1
 62
   256
176
     0
 40
1.0
176
     0
 90
        2
176
     1
  1
strokes_ogs.tif
176
     1
290
     0
176
     1
 40
1.0
176
     1
 40
1.0
176
     1
  0
VISUALSTYLE
  5
A8
102
{ACAD_REACTORS
330
99
102
}
330
99
100
AcDbVisualStyle
  2
Facepattern
 70
    15
177
     3
291
     1
 70
    58
 90
        2
176
     1
 90
        2
176
     1
 90
        1
176
     1
 90
        0
176
     1
 40
0.6
176
     1
 40
30.0
176
     1
 62
     7
420
 16777215
176
     1
 90
        1
176
     1
 90
        4
176
     1
 62
     7
176
     1
 62
   257
176
     1
 90
        1
176
     1
 90
        1
176
     1
 40
1.0
176
     1
 90
        8
176
     1
 62
     7
176
     1
 40
1.0
176
     1
 90
        1
176
     1
 90
        6
176
     1
 90
        2
176
     1
 62
     7
176
     1
 90
        5
176
     1
 90
        0
176
     1
 90
        0
176
     1
290
     0
176
     1
 90
        1
176
     1
 40
0.0
176
     1
 90
        0
176
     1
290
     0
176
     1
290
     1
176
     1
290
     1
176
     1
290
     0
176
     1
290
     0
176
     1
290
     0
176
     1
290
     0
176
     1
290
     0
176
     1
290
     0
176
     1
 90
       50
176
     1
 40
0.0
176
     1
 40
1.0
176
     1
 90
        0
176
     1
 62
    18
420
        0
176
     1
 90
       50
176
     1
 90
        3
176
     1
 62
     5
420
      255
176
     1
290
     0
176
     1
 90
       50
176
     1
 90
       50
176
     1
 90
       50
176
     1
290
     0
176
     1
 90
       50
176
     1
 62
   256
176
     0
 40
1.0
176
     0
 90
        2
176
     1
  1
strokes_ogs.tif
176
     1
290
     0
176
     1
 40
1.0
176
     1
 40
1.0
176
     1
  0
VISUALSTYLE
  5
9A
102
{ACAD_REACTORS
330
99
102
}
330
99
100
AcDbVisualStyle
  2
Flat
 70
     0
177
     3
291
     1
 70
    58
 90
        2
176
     1
 90
        1
176
     1
 90
        1
176
     1
 90
        2
176
     1
 40
0.6
176
     1
 40
30.0
176
     1
 62
     7
420
 16777215
176
     1
 90
        0
176
     1
 90
        0
176
     1
 62
     7
176
     1
 62
   257
176
     1
 90
        1
176
     1
 90
        1
176
     1
 40
1.0
176
     1
 90
        8
176
     1
 62
     7
176
     1
 40
1.0
176
     1
 90
        1
176
     1
 90
        6
176
     1
 90
        2
176
     1
 62
     7
176
     1
 90
        5
176
     1
 90
        0
176
     1
 90
        0
176
     1
290
     0
176
     1
 90
       13
176
     1
 40
0.0
176
     1
 90
        0
176
     1
290
     0
176
     1
290
     1
176
     1
290
     1
176
     1
290
     0
176
     1
290
     0
176
     1
290
     0
176
     1
290
     0
176
     1
290
     0
176
     1
290
     0
176
     1
 90
       50
176
     1
 40
0.0
176
     1
 40
1.0
176
     1
 90
        0
176
     1
 62
    18
420
        0
176
     1
 90
       50
176
     1
 90
        3
176
     1
 62
     5
420
      255
176
     1
290
     0
176
     1
 90
       50
176
     1
 90
       50
176
     1
 90
       50
176
     1
290
     0
176
     1
 90
       50
176
     1
 62
   256
176
     0
 40
1.0
176
     0
 90
        2
176
     1
  1
strokes_ogs.tif
176
     1
290
     0
176
     1
 40
1.0
176
     1
 40
1.0
176
     1
  0
VISUALSTYLE
  5
9B
102
{ACAD_REACTORS
330
99
102
}
330
99
100
AcDbVisualStyle
  2
FlatWithEdges
 70
     1
177
     3
291
     1
 70
    58
 90
        2
176
     1
 90
        1
176
     1
 90
        1
176
     1
 90
        2
176
     1
 40
0.6
176
     1
 40
30.0
176
     1
 62
     7
420
 16777215
176
     1
 90
        1
176
     1
 90
        0
176
     1
 62
     7
176
     1
 62
   257
176
     1
 90
        1
176
     1
 90
        1
176
     1
 40
1.0
176
     1
 90
        0
176
     1
 62
   257
176
     1
 40
1.0
176
     1
 90
        1
176
     1
 90
        6
176
     1
 90
        2
176
     1
 62
     7
176
     1
 90
        5
176
     1
 90
        0
176
     1
 90
        0
176
     1
290
     0
176
     1
 90
       13
176
     1
 40
0.0
176
     1
 90
        0
176
     1
290
     0
176
     1
290
     1
176
     1
290
     1
176
     1
290
     0
176
     1
290
     0
176
     1
290
     0
176
     1
290
     0
176
     1
290
     0
176
     1
290
     0
176
     1
 90
       50
176
     1
 40
0.0
176
     1
 40
1.0
176
     1
 90
        0
176
     1
 62
    18
420
        0
176
     1
 90
       50
176
     1
 90
        3
176
     1
 62
     5
420
      255
176
     1
290
     0
176
     1
 90
       50
176
     1
 90
       50
176
     1
 90
       50
176
     1
290
     0
176
     1
 90
       50
176
     1
 62
   256
176
     0
 40
1.0
176
     0
 90
        2
176
     1
  1
strokes_ogs.tif
176
     1
290
     0
176
     1
 40
1.0
176
     1
 40
1.0
176
     1
  0
VISUALSTYLE
  5
9C
102
{ACAD_REACTORS
330
99
102
}
330
99
100
AcDbVisualStyle
  2
Gouraud
 70
     2
177
     3
291
     1
 70
    58
 90
        2
176
     1
 90
        2
176
     1
 90
        1
176
     1
 90
        2
176
     1
 40
0.6
176
     1
 40
30.0
176
     1
 62
     7
420
 16777215
176
     1
 90
        0
176
     1
 90
        0
176
     1
 62
     7
176
     1
 62
   257
176
     1
 90
        1
176
     1
 90
        1
176
     1
 40
1.0
176
     1
 90
        0
176
     1
 62
     7
176
     1
 40
1.0
176
     1
 90
        1
176
     1
 90
        6
176
     1
 90
        2
176
     1
 62
     7
176
     1
 90
        5
176
     1
 90
        0
176
     1
 90
        0
176
     1
290
     0
176
     1
 90
       13
176
     1
 40
0.0
176
     1
 90
        0
176
     1
290
     0
176
     1
290
     1
176
     1
290
     1
176
     1
290
     0
176
     1
290
     0
176
     1
290
     0
176
     1
290
     0
176
     1
290
     0
176
     1
290
     0
176
     1
 90
       50
176
     1
 40
0.0
176
     1
 40
1.0
176
     1
 90
        0
176
     1
 62
    18
420
        0
176
     1
 90
       50
176
     1
 90
        3
176
     1
 62
     5
420
      255
176
     1
290
     0
176
     1
 90
       50
176
     1
 90
       50
176
     1
 90
       50
176
     1
290
     0
176
     1
 90
       50
176
     1
 62
   256
176
     0
 40
1.0
176
     0
 90
        2
176
     1
  1
strokes_ogs.tif
176
     1
290
     0
176
     1
 40
1.0
176
     1
 40
1.0
176
     1
  0
VISUALSTYLE
  5
9D
102
{ACAD_REACTORS
330
99
102
}
330
99
100
AcDbVisualStyle
  2
GouraudWithEdges
 70
     3
177
     3
291
     1
 70
    58
 90
        2
176
     1
 90
        2
176
     1
 90
        1
176
     1
 90
        2
176
     1
 40
0.6
176
     1
 40
30.0
176
     1
 62
     7
420
 16777215
176
     1
 90
        1
176
     1
 90
        0
176
     1
 62
     7
176
     1
 62
   257
176
     1
 90
        1
176
     1
 90
        1
176
     1
 40
1.0
176
     1
 90
        0
176
     1
 62
   257
176
     1
 40
1.0
176
     1
 90
        1
176
     1
 90
        6
176
     1
 90
        2
176
     1
 62
     7
176
     1
 90
        5
176
     1
 90
        0
176
     1
 90
        0
176
     1
290
     0
176
     1
 90
       13
176
     1
 40
0.0
176
     1
 90
        0
176
     1
290
     0
176
     1
290
     1
176
     1
290
     1
176
     1
290
     0
176
     1
290
     0
176
     1
290
     0
176
     1
290
     0
176
     1
290
     0
176
     1
290
     0
176
     1
 90
       50
176
     1
 40
0.0
176
     1
 40
1.0
176
     1
 90
        0
176
     1
 62
    18
420
        0
176
     1
 90
       50
176
     1
 90
        3
176
     1
 62
     5
420
      255
176
     1
290
     0
176
     1
 90
       50
176
     1
 90
       50
176
     1
 90
       50
176
     1
290
     0
176
     1
 90
       50
176
     1
 62
   256
176
     0
 40
1.0
176
     0
 90
        2
176
     1
  1
strokes_ogs.tif
176
     1
290
     0
176
     1
 40
1.0
176
     1
 40
1.0
176
     1
  0
VISUALSTYLE
  5
A1
102
{ACAD_REACTORS
330
99
102
}
330
99
100
AcDbVisualStyle
  2
Hidden
 70
     6
177
     3
291
     0
 70
    58
 90
        1
176
     1
 90
        2
176
     1
 90
        2
176
     1
 90
        0
176
     1
 40
0.6
176
     1
 40
30.0
176
     1
 62
     7
420
 16777215
176
     1
 90
        2
176
     1
 90
        2
176
     1
 62
     7
176
     1
 62
   257
176
     1
 90
        2
176
     1
 90
        1
176
     1
 40
40.0
176
     1
 90
        0
176
     1
 62
   257
176
     1
 40
1.0
176
     1
 90
        1
176
     1
 90
        6
176
     1
 90
        2
176
     1
 62
     7
176
     1
 90
        3
176
     1
 90
        0
176
     1
 90
        0
176
     1
290
     0
176
     1
 90
        1
176
     1
 40
0.0
176
     1
 90
        0
176
     1
290
     0
176
     1
290
     1
176
     1
290
     1
176
     1
290
     0
176
     1
290
     0
176
     1
290
     0
176
     1
290
     0
176
     1
290
     0
176
     1
290
     0
176
     1
 90
       50
176
     1
 40
0.0
176
     1
 40
1.0
176
     1
 90
        0
176
     1
 62
    18
420
        0
176
     1
 90
       50
176
     1
 90
        3
176
     1
 62
     5
420
      255
176
     1
290
     0
176
     1
 90
       50
176
     1
 90
       50
176
     1
 90
       50
176
     1
290
     0
176
     1
 90
       50
176
     1
 62
   256
176
     0
 40
1.0
176
     0
 90
        2
176
     1
  1
strokes_ogs.tif
176
     1
290
     0
176
     1
 40
1.0
176
     1
 40
1.0
176
     1
  0
VISUALSTYLE
  5
173
102
{ACAD_REACTORS
330
99
102
}
330
99
100
AcDbVisualStyle
  2
JitterOff
 70
    20
177
     3
291
     1
 70
    58
 90
        2
176
     0
 90
        2
176
     0
 90
        0
176
     0
 90
        0
176
     0
 40
0.6
176
     0
 40
30.0
176
     0
 62
     7
420
 16777215
176
     0
 90
        1
176
     0
 90
        4
176
     0
 62
     7
176
     0
 62
   257
176
     0
 90
        1
176
     0
 90
        1
176
     0
 40
1.0
176
     0
 90
       10
176
     2
 62
     7
176
     0
 40
1.0
176
     0
 90
        1
176
     0
 90
        6
176
     0
 90
        2
176
     0
 62
     7
176
     0
 90
        5
176
     0
 90
        0
176
     0
 90
        0
176
     0
290
     0
176
     0
 90
        1
176
     0
 40
0.0
176
     0
 90
        0
176
     0
290
     0
176
     1
290
     1
176
     1
290
     1
176
     1
290
     0
176
     1
290
     0
176
     1
290
     0
176
     1
290
     0
176
     1
290
     0
176
     1
290
     0
176
     1
 90
       50
176
     1
 40
0.0
176
     1
 40
1.0
176
     1
 90
        0
176
     1
 62
    18
420
        0
176
     1
 90
       50
176
     1
 90
        3
176
     1
 62
     5
420
      255
176
     1
290
     0
176
     1
 90
       50
176
     1
 90
       50
176
     1
 90
       50
176
     1
290
     0
176
     1
 90
       50
176
     1
 62
   256
176
     0
 40
1.0
176
     0
 90
        2
176
     1
  1
strokes_ogs.tif
176
     1
290
     0
176
     1
 40
1.0
176
     1
 40
1.0
176
     1
  0
VISUALSTYLE
  5
A7
102
{ACAD_REACTORS
330
99
102
}
330
99
100
AcDbVisualStyle
  2
Linepattern
 70
    14
177
     3
291
     1
 70
    58
 90
        2
176
     1
 90
        2
176
     1
 90
        1
176
     1
 90
        0
176
     1
 40
0.6
176
     1
 40
30.0
176
     1
 62
     7
420
 16777215
176
     1
 90
        1
176
     1
 90
        4
176
     1
 62
     7
176
     1
 62
   257
176
     1
 90
        7
176
     1
 90
        7
176
     1
 40
1.0
176
     1
 90
        8
176
     1
 62
     7
176
     1
 40
1.0
176
     1
 90
        1
176
     1
 90
        6
176
     1
 90
        2
176
     1
 62
     7
176
     1
 90
        5
176
     1
 90
        0
176
     1
 90
        0
176
     1
290
     0
176
     1
 90
        1
176
     1
 40
0.0
176
     1
 90
        0
176
     1
290
     0
176
     1
290
     1
176
     1
290
     1
176
     1
290
     0
176
     1
290
     0
176
     1
290
     0
176
     1
290
     0
176
     1
290
     0
176
     1
290
     0
176
     1
 90
       50
176
     1
 40
0.0
176
     1
 40
1.0
176
     1
 90
        0
176
     1
 62
    18
420
        0
176
     1
 90
       50
176
     1
 90
        3
176
     1
 62
     5
420
      255
176
     1
290
     0
176
     1
 90
       50
176
     1
 90
       50
176
     1
 90
       50
176
     1
290
     0
176
     1
 90
       50
176
     1
 62
   256
176
     0
 40
1.0
176
     0
 90
        2
176
     1
  1
strokes_ogs.tif
176
     1
290
     0
176
     1
 40
1.0
176
     1
 40
1.0
176
     1
  0
VISUALSTYLE
  5
174
102
{ACAD_REACTORS
330
99
102
}
330
99
100
AcDbVisualStyle
  2
OverhangOff
 70
    21
177
     3
291
     1
 70
    58
 90
        2
176
     0
 90
        2
176
     0
 90
        0
176
     0
 90
        0
176
     0
 40
0.6
176
     0
 40
30.0
176
     0
 62
     7
420
 16777215
176
     0
 90
        1
176
     0
 90
        4
176
     0
 62
     7
176
     0
 62
   257
176
     0
 90
        1
176
     0
 90
        1
176
     0
 40
1.0
176
     0
 90
        9
176
     2
 62
     7
176
     0
 40
1.0
176
     0
 90
        1
176
     0
 90
        6
176
     0
 90
        2
176
     0
 62
     7
176
     0
 90
        5
176
     0
 90
        0
176
     0
 90
        0
176
     0
290
     0
176
     0
 90
        1
176
     0
 40
0.0
176
     0
 90
        0
176
     0
290
     0
176
     1
290
     1
176
     1
290
     1
176
     1
290
     0
176
     1
290
     0
176
     1
290
     0
176
     1
290
     0
176
     1
290
     0
176
     1
290
     0
176
     1
 90
       50
176
     1
 40
0.0
176
     1
 40
1.0
176
     1
 90
        0
176
     1
 62
    18
420
        0
176
     1
 90
       50
176
     1
 90
        3
176
     1
 62
     5
420
      255
176
     1
290
     0
176
     1
 90
       50
176
     1
 90
       50
176
     1
 90
       50
176
     1
290
     0
176
     1
 90
       50
176
     1
 62
   256
176
     0
 40
1.0
176
     0
 90
        2
176
     1
  1
strokes_ogs.tif
176
     1
290
     0
176
     1
 40
1.0
176
     1
 40
1.0
176
     1
  0
VISUALSTYLE
  5
A3
102
{ACAD_REACTORS
330
99
102
}
330
99
100
AcDbVisualStyle
  2
Realistic
 70
     8
177
     3
291
     0
 70
    58
 90
        2
176
     1
 90
        3
176
     1
 90
        0
176
     1
 90
        2
176
     1
 40
0.6
176
     1
 40
30.0
176
     1
 62
     7
420
 16777215
176
     1
 90
        0
176
     1
 90
        0
176
     1
 62
     7
176
     1
 62
   257
176
     1
 90
        1
176
     1
 90
        1
176
     1
 40
1.0
176
     1
 90
        8
176
     1
 62
   257
176
     1
 40
1.0
176
     1
 90
        1
176
     1
 90
        6
176
     1
 90
        2
176
     1
 62
     7
176
     1
 90
        3
176
     1
 90
        0
176
     1
 90
        0
176
     1
290
     0
176
     1
 90
       13
176
     1
 40
0.0
176
     1
 90
        0
176
     1
290
     0
176
     1
290
     1
176
     1
290
     1
176
     1
290
     0
176
     1
290
     0
176
     1
290
     0
176
     1
290
     0
176
     1
290
     0
176
     1
290
     0
176
     1
 90
       50
176
     1
 40
0.0
176
     1
 40
1.0
176
     1
 90
        0
176
     1
 62
    18
420
        0
176
     1
 90
       50
176
     1
 90
        3
176
     1
 62
     5
420
      255
176
     1
290
     0
176
     1
 90
       50
176
     1
 90
       50
176
     1
 90
       50
176
     1
290
     0
176
     1
 90
       50
176
     1
 62
   256
176
     0
 40
1.0
176
     0
 90
        2
176
     1
  1
strokes_ogs.tif
176
     1
290
     0
176
     1
 40
1.0
176
     1
 40
1.0
176
     1
  0
VISUALSTYLE
  5
182
102
{ACAD_REACTORS
330
99
102
}
330
99
100
AcDbVisualStyle
  2
Shaded
 70
    27
177
     3
291
     0
 70
    58
 90
        2
176
     1
 90
        2
176
     1
 90
        1
176
     1
 90
        2
176
     1
 40
0.6
176
     1
 40
30.0
176
     1
 62
     7
420
 16777215
176
     1
 90
        0
176
     1
 90
        4
176
     1
 62
     7
176
     1
 62
   257
176
     1
 90
        1
176
     1
 90
        1
176
     1
 40
1.0
176
     1
 90
        8
176
     1
 62
   257
176
     1
 40
1.0
176
     1
 90
        1
176
     1
 90
        6
176
     1
 90
        2
176
     1
 62
     8
420
  7895160
176
     1
 90
        3
176
     1
 90
        0
176
     1
 90
        0
176
     1
290
     0
176
     1
 90
        5
176
     1
 40
0.0
176
     1
 90
        0
176
     1
290
     0
176
     1
290
     1
176
     1
290
     1
176
     1
290
     0
176
     1
290
     0
176
     1
290
     0
176
     1
290
     0
176
     1
290
     0
176
     1
290
     0
176
     1
 90
       50
176
     1
 40
0.0
176
     1
 40
1.0
176
     1
 90
        0
176
     1
 62
    18
420
        0
176
     1
 90
       50
176
     1
 90
        3
176
     1
 62
     5
420
      255
176
     1
290
     0
176
     1
 90
       50
176
     1
 90
       50
176
     1
 90
       50
176
     1
290
     0
176
     1
 90
       50
176
     1
 62
   256
176
     0
 40
1.0
176
     0
 90
        2
176
     1
  1
strokes_ogs.tif
176
     1
290
     0
176
     1
 40
1.0
176
     1
 40
1.0
176
     1
  0
VISUALSTYLE
  5
181
102
{ACAD_REACTORS
330
99
102
}
330
99
100
AcDbVisualStyle
  2
Shaded with edges
 70
    26
177
     3
291
     0
 70
    58
 90
        2
176
     1
 90
        2
176
     1
 90
        1
176
     1
 90
        2
176
     1
 40
0.6
176
     1
 40
30.0
176
     1
 62
     7
420
 16777215
176
     1
 90
        1
176
     1
 90
        2
176
     1
 62
     7
176
     1
 62
   257
176
     1
 90
        2
176
     1
 90
        1
176
     1
 40
1.0
176
     1
 90
        8
176
     1
 62
   257
176
     1
 40
1.0
176
     1
 90
        1
176
     1
 90
        6
176
     1
 90
        2
176
     1
 62
     7
176
     1
 90
        3
176
     1
 90
        0
176
     1
 90
        0
176
     1
290
     0
176
     1
 90
        5
176
     1
 40
0.0
176
     1
 90
        0
176
     1
290
     0
176
     1
290
     1
176
     1
290
     1
176
     1
290
     0
176
     1
290
     0
176
     1
290
     0
176
     1
290
     0
176
     1
290
     0
176
     1
290
     0
176
     1
 90
       50
176
     1
 40
0.0
176
     1
 40
1.0
176
     1
 90
        0
176
     1
 62
    18
420
        0
176
     1
 90
       50
176
     1
 90
        3
176
     1
 62
     5
420
      255
176
     1
290
     0
176
     1
 90
       50
176
     1
 90
       50
176
     1
 90
       50
176
     1
290
     0
176
     1
 90
       50
176
     1
 62
   256
176
     0
 40
1.0
176
     0
 90
        2
176
     1
  1
strokes_ogs.tif
176
     1
290
     0
176
     1
 40
1.0
176
     1
 40
1.0
176
     1
  0
VISUALSTYLE
  5
17E
102
{ACAD_REACTORS
330
99
102
}
330
99
100
AcDbVisualStyle
  2
Shades of Gray
 70
    23
177
     3
291
     0
 70
    58
 90
        2
176
     1
 90
        2
176
     1
 90
        3
176
     1
 90
        0
176
     1
 40
0.6
176
     1
 40
30.0
176
     1
 62
     7
420
 16777215
176
     1
 90
        2
176
     1
 90
        2
176
     1
 62
     7
176
     1
 62
     7
176
     1
 90
        1
176
     1
 90
        1
176
     1
 40
40.0
176
     1
 90
        8
176
     1
 62
     7
176
     1
 40
1.0
176
     1
 90
        1
176
     1
 90
        6
176
     1
 90
        2
176
     1
 62
     7
176
     1
 90
        3
176
     1
 90
        0
176
     1
 90
        0
176
     1
290
     0
176
     1
 90
        1
176
     1
 40
0.0
176
     1
 90
        0
176
     1
290
     0
176
     1
290
     1
176
     1
290
     1
176
     1
290
     0
176
     1
290
     0
176
     1
290
     0
176
     1
290
     0
176
     1
290
     0
176
     1
290
     0
176
     1
 90
       50
176
     1
 40
0.0
176
     1
 40
1.0
176
     1
 90
        0
176
     1
 62
    18
420
        0
176
     1
 90
       50
176
     1
 90
        3
176
     1
 62
     5
420
      255
176
     1
290
     0
176
     1
 90
       50
176
     1
 90
       50
176
     1
 90
       50
176
     1
290
     0
176
     1
 90
       50
176
     1
 62
   256
176
     0
 40
1.0
176
     0
 90
        2
176
     1
  1
strokes_ogs.tif
176
     1
290
     0
176
     1
 40
1.0
176
     1
 40
1.0
176
     1
  0
VISUALSTYLE
  5
17F
102
{ACAD_REACTORS
330
99
102
}
330
99
100
AcDbVisualStyle
  2
Sketchy
 70
    24
177
     3
291
     0
 70
    58
 90
        1
176
     1
 90
        2
176
     1
 90
        2
176
     1
 90
        0
176
     1
 40
0.6
176
     1
 40
30.0
176
     1
 62
     7
420
 16777215
176
     1
 90
        2
176
     1
 90
        2
176
     1
 62
     7
176
     1
 62
     7
176
     1
 90
        1
176
     1
 90
        1
176
     1
 40
40.0
176
     1
 90
       11
176
     1
 62
     7
176
     1
 40
1.0
176
     1
 90
        1
176
     1
 90
        6
176
     1
 90
        2
176
     1
 62
     7
176
     1
 90
        6
176
     1
 90
        0
176
     1
 90
        0
176
     1
290
     0
176
     1
 90
        1
176
     1
 40
0.0
176
     1
 90
        0
176
     1
290
     0
176
     1
290
     1
176
     1
290
     1
176
     1
290
     0
176
     1
290
     0
176
     1
290
     0
176
     1
290
     0
176
     1
290
     0
176
     1
290
     0
176
     1
 90
       50
176
     1
 40
0.0
176
     1
 40
1.0
176
     1
 90
        0
176
     1
 62
    18
420
        0
176
     1
 90
       50
176
     1
 90
        3
176
     1
 62
     5
420
      255
176
     1
290
     0
176
     1
 90
       50
176
     1
 90
       50
176
     1
 90
       50
176
     1
290
     0
176
     1
 90
       50
176
     1
 62
   256
176
     0
 40
1.0
176
     0
 90
        2
176
     1
  1
strokes_ogs.tif
176
     1
290
     0
176
     1
 40
1.0
176
     1
 40
1.0
176
     1
  0
VISUALSTYLE
  5
A6
102
{ACAD_REACTORS
330
99
102
}
330
99
100
AcDbVisualStyle
  2
Thicken
 70
    13
177
     3
291
     1
 70
    58
 90
        2
176
     1
 90
        2
176
     1
 90
        1
176
     1
 90
        0
176
     1
 40
0.6
176
     1
 40
30.0
176
     1
 62
     7
420
 16777215
176
     1
 90
        1
176
     1
 90
        4
176
     1
 62
     7
176
     1
 62
   257
176
     1
 90
        1
176
     1
 90
        1
176
     1
 40
1.0
176
     1
 90
       12
176
     1
 62
     7
176
     1
 40
1.0
176
     1
 90
        1
176
     1
 90
        6
176
     1
 90
        2
176
     1
 62
     7
176
     1
 90
        5
176
     1
 90
        0
176
     1
 90
        0
176
     1
290
     0
176
     1
 90
        1
176
     1
 40
0.0
176
     1
 90
        0
176
     1
290
     0
176
     1
290
     1
176
     1
290
     1
176
     1
290
     0
176
     1
290
     0
176
     1
290
     0
176
     1
290
     0
176
     1
290
     0
176
     1
290
     0
176
     1
 90
       50
176
     1
 40
0.0
176
     1
 40
1.0
176
     1
 90
        0
176
     1
 62
    18
420
        0
176
     1
 90
       50
176
     1
 90
        3
176
     1
 62
     5
420
      255
176
     1
290
     0
176
     1
 90
       50
176
     1
 90
       50
176
     1
 90
       50
176
     1
290
     0
176
     1
 90
       50
176
     1
 62
   256
176
     0
 40
1.0
176
     0
 90
        2
176
     1
  1
strokes_ogs.tif
176
     1
290
     0
176
     1
 40
1.0
176
     1
 40
1.0
176
     1
  0
VISUALSTYLE
  5
A0
102
{ACAD_REACTORS
330
99
102
}
330
99
100
AcDbVisualStyle
  2
Wireframe
 70
     5
177
     3
291
     0
 70
    58
 90
        0
176
     1
 90
        2
176
     1
 90
        0
176
     1
 90
        0
176
     1
 40
0.6
176
     1
 40
30.0
176
     1
 62
     7
420
 16777215
176
     1
 90
        1
176
     1
 90
        4
176
     1
 62
     7
176
     1
 62
   257
176
     1
 90
        1
176
     1
 90
        1
176
     1
 40
1.0
176
     1
 90
        0
176
     1
 62
   257
176
     1
 40
1.0
176
     1
 90
        1
176
     1
 90
        6
176
     1
 90
        2
176
     1
 62
     7
176
     1
 90
        3
176
     1
 90
        0
176
     1
 90
        0
176
     1
290
     0
176
     1
 90
        1
176
     1
 40
0.0
176
     1
 90
        0
176
     1
290
     0
176
     1
290
     1
176
     1
290
     1
176
     1
290
     0
176
     1
290
     0
176
     1
290
     0
176
     1
290
     0
176
     1
290
     0
176
     1
290
     0
176
     1
 90
       50
176
     1
 40
0.0
176
     1
 40
1.0
176
     1
 90
        0
176
     1
 62
    18
420
        0
176
     1
 90
       50
176
     1
 90
        3
176
     1
 62
     5
420
      255
176
     1
290
     0
176
     1
 90
       50
176
     1
 90
       50
176
     1
 90
       50
176
     1
290
     0
176
     1
 90
       50
176
     1
 62
   256
176
     0
 40
1.0
176
     0
 90
        2
176
     1
  1
strokes_ogs.tif
176
     1
290
     0
176
     1
 40
1.0
176
     1
 40
1.0
176
     1
  0
VISUALSTYLE
  5
180
102
{ACAD_REACTORS
330
99
102
}
330
99
100
AcDbVisualStyle
  2
X-Ray
 70
    25
177
     3
291
     0
 70
    58
 90
        2
176
     1
 90
        2
176
     1
 90
        1
176
     1
 90
        1
176
     1
 40
0.5
176
     1
 40
30.0
176
     1
 62
     7
420
 16777215
176
     1
 90
        1
176
     1
 90
        0
176
     1
 62
     7
176
     1
 62
   257
176
     1
 90
        1
176
     1
 90
        1
176
     1
 40
1.0
176
     1
 90
        8
176
     1
 62
     7
176
     1
 40
1.0
176
     1
 90
        1
176
     1
 90
        6
176
     1
 90
        2
176
     1
 62
     7
176
     1
 90
        3
176
     1
 90
        0
176
     1
 90
        0
176
     1
290
     0
176
     1
 90
       13
176
     1
 40
0.0
176
     1
 90
        0
176
     1
290
     0
176
     1
290
     1
176
     1
290
     1
176
     1
290
     0
176
     1
290
     0
176
     1
290
     0
176
     1
290
     0
176
     1
290
     0
176
     1
290
     0
176
     1
 90
       50
176
     1
 40
0.0
176
     1
 40
1.0
176
     1
 90
        0
176
     1
 62
    18
420
        0
176
     1
 90
       50
176
     1
 90
        3
176
     1
 62
     5
420
      255
176
     1
290
     0
176
     1
 90
       50
176
     1
 90
       50
176
     1
 90
       50
176
     1
290
     0
176
     1
 90
       50
176
     1
 62
   256
176
     0
 40
1.0
176
     0
 90
        2
176
     1
  1
strokes_ogs.tif
176
     1
290
     0
176
     1
 40
1.0
176
     1
 40
1.0
176
     1
  0
DICTIONARYVAR
  5
1595
102
{ACAD_REACTORS
330
1594
102
}
330
1594
100
DictionaryVariables
280
     0
  1
1
  0
DICTIONARYVAR
  5
1596
102
{ACAD_REACTORS
330
1594
102
}
330
1594
100
DictionaryVariables
280
     0
  1
0.200000
  0
DICTIONARYVAR
  5
1597
102
{ACAD_REACTORS
330
1594
102
}
330
1594
100
DictionaryVariables
280
     0
  1
1
  0
DICTIONARYVAR
  5
1598
102
{ACAD_REACTORS
330
1594
102
}
330
1594
100
DictionaryVariables
280
     0
  1
1:1
  0
DICTIONARYVAR
  5
1599
102
{ACAD_REACTORS
330
1594
102
}
330
1594
100
DictionaryVariables
280
     0
  1
STANDARD
  0
DICTIONARYVAR
  5
159A
102
{ACAD_REACTORS
330
1594
102
}
330
1594
100
DictionaryVariables
280
     0
  1
STANDARD
  0
DICTIONARYVAR
  5
159B
102
{ACAD_REACTORS
330
1594
102
}
330
1594
100
DictionaryVariables
280
     0
  1
Imperial24
  0
DICTIONARYVAR
  5
159C
102
{ACAD_REACTORS
330
1594
102
}
330
1594
100
DictionaryVariables
280
     0
  1
Imperial24
  0
DICTIONARYVAR
  5
159D
102
{ACAD_REACTORS
330
1594
102
}
330
1594
100
DictionaryVariables
280
     0
  1
0
  0
DICTIONARYVAR
  5
159E
102
{ACAD_REACTORS
330
1594
102
}
330
1594
100
DictionaryVariables
280
     0
  1
2
  0
DICTIONARYVAR
  5
159F
102
{ACAD_REACTORS
330
1594
102
}
330
1594
100
DictionaryVariables
280
     0
  1
A-DIMS-INSD
  0
DICTIONARYVAR
  5
15A0
102
{ACAD_REACTORS
330
1594
102
}
330
1594
100
DictionaryVariables
280
     0
  1
1
  0
DICTIONARYVAR
  5
15A1
102
{ACAD_REACTORS
330
1594
102
}
330
1594
100
DictionaryVariables
280
     0
  1
1
  0
DICTIONARYVAR
  5
15A2
102
{ACAD_REACTORS
330
1594
102
}
330
1594
100
DictionaryVariables
280
     0
  1
BYLAYER
  0
DICTIONARYVAR
  5
15A3
102
{ACAD_REACTORS
330
1594
102
}
330
1594
100
DictionaryVariables
280
     0
  1
0
  0
DICTIONARYVAR
  5
15A4
102
{ACAD_REACTORS
330
1594
102
}
330
1594
100
DictionaryVariables
280
     0
  1
G-G-DIMENSION
  0
DICTIONARYVAR
  5
15A5
102
{ACAD_REACTORS
330
1594
102
}
330
1594
100
DictionaryVariables
280
     0
  1
0.000000;0.000000
  0
DICTIONARYVAR
  5
15A6
102
{ACAD_REACTORS
330
1594
102
}
330
1594
100
DictionaryVariables
280
     0
  1
ByLayer
  0
DICTIONARYVAR
  5
15A7
102
{ACAD_REACTORS
330
1594
102
}
330
1594
100
DictionaryVariables
280
     0
  1
0
  0
DICTIONARYVAR
  5
15A8
102
{ACAD_REACTORS
330
1594
102
}
330
1594
100
DictionaryVariables
280
     0
  1
0
  0
DICTIONARYVAR
  5
15A9
102
{ACAD_REACTORS
330
1594
102
}
330
1594
100
DictionaryVariables
280
     0
  1
0
  0
DICTIONARYVAR
  5
15AA
102
{ACAD_REACTORS
330
1594
102
}
330
1594
100
DictionaryVariables
280
     0
  1
2
  0
DICTIONARYVAR
  5
15AB
102
{ACAD_REACTORS
330
1594
102
}
330
1594
100
DictionaryVariables
280
     0
  1
1.000000
  0
DICTIONARYVAR
  5
15AC
102
{ACAD_REACTORS
330
1594
102
}
330
1594
100
DictionaryVariables
280
     0
  1
1
  0
DICTIONARYVAR
  5
15AD
102
{ACAD_REACTORS
330
1594
102
}
330
1594
100
DictionaryVariables
280
     0
  1
2
  0
DICTIONARYVAR
  5
15AE
102
{ACAD_REACTORS
330
1594
102
}
330
1594
100
DictionaryVariables
280
     0
  1
1
  0
DICTIONARYVAR
  5
15AF
102
{ACAD_REACTORS
330
1594
102
}
330
1594
100
DictionaryVariables
280
     0
  1
0
  0
DICTIONARYVAR
  5
15B0
102
{ACAD_REACTORS
330
1594
102
}
330
1594
100
DictionaryVariables
280
     0
  1
127
  0
DICTIONARYVAR
  5
15B1
102
{ACAD_REACTORS
330
1594
102
}
330
1594
100
DictionaryVariables
280
     0
  1
TEXT
  0
ACDBASSOCNETWORK
  5
6DE
102
{ACAD_REACTORS
330
6DD
102
}
330
6DD
100
AcDbAssocAction
 90
        2
 90
        0
330
5E5
360
0
 90
        2
 90
        0
 90
        0
 90
        0
 90
        0
 90
        0
 90
        0
100
AcDbAssocNetwork
 90
        0
 90
       47
 90
        2
360
1BDE
360
1CA1
 90
        0
  0
DICTIONARY
  5
194
330
22
100
AcDbDictionary
280
     1
281
     1
  0
DICTIONARY
  5
188
330
97
100
AcDbDictionary
280
     1
281
     1
  3
FBXASSET
360
189
  0
DICTIONARY
  5
186
330
96
100
AcDbDictionary
280
     1
281
     1
  3
FBXASSET
360
187
  0
DICTIONARY
  5
110
330
98
100
AcDbDictionary
280
     1
281
     1
  3
BUMPTILE
360
112
  3
DIFFUSETILE
360
111
  3
FBXASSET
360
18A
  3
OPACITYTILE
360
113
  3
REFLECTIONTILE
360
114
  0
DICTIONARY
  5
104
330
87
100
AcDbDictionary
280
     1
281
     1
  3
ACAD_ROUNDTRIP_2008_TABLESTYLE_CELLSTYLEMAP
360
1CD0
  0
ACDBASSOCACTION
  5
1BDE
330
6DE
100
AcDbAssocAction
 90
        2
 90
        0
330
6DE
360
1BDF
 90
       44
 90
        4
 90
        3
360
1BE0
360
1BE1
360
1BE2
 90
        0
 90
        4
360
1BE3
360
1BE4
360
1BE5
360
1BE6
 90
        0
 90
       14
 90
        0
  1
ItemSpacing
 90
        1
 90
        1
 40
581.6666666666665
330
0
330
0
 90
        0
  1
Items
 90
        0
 90
        1
 90
        4
330
0
330
0
 90
        0
  1
LevelSpacing
 90
        1
 90
        1
 40
1.0
330
0
330
0
 90
        0
  1
Levels
 90
        0
 90
        1
 90
        1
330
0
330
0
 90
        0
  1
RowElevation
 90
        1
 90
        1
 40
0.0
330
0
330
0
 90
        0
  1
RowSpacing
 90
        1
 90
        1
 40
10.5
330
0
330
0
 90
        0
  1
Rows
 90
        0
 90
        1
 90
        1
330
0
330
0
 90
        0
  1
AlignItems
 90
        0
 90
        1
 90
        1
330
0
330
0
 90
        0
  1
FillPath
 90
        0
 90
        1
 40
1.0
330
0
330
0
 90
        0
  1
MaintainZ
 90
        0
 90
        1
 40
1.0
330
0
330
0
 90
        0
  1
Orientation
 90
        0
 90
        1
 90
        1
330
0
330
0
 90
        0
  1
Method
 90
        0
 90
        1
 90
        0
330
0
330
0
 90
        0
  1
TangentOrientationAngle
 90
        0
 90
        1
 40
0.0
330
0
330
0
 90
        0
  1
PathDirection
 90
        0
 90
        1
 90
        1
330
0
330
0
  0
ACDBASSOCACTION
  5
1CA1
330
6DE
100
AcDbAssocAction
 90
        2
 90
        0
330
6DE
360
1CA2
 90
       47
 90
        4
 90
        3
360
1CA3
360
1CA4
360
1CA5
 90
        0
 90
        4
360
1CA6
360
1CA7
360
1CA8
360
1CA9
 90
        0
 90
       14
 90
        0
  1
ItemSpacing
 90
        1
 90
        1
 40
581.6666666666665
330
0
330
0
 90
        0
  1
Items
 90
        0
 90
        1
 90
        4
330
0
330
0
 90
        0
  1
LevelSpacing
 90
        1
 90
        1
 40
1.0
330
0
330
0
 90
        0
  1
Levels
 90
        0
 90
        1
 90
        1
330
0
330
0
 90
        0
  1
RowElevation
 90
        1
 90
        1
 40
0.0
330
0
330
0
 90
        0
  1
RowSpacing
 90
        1
 90
        1
 40
10.5
330
0
330
0
 90
        0
  1
Rows
 90
        0
 90
        1
 90
        1
330
0
330
0
 90
        0
  1
AlignItems
 90
        0
 90
        1
 90
        1
330
0
330
0
 90
        0
  1
FillPath
 90
        0
 90
        1
 40
1.0
330
0
330
0
 90
        0
  1
MaintainZ
 90
        0
 90
        1
 40
1.0
330
0
330
0
 90
        0
  1
Orientation
 90
        0
 90
        1
 90
        1
330
0
330
0
 90
        0
  1
Method
 90
        0
 90
        1
 90
        0
330
0
330
0
 90
        0
  1
TangentOrientationAngle
 90
        0
 90
        1
 40
0.0
330
0
330
0
 90
        0
  1
PathDirection
 90
        0
 90
        1
 90
        1
330
0
330
0
  0
XRECORD
  5
189
102
{ACAD_REACTORS
330
188
102
}
330
188
100
AcDbXrecord
280
     1
 70
     1
 90
429727718
  1
508B35C9-AEE7-456F-BE74-D52651303AC6
310
504B03040A0000080000B670623B3DEE336E79000000790000001B0000006175746F6465736B2D64657369676E2D7061636B6167652E786D6C3C3F786D6C2076657273696F6E3D22312E302220656E636F64696E673D227574662D3822203F3E3C666F726D6174733E3C666F726D61743E687474703A2F2F736368656D612E
310
6175746F6465736B2E636F6D2F64657369676E2D7061636B6167652F323030393C2F666F726D61743E3C2F666F726D6174733E504B0304140006080800B670623BD486FD9CA0000000F4000000130000005B436F6E74656E745F54797065735D2E786D6C7D8EC10E82300C865F65E91D8A1E8C310C0EEA1BF002731658846E
310
D98AC1B77784ABF1D8FE5FBFBF75BBCE937A534CCEB38643598122B6FEE978D0B0485F9C41B54DDD7D022595594E1A469170414C76A4D9A4D207E29CF43ECE46F218070CC6BECC4078ACAA135ACF422C856C0E68EA1BF5669944DDD7BCDE7B1F8E415D77AECB980613C2E4AC91FC167A2B244592486606FC29C8FD7F045B9A
310
EF7053A7E60B504B0304140006080800B670623B28ED286BEB0000007C01000008000000636F72652E786D6C8D90416EC3201045AF82665B6183218D6D61A254764FD00B204C5C94182C03558F5F9C3852BBEB6A467FFE9B197D71FA9E6FE8CBACC17AD7012D0820E3B41FAD9B3A48F1826B40272956EFE32F1B20A766D3C1
310
268314D3EAD3B24BDABB685CCCAAF3A3D94515828980F42D371D04FD696655A814B3235C8B45E9AB9A4C419F5D8653B2237A1CB163DE672FD6AC209BF3C08E0D1B30EB19C3FC9D72FCC6EB231EFA33EDE96BDD341517E5064B11EDFCBCAF57A3A2194156843498524CAA0FCA5B7268F9E185D42D21A2DCEC7FA0B48CFF8492
310
759155FBBB0F2C80A4F991FB408A72CB22977B50B96EB9C91F504B0304140006080800B670623B55019EA25F0000007C00000007000000636E782E786D6C4DCB3B0E80201045D1AD90E915ED2CF8AC45050C11660C8261F98AB1B07AC9C97D42D718D865D3E909258CFD00CCE24AC6E326A164D74DC0B4128928FF32603847
310
2BA13128B1252AC747C6BAB984FC68F0B87FE8960A5C09FE86CFB69FBA01504B0304140006080800B670623B7BC41AC871010000D40300000C0000006662782F636F72652E786D6CC553ED6E8320147D15C2DF4501B56B6D90A64BBB27D80B50A5CE54C120983EFEAE1F4DD7A56BBA5FF3879273EEE59E7310BE393735EA95
310
ED2AA333CC428A91D2B9292A5D66D8BB63B0C26823B835C67D2BC348CB46657880B1E0A535BE9DA1DC68A7B403549B42CDA0EC3AE530CA6B5864B8CB3F552343E91D5474A7B095F949962A6421D0502778E72C0840D390E18DC5F170E664C205F7BE2A66B62A605A75AC94C522DDEEE3651AEF837817C741F2CE92E02D592D
310
83FD6ECB76EC7595A651C2C9D02CB8AB9A8BBADC2AE954814544691A3016D0E883256BBA58278B17BA5A53CAC9507ED3E4DBE2C9265F691747B3DCA9ADC382819091F8E1162272A8933DE82182932144F88C09DF060D8140C84E1EEA8B8F1340BDCA9DB1093085F157AA97B557309586747CD0EF0B4EA64E983A6E0EAEEFCE
310
889E9EF17847386AA94B30211D2C0FDE0D3AF9A4610EAD5536E8DD1969631B593F67E381C33F5157F17725E5A636F6BF1491F980C8FC7B90E13E8A2F504B0304140006080800B670623B70102A487D0000009D0000000B0000006662782F636E782E786D6C4DCCD10A83201886E15B91FFDC95A5C30335ACCDFB886521330D
310
A76397BF1A1DECE883878F57749FD5A3B74D2F17830472A901D9F088930B8B849267CC01754AA418F3DF0D5018572BE160506249B16C274D761E8BCFBB7A179E27F65CB39A0F14D396184C9921B81F34C3ACA1B4B99ABB6E6F062A25AA5F69DF23ACBE504B0304140006080800B670623B3610CA3329010000120200003100
310
00006662782F42384135303843342D343331462D343546312D424341352D3532343432364645413344462F636F72652E786D6C8D515B6EC32010BC0AE22B55850D0E446E848992B43E412FE000495162B07854397EA176A4F62F3F2C9A9D991D58BEBB8F37F0AD7D30CE76905418026DA553C65E3A98E219B510EC04F7CEC5
310
3F3408EC30EA0E16180A7EF12E4D0B249D8DDAC68C5AA7F4020E21E80881BCE54B0783FCD2E3500D296646B856D320AFC34557A4CAEDCC133C449F0380794839A138B47B86DB2345744D7A44594FD0E1B867883594369BFE63BF7EEF793D0B054FC9A8456E548E63CE46FB674D8A58F068C6477CE9F510B582A2C1F80D1182
310
70F349E816B32D65AFB8DD62CCEB42FF274A937A52948C8DEB66893BCB021484D7734370E5D2E9F608A3EF93F3119479ABA0E50B14B8C298119A43CCC4FCFCECB8A18B6388CEE7EF5D5D4F994BD86CBBA182D76543B9FCAE2FD7B24DF103504B0304140006080800B670623B1B8617914E0100003303000030000000666278
310
2F42384135303843342D343331462D343546312D424341352D3532343432364645413344462F636E782E786D6CD593C16EC32010447F0571AD6CE3D489D20813A9877E410FBD62D82434182CC055F3F75D1292E692438FBD206B7698593D61BEFD1E2DF982108D773D6D6B460938E5B571FB9ECE6957AD29D90A1EBC4F7736
310
4A9C1CA1A759A682EF839FA72269D8C9D92654AD71C72206887E0E0A22CAF926B15E498B01E0AA19451807D01A34B919F16B070157417138917400F2F6FA41FCF0092A45DEE414C19BDC21783E4BD39D891265658C3D8DEA00A3ACE59CBC8678ACB54CB26EEB6BD7839D7E9348BE70AD9C8321B9BCA7F9A4A26C542347DEE0
310
50F09802D22BA6749A800A394DD62899107273365E3C82CFC6A55557BC06C10774B7ABE7AEC3B0F34CF06446280E154026D0542C187BA9DAB6628BF7B6DBB0E5A65B3EB1F58631DE64BBE083F7B65CC218087E22CABB042E51D1F2268F1FE12B3EA24D40D63E9CFE00120194D60B9D5BC67FE6D39CDF37E20AF817881F504B
310
0304140006080800B670623BBFEF2E3B690500003C100000340000006662782F42384135303843342D343331462D343546312D424341352D3532343432364645413344462F6F626A656374732E786D6CAD575D739B3814FD2B0CFB0C98D84E931D4227B6938EA793B6534F3BFB90198F0099B001899144EAECAFDF231018B0
310
D37A3FFC609090EEE7B94757C1FB7D915B2F54C88CB31BDB7727B64559CC938CA53776A576CE956DBD0F03C1B9EA2DB32D460A7A63EB693B0C52C1ABD24C257447AA5C8D66EF177F5832A68CDA569C13296F6C193FD182B8A4523CA1F2D94D88226EBADBBBBEDB2C1C8A4D05299F46424B222853B014F30C52ACC6287F389C
310
D85E1878FA7B18E87FB36AFAF62AAFF667A83F635211161F291B8999FAB3D5DDC5FCDA99CF6653677679E13B8BFBC5CAF1DF4D27CBCBE5F2FAF6EE1A8AA51290642C117467871F101B91C581D77CEA2C36869F3229E68CD1B8F61F1ED6361B89092D294B90C78C4A68EB793D190E7D1D9BDEE7A91E1B95FDE9F3BCEAEFE809
310
6A6D6F9F7D4B79F4275C90E7A04248AA51D5C4C738DAE06F72885AC4796EBE65D22A88A22223B995679120E2D50EB1542F098381188D4EA111AE3DB043FF20AF6F2B4AE3D7D83D65E5AECA730D4D3BAC91BD05FEA992B565D95F549CD6069B90AB2A63EACA38A45E4B6A87D781574F86817E4C2FCCC72690D62E2729520E37
310
9BAF234797BAF6D62B3BFC781FED37BA1E4F2B2F052FA9501A3E80569BB8F6A9A364D4FA67654E6F803383981F82F21591FF84F23D9882BC896C3FDBCF8C162508933B2E0AE4C69DD43F6BD2BE38DDDBF10BF86CB4FA784D37F3AF16075E67EC9030DECA1FC0A55373F5DFF3378C591FA9BDF485C10B0A8C8BA909E5262639
310
A8E72163488806A595734C81CB77D1DE0ED7604A303B76913CEC0272F412782FF88EFF4636D8AA56DF7B322474C4B767303F625997056C7B032C473C592B36CEBD15F3F9FF5233B7ABCDC74D257624A60F8658567497B14CE1EC3C80B76FD02011038F9EE9EB0F2E12387A9C844D3F09855125116D1D731DF8B43D2CF4E0A0
310
79A020C6BE946BCE0B7EA1E1219331CD73C228AF5A2DDD31A4B1DA918CE91350854D40A71723140BFA92E94E62B0626016CEFA5864A50E5977E8753CEDBEE1CBB7F52780D20E17AF0BA0F5F9B02A3AD07DCC732EB6D1EBB661421BE0C39E21BABF0FE16D22EA6929407C8DE596724C88B749B6DB5512BC7B228ADFD7CB7EA6
310
3A22397E690BA8D5D8D4E40CEC8CDA23C2C0B7D5898640101CEC9C6D331CE328CB93CAFBBAC70A642DF70DF95155945B52F08AA973C23469FD69ADEF84F7BB18F983A8F8C90E37F5D35980B2139A1C523540813E824EF83448CF7C72B598CE97D7CEEDDDDD3B6736BFBC771677EF66CE6A7E7139F7A793E9EDF2B2B3A8B624
310
0CDA13AA5F8388264EC4A0129909F3B7F5A16CEDF08128E97D680ACA4B9BE7B7B58BB638F0B00700EF36AE8B32A705658A68F83EE897FC2B41573190D1CCAF0B92D233A47CFEB019D9809933F67DD1A5467F8CF69AD9A5AE859342D45355448C64F968A371DC2D596ADC6E43D93D1B466F877A64E2893E54F23C4B40388995
310
525E5005DA3983ED45412510D3EFCA13737B3863F74BD30F2A12E5B4B5E489A025CE25500DB855B11ACE5BBFA185D35DD48D8DC3CE7DC69F2944DB42AA6F6CF09BCA622ADD08C7A36E7C6AE18000BAB08E040135C2D21C9D75B3A91B77BB746C403F38018DFE6EC939DD92F16B40BC05294B9CDA035AAD6D330AE27FE4786B
310
8E45145EA34A75BE1C263A676A35A8ACC6297337400BF16C54EF515F3F77CB77EB3583889C754FFA29081AA98E2222ADEF05DA3E63D2EDEA8B8756C05A7FB6CABC4A91CBF325398202CC952E70A008A830324BA200D5E5EF8F5F04C75DB4B0EE3340E071C98B823333B83577596BF3849B69F2085AA0FAFA212F26BEFF5877
310
FDE622B28D88A42E49E43326DA82D31E8CB006401E1DA726059ECEC168F97A6599036306A135688F9AD2E61A6EA178F4CD51974A9F2CCB9F36FE5EBD14601068D9C3BF01504B0304140006080000B670623B000000000000000000000000350000006662782F42384135303843342D343331462D343546312D424341352D35
310
32343432364645413344462F76657274696365732E62696E504B0304140006080800B670623BF270F1330600000004000000360000006662782F42384135303843342D343331462D343546312D424341352D3532343432364645413344462F747269616E676C65732E62696E636660600000504B0304140006080000B67062
310
3B000000000000000000000000370000006662782F42384135303843342D343331462D343546312D424341352D3532343432364645413344462F617474726962757465732E62696E504B0304140006080800B670623B08DA0BD19000000041010000360000006662782F42384135303843342D343331462D343546312D4243
310
41352D3532343432364645413344462F6469726563746F72792E786D6C858F410AC3201045AF22B36F53E9A60B35CBEEBAE80D244E44489C6234F4F835464A48035D0DF398FF9F8AF63D0E6CC63039F212F8F9020C7D47C6792B21C5FE7403D62A1188E2E60C98D7234A5830286103A55745067B9D86B8A3CF9C7F90C11DE6
310
07FB144396D7B6A82D282E9A152AD114D5EF2CB866EEE831B8EEA07A7BB5A8D7D61A2BAAEB7FD5F70921FF497D00504B0304140006080800B670623B3B4606F3FE000000A00100003B0000006662782F42384135303843342D343331462D343546312D424341352D3532343432364645413344462F7265736F75726365732F
310
636F72652E786D6C8D504B6E833010BD0A9A6D65B08134808CA354A427E8052C332156828DFCA97AFC9A40A576D7CDCCE87D344F8F9FBEE647F689CE6B6B7A6039850C8DB2A336530F315C4903D94970676DF82583CCC8197B5861107C72362E3BA4AC096842428D1D7107A5F71820538F74F4E0D50D6799CB1892C2DFF345
310
AABB9C306779A2934E701F5C0A906D4FD609C2A1B7D129F4BCD858C163D4E3AED163FAA9AF1A1D88F67CA98E6D35906AA82A52BFB39ABCD5CD915C86331BD86BD3B665CD8BD52C78D0F34F46E550061C419494B6843142CB0F5677F4D0D58717DA7494F26295FF31C565FCA7296A13AA728FBBD93C0896823C09C18BB5AFB4
310
9E65A6BD762BBE01504B010214000A0000080000B670623B3DEE336E79000000790000001B00000000000000000000000000000000006175746F6465736B2D64657369676E2D7061636B6167652E786D6C504B01021400140006080800B670623BD486FD9CA0000000F40000001300000000000000000000000000B2000000
310
5B436F6E74656E745F54797065735D2E786D6C504B01021400140006080800B670623B28ED286BEB0000007C010000080000000000000000000000000083010000636F72652E786D6C504B01021400140006080800B670623B55019EA25F0000007C000000070000000000000000000000000094020000636E782E786D6C50
310
4B01021400140006080800B670623B7BC41AC871010000D40300000C00000000000000000000000000180300006662782F636F72652E786D6C504B01021400140006080800B670623B70102A487D0000009D0000000B00000000000000000000000000B30400006662782F636E782E786D6C504B01021400140006080800B6
310
70623B3610CA3329010000120200003100000000000000000000000000590500006662782F42384135303843342D343331462D343546312D424341352D3532343432364645413344462F636F72652E786D6C504B01021400140006080800B670623B1B8617914E010000330300003000000000000000000000000000D10600
310
006662782F42384135303843342D343331462D343546312D424341352D3532343432364645413344462F636E782E786D6C504B01021400140006080800B670623BBFEF2E3B690500003C10000034000000000000000000000000006D0800006662782F42384135303843342D343331462D343546312D424341352D35323434
310
32364645413344462F6F626A656374732E786D6C504B01021400140006080000B670623B0000000000000000000000003500000000000000000000000000280E00006662782F42384135303843342D343331462D343546312D424341352D3532343432364645413344462F76657274696365732E62696E504B010214001400
310
06080800B670623BF270F133060000000400000036000000000000000000000000007B0E00006662782F42384135303843342D343331462D343546312D424341352D3532343432364645413344462F747269616E676C65732E62696E504B01021400140006080000B670623B00000000000000000000000037000000000000
310
00000000000000D50E00006662782F42384135303843342D343331462D343546312D424341352D3532343432364645413344462F617474726962757465732E62696E504B01021400140006080800B670623B08DA0BD1900000004101000036000000000000000000000000002A0F00006662782F42384135303843342D3433
310
31462D343546312D424341352D3532343432364645413344462F6469726563746F72792E786D6C504B01021400140006080800B670623B3B4606F3FE000000A00100003B000000000000000000000000000E1000006662782F42384135303843342D343331462D343546312D424341352D3532343432364645413344462F72
310
65736F75726365732F636F72652E786D6C504B0506000000000E000E0080040000651100000000
  0
XRECORD
  5
187
102
{ACAD_REACTORS
330
186
102
}
330
186
100
AcDbXrecord
280
     1
 70
     1
 90
429727718
  1
887D55A9-D0DD-414E-B741-A7DCD4DA2B4C
310
504B03040A0000080000B670623B3DEE336E79000000790000001B0000006175746F6465736B2D64657369676E2D7061636B6167652E786D6C3C3F786D6C2076657273696F6E3D22312E302220656E636F64696E673D227574662D3822203F3E3C666F726D6174733E3C666F726D61743E687474703A2F2F736368656D612E
310
6175746F6465736B2E636F6D2F64657369676E2D7061636B6167652F323030393C2F666F726D61743E3C2F666F726D6174733E504B0304140006080800B670623BD486FD9CA0000000F4000000130000005B436F6E74656E745F54797065735D2E786D6C7D8EC10E82300C865F65E91D8A1E8C310C0EEA1BF002731658846E
310
D98AC1B77784ABF1D8FE5FBFBF75BBCE937A534CCEB38643598122B6FEE978D0B0485F9C41B54DDD7D022595594E1A469170414C76A4D9A4D207E29CF43ECE46F218070CC6BECC4078ACAA135ACF422C856C0E68EA1BF5669944DDD7BCDE7B1F8E415D77AECB980613C2E4AC91FC167A2B244592486606FC29C8FD7F045B9A
310
EF7053A7E60B504B0304140006080800B670623BBC1638F5EC0000007C01000008000000636F72652E786D6C8D90416EC3201045AF82665B61836BE2D8C24471DB9CA01740401C94182C03558F5F9C3852BBEB6A467FFE9B197D7EF89E6EE8CB2CC17AD7032D0820E394D7D68D3DA478C67B4007C117EFE32F1B202727D3C3
310
2A83E0E3E2D3BC49CABB685CCCAAF3DA6CA20CC14440EA969B1E82BA98491632C5EC08D76296EA2A4753D06797E194AC468F2356E77DF66CCD02825543D50CACC62D39ED70FDC68EB8FD68F6F8787A6784342D1DDA1D2F5758F068A7E77DB518198D065111D2624A31A93E69DD11D6D5EC85EC3B4278B9DAFF4069D6FF8492
310
75F1B5DADE7D600104CD8FDC0782976B16B9DC83CA75CD4DFC00504B0304140006080800B670623B55019EA25F0000007C00000007000000636E782E786D6C4DCB3B0E80201045D1AD90E915ED2CF8AC45050C11660C8261F98AB1B07AC9C97D42D718D865D3E909258CFD00CCE24AC6E326A164D74DC0B4128928FF326038
310
472BA13128B1252AC747C6BAB984FC68F0B87FE8960A5C09FE86CFB69FBA01504B0304140006080800B670623B3586FFB671010000D40300000C0000006662782F636F72652E786D6CC553ED6E8320147D15C2DF4541A76D6D90A6DDD627D80B50A4CE54C120983EFEAE1F4DD7A55BBA5FF3879273EEE59E7310B6393735EA
310
95ED2AA3731C851423A5A5292A5DE6D8BB63B0C268C39935C67D29C3488B46E578803167A535BE9D2169B453DA01AA4DA16650749D7218C91A1639EEE4876A4428BC838AEE14B6429E44A9C228041AEA38EB9C0501681A32BC313F1ECE8C4C3867DE57C5CC56054CAB8E95B298A7F12E5EEED224C8E87E11242FE936C8DE96
310
AB60BB7F4D295D66D12E5B30323473E6AAE6A24E5A259C2A308F29CD82280A68FC1E256B9AAE93F489AED694323294DF34F9B678B0C957DA3DC7B3DCA9ADC33C022123F1CD2D44E450277AD04338234388F01913BE0D1A0281909D38D4171F27807A259DB1093085F157AA17B557309586747CD0CF0B46A64E983A6E0EAEEF
310
CE881F9EF1FB8E70D44297604238581EBC1B74B249C31C5AAB6CD0BB33D2C636A27ECCC62F0EFF445DC5DF95244D6DEC7F2922F30191F9F720C37DE49F504B0304140006080800B670623B4220A0FF7D0000009D0000000B0000006662782F636E782E786D6C4DCCD10A83201886E15B91FFDCE542CB0335D0EC3E6259C84A
310
C3E9D8E5AF46073BFAE0E1E315DD675BD1DBA5978F41C2FD4600B9F088930F8B849267CC01754AA418F3DF0D50183727E164506249B1EC174D6E1ECB9A0F5D7D785E68DB8151CD286E5A5363CA6B8A39E90D36D40E96B086F55A43A544F52B1D7B86D517504B0304140006080800B670623B2FA3FEDE290100001202000031
310
0000006662782F45374635344235342D363743322D343832342D383044432D4334454645303536354442422F636F72652E786D6C8D515B6EC32010BC0AE22B55850D2E386E848994D7097A0117488A1283C5A3CAF10BB523B57FF961D1ECCCECC0F2ED7DBC816FED8371B687A4C210682B9D32F6D2C314CFA883602BB8772E
310
FEA141608751F7B0C050F08B77695A20E96CD43666D43AA5177008414708E42D5F7A18E4971E876A483133C2B59A06791D2EBA22556E679EE021FA1C00CC43CA09C5717D6274C7286AD7FB06D1AEA1A8C3873DDAD3E3E98859CB0EBB1DAF67A1E02919B5C88DCA71CCD968FFAC49110B1ECDF8882FBD1EA256503418BF2342
310
106E3E08DD60B6A1EC15771B8C795DE8FF4469524F8A92B1F1AD59E2CEB20005E1F5DC105CB9F4797B84D1F7C9F908CABC55D0F2050A5C61CC1AD2F27A26E6E767C7962E8E213A9FBF7775FDCC5CC266DB960A5E970DE5F2BBBE5CCB36C50F504B0304140006080800B670623B1B8617914E01000033030000300000006662
310
782F45374635344235342D363743322D343832342D383044432D4334454645303536354442422F636E782E786D6CD593C16EC32010447F0571AD6CE3D489D20813A9877E410FBD62D82434182CC055F3F75D1292E692438FBD206B7698593D61BEFD1E2DF982108D773D6D6B460938E5B571FB9ECE6957AD29D90A1EBC4F77
310
364A9C1CA1A759A682EF839FA72269D8C9D92654AD71C72206887E0E0A22CAF926B15E498B01E0AA19451807D01A34B919F16B070157417138917400F2F6FA41FCF0092A45DEE414C19BDC21783E4BD39D891265658C3D8DEA00A3ACE59CBC8678ACB54CB26EEB6BD7839D7E9348BE70AD9C8321B9BCA7F9A4A26C542347DE
310
E050F09802D22BA6749A800A394DD62899107273365E3C82CFC6A55557BC06C10774B7ABE7AEC3B0F34CF06446280E154026D0542C187BA9DAB6628BF7B6DBB0E5A65B3EB1F58631DE64BBE083F7B65CC218087E22CABB042E51D1F2268F1FE12B3EA24D40D63E9CFE00120194D60B9D5BC67FE6D39CDF37E20AF817881F50
310
4B0304140006080800B670623B29652116630500003C100000340000006662782F45374635344235342D363743322D343832342D383044432D4334454645303536354442422F6F626A656374732E786D6CAD575D739B3814FD2B0CFB0C989834C90EA1639B24E3E9A6EDD4D3CE3E64C623834CD8006224913AFDF57B040203
310
B65BEF871F0C12D2FD3CF7E8CA7FBFCB33E3957291B2E2D674ED8969D02262715A24B76625B7D6B569BC0F7CCE98EC2D338D82E4F4D654D366E0279C55A59E8AE99654991CCDDECFFF3444440B6A1A514684B83545F44C7362934AB2988A173B2692D8C97667BB76B3702836E1A47C1E092D09A78584A5982F20C5688C7287
310
C389E904BEA3BE07BEFAD7ABA6A75739B53F43FD69212429A20365233153D70BEF2E2E6FAC4BCF9B5ADEBB0BD79ADFCF43CBBD9A4E16EF168B9BD9DD0D140BC921495BC2E9D60C1E101B9E46BED37CEA2CD6861F3329624541A3DA7F7858DBAC25C6B4A4458C3CA654405BCFEBC970E8AAD8F43E4FD558ABEC4F9FE7557F47
310
4F506B7BFBEC5BCA367FC105710E2AB8A00A554D7CB4A30DFE26FBA86D18CBF4B75418399194A72433B274C3097F33032C554B027F2046A1932B842B0FCCC0DDCBEBDB8AD2F835768F59B9ADB24C41D30C6A64AF817F2A456D59FA83F2E3DA60137255A585BCD60EC9B7929AC18DEFD49381AF1ED30BFDB109A4B1CD488294
310
C3CDE6EBC8D185AABD6568061FEE37BB95AAC7E3CA4BCE4ACAA5820FA0D526AE7DAA2869B5EE5999531BE0CC20E6FBA07C41E43FA27CF7A6206F3CDD793B4F6B919C1462CB788EDCD893FA674CDA17AB7B3B7C019F8D561FAEE966FED562DFE98C1D12C6A9FC015C2A35D7FF3D7FC398F591DA4B5FE0BFA2C0189FEA50AE22
310
92817A1ED3020951A03432862970F976B33383259812CC8E5D240BBA801CBCF8CE2BBEE3BF910DB6AAD5F79E05123AE2DB33981FB1ACCB02B69D00CB014FD68AB573A7627EF9BFD4CC2C5C7D58557C4B22FAA88925A4DBB44825CECE3D78FB060D1231F0E885BE7D673C86A3874958F593906B5502D1563157814FDAC3420D
310
F69A070A22EC4B98E23CFF171A1E5311D12C23056555ABA53B8614563B92D17D02AAB009E8F46284624E5F53D5490C560CCCC2591FF1B45421EB0EBD8EA7ED13BE7C5D7E0428CD60FEF60779EB13E6664FF711CB185F6FDED60D139A001FF60CD1FD6D086F1D51474901E26B2CB794A343BC8ED3EDB612E0DD2351FCB65CF4
310
33D511C9E14B5B40ADC6A6263DB0336A8F700DDF56271A024E70B0B3629DE21847591E55DED73D56206AB927E46FAABC5C939C55853C274C93D69FD6FA4E78BF8B11DF898C9ECD60553FAD39283BA6F18984AA23E8884F83F45C5F5F859797B31B2B9C84A1E5B9DE9D35BFF25C6B76152E422F9C5DCC3D847F5801ED09D5AF
310
41441327A25FF15487F9EB725FB666F048A4701E9A827292E6F97569A32DF61DEC01C0BB8DCBBCCC684E0B49147C1FD54BF685A0AB18C868E6973949E819523E3DAC463660E68C7D9F55A9D1EFA3BD7A76A16AE1A810F95CE59B82A4D968A376DC2E8B44BBDD86B27B368CDE0ED548C7137DA860591A83706223A12CA712B4
310
7306DBF39C0A20A6DF95C7FAF670C6EED7A61F946493D1D6926782963813403548A78AE470DEF80D2D9CEAA26E4D1C76F60BFE74219A06527D6B82DF641A51616F703CAAC6A7160E08A00BEB4810A0274592A1B36E3675E36E978A0DE80727A0D6DF2D39A75BD27E0D8837276589537B40ABB56D5A41F48F1C6FCD3188C4EB
310
A6929D2FFB89CE995A4D00AE813BDD032DC48B56BD437DFDDC2DD7AED70C2272D63DE9A72068A45A92F0A4BE17A8A06B9366E16707AD80B1FC649459952097E74BB23805982B55E0401150A165964402AA8BDF9F3E7386BB686EDCA780C0D382E5392BF460A6EFB2C6EA1937D3F809B440D5F5435C4C5CF7A9EEFAF54564BD
310
2182DA24162F98680B4E7930C21A0079709CEAEB99A372305ABE0C0D7D6078105A83F6A0296DAEE1068A47DD1C55A9F4C9B2FC69E3EFD44B81028E963DF81B504B0304140006080000B670623B000000000000000000000000350000006662782F45374635344235342D363743322D343832342D383044432D433445464530
310
3536354442422F76657274696365732E62696E504B0304140006080800B670623BF270F1330600000004000000360000006662782F45374635344235342D363743322D343832342D383044432D4334454645303536354442422F747269616E676C65732E62696E636660600000504B0304140006080000B670623B00000000
310
0000000000000000370000006662782F45374635344235342D363743322D343832342D383044432D4334454645303536354442422F617474726962757465732E62696E504B0304140006080800B670623B08DA0BD19000000041010000360000006662782F45374635344235342D363743322D343832342D383044432D4334
310
454645303536354442422F6469726563746F72792E786D6C858F410AC3201045AF22B36F53E9A60B35CBEEBAE80D244E44489C6234F4F835464A48035D0DF398FF9F8AF63D0E6CC63039F212F8F9020C7D47C6792B21C5FE7403D62A1188E2E60C98D7234A5830286103A55745067B9D86B8A3CF9C7F90C11DE607FB144396
310
D7B6A82D282E9A152AD114D5EF2CB866EEE831B8EEA07A7BB5A8D7D61A2BAAEB7FD5F70921FF497D00504B0304140006080800B670623B6378F24DFF000000A00100003B0000006662782F45374635344235342D363743322D343832342D383044432D4334454645303536354442422F7265736F75726365732F636F72652E
310
786D6C8D504B6E833010BD0A9A6D65B0094E42641C85B639412F6099496225D8C89FAAC7AF09546A77DDCC8CDE47F3F4C4F16B7C149FE88371B603565228D06A37187BED20C50BD9437194C23B177FC9A0B06AC40E6618A4B87A97A615D2CE46B431A3D60DB8822A048C50E8473E3A08FA86A32A558A5911EEE5A4F45D5DB1
310
6465A6B34E8A107D0E502C4FE609D26370C96B0CA25A58295232C3AA3143FE692E063D485EF7F5AEE71BD2D2F39634AFFC44DAF7DD9E9CCE6F9CD25DCBFA762BAAD92C4534E34F46ED51451C40D694B6843142EB0FD61C283F34FC85EE0F948A6A96FF31A569F8A729191B37F51A77B105902C0779125254735F793DCBCC7B
310
EE567E03504B010214000A0000080000B670623B3DEE336E79000000790000001B00000000000000000000000000000000006175746F6465736B2D64657369676E2D7061636B6167652E786D6C504B01021400140006080800B670623BD486FD9CA0000000F40000001300000000000000000000000000B20000005B436F6E
310
74656E745F54797065735D2E786D6C504B01021400140006080800B670623BBC1638F5EC0000007C010000080000000000000000000000000083010000636F72652E786D6C504B01021400140006080800B670623B55019EA25F0000007C000000070000000000000000000000000095020000636E782E786D6C504B010214
310
00140006080800B670623B3586FFB671010000D40300000C00000000000000000000000000190300006662782F636F72652E786D6C504B01021400140006080800B670623B4220A0FF7D0000009D0000000B00000000000000000000000000B40400006662782F636E782E786D6C504B01021400140006080800B670623B2F
310
A3FEDE290100001202000031000000000000000000000000005A0500006662782F45374635344235342D363743322D343832342D383044432D4334454645303536354442422F636F72652E786D6C504B01021400140006080800B670623B1B8617914E010000330300003000000000000000000000000000D2060000666278
310
2F45374635344235342D363743322D343832342D383044432D4334454645303536354442422F636E782E786D6C504B01021400140006080800B670623B29652116630500003C10000034000000000000000000000000006E0800006662782F45374635344235342D363743322D343832342D383044432D4334454645303536
310
354442422F6F626A656374732E786D6C504B01021400140006080000B670623B0000000000000000000000003500000000000000000000000000230E00006662782F45374635344235342D363743322D343832342D383044432D4334454645303536354442422F76657274696365732E62696E504B01021400140006080800
310
B670623BF270F13306000000040000003600000000000000000000000000760E00006662782F45374635344235342D363743322D343832342D383044432D4334454645303536354442422F747269616E676C65732E62696E504B01021400140006080000B670623B0000000000000000000000003700000000000000000000
310
000000D00E00006662782F45374635344235342D363743322D343832342D383044432D4334454645303536354442422F617474726962757465732E62696E504B01021400140006080800B670623B08DA0BD190000000410100003600000000000000000000000000250F00006662782F45374635344235342D363743322D34
310
3832342D383044432D4334454645303536354442422F6469726563746F72792E786D6C504B01021400140006080800B670623B6378F24DFF000000A00100003B00000000000000000000000000091000006662782F45374635344235342D363743322D343832342D383044432D4334454645303536354442422F7265736F75
310
726365732F636F72652E786D6C504B0506000000000E000E0080040000611100000000
  0
XRECORD
  5
112
102
{ACAD_REACTORS
330
110
102
}
330
110
100
AcDbXrecord
280
     1
270
     1
271
     1
  0
XRECORD
  5
111
102
{ACAD_REACTORS
330
110
102
}
330
110
100
AcDbXrecord
280
     1
270
     1
271
     1
  0
XRECORD
  5
18A
102
{ACAD_REACTORS
330
110
102
}
330
110
100
AcDbXrecord
280
     1
 70
     0
 90
1778669749
  1
9BF507EE-FAF7-4A99-A33D-4EE51894BC40
310
504B03040A0000080000B670623B3DEE336E79000000790000001B0000006175746F6465736B2D64657369676E2D7061636B6167652E786D6C3C3F786D6C2076657273696F6E3D22312E302220656E636F64696E673D227574662D3822203F3E3C666F726D6174733E3C666F726D61743E687474703A2F2F736368656D612E
310
6175746F6465736B2E636F6D2F64657369676E2D7061636B6167652F323030393C2F666F726D61743E3C2F666F726D6174733E504B0304140006080800B670623BD486FD9CA0000000F4000000130000005B436F6E74656E745F54797065735D2E786D6C7D8EC10E82300C865F65E91D8A1E8C310C0EEA1BF002731658846E
310
D98AC1B77784ABF1D8FE5FBFBF75BBCE937A534CCEB38643598122B6FEE978D0B0485F9C41B54DDD7D022595594E1A469170414C76A4D9A4D207E29CF43ECE46F218070CC6BECC4078ACAA135ACF422C856C0E68EA1BF5669944DDD7BCDE7B1F8E415D77AECB980613C2E4AC91FC167A2B244592486606FC29C8FD7F045B9A
310
EF7053A7E60B504B0304140006080800B670623BCA089DFFEC0000007C01000008000000636F72652E786D6C8D90416E83301045AF62CDB632D8402020E32882F604BD80653BC44AB011B6AB1EBF262152BBEB6A467FFE9B197D76FA9EEFE84BAFDE38DB03CD08206DA553C64E3DC470C1474027CE56E7C22F1B202B66DDC3
310
260367D3EAE2B24BD2D9A06D48AA754AEFA2F05E0740F29E9A1EBCBCEA59642286E4F0B76C11F226269DD15797E0188D42CF2346A57DE662F40ABCAEC77628C6120F654571D50C04B7F5B9C1E3997CD4F550BE3745C3F20DE62C98F9755FAE5A04AD801784B498524C8A4F5A75E4D055873772EC0861F966FF03C545FD138A
310
C686B2D8DF7D621E384D8F3C069CE55B16A93C824A75CB8DFF00504B0304140006080800B670623B55019EA25F0000007C00000007000000636E782E786D6C4DCB3B0E80201045D1AD90E915ED2CF8AC45050C11660C8261F98AB1B07AC9C97D42D718D865D3E909258CFD00CCE24AC6E326A164D74DC0B4128928FF326038
310
472BA13128B1252AC747C6BAB984FC68F0B87FE8960A5C09FE86CFB69FBA01504B0304140006080800B670623B68FC0B7272010000D40300000C0000006662782F636F72652E786D6CC5535B6E833010BC8AE5DF0A6C1E8124328E22D29EA01770C0A128602363A31CBFCB234A53A555FA553EC09AD9F5CE8C31DB5DDA060D
310
D2F4B556190E7C8A9154852E6B5565D8D993B7C668C799D1DA7E29C3488956667884316795D1AE5BA0422B2B950554E9522EA0E87B69312A1A5864B82F3E642B7CE12C54F467BF13C55954D20F7CA0A18EB3DE1A1080E621E31BF3D3F1C2C88C73E65C5D2E6C5DC2B4FA544B8379921C36797888BC3C8A032F4E73EA6D927D
310
EA1DF6F42D49F2E8350D5346C666CE6CDD5ED515460A2B4BCC434A375E1078347C0FE22D5D6DE3D50B5D6F2965642CBF6B725DF96493AB958DC245EEDCD6631E809089F8E61622B2A81703E8219C913144F84C09DF070D8140C8561C9BAB8F3340832CAC363130A576376A108D933095FA747AD0CF0B46E64E983A6D0EAE1F
310
CE089F9EF1FB8E70D44255604258581E9D1D75B259C3125A278D37D80B52DAB4A279CEC62F0EFF44DDC43F9454E8469BFF5244960322CBEF41C6FBC83F01504B0304140006080800B670623B0F71DDB67E0000009D0000000B0000006662782F636E782E786D6C4DCCD10A83201886E15B91FFDCA54DB73F502386BB8F5816
310
32D3703976F9ABD1C18E3E78F87855FB990379BBFCF2296AE02706C4C5471A7C9C349475A408A4352AA7B4FEDD80C47E761A7606A3A69CCA72D0E0C6BE8475D3E0E3F3409428EA6B27A84079A782899AA2EC1A7AE3ECCC2FD858CB2D544655BFD2B67BD87C01504B0304140006080800B670623BE134B4FB28010000120200
310
00310000006662782F38353834323741342D343835462D343034322D383541392D4331303331363839454531452F636F72652E786D6C8D515B6EC32010BC0AE22B55850D0EA424C24451959EA0172086A42831583CAA1CBF503B52FB971F16CDCECC0EACD8DFC71BF836215AEF7A481A0C817183D7D65D7A98D3197108F652
310
04EFD31F1A044E8DA6871586525C82CFD3020DDE25E352419DD76601558C264130DCCAA58771F832A36A544E8511AFCDA486ABBA988634A55D7852C4144A00300FA927949C71DABD1D28A29C7D208A6987383B6CD13BC16BB2E1DBE3911C453B0BA5C8D9EA456E758963CFD684674DAA588A64C747FC2118958C86B2C3788B
310
0841B8FB247487D98EB257CC77188BB6D2FF89F2A49F1465EBD2BA5BE2CEB2082511EDDC9042FB7CBA3DC298FBE4430275DE2A9AE1054ADC60CC08E3A29D89E5F9C5714317C7987C28DFBBBA9E0A97B0D97643A568EB864AF95D5FA9759BF207504B0304140006080800B670623B1B8617914E010000330300003000000066
310
62782F38353834323741342D343835462D343034322D383541392D4331303331363839454531452F636E782E786D6CD593C16EC32010447F0571AD6CE3D489D20813A9877E410FBD62D82434182CC055F3F75D1292E692438FBD206B7698593D61BEFD1E2DF982108D773D6D6B460938E5B571FB9ECE6957AD29D90A1EBC4F
310
77364A9C1CA1A759A682EF839FA72269D8C9D92654AD71C72206887E0E0A22CAF926B15E498B01E0AA19451807D01A34B919F16B070157417138917400F2F6FA41FCF0092A45DEE414C19BDC21783E4BD39D891265658C3D8DEA00A3ACE59CBC8678ACB54CB26EEB6BD7839D7E9348BE70AD9C8321B9BCA7F9A4A26C542347
310
DEE050F09802D22BA6749A800A394DD62899107273365E3C82CFC6A55557BC06C10774B7ABE7AEC3B0F34CF06446280E154026D0542C187BA9DAB6628BF7B6DBB0E5A65B3EB1F58631DE64BBE083F7B65CC218087E22CABB042E51D1F2268F1FE12B3EA24D40D63E9CFE00120194D60B9D5BC67FE6D39CDF37E20AF817881F
310
504B0304140006080800B670623B5933D422630500003B100000340000006662782F38353834323741342D343835462D343034322D383541392D4331303331363839454531452F6F626A656374732E786D6CAD575B6FA33814FE2B887D0642934E9B156594264D158D3A534DD4D13E548A0C38942D60649B4EBABF7E3F8321
310
40924EF6928780CDF1B97EE762EFF32E4B8D37CA45C2F21BD3B547A641F39045491EDF98A5DC5AD7A6F1D9F73863B243661A39C9E88DA9B64DDF8B392B0BBD15D12D295339D85DDEFE618890E6D434C2940871638AF08566C426A5641115AF764424B1E3EDCE76ED9AB0CF36E6A47819302D08A7B984A6D8CFC1C5A89572FB
310
CB91E9F89EA3BEFB9EFAD754E3D3544E654F5F7E920B49F2F040D880CDD89D2CEE2E2EA7D6E56432B6269F2E5CEB7679BBB0DCABF168FE693E9FCEEEA6102C240727AD09A75BD3BF876F78127A4EFDA9D5582B7E4CA590E5390D2BFB6161A5B3E618D182E611E2985001691DAB47FDA5AB7CD3F93C566B2DB2BB7D9E55DD13
310
1D468DEECDB3AB290BFE8409E21C54704115AA6AFF68436BFC8DF65E0B184BF5B74418199194272435D224E084BF9B3E481589EFF5D828747285706581E9BB7B7E5D5D911ABFC6EE312DB7659A2A689A7E85EC0DF04FA5A8344BFEA2FCB834E8845895492EAFB541F2BDA0A63FF59C6AD3F7D4637CA13FD68E34B629891172
310
98597F1D183A57B9B75A98FE9765B05BAB7C3C2EBCE0ACA05C2AF8005A4DE09AA7F29216EB9E15397500C6F47CBE77CA7778FE2BD277AF0AE2C693DD6437D1522427B9D8329E2136F6A8FA19A3E6C56ADF0E5F50CF06D48734EDCEBF22F69C56D97EC138153F804B85E6FABFC7AFEFB32E523BE1F3BD372418E363EDCA7548
310
52949E8724474014288D94610BB57C1BEC4C7F854A89CA8E5324F55B871CBC78CE1BBEE3BFE68D6A5589EF3C730474506FCFA8FCF0659516D0ED04580EEA6425581B77CAE797FF4BCECC16EB2FEB926F49481F746159D06D922712BD730FDEAE42BD40F42C7AA5EF3F198F60E86110D6DD20645A9480B795CF95E3E3A659A8
310
C55E724F408873315335CFFB8584874484344D494E59D94869DB90C26A5B64F49C802CAC1D3ABE18A098D3B7444D123D8A9E5AE8F5214F0AE5B2B6E9B575DA3E61CBD3EA2B4009FA940524DD1305FB6A1FB294F14DF0BEA90BA109ECE1481FDC3FFAE8D60E75141700BE82725371B4873751B2DD960265F788137FACE6DD40
310
B575E4F0A5C99F46629D92131467A41EE11ABD8D4CCC039CA0AFB37C93A08B232B8F0AEFCA1E0A1015DF13FC83322B362463652ECF71D3A8B1A7D1BE65DE1D62C44F22C317D35F574FEB16153BA2D13E543D10A80E74C4A65E78A6B7CBCBD1D5DD9DB59C2DAFACC96C3AB566E3F1C29ADCDD5DBAD7D3C9ED7C822ED74F80A6
310
41755310DE4443F44A9E68373FADF6596BFA0F440AE7BECE2727AE9F4F2B1B53B1E7E00CF0DD1E5C65454A339A4BA2D0FBA05ED2EF0443458F47BDBFCA484CCFE0F2ED7E3DD0013B679C7B5499467F0ECEEADDB9CA85A34CE44B99053949D2C1416DB85DE4B136BB7165FBAC0B7AB3542BED4F8CA182A549847A1319316519
310
95A83A67147B9E5101C47487F2485F1ECE38FD568F839204296D3479219888530154036E6528FBFBC66F98E0D4107563A2D7D9AFF8D389681A08F58D89F22693900A3B407754734FC51C10C010D6D640809EE4718AC1BA3ED4AEDB53CA37283F68805A7E4B72CEB0A4EDEAD5DD8C14059A76AFAA56BA6901E13F32BC51C720
310
12AF41295B5BF61BAD3195181FB506E6B40F4C10AF5AF40EF9F5B159AE5DD1F43C72D635E94310D45C2D49785C5D0B94D3B54AB3C5A38349C0587D338AB48C11CBF339599C02CCA54A70A008A8D03C0B2201D5F9EFCF8F9CE12A9A19CB0410789EB32C63B95ECCF455D658BFE0621A3DA32C5075FB101723D77DAE867E7D0F
310
D90444509B44E2151B4DC2290B065803200FBAA9BE9D392A0603F2D5C2D00D6302A615680F66D2FA166E2079D4C551A54AB758161FCEFD4E450A14704CECFEDF504B0304140006080000B670623B000000000000000000000000350000006662782F38353834323741342D343835462D343034322D383541392D4331303331
310
363839454531452F76657274696365732E62696E504B0304140006080800B670623BF270F1330600000004000000360000006662782F38353834323741342D343835462D343034322D383541392D4331303331363839454531452F747269616E676C65732E62696E636660600000504B0304140006080000B670623B000000
310
000000000000000000370000006662782F38353834323741342D343835462D343034322D383541392D4331303331363839454531452F617474726962757465732E62696E504B0304140006080800B670623B08DA0BD19000000041010000360000006662782F38353834323741342D343835462D343034322D383541392D43
310
31303331363839454531452F6469726563746F72792E786D6C858F410AC3201045AF22B36F53E9A60B35CBEEBAE80D244E44489C6234F4F835464A48035D0DF398FF9F8AF63D0E6CC63039F212F8F9020C7D47C6792B21C5FE7403D62A1188E2E60C98D7234A5830286103A55745067B9D86B8A3CF9C7F90C11DE607FB1443
310
96D7B6A82D282E9A152AD114D5EF2CB866EEE831B8EEA07A7BB5A8D7D61A2BAAEB7FD5F70921FF497D00504B0304140006080800B670623BD9A3B367FE000000A00100003B0000006662782F38353834323741342D343835462D343034322D383541392D4331303331363839454531452F7265736F75726365732F636F7265
310
2E786D6C8D504B6E833010BD0A9A6D65B01D0201194711694FD00B586642AD043BF2A7EAF16B122AB5BB6E6646EFA3797AE2F8B5DC8A4FF4C1383B002B291468B59B8C9D0748F1420E501CA5F0CEC55F3228AC5A708015062966EFD27D83B4B3116DCCA875136EA00A012314FA968F0182FEC045952AC5AC08D7F2AEF455CD
310
58B232D3592745883E07289E4FD609D26370C96B0CA27AB252A464A64D63A6FCD35C0C7A904D73EE467EE664DCD58CD4ED4849D79C5A723ED1B7A61977AF2D6F45B59AA58866F9C9A83DAA8813484E6947182394BFB3BAA7FBBEDEBFD0434FA9A856F91F53BA4FFF342563E38E6F719FB60092E5200F428A6AED2BAF479979
310
AFDDCA6F504B010214000A0000080000B670623B3DEE336E79000000790000001B00000000000000000000000000000000006175746F6465736B2D64657369676E2D7061636B6167652E786D6C504B01021400140006080800B670623BD486FD9CA0000000F40000001300000000000000000000000000B20000005B436F6E
310
74656E745F54797065735D2E786D6C504B01021400140006080800B670623BCA089DFFEC0000007C010000080000000000000000000000000083010000636F72652E786D6C504B01021400140006080800B670623B55019EA25F0000007C000000070000000000000000000000000095020000636E782E786D6C504B010214
310
00140006080800B670623B68FC0B7272010000D40300000C00000000000000000000000000190300006662782F636F72652E786D6C504B01021400140006080800B670623B0F71DDB67E0000009D0000000B00000000000000000000000000B50400006662782F636E782E786D6C504B01021400140006080800B670623BE1
310
34B4FB280100001202000031000000000000000000000000005C0500006662782F38353834323741342D343835462D343034322D383541392D4331303331363839454531452F636F72652E786D6C504B01021400140006080800B670623B1B8617914E010000330300003000000000000000000000000000D3060000666278
310
2F38353834323741342D343835462D343034322D383541392D4331303331363839454531452F636E782E786D6C504B01021400140006080800B670623B5933D422630500003B10000034000000000000000000000000006F0800006662782F38353834323741342D343835462D343034322D383541392D4331303331363839
310
454531452F6F626A656374732E786D6C504B01021400140006080000B670623B0000000000000000000000003500000000000000000000000000240E00006662782F38353834323741342D343835462D343034322D383541392D4331303331363839454531452F76657274696365732E62696E504B01021400140006080800
310
B670623BF270F13306000000040000003600000000000000000000000000770E00006662782F38353834323741342D343835462D343034322D383541392D4331303331363839454531452F747269616E676C65732E62696E504B01021400140006080000B670623B0000000000000000000000003700000000000000000000
310
000000D10E00006662782F38353834323741342D343835462D343034322D383541392D4331303331363839454531452F617474726962757465732E62696E504B01021400140006080800B670623B08DA0BD190000000410100003600000000000000000000000000260F00006662782F38353834323741342D343835462D34
310
3034322D383541392D4331303331363839454531452F6469726563746F72792E786D6C504B01021400140006080800B670623BD9A3B367FE000000A00100003B000000000000000000000000000A1000006662782F38353834323741342D343835462D343034322D383541392D4331303331363839454531452F7265736F75
310
726365732F636F72652E786D6C504B0506000000000E000E0080040000611100000000
  0
XRECORD
  5
113
102
{ACAD_REACTORS
330
110
102
}
330
110
100
AcDbXrecord
280
     1
270
     1
271
     1
  0
XRECORD
  5
114
102
{ACAD_REACTORS
330
110
102
}
330
110
100
AcDbXrecord
280
     1
270
     1
271
     1
  0
CELLSTYLEMAP
  5
1CD0
102
{ACAD_REACTORS
330
104
102
}
330
104
100
AcDbCellStyleMap
 90
        3
300
CELLSTYLE
  1
TABLEFORMAT_BEGIN
 90
        5
170
     1
 91
        0
 92
    32768
 62
   257
 93
        1
300
CONTENTFORMAT
  1
CONTENTFORMAT_BEGIN
 90
        0
 91
        0
 92
      512
 93
        0
300

 40
0.0
140
1.0
 94
        5
 62
     0
340
11
144
0.25
309
CONTENTFORMAT_END
171
     1
301
MARGIN
  1
CELLMARGIN_BEGIN
 40
0.06
 40
0.06
 40
0.06
 40
0.06
 40
0.18
 40
0.18
309
CELLMARGIN_END
 94
        6
 95
        1
302
GRIDFORMAT
  1
GRIDFORMAT_BEGIN
 90
        0
 91
        1
 62
     0
 92
       -2
340
0
 93
        0
 40
0.045
309
GRIDFORMAT_END
 95
        2
302
GRIDFORMAT
  1
GRIDFORMAT_BEGIN
 90
        0
 91
        1
 62
     0
 92
       -2
340
0
 93
        0
 40
0.045
309
GRIDFORMAT_END
 95
        4
302
GRIDFORMAT
  1
GRIDFORMAT_BEGIN
 90
        0
 91
        1
 62
     0
 92
       -2
340
0
 93
        0
 40
0.045
309
GRIDFORMAT_END
 95
        8
302
GRIDFORMAT
  1
GRIDFORMAT_BEGIN
 90
        0
 91
        1
 62
     0
 92
       -2
340
0
 93
        0
 40
0.045
309
GRIDFORMAT_END
 95
       16
302
GRIDFORMAT
  1
GRIDFORMAT_BEGIN
 90
        0
 91
        1
 62
     0
 92
       -2
340
0
 93
        0
 40
0.045
309
GRIDFORMAT_END
 95
       32
302
GRIDFORMAT
  1
GRIDFORMAT_BEGIN
 90
        0
 91
        1
 62
     0
 92
       -2
340
0
 93
        0
 40
0.045
309
GRIDFORMAT_END
309
TABLEFORMAT_END
  1
CELLSTYLE_BEGIN
 90
        1
 91
        1
300
_TITLE
309
CELLSTYLE_END
300
CELLSTYLE
  1
TABLEFORMAT_BEGIN
 90
        5
170
     1
 91
        0
 92
        0
 62
   257
 93
        1
300
CONTENTFORMAT
  1
CONTENTFORMAT_BEGIN
 90
        0
 91
        0
 92
      512
 93
        0
300

 40
0.0
140
1.0
 94
        5
 62
     0
340
11
144
0.18
309
CONTENTFORMAT_END
171
     1
301
MARGIN
  1
CELLMARGIN_BEGIN
 40
0.06
 40
0.06
 40
0.06
 40
0.06
 40
0.18
 40
0.18
309
CELLMARGIN_END
 94
        6
 95
        1
302
GRIDFORMAT
  1
GRIDFORMAT_BEGIN
 90
        0
 91
        1
 62
     0
 92
       -2
340
0
 93
        0
 40
0.045
309
GRIDFORMAT_END
 95
        2
302
GRIDFORMAT
  1
GRIDFORMAT_BEGIN
 90
        0
 91
        1
 62
     0
 92
       -2
340
0
 93
        0
 40
0.045
309
GRIDFORMAT_END
 95
        4
302
GRIDFORMAT
  1
GRIDFORMAT_BEGIN
 90
        0
 91
        1
 62
     0
 92
       -2
340
0
 93
        0
 40
0.045
309
GRIDFORMAT_END
 95
        8
302
GRIDFORMAT
  1
GRIDFORMAT_BEGIN
 90
        0
 91
        1
 62
     0
 92
       -2
340
0
 93
        0
 40
0.045
309
GRIDFORMAT_END
 95
       16
302
GRIDFORMAT
  1
GRIDFORMAT_BEGIN
 90
        0
 91
        1
 62
     0
 92
       -2
340
0
 93
        0
 40
0.045
309
GRIDFORMAT_END
 95
       32
302
GRIDFORMAT
  1
GRIDFORMAT_BEGIN
 90
        0
 91
        1
 62
     0
 92
       -2
340
0
 93
        0
 40
0.045
309
GRIDFORMAT_END
309
TABLEFORMAT_END
  1
CELLSTYLE_BEGIN
 90
        2
 91
        1
300
_HEADER
309
CELLSTYLE_END
300
CELLSTYLE
  1
TABLEFORMAT_BEGIN
 90
        5
170
     1
 91
        0
 92
        0
 62
   257
 93
        1
300
CONTENTFORMAT
  1
CONTENTFORMAT_BEGIN
 90
        0
 91
        0
 92
      512
 93
        0
300

 40
0.0
140
1.0
 94
        2
 62
     0
340
11
144
0.18
309
CONTENTFORMAT_END
171
     1
301
MARGIN
  1
CELLMARGIN_BEGIN
 40
0.06
 40
0.06
 40
0.06
 40
0.06
 40
0.18
 40
0.18
309
CELLMARGIN_END
 94
        6
 95
        1
302
GRIDFORMAT
  1
GRIDFORMAT_BEGIN
 90
        0
 91
        1
 62
     0
 92
       -2
340
0
 93
        0
 40
0.045
309
GRIDFORMAT_END
 95
        2
302
GRIDFORMAT
  1
GRIDFORMAT_BEGIN
 90
        0
 91
        1
 62
     0
 92
       -2
340
0
 93
        0
 40
0.045
309
GRIDFORMAT_END
 95
        4
302
GRIDFORMAT
  1
GRIDFORMAT_BEGIN
 90
        0
 91
        1
 62
     0
 92
       -2
340
0
 93
        0
 40
0.045
309
GRIDFORMAT_END
 95
        8
302
GRIDFORMAT
  1
GRIDFORMAT_BEGIN
 90
        0
 91
        1
 62
     0
 92
       -2
340
0
 93
        0
 40
0.045
309
GRIDFORMAT_END
 95
       16
302
GRIDFORMAT
  1
GRIDFORMAT_BEGIN
 90
        0
 91
        1
 62
     0
 92
       -2
340
0
 93
        0
 40
0.045
309
GRIDFORMAT_END
 95
       32
302
GRIDFORMAT
  1
GRIDFORMAT_BEGIN
 90
        0
 91
        1
 62
     0
 92
       -2
340
0
 93
        0
 40
0.045
309
GRIDFORMAT_END
309
TABLEFORMAT_END
  1
CELLSTYLE_BEGIN
 90
        3
 91
        2
300
_DATA
309
CELLSTYLE_END
  0
ACDBASSOCARRAYACTIONBODY
  5
1BDF
330
1BDE
100
AcDbAssocActionBody
 90
        2
100
AcDbAssocArrayActionBody
 90
        1
  1
AcDbAssocArrayPathParameters
 90
        0
 90
        4
  1
AcDbAssocArrayItem
100
AcDbAssocArrayItem
 90
        0
 90
        0
 90
        0
 90
        0
 90
       12
 40
0.0
 40
-1.0
 40
0.0
 40
5974.593804722621
 40
1.0
 40
0.0
 40
0.0
 40
164.1000917136594
 40
0.0
 40
0.0
 40
1.0
 40
0.0
 40
0.0
 40
0.0
 40
0.0
 40
1.0
330
1BD9
100
AcDbAssocArrayItem
 90
        0
 90
        1
 90
        0
 90
        0
 90
       12
 40
0.0
 40
-1.0
 40
0.0
 40
5974.593804722621
 40
1.0
 40
0.0
 40
0.0
 40
745.7667583803258
 40
0.0
 40
0.0
 40
1.0
 40
0.0
 40
0.0
 40
0.0
 40
0.0
 40
1.0
330
1BDA
100
AcDbAssocArrayItem
 90
        0
 90
        2
 90
        0
 90
        0
 90
       12
 40
0.0
 40
-1.0
 40
0.0
 40
5974.593804722621
 40
1.0
 40
0.0
 40
0.0
 40
1327.433425046992
 40
0.0
 40
0.0
 40
1.0
 40
0.0
 40
0.0
 40
0.0
 40
0.0
 40
1.0
330
1BDB
100
AcDbAssocArrayItem
 90
        0
 90
        3
 90
        0
 90
        0
 90
       12
 40
0.0
 40
-1.0
 40
0.0
 40
5974.593804722621
 40
1.0
 40
0.0
 40
0.0
 40
1909.100091713659
 40
0.0
 40
0.0
 40
1.0
 40
0.0
 40
0.0
 40
0.0
 40
0.0
 40
1.0
330
1BDC
 40
1.0
 40
0.0
 40
0.0
 40
3499.494318277263
 40
0.0
 40
1.0
 40
0.0
 40
-0.1999999999998394
 40
0.0
 40
0.0
 40
1.0
 40
0.0
 40
0.0
 40
0.0
 40
0.0
 40
1.0
  0
ACDBASSOCDEPENDENCY
  5
1BE0
330
1BDE
100
AcDbAssocDependency
 90
        2
 90
        0
290
     0
290
     1
290
     1
290
     1
 90
        0
330
1BD7
290
     0
330
0
330
0
360
0
 90
        2
  0
ACDBASSOCDEPENDENCY
  5
1BE1
330
1BDE
100
AcDbAssocDependency
 90
        2
 90
        0
290
     1
290
     0
290
     1
290
     1
 90
        0
330
1BD1
290
     0
330
0
330
0
360
0
 90
        3
  0
ACDBASSOCDEPENDENCY
  5
1BE2
330
1BDE
100
AcDbAssocDependency
 90
        2
 90
        0
290
     1
290
     1
290
     1
290
     1
 90
-2147483648
330
1BD0
290
     0
330
0
330
0
360
0
 90
        4
  0
ACDBASSOCVERTEXACTIONPARAM
  5
1BE3
330
1BDE
100
AcDbAssocActionParam
 90
        1
 90
        0
  1
BaseNormal
100
AcDbAssocSingleDependencyActionParam
 90
        0
330
0
100
AcDbAssocVertexActionParam
 90
        0
 10
0.0
 20
0.0
 30
1.0
  0
ACDBASSOCVERTEXACTIONPARAM
  5
1BE4
330
1BDE
100
AcDbAssocActionParam
 90
        1
 90
        0
  1
Origin
100
AcDbAssocSingleDependencyActionParam
 90
        0
330
0
100
AcDbAssocVertexActionParam
 90
        0
 10
0.0
 20
0.0
 30
0.0
  0
ACDBASSOCEDGEACTIONPARAM
  5
1BE5
330
1BDE
100
AcDbAssocActionParam
 90
        1
 90
        0
  1
RowProfile
100
AcDbAssocSingleDependencyActionParam
 90
        0
330
0
100
AcDbAssocEdgeActionParam
 90
        0
330
0
290
     1
 90
       23
 10
5974.593804722621
 20
164.1000917136594
 30
0.0
 10
0.0
 20
1744.999999999999
 30
0.0
  0
ACDBASSOCVERTEXACTIONPARAM
  5
1BE6
330
1BDE
100
AcDbAssocActionParam
 90
        1
 90
        0
  1
basePoint
100
AcDbAssocSingleDependencyActionParam
 90
        0
330
0
100
AcDbAssocVertexActionParam
 90
        0
 10
0.0
 20
0.0
 30
0.0
  0
ACDBASSOCARRAYACTIONBODY
  5
1CA2
330
1CA1
100
AcDbAssocActionBody
 90
        2
100
AcDbAssocArrayActionBody
 90
        1
  1
AcDbAssocArrayPathParameters
 90
        0
 90
        4
  1
AcDbAssocArrayItem
100
AcDbAssocArrayItem
 90
        0
 90
        0
 90
        0
 90
        0
 90
       12
 40
0.0
 40
-1.0
 40
0.0
 40
5974.593804722621
 40
1.0
 40
0.0
 40
0.0
 40
164.1000917136594
 40
0.0
 40
0.0
 40
1.0
 40
0.0
 40
0.0
 40
0.0
 40
0.0
 40
1.0
330
1C9C
100
AcDbAssocArrayItem
 90
        0
 90
        1
 90
        0
 90
        0
 90
       12
 40
0.0
 40
-1.0
 40
0.0
 40
5974.593804722621
 40
1.0
 40
0.0
 40
0.0
 40
745.7667583803258
 40
0.0
 40
0.0
 40
1.0
 40
0.0
 40
0.0
 40
0.0
 40
0.0
 40
1.0
330
1C9D
100
AcDbAssocArrayItem
 90
        0
 90
        2
 90
        0
 90
        0
 90
       12
 40
0.0
 40
-1.0
 40
0.0
 40
5974.593804722621
 40
1.0
 40
0.0
 40
0.0
 40
1327.433425046992
 40
0.0
 40
0.0
 40
1.0
 40
0.0
 40
0.0
 40
0.0
 40
0.0
 40
1.0
330
1C9E
100
AcDbAssocArrayItem
 90
        0
 90
        3
 90
        0
 90
        0
 90
       12
 40
0.0
 40
-1.0
 40
0.0
 40
5974.593804722621
 40
1.0
 40
0.0
 40
0.0
 40
1909.100091713659
 40
0.0
 40
0.0
 40
1.0
 40
0.0
 40
0.0
 40
0.0
 40
0.0
 40
1.0
330
1C9F
 40
-1.0
 40
0.0
 40
0.0
 40
14837.86330928174
 40
0.0
 40
1.0
 40
0.0
 40
-0.1999999999998394
 40
0.0
 40
0.0
 40
1.0
 40
0.0
 40
0.0
 40
0.0
 40
0.0
 40
1.0
  0
ACDBASSOCDEPENDENCY
  5
1CA3
330
1CA1
100
AcDbAssocDependency
 90
        2
 90
        0
290
     0
290
     1
290
     1
290
     1
 90
        0
330
1C9A
290
     0
330
0
330
0
360
0
 90
        2
  0
ACDBASSOCDEPENDENCY
  5
1CA4
330
1CA1
100
AcDbAssocDependency
 90
        2
 90
        0
290
     1
290
     0
290
     1
290
     1
 90
        0
330
1C94
290
     0
330
0
330
0
360
0
 90
        3
  0
ACDBASSOCDEPENDENCY
  5
1CA5
330
1CA1
100
AcDbAssocDependency
 90
        2
 90
        0
290
     1
290
     1
290
     1
290
     1
 90
-2147483648
330
1C8D
290
     0
330
0
330
0
360
0
 90
        4
  0
ACDBASSOCVERTEXACTIONPARAM
  5
1CA6
330
1CA1
100
AcDbAssocActionParam
 90
        1
 90
        0
  1
BaseNormal
100
AcDbAssocSingleDependencyActionParam
 90
        0
330
0
100
AcDbAssocVertexActionParam
 90
        0
 10
0.0
 20
0.0
 30
1.0
  0
ACDBASSOCVERTEXACTIONPARAM
  5
1CA7
330
1CA1
100
AcDbAssocActionParam
 90
        1
 90
        0
  1
Origin
100
AcDbAssocSingleDependencyActionParam
 90
        0
330
0
100
AcDbAssocVertexActionParam
 90
        0
 10
0.0
 20
0.0
 30
0.0
  0
ACDBASSOCEDGEACTIONPARAM
  5
1CA8
330
1CA1
100
AcDbAssocActionParam
 90
        1
 90
        0
  1
RowProfile
100
AcDbAssocSingleDependencyActionParam
 90
        0
330
0
100
AcDbAssocEdgeActionParam
 90
        0
330
0
290
     1
 90
       23
 10
5974.593804722621
 20
164.1000917136594
 30
0.0
 10
0.0
 20
1744.999999999999
 30
0.0
  0
ACDBASSOCVERTEXACTIONPARAM
  5
1CA9
330
1CA1
100
AcDbAssocActionParam
 90
        1
 90
        0
  1
basePoint
100
AcDbAssocSingleDependencyActionParam
 90
        0
330
0
100
AcDbAssocVertexActionParam
 90
        0
 10
0.0
 20
0.0
 30
0.0
  0
ENDSEC
  0
SECTION
  2
ACDSDATA
 70
     2
 71
     8
  0
ACDSSCHEMA
 90
        0
  1
AcDb_Thumbnail_Schema
  2
AcDbDs::ID
280
    10
 91
        8
  2
Thumbnail_Data
280
    15
 91
        0
101
ACDSRECORD
 95
        0
 90
        1
  2
AcDbDs::TreatedAsObjectData
280
     1
291
     1
101
ACDSRECORD
 95
        0
 90
        2
  2
AcDbDs::Legacy
280
     1
291
     1
101
ACDSRECORD
  1
AcDbDs::ID
 90
        3
  2
AcDs:Indexable
280
     1
291
     1
101
ACDSRECORD
  1
AcDbDs::ID
 90
        4
  2
AcDbDs::HandleAttribute
280
     7
282
     1
  0
ACDSSCHEMA
 90
        1
  1
AcDbDs::TreatedAsObjectDataSchema
  2
AcDbDs::TreatedAsObjectData
280
     1
 91
        0
  0
ACDSSCHEMA
 90
        2
  1
AcDbDs::LegacySchema
  2
AcDbDs::Legacy
280
     1
 91
        0
  0
ACDSSCHEMA
 90
        3
  1
AcDbDs::IndexedPropertySchema
  2
AcDs:Indexable
280
     1
 91
        0
  0
ACDSSCHEMA
 90
        4
  1
AcDbDs::HandleAttributeSchema
  2
AcDbDs::HandleAttribute
280
     7
 91
        1
284
     1
  0
ACDSRECORD
 90
        0
  2
AcDbDs::ID
280
    10
320
22
  2
Thumbnail_Data
280
    15
 94
     1142
310
89504E470D0A1A0A0000000D494844520000010000000085080300000083A6D68B00000300504C5445212830FFFFFF2128300000000000000000000000000000000000000000000000000000330000660000990000CC0000FF0033000033330033660033990033CC0033FF0066000066330066660066990066CC0066FF0099
310
000099330099660099990099CC0099FF00CC0000CC3300CC6600CC9900CCCC00CCFF00FF0000FF3300FF6600FF9900FFCC00FFFF3300003300333300663300993300CC3300FF3333003333333333663333993333CC3333FF3366003366333366663366993366CC3366FF3399003399333399663399993399CC3399FF33CC00
310
33CC3333CC6633CC9933CCCC33CCFF33FF0033FF3333FF6633FF9933FFCC33FFFF6600006600336600666600996600CC6600FF6633006633336633666633996633CC6633FF6666006666336666666666996666CC6666FF6699006699336699666699996699CC6699FF66CC0066CC3366CC6666CC9966CCCC66CCFF66FF0066
310
FF3366FF6666FF9966FFCC66FFFF9900009900339900669900999900CC9900FF9933009933339933669933999933CC9933FF9966009966339966669966999966CC9966FF9999009999339999669999999999CC9999FF99CC0099CC3399CC6699CC9999CCCC99CCFF99FF0099FF3399FF6699FF9999FFCC99FFFFCC0000CC00
310
33CC0066CC0099CC00CCCC00FFCC3300CC3333CC3366CC3399CC33CCCC33FFCC6600CC6633CC6666CC6699CC66CCCC66FFCC9900CC9933CC9966CC9999CC99CCCC99FFCCCC00CCCC33CCCC66CCCC99CCCCCCCCCCFFCCFF00CCFF33CCFF66CCFF99CCFFCCCCFFFFFF0000FF0033FF0066FF0099FF00CCFF00FFFF3300FF3333
310
FF3366FF3399FF33CCFF33FFFF6600FF6633FF6666FF6699FF66CCFF66FFFF9900FF9933FF9966FF9999FF99CCFF99FFFFCC00FFCC33FFCC66FFCC99FFCCCCFFCCFFFFFF00FFFF33FFFF66FFFF99FFFFCCFFFFFF0000000D0D0D1A1A1A2828283535354343435050505D5D5D6B6B6B787878868686939393A1A1A1AEAEAEBB
310
BBBBC9C9C9D6D6D6E4E4E4F1F1F1FFFFFF0000000000000000000000000000000000000000000000000000000000002E4550F1000001314944415478DAEDD8416EC2301040D1390EF73FC0DCCA7B2482535A446423B5C593F737B0C08B3C6C274E842449922449922449922449922449922449D2780D000000000000000000
310
00000045BB7C6B00E07880190000C07ABB40BBCC011C0D58741B9C0428B6F7B5D6009C1AE0EC9B60EE0D021CFD7E4980DB35DDBF0C01DC07D401B8FD9B3901B00D293403B2CF80A7E5F07A0664FF5C7E3D3C2E81FD3A7270093C0D587E067C7D1F9C013F065802AB2F816180280490D1EF028300DB808A33E0A4CF01DB83C0
310
0C40F63D00409947E169800867813A678178E32C104E83650072760FE8CFCC0000947B1F30B107A43742EE021F7309ED6FDB0F80ED43FA55DB38790000000000000000000000000000000000000000000000000000000000000000000000000000000000000080FFED0A13874ABE28D418F40000000049454E44AE426082
  0
ENDSEC
  0
EOF
