  0
SECTION
  2
HEADER
  9
$ACADVER
  1
AC1032
  9
$ACADMAINTVER
 90
      197
  9
$DWGCODEPAGE
  3
ANSI_1252
  9
$LASTSAVEDBY
  1
hassa
  9
$REQUIREDVERSIONS
160
                 0
  9
$INSBASE
 10
0.0
 20
0.0
 30
0.0
  9
$EXTMIN
 10
0.1024177302606405
 20
0.1141705842455849
 30
0.0
  9
$EXTMAX
 10
184.4954736281653
 20
95.3654843821423
 30
0.0
  9
$LIMMIN
 10
0.0
 20
0.0
  9
$LIMMAX
 10
12.0
 20
9.0
  9
$ORTHOMODE
 70
     0
  9
$REGENMODE
 70
     1
  9
$FILLMODE
 70
     1
  9
$QTEXTMODE
 70
     0
  9
$MIRRTEXT
 70
     0
  9
$LTSCALE
 40
1.0
  9
$ATTMODE
 70
     1
  9
$TEXTSIZE
 40
0.2
  9
$TRACEWID
 40
0.05
  9
$TEXTSTYLE
  7
Standard
  9
$CLAYER
  8
0
  9
$CELTYPE
  6
ByLayer
  9
$CECOLOR
 62
   256
  9
$CELTSCALE
 40
1.0
  9
$DISPSILH
 70
     0
  9
$DIMSCALE
 40
1.0
  9
$DIMASZ
 40
0.18
  9
$DIMEXO
 40
0.0625
  9
$DIMDLI
 40
0.38
  9
$DIMRND
 40
0.0
  9
$DIMDLE
 40
0.0
  9
$DIMEXE
 40
0.18
  9
$DIMTP
 40
0.0
  9
$DIMTM
 40
0.0
  9
$DIMTXT
 40
0.18
  9
$DIMCEN
 40
0.09
  9
$DIMTSZ
 40
0.0
  9
$DIMTOL
 70
     0
  9
$DIMLIM
 70
     0
  9
$DIMTIH
 70
     1
  9
$DIMTOH
 70
     1
  9
$DIMSE1
 70
     0
  9
$DIMSE2
 70
     0
  9
$DIMTAD
 70
     0
  9
$DIMZIN
 70
     0
  9
$DIMBLK
  1

  9
$DIMASO
 70
     1
  9
$DIMSHO
 70
     1
  9
$DIMPOST
  1

  9
$DIMAPOST
  1

  9
$DIMALT
 70
     0
  9
$DIMALTD
 70
     2
  9
$DIMALTF
 40
25.4
  9
$DIMLFAC
 40
1.0
  9
$DIMTOFL
 70
     0
  9
$DIMTVP
 40
0.0
  9
$DIMTIX
 70
     0
  9
$DIMSOXD
 70
     0
  9
$DIMSAH
 70
     0
  9
$DIMBLK1
  1

  9
$DIMBLK2
  1

  9
$DIMSTYLE
  2
Standard
  9
$DIMCLRD
 70
     0
  9
$DIMCLRE
 70
     0
  9
$DIMCLRT
 70
     0
  9
$DIMTFAC
 40
1.0
  9
$DIMGAP
 40
0.09
  9
$DIMJUST
 70
     0
  9
$DIMSD1
 70
     0
  9
$DIMSD2
 70
     0
  9
$DIMTOLJ
 70
     1
  9
$DIMTZIN
 70
     0
  9
$DIMALTZ
 70
     0
  9
$DIMALTTZ
 70
     0
  9
$DIMUPT
 70
     0
  9
$DIMDEC
 70
     4
  9
$DIMTDEC
 70
     4
  9
$DIMALTU
 70
     2
  9
$DIMALTTD
 70
     2
  9
$DIMTXSTY
  7
Standard
  9
$DIMAUNIT
 70
     0
  9
$DIMADEC
 70
     0
  9
$DIMALTRND
 40
0.0
  9
$DIMAZIN
 70
     0
  9
$DIMDSEP
 70
    46
  9
$DIMATFIT
 70
     3
  9
$DIMFRAC
 70
     0
  9
$DIMLDRBLK
  1

  9
$DIMLUNIT
 70
     2
  9
$DIMLWD
 70
    -2
  9
$DIMLWE
 70
    -2
  9
$DIMTMOVE
 70
     0
  9
$DIMFXL
 40
1.0
  9
$DIMFXLON
 70
     0
  9
$DIMJOGANG
 40
0.7853981633974483
  9
$DIMTFILL
 70
     0
  9
$DIMTFILLCLR
 70
     0
  9
$DIMARCSYM
 70
     0
  9
$DIMLTYPE
  6

  9
$DIMLTEX1
  6

  9
$DIMLTEX2
  6

  9
$DIMTXTDIRECTION
 70
     0
  9
$LUNITS
 70
     2
  9
$LUPREC
 70
     4
  9
$SKETCHINC
 40
0.1
  9
$FILLETRAD
 40
0.0
  9
$AUNITS
 70
     0
  9
$AUPREC
 70
     0
  9
$MENU
  1
.
  9
$ELEVATION
 40
0.0
  9
$PELEVATION
 40
0.0
  9
$THICKNESS
 40
0.0
  9
$LIMCHECK
 70
     0
  9
$CHAMFERA
 40
0.0
  9
$CHAMFERB
 40
0.0
  9
$CHAMFERC
 40
0.0
  9
$CHAMFERD
 40
0.0
  9
$SKPOLY
 70
     0
  9
$TDCREATE
 40
2461304.868148148
  9
$TDUCREATE
 40
2461304.743148148
  9
$TDUPDATE
 40
2461304.870150463
  9
$TDUUPDATE
 40
2461304.745150463
  9
$TDINDWG
 40
0.0020023148
  9
$TDUSRTIMER
 40
0.0020023148
  9
$USRTIMER
 70
     1
  9
$ANGBASE
 50
0.0
  9
$ANGDIR
 70
     0
  9
$PDMODE
 70
     0
  9
$PDSIZE
 40
0.0
  9
$PLINEWID
 40
0.0
  9
$SPLFRAME
 70
     0
  9
$SPLINETYPE
 70
     6
  9
$SPLINESEGS
 70
     8
  9
$HANDSEED
  5
29C
  9
$SURFTAB1
 70
     6
  9
$SURFTAB2
 70
     6
  9
$SURFTYPE
 70
     6
  9
$SURFU
 70
     6
  9
$SURFV
 70
     6
  9
$UCSBASE
  2

  9
$UCSNAME
  2

  9
$UCSORG
 10
0.0
 20
0.0
 30
0.0
  9
$UCSXDIR
 10
1.0
 20
0.0
 30
0.0
  9
$UCSYDIR
 10
0.0
 20
1.0
 30
0.0
  9
$UCSORTHOREF
  2

  9
$UCSORTHOVIEW
 70
     0
  9
$UCSORGTOP
 10
0.0
 20
0.0
 30
0.0
  9
$UCSORGBOTTOM
 10
0.0
 20
0.0
 30
0.0
  9
$UCSORGLEFT
 10
0.0
 20
0.0
 30
0.0
  9
$UCSORGRIGHT
 10
0.0
 20
0.0
 30
0.0
  9
$UCSORGFRONT
 10
0.0
 20
0.0
 30
0.0
  9
$UCSORGBACK
 10
0.0
 20
0.0
 30
0.0
  9
$PUCSBASE
  2

  9
$PUCSNAME
  2

  9
$PUCSORG
 10
0.0
 20
0.0
 30
0.0
  9
$PUCSXDIR
 10
1.0
 20
0.0
 30
0.0
  9
$PUCSYDIR
 10
0.0
 20
1.0
 30
0.0
  9
$PUCSORTHOREF
  2

  9
$PUCSORTHOVIEW
 70
     0
  9
$PUCSORGTOP
 10
0.0
 20
0.0
 30
0.0
  9
$PUCSORGBOTTOM
 10
0.0
 20
0.0
 30
0.0
  9
$PUCSORGLEFT
 10
0.0
 20
0.0
 30
0.0
  9
$PUCSORGRIGHT
 10
0.0
 20
0.0
 30
0.0
  9
$PUCSORGFRONT
 10
0.0
 20
0.0
 30
0.0
  9
$PUCSORGBACK
 10
0.0
 20
0.0
 30
0.0
  9
$USERI1
 70
     0
  9
$USERI2
 70
     0
  9
$USERI3
 70
     0
  9
$USERI4
 70
     0
  9
$USERI5
 70
     0
  9
$USERR1
 40
0.0
  9
$USERR2
 40
0.0
  9
$USERR3
 40
0.0
  9
$USERR4
 40
0.0
  9
$USERR5
 40
0.0
  9
$WORLDVIEW
 70
     1
  9
$SHADEDGE
 70
     3
  9
$SHADEDIF
 70
    70
  9
$TILEMODE
 70
     1
  9
$MAXACTVP
 70
    64
  9
$PINSBASE
 10
0.0
 20
0.0
 30
0.0
  9
$PLIMCHECK
 70
     0
  9
$PEXTMIN
 10
1.000000000000000E+20
 20
1.000000000000000E+20
 30
1.000000000000000E+20
  9
$PEXTMAX
 10
-1.000000000000000E+20
 20
-1.000000000000000E+20
 30
-1.000000000000000E+20
  9
$PLIMMIN
 10
0.0
 20
0.0
  9
$PLIMMAX
 10
12.0
 20
9.0
  9
$UNITMODE
 70
     0
  9
$VISRETAIN
 70
     1
  9
$PLINEGEN
 70
     0
  9
$PSLTSCALE
 70
     1
  9
$TREEDEPTH
 70
  3020
  9
$CMLSTYLE
  2
Standard
  9
$CMLJUST
 70
     0
  9
$CMLSCALE
 40
1.0
  9
$PROXYGRAPHICS
 70
     1
  9
$MEASUREMENT
 70
     0
  9
$CELWEIGHT
370
    -1
  9
$ENDCAPS
280
     0
  9
$JOINSTYLE
280
     0
  9
$LWDISPLAY
290
     0
  9
$INSUNITS
 70
     1
  9
$HYPERLINKBASE
  1

  9
$STYLESHEET
  1

  9
$XEDIT
290
     1
  9
$CEPSNTYPE
380
     0
  9
$PSTYLEMODE
290
     1
  9
$FINGERPRINTGUID
  2
{E95E6533-9592-9345-A67F-6BD35035DCB3}
  9
$VERSIONGUID
  2
{3E4EE0A5-F1C3-7249-8197-827144F0B636}
  9
$EXTNAMES
290
     1
  9
$PSVPSCALE
 40
0.0
  9
$OLESTARTUP
290
     0
  9
$SORTENTS
280
   127
  9
$INDEXCTL
280
     0
  9
$HIDETEXT
280
     1
  9
$XCLIPFRAME
280
     2
  9
$HALOGAP
280
     0
  9
$OBSCOLOR
 70
   257
  9
$OBSLTYPE
280
     0
  9
$INTERSECTIONDISPLAY
280
     0
  9
$INTERSECTIONCOLOR
 70
   257
  9
$DIMASSOC
280
     2
  9
$PROJECTNAME
  1

  9
$CAMERADISPLAY
290
     0
  9
$LENSLENGTH
 40
50.0
  9
$CAMERAHEIGHT
 40
0.0
  9
$STEPSPERSEC
 40
2.0
  9
$STEPSIZE
 40
6.0
  9
$3DDWFPREC
 40
2.0
  9
$PSOLWIDTH
 40
0.25
  9
$PSOLHEIGHT
 40
4.0
  9
$LOFTANG1
 40
1.570796326794896
  9
$LOFTANG2
 40
1.570796326794896
  9
$LOFTMAG1
 40
0.0
  9
$LOFTMAG2
 40
0.0
  9
$LOFTPARAM
 70
     7
  9
$LOFTNORMALS
280
     1
  9
$LATITUDE
 40
37.795
  9
$LONGITUDE
 40
-122.394
  9
$NORTHDIRECTION
 40
0.0
  9
$TIMEZONE
 70
 -8000
  9
$LIGHTGLYPHDISPLAY
280
     1
  9
$TILEMODELIGHTSYNCH
280
     1
  9
$CMATERIAL
347
11
  9
$SOLIDHIST
280
     0
  9
$SHOWHIST
280
     1
  9
$DWFFRAME
280
     2
  9
$DGNFRAME
280
     0
  9
$REALWORLDSCALE
290
     1
  9
$INTERFERECOLOR
 62
     1
  9
$INTERFEREOBJVS
345
33
  9
$INTERFEREVPVS
346
30
  9
$CSHADOW
280
     0
  9
$SHADOWPLANELOCATION
 40
0.0
  0
ENDSEC
  0
SECTION
  2
CLASSES
  0
CLASS
  1
ACDBDICTIONARYWDFLT
  2
AcDbDictionaryWithDefault
  3
ObjectDBX Classes
 90
        0
 91
        1
280
     0
281
     0
  0
CLASS
  1
MATERIAL
  2
AcDbMaterial
  3
ObjectDBX Classes
 90
     1153
 91
        3
280
     0
281
     0
  0
CLASS
  1
VISUALSTYLE
  2
AcDbVisualStyle
  3
ObjectDBX Classes
 90
     4095
 91
       25
280
     0
281
     0
  0
CLASS
  1
SCALE
  2
AcDbScale
  3
ObjectDBX Classes
 90
     1153
 91
       17
280
     0
281
     0
  0
CLASS
  1
TABLESTYLE
  2
AcDbTableStyle
  3
ObjectDBX Classes
 90
     4095
 91
        1
280
     0
281
     0
  0
CLASS
  1
MLEADERSTYLE
  2
AcDbMLeaderStyle
  3
ACDB_MLEADERSTYLE_CLASS
 90
     4095
 91
        1
280
     0
281
     0
  0
CLASS
  1
ACDBSECTIONVIEWSTYLE
  2
AcDbSectionViewStyle
  3
ObjectDBX Classes
 90
     1025
 91
        2
280
     0
281
     0
  0
CLASS
  1
ACDBDETAILVIEWSTYLE
  2
AcDbDetailViewStyle
  3
ObjectDBX Classes
 90
     1025
 91
        2
280
     0
281
     0
  0
CLASS
  1
DICTIONARYVAR
  2
AcDbDictionaryVar
  3
ObjectDBX Classes
 90
        0
 91
       29
280
     0
281
     0
  0
CLASS
  1
DIMASSOC
  2
AcDbDimAssoc
  3
"AcDbDimAssoc|Product Desc:     AcDim ARX App For Dimension|Company:          Autodesk, Inc.|WEB Address:      www.autodesk.com"
 90
        0
 91
        2
280
     0
281
     0
  0
CLASS
  1
SORTENTSTABLE
  2
AcDbSortentsTable
  3
ObjectDBX Classes
 90
        0
 91
        1
280
     0
281
     0
  0
CLASS
  1
ACDBASSOCACTION
  2
AcDbAssocAction
  3
ObjectDBX Classes
 90
     1025
 91
       15
280
     0
281
     0
  0
CLASS
  1
ACDBASSOCROTATEDDIMACTIONBODY
  2
AcDbAssocRotatedDimActionBody
  3
ObjectDBX Classes
 90
     1025
 91
       15
280
     0
281
     0
  0
CLASS
  1
ACDBASSOCGEOMDEPENDENCY
  2
AcDbAssocGeomDependency
  3
ObjectDBX Classes
 90
     1025
 91
       56
280
     0
281
     0
  0
CLASS
  1
ACDBASSOCDEPENDENCY
  2
AcDbAssocDependency
  3
ObjectDBX Classes
 90
     1025
 91
       15
280
     0
281
     0
  0
CLASS
  1
ACDBASSOCOSNAPPOINTREFACTIONPARAM
  2
AcDbAssocOsnapPointRefActionParam
  3
ObjectDBX Classes
 90
     1025
 91
       28
280
     0
281
     0
  0
CLASS
  1
ACDBASSOCEDGEACTIONPARAM
  2
AcDbAssocEdgeActionParam
  3
ObjectDBX Classes
 90
     1025
 91
       56
280
     0
281
     0
  0
CLASS
  1
ACDBASSOCNETWORK
  2
AcDbAssocNetwork
  3
ObjectDBX Classes
 90
     1025
 91
        3
280
     0
281
     0
  0
CLASS
  1
CELLSTYLEMAP
  2
AcDbCellStyleMap
  3
ObjectDBX Classes
 90
     1152
 91
        1
280
     0
281
     0
  0
ENDSEC
  0
SECTION
  2
TABLES
  0
TABLE
  2
VPORT
  5
8
330
0
100
AcDbSymbolTable
 70
     1
  0
VPORT
  5
57
330
8
100
AcDbSymbolTableRecord
100
AcDbViewportTableRecord
  2
*Active
 70
     0
 10
0.0
 20
0.0
 11
1.0
 21
1.0
 12
115.193343892731
 22
43.73939476621994
 13
0.0
 23
0.0
 14
0.5
 24
0.5
 15
0.5
 25
0.5
 16
0.0
 26
0.0
 36
1.0
 17
0.0
 27
0.0
 37
0.0
 40
153.7294130422061
 41
2.535475234270414
 42
50.0
 43
0.0
 44
0.0
 50
0.0
 51
0.0
 71
     0
 72
  1000
 73
     1
 74
     2
 75
     0
 76
     0
 77
     0
 78
     0
281
     0
 65
     1
110
0.0
120
0.0
130
0.0
111
1.0
121
0.0
131
0.0
112
0.0
122
1.0
132
0.0
 79
     0
146
0.0
348
2F
 60
     3
 61
     5
292
     1
282
     1
141
0.0
142
0.0
 63
   250
421
  3355443
1001
ACAD_NAV_VCDISPLAY
1070
     1
  0
ENDTAB
  0
TABLE
  2
LTYPE
  5
5
330
0
100
AcDbSymbolTable
 70
     1
  0
LTYPE
  5
5B
330
5
100
AcDbSymbolTableRecord
100
AcDbLinetypeTableRecord
  2
ByBlock
 70
     0
  3

 72
    65
 73
     0
 40
0.0
  0
LTYPE
  5
5C
330
5
100
AcDbSymbolTableRecord
100
AcDbLinetypeTableRecord
  2
ByLayer
 70
     0
  3

 72
    65
 73
     0
 40
0.0
  0
LTYPE
  5
5D
330
5
100
AcDbSymbolTableRecord
100
AcDbLinetypeTableRecord
  2
Continuous
 70
     0
  3
Solid line
 72
    65
 73
     0
 40
0.0
  0
ENDTAB
  0
TABLE
  2
LAYER
  5
2
102
{ACAD_XDICTIONARY
360
F7
102
}
330
0
100
AcDbSymbolTable
 70
     3
  0
LAYER
  5
54
330
2
100
AcDbSymbolTableRecord
100
AcDbLayerTableRecord
  2
0
 70
     0
 62
     7
  6
Continuous
370
    -3
390
F
347
21
348
0
  0
LAYER
  5
EE
330
2
100
AcDbSymbolTableRecord
100
AcDbLayerTableRecord
  2
Defpoints
 70
     0
 62
     7
  6
Continuous
290
     0
370
    -3
390
F
347
21
348
0
  0
LAYER
  5
EF
102
{ACAD_XDICTIONARY
360
F0
102
}
330
2
100
AcDbSymbolTableRecord
100
AcDbLayerTableRecord
  2
A-DIMS-INSD
 70
     0
 62
     7
  6
Continuous
370
    -3
390
F
347
21
348
0
  0
ENDTAB
  0
TABLE
  2
STYLE
  5
3
330
0
100
AcDbSymbolTable
 70
     2
  0
STYLE
  5
55
330
3
100
AcDbSymbolTableRecord
100
AcDbTextStyleTableRecord
  2
Standard
 70
     0
 40
0.0
 41
1.0
 50
0.0
 71
     0
 42
0.2
  3
txt
  4

  0
STYLE
  5
5A
330
3
100
AcDbSymbolTableRecord
100
AcDbTextStyleTableRecord
  2
Annotative
 70
     0
 40
0.0
 41
1.0
 50
0.0
 71
     0
 42
0.2
  3
txt
  4

1001
AcadAnnotative
1000
AnnotativeData
1002
{
1070
     1
1070
     1
1002
}
  0
ENDTAB
  0
TABLE
  2
VIEW
  5
6
330
0
100
AcDbSymbolTable
 70
     0
  0
ENDTAB
  0
TABLE
  2
UCS
  5
7
330
0
100
AcDbSymbolTable
 70
     0
  0
ENDTAB
  0
TABLE
  2
APPID
  5
9
330
0
100
AcDbSymbolTable
 70
     7
  0
APPID
  5
56
330
9
100
AcDbSymbolTableRecord
100
AcDbRegAppTableRecord
  2
ACAD
 70
     0
  0
APPID
  5
5E
330
9
100
AcDbSymbolTableRecord
100
AcDbRegAppTableRecord
  2
AcadAnnotative
 70
     0
  0
APPID
  5
7A
330
9
100
AcDbSymbolTableRecord
100
AcDbRegAppTableRecord
  2
ACAD_NAV_VCDISPLAY
 70
     0
  0
APPID
  5
F3
330
9
100
AcDbSymbolTableRecord
100
AcDbRegAppTableRecord
  2
ACAD_PSEXT
 70
     0
  0
APPID
  5
F4
330
9
100
AcDbSymbolTableRecord
100
AcDbRegAppTableRecord
  2
ACAD_DSTYLE_DIMJAG
 70
     0
  0
APPID
  5
F5
330
9
100
AcDbSymbolTableRecord
100
AcDbRegAppTableRecord
  2
ACAD_DSTYLE_DIMTALN
 70
     0
  0
APPID
  5
25F
330
9
100
AcDbSymbolTableRecord
100
AcDbRegAppTableRecord
  2
Acad_TC
 70
     0
  0
ENDTAB
  0
TABLE
  2
DIMSTYLE
  5
A
330
0
100
AcDbSymbolTable
 70
     4
100
AcDbDimStyleTable
 71
     2
340
F1
340
58
  0
DIMSTYLE
105
58
330
A
100
AcDbSymbolTableRecord
100
AcDbDimStyleTableRecord
  2
Standard
 70
     0
340
55
  0
DIMSTYLE
105
59
330
A
100
AcDbSymbolTableRecord
100
AcDbDimStyleTableRecord
  2
Annotative
 70
     0
340
55
1001
AcadAnnotative
1000
AnnotativeData
1002
{
1070
     1
1070
     1
1002
}
  0
DIMSTYLE
105
F1
102
{ACAD_REACTORS
330
11E
330
11F
330
120
330
121
330
122
330
123
330
124
330
127
330
18F
330
190
330
191
330
192
330
194
330
195
330
198
330
274
102
}
330
A
100
AcDbSymbolTableRecord
100
AcDbDimStyleTableRecord
  2
Sh
 70
     0
 40
2.0
 41
1.5
 42
0.625
 43
3.75
 44
1.25
 73
     0
 74
     0
 78
     8
140
2.5
141
2.5
143
0.03937007874016
147
0.625
171
     3
172
     1
271
     2
272
     2
274
     3
278
    44
283
     0
284
     8
290
     1
340
55
342
7C
1001
ACAD_DSTYLE_DIMJAG
1070
   388
1040
1.5
1001
ACAD_DSTYLE_DIMTALN
1070
   392
1070
     0
  0
DIMSTYLE
105
F2
330
A
100
AcDbSymbolTableRecord
100
AcDbDimStyleTableRecord
  2
khaled
 70
     0
 40
5.0
 41
1.0
 42
0.625
 43
3.75
 44
1.25
 73
     0
 74
     0
 78
     9
140
2.5
141
2.5
143
0.03937007874016
144
-1.0
147
0.625
171
     3
172
     1
178
   256
179
     1
271
     1
272
     1
274
     3
278
    44
284
     8
290
     1
340
55
341
80
342
80
1001
ACAD_DSTYLE_DIMJAG
1070
   388
1040
1.5
1001
ACAD_DSTYLE_DIMTALN
1070
   392
1070
     0
  0
ENDTAB
  0
TABLE
  2
BLOCK_RECORD
  5
1
330
0
100
AcDbSymbolTable
 70
    23
  0
BLOCK_RECORD
  5
70
102
{ACAD_XDICTIONARY
360
1F1
102
}
330
1
100
AcDbSymbolTableRecord
100
AcDbBlockTableRecord
  2
*Model_Space
340
73
 70
     0
280
     1
281
     0
  0
BLOCK_RECORD
  5
6C
330
1
100
AcDbSymbolTableRecord
100
AcDbBlockTableRecord
  2
*Paper_Space
340
6F
 70
     0
280
     1
281
     0
  0
BLOCK_RECORD
  5
74
330
1
100
AcDbSymbolTableRecord
100
AcDbBlockTableRecord
  2
*Paper_Space0
340
77
 70
     0
280
     1
281
     0
  0
BLOCK_RECORD
  5
7C
330
1
100
AcDbSymbolTableRecord
100
AcDbBlockTableRecord
  2
_Oblique
340
0
102
{BLKREFS
331
1FD
331
1FE
331
20A
331
20B
331
217
331
218
331
224
331
225
331
23E
331
23F
331
24C
331
24D
331
259
331
25A
331
26E
331
26F
331
293
331
294
331
89
331
8A
331
96
331
97
331
A3
331
A4
331
B0
331
B1
331
BF
331
C0
331
CC
331
CD
331
DA
331
DB
331
E7
331
E8
102
}
 70
     0
280
     1
281
     0
  0
BLOCK_RECORD
  5
80
330
1
100
AcDbSymbolTableRecord
100
AcDbBlockTableRecord
  2
_None
340
0
 70
     0
280
     1
281
     0
  0
BLOCK_RECORD
  5
83
330
1
100
AcDbSymbolTableRecord
100
AcDbBlockTableRecord
  2
*D3
340
0
 70
     0
280
     1
281
     0
  0
BLOCK_RECORD
  5
90
330
1
100
AcDbSymbolTableRecord
100
AcDbBlockTableRecord
  2
*D4
340
0
 70
     0
280
     1
281
     0
  0
BLOCK_RECORD
  5
9D
330
1
100
AcDbSymbolTableRecord
100
AcDbBlockTableRecord
  2
*D5
340
0
 70
     0
280
     1
281
     0
  0
BLOCK_RECORD
  5
AA
330
1
100
AcDbSymbolTableRecord
100
AcDbBlockTableRecord
  2
*D6
340
0
 70
     0
280
     1
281
     0
  0
BLOCK_RECORD
  5
B7
330
1
100
AcDbSymbolTableRecord
100
AcDbBlockTableRecord
  2
*D7
340
0
 70
     0
280
     1
281
     0
  0
BLOCK_RECORD
  5
C6
330
1
100
AcDbSymbolTableRecord
100
AcDbBlockTableRecord
  2
*D8
340
0
 70
     0
280
     1
281
     0
  0
BLOCK_RECORD
  5
D3
330
1
100
AcDbSymbolTableRecord
100
AcDbBlockTableRecord
  2
*D9
340
0
 70
     0
280
     1
281
     0
  0
BLOCK_RECORD
  5
E1
330
1
100
AcDbSymbolTableRecord
100
AcDbBlockTableRecord
  2
*D10
340
0
 70
     0
280
     1
281
     0
  0
BLOCK_RECORD
  5
1F6
330
1
100
AcDbSymbolTableRecord
100
AcDbBlockTableRecord
  2
*D14
340
0
 70
     0
280
     1
281
     0
  0
BLOCK_RECORD
  5
203
330
1
100
AcDbSymbolTableRecord
100
AcDbBlockTableRecord
  2
*D15
340
0
 70
     0
280
     1
281
     0
  0
BLOCK_RECORD
  5
210
330
1
100
AcDbSymbolTableRecord
100
AcDbBlockTableRecord
  2
*D16
340
0
 70
     0
280
     1
281
     0
  0
BLOCK_RECORD
  5
21D
330
1
100
AcDbSymbolTableRecord
100
AcDbBlockTableRecord
  2
*D17
340
0
 70
     0
280
     1
281
     0
  0
BLOCK_RECORD
  5
22A
330
1
100
AcDbSymbolTableRecord
100
AcDbBlockTableRecord
  2
*D18
340
0
 70
     0
280
     1
281
     0
  0
BLOCK_RECORD
  5
237
330
1
100
AcDbSymbolTableRecord
100
AcDbBlockTableRecord
  2
*D19
340
0
 70
     0
280
     1
281
     0
  0
BLOCK_RECORD
  5
244
330
1
100
AcDbSymbolTableRecord
100
AcDbBlockTableRecord
  2
*D20
340
0
 70
     0
280
     1
281
     0
  0
BLOCK_RECORD
  5
252
330
1
100
AcDbSymbolTableRecord
100
AcDbBlockTableRecord
  2
*D21
340
0
 70
     0
280
     1
281
     0
  0
BLOCK_RECORD
  5
275
330
1
100
AcDbSymbolTableRecord
100
AcDbBlockTableRecord
  2
*D22
340
0
 70
     0
280
     1
281
     0
  0
ENDTAB
  0
ENDSEC
  0
SECTION
  2
BLOCKS
  0
BLOCK
  5
71
330
70
100
AcDbEntity
  8
0
100
AcDbBlockBegin
  2
*Model_Space
 70
     0
 10
0.0
 20
0.0
 30
0.0
  3
*Model_Space
  1

  0
ENDBLK
  5
72
330
70
100
AcDbEntity
  8
0
100
AcDbBlockEnd
  0
BLOCK
  5
6D
330
6C
100
AcDbEntity
 67
     1
  8
0
100
AcDbBlockBegin
  2
*Paper_Space
 70
     0
 10
0.0
 20
0.0
 30
0.0
  3
*Paper_Space
  1

  0
ENDBLK
  5
6E
330
6C
100
AcDbEntity
 67
     1
  8
0
100
AcDbBlockEnd
  0
BLOCK
  5
75
330
74
100
AcDbEntity
 67
     1
  8
0
100
AcDbBlockBegin
  2
*Paper_Space0
 70
     0
 10
0.0
 20
0.0
 30
0.0
  3
*Paper_Space0
  1

  0
ENDBLK
  5
76
330
74
100
AcDbEntity
 67
     1
  8
0
100
AcDbBlockEnd
  0
BLOCK
  5
7D
330
7C
100
AcDbEntity
  8
0
100
AcDbBlockBegin
  2
_Oblique
 70
     0
 10
0.0
 20
0.0
 30
0.0
  3
_Oblique
  1

  0
LINE
  5
7E
330
7C
100
AcDbEntity
  8
0
  6
ByBlock
 62
     0
370
    -2
100
AcDbLine
 10
-0.5
 20
-0.5
 30
0.0
 11
0.5
 21
0.5
 31
0.0
  0
ENDBLK
  5
7F
330
7C
100
AcDbEntity
  8
0
100
AcDbBlockEnd
  0
BLOCK
  5
81
330
80
100
AcDbEntity
  8
0
 62
     1
100
AcDbBlockBegin
  2
_None
 70
     0
 10
0.0
 20
0.0
 30
0.0
  3
_None
  1

  0
ENDBLK
  5
82
330
80
100
AcDbEntity
  8
0
 62
     1
100
AcDbBlockEnd
  0
BLOCK
  5
84
330
83
100
AcDbEntity
  8
0
 62
     0
100
AcDbBlockBegin
  2
*D3
 70
     1
 10
0.0
 20
0.0
 30
0.0
  3
*D3
  1

  0
LINE
  5
85
330
83
100
AcDbEntity
  8
A-DIMS-INSD
 62
     0
440
 16777216
370
    -2
100
AcDbLine
 10
1191568.870709729
 20
268464.4622373981
 30
0.0
 11
1191564.370709729
 21
268464.4622373981
 31
0.0
  0
LINE
  5
86
330
83
100
AcDbEntity
  8
A-DIMS-INSD
 62
     0
440
 16777216
370
    -2
100
AcDbLine
 10
1191568.870709729
 20
268486.4622373981
 30
0.0
 11
1191564.370709729
 21
268486.4622373981
 31
0.0
  0
LINE
  5
87
330
83
100
AcDbEntity
  8
A-DIMS-INSD
 62
     0
440
 16777216
370
    -2
100
AcDbLine
 10
1191566.870709729
 20
268464.4622373981
 30
0.0
 11
1191566.870709729
 21
268470.3337954907
 31
0.0
  0
LINE
  5
88
330
83
100
AcDbEntity
  8
A-DIMS-INSD
 62
     0
440
 16777216
370
    -2
100
AcDbLine
 10
1191566.870709729
 20
268486.4622373981
 30
0.0
 11
1191566.870709729
 21
268480.5906793055
 31
0.0
  0
INSERT
  5
89
330
83
100
AcDbEntity
  8
A-DIMS-INSD
 62
     0
440
 16777216
370
    -2
100
AcDbBlockReference
  2
_Oblique
 10
1191566.870709729
 20
268464.4622373981
 30
0.0
 41
3.0
 42
3.0
 43
3.0
 50
270.0
  0
INSERT
  5
8A
330
83
100
AcDbEntity
  8
A-DIMS-INSD
 62
     0
440
 16777216
370
    -2
100
AcDbBlockReference
  2
_Oblique
 10
1191566.870709729
 20
268486.4622373981
 30
0.0
 41
3.0
 42
3.0
 43
3.0
 50
90.0
  0
MTEXT
  5
8B
330
83
100
AcDbEntity
  8
A-DIMS-INSD
 62
     0
440
 16777216
100
AcDbMText
 10
1191566.870709729
 20
268475.4622373977
 30
0.0
 40
5.0
 41
0.0
 46
0.0
 71
     5
 72
     1
  1
22
 11
0.0000000000000001
 21
1.0
 31
0.0
 73
     1
 44
1.0
  0
POINT
  5
8C
330
83
100
AcDbEntity
  8
Defpoints
 62
     0
440
 16777216
100
AcDbPoint
 10
1191655.407319024
 20
268464.4622373981
 30
0.0
  0
POINT
  5
8D
330
83
100
AcDbEntity
  8
Defpoints
 62
     0
440
 16777216
100
AcDbPoint
 10
1191640.870255527
 20
268486.4622373981
 30
0.0
  0
POINT
  5
8E
330
83
100
AcDbEntity
  8
Defpoints
 62
     0
440
 16777216
100
AcDbPoint
 10
1191566.870709729
 20
268486.4622373981
 30
0.0
  0
ENDBLK
  5
8F
330
83
100
AcDbEntity
  8
0
 62
     0
100
AcDbBlockEnd
  0
BLOCK
  5
91
330
90
100
AcDbEntity
  8
0
 62
     0
100
AcDbBlockBegin
  2
*D4
 70
     1
 10
0.0
 20
0.0
 30
0.0
  3
*D4
  1

  0
LINE
  5
92
330
90
100
AcDbEntity
  8
A-DIMS-INSD
 62
     0
440
 16777216
370
    -2
100
AcDbLine
 10
1191568.870709729
 20
268486.4622373981
 30
0.0
 11
1191564.370709729
 21
268486.4622373981
 31
0.0
  0
LINE
  5
93
330
90
100
AcDbEntity
  8
A-DIMS-INSD
 62
     0
440
 16777216
370
    -2
100
AcDbLine
 10
1191568.870709729
 20
268526.4622373981
 30
0.0
 11
1191564.370709729
 21
268526.4622373981
 31
0.0
  0
LINE
  5
94
330
90
100
AcDbEntity
  8
A-DIMS-INSD
 62
     0
440
 16777216
370
    -2
100
AcDbLine
 10
1191566.870709729
 20
268486.4622373981
 30
0.0
 11
1191566.870709729
 21
268501.196119198
 31
0.0
  0
LINE
  5
95
330
90
100
AcDbEntity
  8
A-DIMS-INSD
 62
     0
440
 16777216
370
    -2
100
AcDbLine
 10
1191566.870709729
 20
268526.4622373981
 30
0.0
 11
1191566.870709729
 21
268511.7283555983
 31
0.0
  0
INSERT
  5
96
330
90
100
AcDbEntity
  8
A-DIMS-INSD
 62
     0
440
 16777216
370
    -2
100
AcDbBlockReference
  2
_Oblique
 10
1191566.870709729
 20
268486.4622373981
 30
0.0
 41
3.0
 42
3.0
 43
3.0
 50
270.0
  0
INSERT
  5
97
330
90
100
AcDbEntity
  8
A-DIMS-INSD
 62
     0
440
 16777216
370
    -2
100
AcDbBlockReference
  2
_Oblique
 10
1191566.870709729
 20
268526.4622373981
 30
0.0
 41
3.0
 42
3.0
 43
3.0
 50
90.0
  0
MTEXT
  5
98
330
90
100
AcDbEntity
  8
A-DIMS-INSD
 62
     0
440
 16777216
100
AcDbMText
 10
1191566.870709729
 20
268506.4622373977
 30
0.0
 40
5.0
 41
0.0
 46
0.0
 71
     5
 72
     1
  1
40
 11
0.0000000000000001
 21
1.0
 31
0.0
 73
     1
 44
1.0
  0
POINT
  5
99
330
90
100
AcDbEntity
  8
Defpoints
 62
     0
440
 16777216
100
AcDbPoint
 10
1191581.370255527
 20
268486.4622373981
 30
0.0
  0
POINT
  5
9A
330
90
100
AcDbEntity
  8
Defpoints
 62
     0
440
 16777216
100
AcDbPoint
 10
1191581.370255527
 20
268526.4622373981
 30
0.0
  0
POINT
  5
9B
330
90
100
AcDbEntity
  8
Defpoints
 62
     0
440
 16777216
100
AcDbPoint
 10
1191566.870709729
 20
268526.4622373981
 30
0.0
  0
ENDBLK
  5
9C
330
90
100
AcDbEntity
  8
0
 62
     0
100
AcDbBlockEnd
  0
BLOCK
  5
9E
330
9D
100
AcDbEntity
  8
0
 62
     0
100
AcDbBlockBegin
  2
*D5
 70
     1
 10
0.0
 20
0.0
 30
0.0
  3
*D5
  1

  0
LINE
  5
9F
330
9D
100
AcDbEntity
  8
A-DIMS-INSD
 62
     0
440
 16777216
370
    -2
100
AcDbLine
 10
1191630.370255526
 20
268451.2970695254
 30
0.0
 11
1191630.370255526
 21
268446.7970695254
 31
0.0
  0
LINE
  5
A0
330
9D
100
AcDbEntity
  8
A-DIMS-INSD
 62
     0
440
 16777216
370
    -2
100
AcDbLine
 10
1191728.370255527
 20
268451.2970695254
 30
0.0
 11
1191728.370255527
 21
268446.7970695254
 31
0.0
  0
LINE
  5
A1
330
9D
100
AcDbEntity
  8
A-DIMS-INSD
 62
     0
440
 16777216
370
    -2
100
AcDbLine
 10
1191630.370255526
 20
268449.2970695254
 30
0.0
 11
1191674.142753847
 21
268449.2970695254
 31
0.0
  0
LINE
  5
A2
330
9D
100
AcDbEntity
  8
A-DIMS-INSD
 62
     0
440
 16777216
370
    -2
100
AcDbLine
 10
1191728.370255527
 20
268449.2970695254
 30
0.0
 11
1191684.597757205
 21
268449.2970695254
 31
0.0
  0
INSERT
  5
A3
330
9D
100
AcDbEntity
  8
A-DIMS-INSD
 62
     0
440
 16777216
370
    -2
100
AcDbBlockReference
  2
_Oblique
 10
1191630.370255526
 20
268449.2970695254
 30
0.0
 41
3.0
 42
3.0
 43
3.0
 50
180.0
  0
INSERT
  5
A4
330
9D
100
AcDbEntity
  8
A-DIMS-INSD
 62
     0
440
 16777216
370
    -2
100
AcDbBlockReference
  2
_Oblique
 10
1191728.370255527
 20
268449.2970695254
 30
0.0
 41
3.0
 42
3.0
 43
3.0
  0
MTEXT
  5
A5
330
9D
100
AcDbEntity
  8
A-DIMS-INSD
 62
     0
440
 16777216
100
AcDbMText
 10
1191679.370255527
 20
268449.2970695254
 30
0.0
 40
5.0
 41
0.0
 46
0.0
 71
     5
 72
     1
  1
98
 73
     1
 44
1.0
  0
POINT
  5
A6
330
9D
100
AcDbEntity
  8
Defpoints
 62
     0
440
 16777216
100
AcDbPoint
 10
1191630.370255526
 20
268467.462237398
 30
0.0
  0
POINT
  5
A7
330
9D
100
AcDbEntity
  8
Defpoints
 62
     0
440
 16777216
100
AcDbPoint
 10
1191728.370255527
 20
268467.462237398
 30
0.0
  0
POINT
  5
A8
330
9D
100
AcDbEntity
  8
Defpoints
 62
     0
440
 16777216
100
AcDbPoint
 10
1191728.370255527
 20
268449.2970695254
 30
0.0
  0
ENDBLK
  5
A9
330
9D
100
AcDbEntity
  8
0
 62
     0
100
AcDbBlockEnd
  0
BLOCK
  5
AB
330
AA
100
AcDbEntity
  8
0
 62
     0
100
AcDbBlockBegin
  2
*D6
 70
     1
 10
0.0
 20
0.0
 30
0.0
  3
*D6
  1

  0
LINE
  5
AC
330
AA
100
AcDbEntity
  8
A-DIMS-INSD
 62
     0
440
 16777216
370
    -2
100
AcDbLine
 10
1191578.370255526
 20
268482.7687481757
 30
0.0
 11
1191578.370255526
 21
268478.2687481757
 31
0.0
  0
LINE
  5
AD
330
AA
100
AcDbEntity
  8
A-DIMS-INSD
 62
     0
440
 16777216
370
    -2
100
AcDbLine
 10
1191642.370255526
 20
268480.7687481757
 30
0.0
 11
1191642.370255526
 21
268483.2687481757
 31
0.0
  0
LINE
  5
AE
330
AA
100
AcDbEntity
  8
A-DIMS-INSD
 62
     0
440
 16777216
370
    -2
100
AcDbLine
 10
1191578.370255526
 20
268480.7687481757
 30
0.0
 11
1191605.144432827
 21
268480.7687481757
 31
0.0
  0
LINE
  5
AF
330
AA
100
AcDbEntity
  8
A-DIMS-INSD
 62
     0
440
 16777216
370
    -2
100
AcDbLine
 10
1191642.370255526
 20
268480.7687481757
 30
0.0
 11
1191615.596078226
 21
268480.7687481757
 31
0.0
  0
INSERT
  5
B0
330
AA
100
AcDbEntity
  8
A-DIMS-INSD
 62
     0
440
 16777216
370
    -2
100
AcDbBlockReference
  2
_Oblique
 10
1191578.370255526
 20
268480.7687481757
 30
0.0
 41
3.0
 42
3.0
 43
3.0
 50
180.0
  0
INSERT
  5
B1
330
AA
100
AcDbEntity
  8
A-DIMS-INSD
 62
     0
440
 16777216
370
    -2
100
AcDbBlockReference
  2
_Oblique
 10
1191642.370255526
 20
268480.7687481757
 30
0.0
 41
3.0
 42
3.0
 43
3.0
  0
MTEXT
  5
B2
330
AA
100
AcDbEntity
  8
A-DIMS-INSD
 62
     0
440
 16777216
100
AcDbMText
 10
1191610.370255526
 20
268480.7687481757
 30
0.0
 40
5.0
 41
0.0
 46
0.0
 71
     5
 72
     1
  1
64
 73
     1
 44
1.0
  0
POINT
  5
B3
330
AA
100
AcDbEntity
  8
Defpoints
 62
     0
440
 16777216
100
AcDbPoint
 10
1191578.370255526
 20
268489.462237398
 30
0.0
  0
POINT
  5
B4
330
AA
100
AcDbEntity
  8
Defpoints
 62
     0
440
 16777216
100
AcDbPoint
 10
1191642.370255526
 20
268480.7687481757
 30
0.0
  0
POINT
  5
B5
330
AA
100
AcDbEntity
  8
Defpoints
 62
     0
440
 16777216
100
AcDbPoint
 10
1191642.370255526
 20
268480.7687481757
 30
0.0
  0
ENDBLK
  5
B6
330
AA
100
AcDbEntity
  8
0
 62
     0
100
AcDbBlockEnd
  0
BLOCK
  5
B8
330
B7
100
AcDbEntity
  8
0
 62
     0
100
AcDbBlockBegin
  2
*D7
 70
     1
 10
0.0
 20
0.0
 30
0.0
  3
*D7
  1

  0
LINE
  5
B9
330
B7
100
AcDbEntity
  8
A-DIMS-INSD
 62
     0
440
 16777216
370
    -2
100
AcDbLine
 10
1191631.870255527
 20
268469.8268440338
 30
0.0
 11
1191631.870255527
 21
268472.3268440338
 31
0.0
  0
LINE
  5
BA
330
B7
100
AcDbEntity
  8
A-DIMS-INSD
 62
     0
440
 16777216
370
    -2
100
AcDbLine
 10
1191643.870255526
 20
268471.8268440338
 30
0.0
 11
1191643.870255526
 21
268467.3268440338
 31
0.0
  0
LINE
  5
BB
330
B7
100
AcDbEntity
  8
A-DIMS-INSD
 62
     0
440
 16777216
370
    -2
100
AcDbLine
 10
1191631.870255527
 20
268469.8268440338
 30
0.0
 11
1191628.870255526
 21
268469.8268440338
 31
0.0
  0
LINE
  5
BC
330
B7
100
AcDbEntity
  8
A-DIMS-INSD
 62
     0
440
 16777216
370
    -2
100
AcDbLine
 10
1191643.870255526
 20
268469.8268440338
 30
0.0
 11
1191646.870255526
 21
268469.8268440338
 31
0.0
  0
LINE
  5
BD
330
B7
100
AcDbEntity
  8
A-DIMS-INSD
 62
     0
440
 16777216
370
    -2
100
AcDbLine
 10
1191631.870255527
 20
268469.8268440338
 30
0.0
 11
1191632.938254183
 21
268469.8268440338
 31
0.0
  0
LINE
  5
BE
330
B7
100
AcDbEntity
  8
A-DIMS-INSD
 62
     0
440
 16777216
370
    -2
100
AcDbLine
 10
1191643.870255526
 20
268469.8268440338
 30
0.0
 11
1191642.80225687
 21
268469.8268440338
 31
0.0
  0
INSERT
  5
BF
330
B7
100
AcDbEntity
  8
A-DIMS-INSD
 62
     0
440
 16777216
370
    -2
100
AcDbBlockReference
  2
_Oblique
 10
1191631.870255527
 20
268469.8268440338
 30
0.0
 41
3.0
 42
3.0
 43
3.0
  0
INSERT
  5
C0
330
B7
100
AcDbEntity
  8
A-DIMS-INSD
 62
     0
440
 16777216
370
    -2
100
AcDbBlockReference
  2
_Oblique
 10
1191643.870255526
 20
268469.8268440338
 30
0.0
 41
3.0
 42
3.0
 43
3.0
 50
180.0
  0
MTEXT
  5
C1
330
B7
100
AcDbEntity
  8
A-DIMS-INSD
 62
     0
440
 16777216
100
AcDbMText
 10
1191637.870255526
 20
268469.8268440338
 30
0.0
 40
5.0
 41
0.0
 46
0.0
 71
     5
 72
     1
  1
12
 73
     1
 44
1.0
  0
POINT
  5
C2
330
B7
100
AcDbEntity
  8
Defpoints
 62
     0
440
 16777216
100
AcDbPoint
 10
1191631.870255527
 20
268469.8268440338
 30
0.0
  0
POINT
  5
C3
330
B7
100
AcDbEntity
  8
Defpoints
 62
     0
440
 16777216
100
AcDbPoint
 10
1191643.870255526
 20
268476.462237398
 30
0.0
  0
POINT
  5
C4
330
B7
100
AcDbEntity
  8
Defpoints
 62
     0
440
 16777216
100
AcDbPoint
 10
1191643.870255526
 20
268469.8268440338
 30
0.0
  0
ENDBLK
  5
C5
330
B7
100
AcDbEntity
  8
0
 62
     0
100
AcDbBlockEnd
  0
BLOCK
  5
C7
330
C6
100
AcDbEntity
  8
0
 62
     0
100
AcDbBlockBegin
  2
*D8
 70
     1
 10
0.0
 20
0.0
 30
0.0
  3
*D8
  1

  0
LINE
  5
C8
330
C6
100
AcDbEntity
  8
A-DIMS-INSD
 62
     0
440
 16777216
370
    -2
100
AcDbLine
 10
1191744.263765627
 20
268464.4622373981
 30
0.0
 11
1191748.763765627
 21
268464.4622373981
 31
0.0
  0
LINE
  5
C9
330
C6
100
AcDbEntity
  8
A-DIMS-INSD
 62
     0
440
 16777216
370
    -2
100
AcDbLine
 10
1191744.263765627
 20
268526.4622373981
 30
0.0
 11
1191748.763765627
 21
268526.4622373981
 31
0.0
  0
LINE
  5
CA
330
C6
100
AcDbEntity
  8
A-DIMS-INSD
 62
     0
440
 16777216
370
    -2
100
AcDbLine
 10
1191746.263765627
 20
268464.4622373981
 30
0.0
 11
1191746.263765627
 21
268490.2934999904
 31
0.0
  0
LINE
  5
CB
330
C6
100
AcDbEntity
  8
A-DIMS-INSD
 62
     0
440
 16777216
370
    -2
100
AcDbLine
 10
1191746.263765627
 20
268526.4622373981
 30
0.0
 11
1191746.263765627
 21
268500.6309748058
 31
0.0
  0
INSERT
  5
CC
330
C6
100
AcDbEntity
  8
A-DIMS-INSD
 62
     0
440
 16777216
370
    -2
100
AcDbBlockReference
  2
_Oblique
 10
1191746.263765627
 20
268464.4622373981
 30
0.0
 41
3.0
 42
3.0
 43
3.0
 50
270.0
  0
INSERT
  5
CD
330
C6
100
AcDbEntity
  8
A-DIMS-INSD
 62
     0
440
 16777216
370
    -2
100
AcDbBlockReference
  2
_Oblique
 10
1191746.263765627
 20
268526.4622373981
 30
0.0
 41
3.0
 42
3.0
 43
3.0
 50
90.0
  0
MTEXT
  5
CE
330
C6
100
AcDbEntity
  8
A-DIMS-INSD
 62
     0
440
 16777216
100
AcDbMText
 10
1191746.263765626
 20
268495.4622373977
 30
0.0
 40
5.0
 41
0.0
 46
0.0
 71
     5
 72
     1
  1
62
 11
0.0000000000000001
 21
1.0
 31
0.0
 73
     1
 44
1.0
  0
POINT
  5
CF
330
C6
100
AcDbEntity
  8
Defpoints
 62
     0
440
 16777216
100
AcDbPoint
 10
1191725.370255527
 20
268464.4622373981
 30
0.0
  0
POINT
  5
D0
330
C6
100
AcDbEntity
  8
Defpoints
 62
     0
440
 16777216
100
AcDbPoint
 10
1191725.370255527
 20
268526.4622373981
 30
0.0
  0
POINT
  5
D1
330
C6
100
AcDbEntity
  8
Defpoints
 62
     0
440
 16777216
100
AcDbPoint
 10
1191746.263765627
 20
268526.4622373981
 30
0.0
  0
ENDBLK
  5
D2
330
C6
100
AcDbEntity
  8
0
 62
     0
100
AcDbBlockEnd
  0
BLOCK
  5
D4
330
D3
100
AcDbEntity
  8
0
 62
     0
100
AcDbBlockBegin
  2
*D9
 70
     1
 10
0.0
 20
0.0
 30
0.0
  3
*D9
  1

  0
LINE
  5
D5
330
D3
100
AcDbEntity
  8
A-DIMS-INSD
 62
     0
440
 16777216
370
    -2
100
AcDbLine
 10
1191706.638754901
 20
268526.4622373981
 30
0.0
 11
1191702.138754901
 21
268526.4622373981
 31
0.0
  0
LINE
  5
D6
330
D3
100
AcDbEntity
  8
A-DIMS-INSD
 62
     0
440
 16777216
370
    -2
100
AcDbLine
 10
1191706.638754901
 20
268524.9622373981
 30
0.0
 11
1191702.138754901
 21
268524.9622373981
 31
0.0
  0
LINE
  5
D7
330
D3
100
AcDbEntity
  8
A-DIMS-INSD
 62
     0
440
 16777216
370
    -2
100
AcDbLine
 10
1191704.638754901
 20
268526.4622373981
 30
0.0
 11
1191704.638754901
 21
268529.4622373981
 31
0.0
  0
LINE
  5
D8
330
D3
100
AcDbEntity
  8
A-DIMS-INSD
 62
     0
440
 16777216
370
    -2
100
AcDbLine
 10
1191704.638754901
 20
268524.9622373981
 30
0.0
 11
1191704.638754901
 21
268518.9622373981
 31
0.0
  0
LINE
  5
D9
330
D3
100
AcDbEntity
  8
A-DIMS-INSD
 62
     0
440
 16777216
370
    -2
100
AcDbLine
 10
1191704.638754901
 20
268526.4622373981
 30
0.0
 11
1191704.638754901
 21
268524.9622373981
 31
0.0
  0
INSERT
  5
DA
330
D3
100
AcDbEntity
  8
A-DIMS-INSD
 62
     0
440
 16777216
370
    -2
100
AcDbBlockReference
  2
_Oblique
 10
1191704.638754901
 20
268526.4622373981
 30
0.0
 41
3.0
 42
3.0
 43
3.0
 50
270.0
  0
INSERT
  5
DB
330
D3
100
AcDbEntity
  8
A-DIMS-INSD
 62
     0
440
 16777216
370
    -2
100
AcDbBlockReference
  2
_Oblique
 10
1191704.638754901
 20
268524.9622373981
 30
0.0
 41
3.0
 42
3.0
 43
3.0
 50
90.0
  0
MTEXT
  5
DC
330
D3
100
AcDbEntity
  8
A-DIMS-INSD
 62
     0
440
 16777216
100
AcDbMText
 10
1191704.638754901
 20
268512.7995443151
 30
0.0
 40
5.0
 41
0.0
 46
0.0
 71
     5
 72
     1
  1
1,5
 11
0.0000000000000001
 21
1.0
 31
0.0
 73
     1
 44
1.0
  0
POINT
  5
DD
330
D3
100
AcDbEntity
  8
Defpoints
 62
     0
440
 16777216
100
AcDbPoint
 10
1191713.370255527
 20
268526.4622373981
 30
0.0
  0
POINT
  5
DE
330
D3
100
AcDbEntity
  8
Defpoints
 62
     0
440
 16777216
100
AcDbPoint
 10
1191713.370255527
 20
268524.9622373981
 30
0.0
  0
POINT
  5
DF
330
D3
100
AcDbEntity
  8
Defpoints
 62
     0
440
 16777216
100
AcDbPoint
 10
1191704.638754901
 20
268524.9622373981
 30
0.0
  0
ENDBLK
  5
E0
330
D3
100
AcDbEntity
  8
0
 62
     0
100
AcDbBlockEnd
  0
BLOCK
  5
E2
330
E1
100
AcDbEntity
  8
0
 62
     0
100
AcDbBlockBegin
  2
*D10
 70
     1
 10
0.0
 20
0.0
 30
0.0
  3
*D10
  1

  0
LINE
  5
E3
330
E1
100
AcDbEntity
  8
A-DIMS-INSD
 62
     0
440
 16777216
370
    -2
100
AcDbLine
 10
1191728.370255527
 20
268537.5483833233
 30
0.0
 11
1191728.370255527
 21
268542.0483833234
 31
0.0
  0
LINE
  5
E4
330
E1
100
AcDbEntity
  8
A-DIMS-INSD
 62
     0
440
 16777216
370
    -2
100
AcDbLine
 10
1191578.370255526
 20
268537.5483833233
 30
0.0
 11
1191578.370255526
 21
268542.0483833234
 31
0.0
  0
LINE
  5
E5
330
E1
100
AcDbEntity
  8
A-DIMS-INSD
 62
     0
440
 16777216
370
    -2
100
AcDbLine
 10
1191728.370255527
 20
268539.5483833233
 30
0.0
 11
1191660.484929805
 21
268539.5483833233
 31
0.0
  0
LINE
  5
E6
330
E1
100
AcDbEntity
  8
A-DIMS-INSD
 62
     0
440
 16777216
370
    -2
100
AcDbLine
 10
1191578.370255526
 20
268539.5483833233
 30
0.0
 11
1191646.255581248
 21
268539.5483833233
 31
0.0
  0
INSERT
  5
E7
330
E1
100
AcDbEntity
  8
A-DIMS-INSD
 62
     0
440
 16777216
370
    -2
100
AcDbBlockReference
  2
_Oblique
 10
1191728.370255527
 20
268539.5483833233
 30
0.0
 41
3.0
 42
3.0
 43
3.0
  0
INSERT
  5
E8
330
E1
100
AcDbEntity
  8
A-DIMS-INSD
 62
     0
440
 16777216
370
    -2
100
AcDbBlockReference
  2
_Oblique
 10
1191578.370255526
 20
268539.5483833233
 30
0.0
 41
3.0
 42
3.0
 43
3.0
 50
180.0
  0
MTEXT
  5
E9
330
E1
100
AcDbEntity
  8
A-DIMS-INSD
 62
     0
440
 16777216
100
AcDbMText
 10
1191653.370255526
 20
268539.5483833233
 30
0.0
 40
5.0
 41
0.0
 46
0.0
 71
     5
 72
     1
  1
150
 73
     1
 44
1.0
  0
POINT
  5
EA
330
E1
100
AcDbEntity
  8
Defpoints
 62
     0
440
 16777216
100
AcDbPoint
 10
1191728.370255527
 20
268523.462237398
 30
0.0
  0
POINT
  5
EB
330
E1
100
AcDbEntity
  8
Defpoints
 62
     0
440
 16777216
100
AcDbPoint
 10
1191578.370255526
 20
268523.462237398
 30
0.0
  0
POINT
  5
EC
330
E1
100
AcDbEntity
  8
Defpoints
 62
     0
440
 16777216
100
AcDbPoint
 10
1191578.370255526
 20
268539.5483833233
 30
0.0
  0
ENDBLK
  5
ED
330
E1
100
AcDbEntity
  8
0
 62
     0
100
AcDbBlockEnd
  0
BLOCK
  5
1F7
330
1F6
100
AcDbEntity
  8
0
100
AcDbBlockBegin
  2
*D14
 70
     1
 10
0.0
 20
0.0
 30
0.0
  3
*D14
  1

  0
LINE
  5
1F9
330
1F6
100
AcDbEntity
  8
A-DIMS-INSD
 62
     0
440
 16777216
370
    -2
100
AcDbLine
 10
4.602417730726313
 20
17.77933845680672
 30
0.0
 11
0.102417730726312
 21
17.77933845680672
 31
0.0
  0
LINE
  5
1FA
330
1F6
100
AcDbEntity
  8
A-DIMS-INSD
 62
     0
440
 16777216
370
    -2
100
AcDbLine
 10
4.602417730726307
 20
39.77933845680674
 30
0.0
 11
0.1024177307263071
 21
39.77933845680674
 31
0.0
  0
LINE
  5
1FB
330
1F6
100
AcDbEntity
  8
A-DIMS-INSD
 62
     0
440
 16777216
370
    -2
100
AcDbLine
 10
2.602417730726307
 20
17.77933845680672
 30
0.0
 11
2.602417730726306
 21
23.36267179014006
 31
0.0
  0
LINE
  5
1FC
330
1F6
100
AcDbEntity
  8
A-DIMS-INSD
 62
     0
440
 16777216
370
    -2
100
AcDbLine
 10
2.602417730726302
 20
39.77933845680674
 30
0.0
 11
2.602417730726303
 21
34.19600512347339
 31
0.0
  0
INSERT
  5
1FD
330
1F6
100
AcDbEntity
  8
A-DIMS-INSD
 62
     0
440
 16777216
370
    -2
100
AcDbBlockReference
  2
_Oblique
 10
2.602417730726307
 20
17.77933845680672
 30
0.0
 41
3.0
 42
3.0
 43
3.0
 50
270.0
  0
INSERT
  5
1FE
330
1F6
100
AcDbEntity
  8
A-DIMS-INSD
 62
     0
440
 16777216
370
    -2
100
AcDbBlockReference
  2
_Oblique
 10
2.602417730726302
 20
39.77933845680674
 30
0.0
 41
3.0
 42
3.0
 43
3.0
 50
90.0
  0
MTEXT
  5
1FF
330
1F6
100
AcDbEntity
  8
A-DIMS-INSD
 62
     0
440
 16777216
100
AcDbMText
 10
2.602417730726312
 20
28.77933845680672
 30
0.0
 40
5.0
 41
0.0
 46
0.0
 71
     5
 72
     1
  1
22
 11
0.0000000000000001
 21
1.0
 31
0.0
 73
     1
 44
1.0
  0
POINT
  5
200
330
1F6
100
AcDbEntity
  8
Defpoints
 62
     0
440
 16777216
100
AcDbPoint
 10
91.13902702508497
 20
17.77933845680673
 30
0.0
  0
POINT
  5
201
330
1F6
100
AcDbEntity
  8
Defpoints
 62
     0
440
 16777216
100
AcDbPoint
 10
76.60196352796631
 20
39.77933845680674
 30
0.0
  0
POINT
  5
202
330
1F6
100
AcDbEntity
  8
Defpoints
 62
     0
440
 16777216
100
AcDbPoint
 10
2.602417730726302
 20
39.77933845680674
 30
0.0
  0
ENDBLK
  5
1F8
330
1F6
100
AcDbEntity
  8
0
100
AcDbBlockEnd
  0
BLOCK
  5
204
330
203
100
AcDbEntity
  8
0
100
AcDbBlockBegin
  2
*D15
 70
     1
 10
0.0
 20
0.0
 30
0.0
  3
*D15
  1

  0
LINE
  5
206
330
203
100
AcDbEntity
  8
A-DIMS-INSD
 62
     0
440
 16777216
370
    -2
100
AcDbLine
 10
4.60241773026065
 20
39.77933845680674
 30
0.0
 11
0.1024177302606493
 21
39.77933845680674
 31
0.0
  0
LINE
  5
207
330
203
100
AcDbEntity
  8
A-DIMS-INSD
 62
     0
440
 16777216
370
    -2
100
AcDbLine
 10
4.602417730260641
 20
79.77933845680675
 30
0.0
 11
0.1024177302606405
 21
79.77933845680675
 31
0.0
  0
LINE
  5
208
330
203
100
AcDbEntity
  8
A-DIMS-INSD
 62
     0
440
 16777216
370
    -2
100
AcDbLine
 10
2.60241773026065
 20
39.77933845680674
 30
0.0
 11
2.602417730260647
 21
54.77933845680674
 31
0.0
  0
LINE
  5
209
330
203
100
AcDbEntity
  8
A-DIMS-INSD
 62
     0
440
 16777216
370
    -2
100
AcDbLine
 10
2.602417730260641
 20
79.77933845680675
 30
0.0
 11
2.602417730260644
 21
64.77933845680674
 31
0.0
  0
INSERT
  5
20A
330
203
100
AcDbEntity
  8
A-DIMS-INSD
 62
     0
440
 16777216
370
    -2
100
AcDbBlockReference
  2
_Oblique
 10
2.60241773026065
 20
39.77933845680674
 30
0.0
 41
3.0
 42
3.0
 43
3.0
 50
270.0
  0
INSERT
  5
20B
330
203
100
AcDbEntity
  8
A-DIMS-INSD
 62
     0
440
 16777216
370
    -2
100
AcDbBlockReference
  2
_Oblique
 10
2.602417730260641
 20
79.77933845680675
 30
0.0
 41
3.0
 42
3.0
 43
3.0
 50
90.0
  0
MTEXT
  5
20C
330
203
100
AcDbEntity
  8
A-DIMS-INSD
 62
     0
440
 16777216
100
AcDbMText
 10
2.602417730260662
 20
59.77933845680674
 30
0.0
 40
5.0
 41
0.0
 46
0.0
 71
     5
 72
     1
  1
40
 11
0.0000000000000001
 21
1.0
 31
0.0
 73
     1
 44
1.0
  0
POINT
  5
20D
330
203
100
AcDbEntity
  8
Defpoints
 62
     0
440
 16777216
100
AcDbPoint
 10
17.1019635279663
 20
39.77933845680674
 30
0.0
  0
POINT
  5
20E
330
203
100
AcDbEntity
  8
Defpoints
 62
     0
440
 16777216
100
AcDbPoint
 10
17.1019635279663
 20
79.77933845680675
 30
0.0
  0
POINT
  5
20F
330
203
100
AcDbEntity
  8
Defpoints
 62
     0
440
 16777216
100
AcDbPoint
 10
2.602417730260641
 20
79.77933845680675
 30
0.0
  0
ENDBLK
  5
205
330
203
100
AcDbEntity
  8
0
100
AcDbBlockEnd
  0
BLOCK
  5
211
330
210
100
AcDbEntity
  8
0
100
AcDbBlockBegin
  2
*D16
 70
     1
 10
0.0
 20
0.0
 30
0.0
  3
*D16
  1

  0
LINE
  5
213
330
210
100
AcDbEntity
  8
A-DIMS-INSD
 62
     0
440
 16777216
370
    -2
100
AcDbLine
 10
66.10196352796629
 20
4.614170584245584
 30
0.0
 11
66.10196352796629
 21
0.1141705842455849
 31
0.0
  0
LINE
  5
214
330
210
100
AcDbEntity
  8
A-DIMS-INSD
 62
     0
440
 16777216
370
    -2
100
AcDbLine
 10
164.1019635279663
 20
4.614170584245584
 30
0.0
 11
164.1019635279663
 21
0.1141705842455849
 31
0.0
  0
LINE
  5
215
330
210
100
AcDbEntity
  8
A-DIMS-INSD
 62
     0
440
 16777216
370
    -2
100
AcDbLine
 10
66.10196352796629
 20
2.614170584245584
 30
0.0
 11
109.6852968612996
 21
2.614170584245584
 31
0.0
  0
LINE
  5
216
330
210
100
AcDbEntity
  8
A-DIMS-INSD
 62
     0
440
 16777216
370
    -2
100
AcDbLine
 10
164.1019635279663
 20
2.614170584245584
 30
0.0
 11
120.5186301946329
 21
2.614170584245584
 31
0.0
  0
INSERT
  5
217
330
210
100
AcDbEntity
  8
A-DIMS-INSD
 62
     0
440
 16777216
370
    -2
100
AcDbBlockReference
  2
_Oblique
 10
66.10196352796629
 20
2.614170584245584
 30
0.0
 41
3.0
 42
3.0
 43
3.0
 50
180.0
  0
INSERT
  5
218
330
210
100
AcDbEntity
  8
A-DIMS-INSD
 62
     0
440
 16777216
370
    -2
100
AcDbBlockReference
  2
_Oblique
 10
164.1019635279663
 20
2.614170584245584
 30
0.0
 41
3.0
 42
3.0
 43
3.0
  0
MTEXT
  5
219
330
210
100
AcDbEntity
  8
A-DIMS-INSD
 62
     0
440
 16777216
100
AcDbMText
 10
115.1019635279663
 20
2.614170584245584
 30
0.0
 40
5.0
 41
0.0
 46
0.0
 71
     5
 72
     1
  1
98
 73
     1
 44
1.0
  0
POINT
  5
21A
330
210
100
AcDbEntity
  8
Defpoints
 62
     0
440
 16777216
100
AcDbPoint
 10
66.10196352796629
 20
20.77933845680673
 30
0.0
  0
POINT
  5
21B
330
210
100
AcDbEntity
  8
Defpoints
 62
     0
440
 16777216
100
AcDbPoint
 10
164.1019635279663
 20
20.77933845680673
 30
0.0
  0
POINT
  5
21C
330
210
100
AcDbEntity
  8
Defpoints
 62
     0
440
 16777216
100
AcDbPoint
 10
164.1019635279663
 20
2.614170584245584
 30
0.0
  0
ENDBLK
  5
212
330
210
100
AcDbEntity
  8
0
100
AcDbBlockEnd
  0
BLOCK
  5
21E
330
21D
100
AcDbEntity
  8
0
100
AcDbBlockBegin
  2
*D17
 70
     1
 10
0.0
 20
0.0
 30
0.0
  3
*D17
  1

  0
LINE
  5
220
330
21D
100
AcDbEntity
  8
A-DIMS-INSD
 62
     0
440
 16777216
370
    -2
100
AcDbLine
 10
14.10196352796629
 20
36.08584923454328
 30
0.0
 11
14.10196352796629
 21
31.58584923454327
 31
0.0
  0
LINE
  5
221
330
21D
100
AcDbEntity
  8
A-DIMS-INSD
 62
     0
440
 16777216
370
    -2
100
AcDbLine
 10
78.10196352796629
 20
34.08584923454327
 30
0.0
 11
78.10196352796629
 21
36.58584923454327
 31
0.0
  0
LINE
  5
222
330
21D
100
AcDbEntity
  8
A-DIMS-INSD
 62
     0
440
 16777216
370
    -2
100
AcDbLine
 10
14.10196352796629
 20
34.08584923454327
 30
0.0
 11
40.68529686129962
 21
34.08584923454327
 31
0.0
  0
LINE
  5
223
330
21D
100
AcDbEntity
  8
A-DIMS-INSD
 62
     0
440
 16777216
370
    -2
100
AcDbLine
 10
78.10196352796629
 20
34.08584923454327
 30
0.0
 11
51.51863019463295
 21
34.08584923454327
 31
0.0
  0
INSERT
  5
224
330
21D
100
AcDbEntity
  8
A-DIMS-INSD
 62
     0
440
 16777216
370
    -2
100
AcDbBlockReference
  2
_Oblique
 10
14.10196352796629
 20
34.08584923454327
 30
0.0
 41
3.0
 42
3.0
 43
3.0
 50
180.0
  0
INSERT
  5
225
330
21D
100
AcDbEntity
  8
A-DIMS-INSD
 62
     0
440
 16777216
370
    -2
100
AcDbBlockReference
  2
_Oblique
 10
78.10196352796629
 20
34.08584923454327
 30
0.0
 41
3.0
 42
3.0
 43
3.0
  0
MTEXT
  5
226
330
21D
100
AcDbEntity
  8
A-DIMS-INSD
 62
     0
440
 16777216
100
AcDbMText
 10
46.10196352796629
 20
34.08584923454327
 30
0.0
 40
5.0
 41
0.0
 46
0.0
 71
     5
 72
     1
  1
64
 73
     1
 44
1.0
  0
POINT
  5
227
330
21D
100
AcDbEntity
  8
Defpoints
 62
     0
440
 16777216
100
AcDbPoint
 10
14.10196352796629
 20
42.77933845680673
 30
0.0
  0
POINT
  5
228
330
21D
100
AcDbEntity
  8
Defpoints
 62
     0
440
 16777216
100
AcDbPoint
 10
78.10196352796629
 20
34.08584923454327
 30
0.0
  0
POINT
  5
229
330
21D
100
AcDbEntity
  8
Defpoints
 62
     0
440
 16777216
100
AcDbPoint
 10
78.10196352796629
 20
34.08584923454327
 30
0.0
  0
ENDBLK
  5
21F
330
21D
100
AcDbEntity
  8
0
100
AcDbBlockEnd
  0
BLOCK
  5
22B
330
22A
100
AcDbEntity
  8
0
100
AcDbBlockBegin
  2
*D18
 70
     1
 10
0.0
 20
0.0
 30
0.0
  3
*D18
  1

  0
LINE
  5
26A
330
22A
100
AcDbEntity
  8
A-DIMS-INSD
 62
     0
440
 16777216
370
    -2
100
AcDbLine
 10
67.60196352796629
 20
13.9696002086477
 30
0.0
 11
67.60196352796629
 21
9.469600208647705
 31
0.0
  0
LINE
  5
26B
330
22A
100
AcDbEntity
  8
A-DIMS-INSD
 62
     0
440
 16777216
370
    -2
100
AcDbLine
 10
79.60196352796629
 20
13.9696002086477
 30
0.0
 11
79.60196352796629
 21
9.469600208647705
 31
0.0
  0
LINE
  5
26C
330
22A
100
AcDbEntity
  8
A-DIMS-INSD
 62
     0
440
 16777216
370
    -2
100
AcDbLine
 10
67.60196352796629
 20
11.9696002086477
 30
0.0
 11
69.01863019463296
 21
11.9696002086477
 31
0.0
  0
LINE
  5
26D
330
22A
100
AcDbEntity
  8
A-DIMS-INSD
 62
     0
440
 16777216
370
    -2
100
AcDbLine
 10
79.60196352796629
 20
11.9696002086477
 30
0.0
 11
78.18529686129962
 21
11.9696002086477
 31
0.0
  0
INSERT
  5
26E
330
22A
100
AcDbEntity
  8
A-DIMS-INSD
 62
     0
440
 16777216
370
    -2
100
AcDbBlockReference
  2
_Oblique
 10
67.60196352796629
 20
11.9696002086477
 30
0.0
 41
3.0
 42
3.0
 43
3.0
 50
180.0
  0
INSERT
  5
26F
330
22A
100
AcDbEntity
  8
A-DIMS-INSD
 62
     0
440
 16777216
370
    -2
100
AcDbBlockReference
  2
_Oblique
 10
79.60196352796629
 20
11.9696002086477
 30
0.0
 41
3.0
 42
3.0
 43
3.0
  0
MTEXT
  5
270
330
22A
100
AcDbEntity
  8
A-DIMS-INSD
 62
     0
440
 16777216
100
AcDbMText
 10
73.60196352796629
 20
11.9696002086477
 30
0.0
 40
5.0
 41
0.0
 46
0.0
 71
     5
 72
     1
  1
12
 73
     1
 44
1.0
  0
POINT
  5
271
330
22A
100
AcDbEntity
  8
Defpoints
 62
     0
440
 16777216
100
AcDbPoint
 10
67.60196352796629
 20
23.14394509262638
 30
0.0
  0
POINT
  5
272
330
22A
100
AcDbEntity
  8
Defpoints
 62
     0
440
 16777216
100
AcDbPoint
 10
79.60196352796629
 20
29.77933845680673
 30
0.0
  0
POINT
  5
273
330
22A
100
AcDbEntity
  8
Defpoints
 62
     0
440
 16777216
100
AcDbPoint
 10
79.60196352796629
 20
11.9696002086477
 30
0.0
  0
ENDBLK
  5
22C
330
22A
100
AcDbEntity
  8
0
100
AcDbBlockEnd
  0
BLOCK
  5
238
330
237
100
AcDbEntity
  8
0
100
AcDbBlockBegin
  2
*D19
 70
     1
 10
0.0
 20
0.0
 30
0.0
  3
*D19
  1

  0
LINE
  5
23A
330
237
100
AcDbEntity
  8
A-DIMS-INSD
 62
     0
440
 16777216
370
    -2
100
AcDbLine
 10
179.9954736281653
 20
17.77933845680674
 30
0.0
 11
184.4954736281653
 21
17.77933845680674
 31
0.0
  0
LINE
  5
23B
330
237
100
AcDbEntity
  8
A-DIMS-INSD
 62
     0
440
 16777216
370
    -2
100
AcDbLine
 10
179.9954736281652
 20
79.77933845680675
 30
0.0
 11
184.4954736281652
 21
79.77933845680675
 31
0.0
  0
LINE
  5
23C
330
237
100
AcDbEntity
  8
A-DIMS-INSD
 62
     0
440
 16777216
370
    -2
100
AcDbLine
 10
181.9954736281653
 20
17.77933845680674
 30
0.0
 11
181.9954736281653
 21
43.36267179014008
 31
0.0
  0
LINE
  5
23D
330
237
100
AcDbEntity
  8
A-DIMS-INSD
 62
     0
440
 16777216
370
    -2
100
AcDbLine
 10
181.9954736281652
 20
79.77933845680675
 30
0.0
 11
181.9954736281653
 21
54.19600512347342
 31
0.0
  0
INSERT
  5
23E
330
237
100
AcDbEntity
  8
A-DIMS-INSD
 62
     0
440
 16777216
370
    -2
100
AcDbBlockReference
  2
_Oblique
 10
181.9954736281653
 20
17.77933845680674
 30
0.0
 41
3.0
 42
3.0
 43
3.0
 50
270.0
  0
INSERT
  5
23F
330
237
100
AcDbEntity
  8
A-DIMS-INSD
 62
     0
440
 16777216
370
    -2
100
AcDbBlockReference
  2
_Oblique
 10
181.9954736281652
 20
79.77933845680675
 30
0.0
 41
3.0
 42
3.0
 43
3.0
 50
90.0
  0
MTEXT
  5
240
330
237
100
AcDbEntity
  8
A-DIMS-INSD
 62
     0
440
 16777216
100
AcDbMText
 10
181.9954736281652
 20
48.77933845680669
 30
0.0
 40
5.0
 41
0.0
 46
0.0
 71
     5
 72
     1
  1
62
 11
0.0000000000000001
 21
1.0
 31
0.0
 73
     1
 44
1.0
  0
POINT
  5
241
330
237
100
AcDbEntity
  8
Defpoints
 62
     0
440
 16777216
100
AcDbPoint
 10
161.1019635279663
 20
17.77933845680673
 30
0.0
  0
POINT
  5
242
330
237
100
AcDbEntity
  8
Defpoints
 62
     0
440
 16777216
100
AcDbPoint
 10
161.1019635279663
 20
79.77933845680675
 30
0.0
  0
POINT
  5
243
330
237
100
AcDbEntity
  8
Defpoints
 62
     0
440
 16777216
100
AcDbPoint
 10
181.9954736281652
 20
79.77933845680675
 30
0.0
  0
ENDBLK
  5
239
330
237
100
AcDbEntity
  8
0
100
AcDbBlockEnd
  0
BLOCK
  5
245
330
244
100
AcDbEntity
  8
0
100
AcDbBlockBegin
  2
*D20
 70
     1
 10
0.0
 20
0.0
 30
0.0
  3
*D20
  1

  0
LINE
  5
247
330
244
100
AcDbEntity
  8
A-DIMS-INSD
 62
     0
440
 16777216
370
    -2
100
AcDbLine
 10
142.3704629028216
 20
79.77933845680675
 30
0.0
 11
137.8704629028216
 21
79.77933845680675
 31
0.0
  0
LINE
  5
248
330
244
100
AcDbEntity
  8
A-DIMS-INSD
 62
     0
440
 16777216
370
    -2
100
AcDbLine
 10
142.3704629028216
 20
78.27933845680675
 30
0.0
 11
137.8704629028216
 21
78.27933845680675
 31
0.0
  0
LINE
  5
249
330
244
100
AcDbEntity
  8
A-DIMS-INSD
 62
     0
440
 16777216
370
    -2
100
AcDbLine
 10
140.3704629028216
 20
79.77933845680675
 30
0.0
 11
140.3704629028216
 21
82.77933845680676
 31
0.0
  0
LINE
  5
24A
330
244
100
AcDbEntity
  8
A-DIMS-INSD
 62
     0
440
 16777216
370
    -2
100
AcDbLine
 10
140.3704629028216
 20
78.27933845680675
 30
0.0
 11
140.3704629028216
 21
72.27933845680675
 31
0.0
  0
LINE
  5
24B
330
244
100
AcDbEntity
  8
A-DIMS-INSD
 62
     0
440
 16777216
370
    -2
100
AcDbLine
 10
140.3704629028216
 20
79.77933845680675
 30
0.0
 11
140.3704629028216
 21
78.27933845680675
 31
0.0
  0
INSERT
  5
24C
330
244
100
AcDbEntity
  8
A-DIMS-INSD
 62
     0
440
 16777216
370
    -2
100
AcDbBlockReference
  2
_Oblique
 10
140.3704629028216
 20
79.77933845680675
 30
0.0
 41
3.0
 42
3.0
 43
3.0
 50
270.0
  0
INSERT
  5
24D
330
244
100
AcDbEntity
  8
A-DIMS-INSD
 62
     0
440
 16777216
370
    -2
100
AcDbBlockReference
  2
_Oblique
 10
140.3704629028216
 20
78.27933845680675
 30
0.0
 41
3.0
 42
3.0
 43
3.0
 50
90.0
  0
MTEXT
  5
24E
330
244
100
AcDbEntity
  8
A-DIMS-INSD
 62
     0
440
 16777216
100
AcDbMText
 10
140.3704629028216
 20
66.44600512347337
 30
0.0
 40
5.0
 41
0.0
 46
0.0
 71
     5
 72
     1
  1
1,5
 11
0.0000000000000001
 21
1.0
 31
0.0
 73
     1
 44
1.0
  0
POINT
  5
24F
330
244
100
AcDbEntity
  8
Defpoints
 62
     0
440
 16777216
100
AcDbPoint
 10
149.1019635279663
 20
79.77933845680675
 30
0.0
  0
POINT
  5
250
330
244
100
AcDbEntity
  8
Defpoints
 62
     0
440
 16777216
100
AcDbPoint
 10
149.1019635279663
 20
78.27933845680675
 30
0.0
  0
POINT
  5
251
330
244
100
AcDbEntity
  8
Defpoints
 62
     0
440
 16777216
100
AcDbPoint
 10
140.3704629028216
 20
78.27933845680675
 30
0.0
  0
ENDBLK
  5
246
330
244
100
AcDbEntity
  8
0
100
AcDbBlockEnd
  0
BLOCK
  5
253
330
252
100
AcDbEntity
  8
0
100
AcDbBlockBegin
  2
*D21
 70
     1
 10
0.0
 20
0.0
 30
0.0
  3
*D21
  1

  0
LINE
  5
255
330
252
100
AcDbEntity
  8
A-DIMS-INSD
 62
     0
440
 16777216
370
    -2
100
AcDbLine
 10
164.1019635279663
 20
90.86548438214231
 30
0.0
 11
164.1019635279663
 21
95.3654843821423
 31
0.0
  0
LINE
  5
256
330
252
100
AcDbEntity
  8
A-DIMS-INSD
 62
     0
440
 16777216
370
    -2
100
AcDbLine
 10
14.10196352796629
 20
90.86548438214231
 30
0.0
 11
14.10196352796629
 21
95.3654843821423
 31
0.0
  0
LINE
  5
257
330
252
100
AcDbEntity
  8
A-DIMS-INSD
 62
     0
440
 16777216
370
    -2
100
AcDbLine
 10
164.1019635279663
 20
92.8654843821423
 30
0.0
 11
95.76863019463296
 21
92.8654843821423
 31
0.0
  0
LINE
  5
258
330
252
100
AcDbEntity
  8
A-DIMS-INSD
 62
     0
440
 16777216
370
    -2
100
AcDbLine
 10
14.10196352796629
 20
92.8654843821423
 30
0.0
 11
82.43529686129962
 21
92.8654843821423
 31
0.0
  0
INSERT
  5
259
330
252
100
AcDbEntity
  8
A-DIMS-INSD
 62
     0
440
 16777216
370
    -2
100
AcDbBlockReference
  2
_Oblique
 10
164.1019635279663
 20
92.8654843821423
 30
0.0
 41
3.0
 42
3.0
 43
3.0
  0
INSERT
  5
25A
330
252
100
AcDbEntity
  8
A-DIMS-INSD
 62
     0
440
 16777216
370
    -2
100
AcDbBlockReference
  2
_Oblique
 10
14.10196352796629
 20
92.8654843821423
 30
0.0
 41
3.0
 42
3.0
 43
3.0
 50
180.0
  0
MTEXT
  5
25B
330
252
100
AcDbEntity
  8
A-DIMS-INSD
 62
     0
440
 16777216
100
AcDbMText
 10
89.1019635279663
 20
92.8654843821423
 30
0.0
 40
5.0
 41
0.0
 46
0.0
 71
     5
 72
     1
  1
150
 73
     1
 44
1.0
  0
POINT
  5
25C
330
252
100
AcDbEntity
  8
Defpoints
 62
     0
440
 16777216
100
AcDbPoint
 10
164.1019635279663
 20
76.77933845680673
 30
0.0
  0
POINT
  5
25D
330
252
100
AcDbEntity
  8
Defpoints
 62
     0
440
 16777216
100
AcDbPoint
 10
14.10196352796629
 20
76.77933845680673
 30
0.0
  0
POINT
  5
25E
330
252
100
AcDbEntity
  8
Defpoints
 62
     0
440
 16777216
100
AcDbPoint
 10
14.10196352796629
 20
92.8654843821423
 30
0.0
  0
ENDBLK
  5
254
330
252
100
AcDbEntity
  8
0
100
AcDbBlockEnd
  0
BLOCK
  5
276
330
275
100
AcDbEntity
  8
0
100
AcDbBlockBegin
  2
*D22
 70
     1
 10
0.0
 20
0.0
 30
0.0
  3
*D22
  1

  0
LINE
  5
28F
330
275
100
AcDbEntity
  8
A-DIMS-INSD
 62
     0
440
 16777216
370
    -2
100
AcDbLine
 10
78.10196352796629
 20
13.0789155849225
 30
0.0
 11
78.10196352796629
 21
8.578915584922498
 31
0.0
  0
LINE
  5
290
330
275
100
AcDbEntity
  8
A-DIMS-INSD
 62
     0
440
 16777216
370
    -2
100
AcDbLine
 10
66.10196352796629
 20
13.0789155849225
 30
0.0
 11
66.10196352796629
 21
8.578915584922498
 31
0.0
  0
LINE
  5
291
330
275
100
AcDbEntity
  8
A-DIMS-INSD
 62
     0
440
 16777216
370
    -2
100
AcDbLine
 10
78.10196352796629
 20
11.0789155849225
 30
0.0
 11
76.68529686129962
 21
11.0789155849225
 31
0.0
  0
LINE
  5
292
330
275
100
AcDbEntity
  8
A-DIMS-INSD
 62
     0
440
 16777216
370
    -2
100
AcDbLine
 10
66.10196352796629
 20
11.0789155849225
 30
0.0
 11
67.51863019463296
 21
11.0789155849225
 31
0.0
  0
INSERT
  5
293
330
275
100
AcDbEntity
  8
A-DIMS-INSD
 62
     0
440
 16777216
370
    -2
100
AcDbBlockReference
  2
_Oblique
 10
78.10196352796629
 20
11.0789155849225
 30
0.0
 41
3.0
 42
3.0
 43
3.0
  0
INSERT
  5
294
330
275
100
AcDbEntity
  8
A-DIMS-INSD
 62
     0
440
 16777216
370
    -2
100
AcDbBlockReference
  2
_Oblique
 10
66.10196352796629
 20
11.0789155849225
 30
0.0
 41
3.0
 42
3.0
 43
3.0
 50
180.0
  0
MTEXT
  5
295
330
275
100
AcDbEntity
  8
A-DIMS-INSD
 62
     0
440
 16777216
100
AcDbMText
 10
72.10196352796629
 20
11.0789155849225
 30
0.0
 40
5.0
 41
0.0
 46
0.0
 71
     5
 72
     1
  1
12
 73
     1
 44
1.0
  0
POINT
  5
296
330
275
100
AcDbEntity
  8
Defpoints
 62
     0
440
 16777216
100
AcDbPoint
 10
78.10196352796629
 20
29.77933845680673
 30
0.0
  0
POINT
  5
297
330
275
100
AcDbEntity
  8
Defpoints
 62
     0
440
 16777216
100
AcDbPoint
 10
66.10196352796629
 20
20.77933845680673
 30
0.0
  0
POINT
  5
298
330
275
100
AcDbEntity
  8
Defpoints
 62
     0
440
 16777216
100
AcDbPoint
 10
66.10196352796629
 20
11.0789155849225
 30
0.0
  0
ENDBLK
  5
277
330
275
100
AcDbEntity
  8
0
100
AcDbBlockEnd
  0
ENDSEC
  0
SECTION
  2
ENTITIES
  0
LWPOLYLINE
  5
18B
102
{ACAD_REACTORS
330
1D1
330
1D3
330
1D9
330
1DA
330
1DC
330
1DD
330
1E6
330
1E7
330
1E9
330
1EA
330
19D
330
19E
330
1A0
330
1A1
330
1B7
330
1B8
330
1BA
330
1BB
330
1C4
330
1C5
330
1C7
330
1C8
330
286
330
289
330
28C
330
28E
102
}
330
70
100
AcDbEntity
  8
0
100
AcDbPolyline
 90
       18
 70
     0
 43
0.0
 10
149.1019635279663
 20
79.77933845680673
 91
       24
 10
161.1019635279663
 20
79.77933845680673
 42
-0.4142135623730951
 91
       25
 10
164.1019635279663
 20
76.77933845680673
 91
       15
 10
164.1019635279663
 20
20.77933845680673
 42
-0.4142135623730951
 91
       16
 10
161.1019635279663
 20
17.77933845680673
 91
        3
 10
69.10196352796629
 20
17.77933845680673
 42
-0.4142135623730951
 91
        4
 10
66.10196352796629
 20
20.77933845680673
 91
       14
 10
66.10196352796629
 20
25.27933845680673
 42
-0.4142135623730951
 91
        1
 10
69.10196352796629
 20
28.27933845680673
 91
        2
 10
76.60196352796629
 20
28.27933845680673
 42
0.4142135623730951
 91
        5
 10
78.10196352796629
 20
29.77933845680673
 91
       18
 10
78.10196352796629
 20
38.27933845680673
 42
0.4142135623730951
 91
       19
 10
76.60196352796629
 20
39.77933845680673
 91
        9
 10
17.10196352796629
 20
39.77933845680673
 42
-0.4142135623730951
 91
       10
 10
14.10196352796629
 20
42.77933845680673
 91
       17
 10
14.10196352796629
 20
76.77933845680673
 42
-0.4142135623730951
 91
       11
 10
17.10196352796629
 20
79.77933845680673
 91
       12
 10
29.10196352796629
 20
79.77933845680673
 91
       13
  0
LWPOLYLINE
  5
18C
330
70
100
AcDbEntity
  8
0
100
AcDbPolyline
 90
       18
 70
     0
 43
0.0
 10
149.1019635279663
 20
78.27933845680672
 10
161.1019635279663
 20
78.27933845680672
 42
-0.4142135623730951
 10
162.6019635279663
 20
76.77933845680673
 10
162.6019635279663
 20
20.77933845680673
 42
-0.4142135623730951
 10
161.1019635279663
 20
19.27933845680673
 10
69.10196352796629
 20
19.27933845680673
 42
-0.4142135623730951
 10
67.60196352796629
 20
20.77933845680673
 91
       20
 10
67.60196352796629
 20
25.27933845680673
 42
-0.4142135623730951
 91
       21
 10
69.10196352796629
 20
26.77933845680673
 10
76.60196352796629
 20
26.77933845680673
 42
0.4142135623730951
 91
       22
 10
79.60196352796629
 20
29.77933845680673
 91
       23
 10
79.60196352796629
 20
38.27933845680673
 42
0.4142135623730951
 91
        6
 10
76.60196352796629
 20
41.27933845680672
 91
        7
 10
17.10196352796629
 20
41.27933845680672
 42
-0.4142135623730951
 91
        8
 10
15.60196352796629
 20
42.77933845680673
 10
15.60196352796629
 20
76.77933845680673
 42
-0.4142135623730951
 10
17.10196352796629
 20
78.27933845680672
 10
29.10196352796629
 20
78.27933845680672
  0
LINE
  5
18D
102
{ACAD_REACTORS
330
197
102
}
330
70
100
AcDbEntity
  8
0
100
AcDbLine
 10
149.1019635279663
 20
79.77933845680673
 30
0.0
 11
149.1019635279663
 21
78.27933845680672
 31
0.0
  0
LINE
  5
18E
330
70
100
AcDbEntity
  8
0
100
AcDbLine
 10
29.10196352796629
 20
79.77933845680673
 30
0.0
 11
29.10196352796629
 21
78.27933845680672
 31
0.0
  0
DIMENSION
  5
18F
102
{ACAD_REACTORS
330
1D2
102
}
330
70
100
AcDbEntity
  8
A-DIMS-INSD
 62
     0
100
AcDbDimension
280
     0
  2
*D14
 10
2.602417730726302
 20
39.77933845680674
 30
0.0
 11
2.602417730726312
 21
28.77933845680672
 31
0.0
 70
    32
 71
     5
 42
22.00000000000001
 73
     0
 74
     0
 75
     0
  3
Sh
100
AcDbAlignedDimension
 13
91.13902702508495
 23
17.77933845680673
 33
0.0
 14
76.60196352796629
 24
39.77933845680673
 34
0.0
 50
270.0
100
AcDbRotatedDimension
  0
DIMENSION
  5
190
102
{ACAD_REACTORS
330
1DB
102
}
330
70
100
AcDbEntity
  8
A-DIMS-INSD
 62
     0
100
AcDbDimension
280
     0
  2
*D15
 10
2.602417730260641
 20
79.77933845680675
 30
0.0
 11
2.602417730260662
 21
59.77933845680674
 31
0.0
 70
    32
 71
     5
 42
40.00000000000001
 73
     0
 74
     0
 75
     0
  3
Sh
100
AcDbAlignedDimension
 13
17.10196352796629
 23
39.77933845680673
 33
0.0
 14
17.10196352796629
 24
79.77933845680673
 34
0.0
 50
270.0
100
AcDbRotatedDimension
  0
DIMENSION
  5
191
102
{ACAD_REACTORS
330
1E8
102
}
330
70
100
AcDbEntity
  8
A-DIMS-INSD
 62
     0
100
AcDbDimension
280
     0
  2
*D16
 10
164.1019635279663
 20
2.614170584245584
 30
0.0
 11
115.1019635279663
 21
2.614170584245584
 31
0.0
 70
    32
 71
     5
 42
98.0
 73
     0
 74
     0
 75
     0
  3
Sh
100
AcDbAlignedDimension
 13
66.10196352796629
 23
20.77933845680673
 33
0.0
 14
164.1019635279663
 24
20.77933845680673
 34
0.0
 50
180.0
100
AcDbRotatedDimension
  0
DIMENSION
  5
192
102
{ACAD_REACTORS
330
19F
102
}
330
70
100
AcDbEntity
  8
A-DIMS-INSD
 62
     0
100
AcDbDimension
280
     0
  2
*D17
 10
78.10196352796629
 20
34.08584923454327
 30
0.0
 11
46.10196352796629
 21
34.08584923454327
 31
0.0
 70
    32
 71
     5
 42
64.0
 73
     0
 74
     0
 75
     0
  3
Sh
100
AcDbAlignedDimension
 13
14.10196352796629
 23
42.77933845680673
 33
0.0
 14
78.10196352796629
 24
34.08584923454327
 34
0.0
 50
180.0
100
AcDbRotatedDimension
  0
DIMENSION
  5
194
102
{ACAD_REACTORS
330
1B9
102
}
330
70
100
AcDbEntity
  8
A-DIMS-INSD
 62
     0
100
AcDbDimension
280
     0
  2
*D19
 10
181.9954736281652
 20
79.77933845680675
 30
0.0
 11
181.9954736281652
 21
48.77933845680669
 31
0.0
 70
    32
 71
     5
 42
62.0
 73
     0
 74
     0
 75
     0
  3
Sh
100
AcDbAlignedDimension
 13
161.1019635279663
 23
17.77933845680673
 33
0.0
 14
161.1019635279663
 24
79.77933845680673
 34
0.0
 50
270.0
100
AcDbRotatedDimension
  0
DIMENSION
  5
195
102
{ACAD_XDICTIONARY
360
196
102
}
102
{ACAD_REACTORS
330
197
102
}
330
70
100
AcDbEntity
  8
A-DIMS-INSD
 62
     0
100
AcDbDimension
280
     0
  2
*D20
 10
140.3704629028216
 20
78.27933845680675
 30
0.0
 11
140.3704629028216
 21
66.44600512347337
 31
0.0
 70
    32
 71
     5
 42
1.5
 73
     0
 74
     0
 75
     0
  3
Sh
100
AcDbAlignedDimension
 13
149.1019635279663
 23
79.77933845680673
 33
0.0
 14
149.1019635279663
 24
78.27933845680672
 34
0.0
 50
90.0
100
AcDbRotatedDimension
  0
DIMENSION
  5
198
102
{ACAD_REACTORS
330
1C6
102
}
330
70
100
AcDbEntity
  8
A-DIMS-INSD
 62
     0
100
AcDbDimension
280
     0
  2
*D21
 10
14.10196352796629
 20
92.8654843821423
 30
0.0
 11
89.1019635279663
 21
92.8654843821423
 31
0.0
 70
    32
 71
     5
 42
150.0
 73
     0
 74
     0
 75
     0
  3
Sh
100
AcDbAlignedDimension
 13
164.1019635279663
 23
76.77933845680673
 33
0.0
 14
14.10196352796629
 24
76.77933845680673
 34
0.0
100
AcDbRotatedDimension
  0
DIMENSION
  5
274
102
{ACAD_REACTORS
330
28A
102
}
330
70
100
AcDbEntity
  8
A-DIMS-INSD
 62
     0
100
AcDbDimension
280
     0
  2
*D22
 10
66.10196352796629
 20
11.0789155849225
 30
0.0
 11
72.10196352796629
 21
11.0789155849225
 31
0.0
 70
    32
 71
     5
 42
12.0
 73
     0
 74
     0
 75
     0
  3
Sh
100
AcDbAlignedDimension
 13
78.10196352796629
 23
29.77933845680673
 33
0.0
 14
66.10196352796629
 24
20.77933845680673
 34
0.0
 50
180.0
100
AcDbRotatedDimension
  0
ENDSEC
  0
SECTION
  2
OBJECTS
  0
DICTIONARY
  5
C
330
0
100
AcDbDictionary
281
     1
  3
ACAD_ASSOCNETWORK
350
186
  3
ACAD_CIP_PREVIOUS_PRODUCT_INFO
350
7B
  3
ACAD_COLOR
350
63
  3
ACAD_DETAILVIEWSTYLE
350
6A
  3
ACAD_GROUP
350
D
  3
ACAD_LAYOUT
350
62
  3
ACAD_MATERIAL
350
10
  3
ACAD_MLEADERSTYLE
350
66
  3
ACAD_MLINESTYLE
350
5F
  3
ACAD_PLOTSETTINGS
350
61
  3
ACAD_PLOTSTYLENAME
350
E
  3
ACAD_SCALELIST
350
42
  3
ACAD_SECTIONVIEWSTYLE
350
68
  3
ACAD_TABLESTYLE
350
64
  3
ACAD_VISUALSTYLE
350
29
  3
ACDB_RECOMPOSE_DATA
350
29B
  3
ACDBVARIABLEDICTIONARY
350
FB
  0
DICTIONARY
  5
F7
330
2
100
AcDbDictionary
280
     1
281
     1
  3
ACAD_LAYERSTATES
360
F8
  0
DICTIONARY
  5
F0
330
EF
100
AcDbDictionary
280
     1
281
     1
  0
DICTIONARY
  5
1F1
330
70
100
AcDbDictionary
280
     1
281
     1
  3
ACAD_ASSOCNETWORK
360
1F2
  0
DICTIONARY
  5
196
330
195
100
AcDbDictionary
280
     1
281
     1
  3
ACAD_DIMASSOC
360
197
  0
DICTIONARY
  5
186
102
{ACAD_REACTORS
330
C
102
}
330
C
100
AcDbDictionary
281
     1
  3
ACAD_ASSOCNETWORK
350
187
  0
XRECORD
  5
7B
102
{ACAD_REACTORS
330
C
102
}
330
C
100
AcDbXrecord
280
     1
300
ACD
300
2022
300

  0
DICTIONARY
  5
63
102
{ACAD_REACTORS
330
C
102
}
330
C
100
AcDbDictionary
281
     1
  0
DICTIONARY
  5
6A
102
{ACAD_REACTORS
330
C
102
}
330
C
100
AcDbDictionary
281
     1
  3
Imperial24
350
6B
  3
Metric50
350
FA
  0
DICTIONARY
  5
D
102
{ACAD_REACTORS
330
C
102
}
330
C
100
AcDbDictionary
281
     1
  0
DICTIONARY
  5
62
102
{ACAD_REACTORS
330
C
102
}
330
C
100
AcDbDictionary
281
     1
  3
Layout1
350
6F
  3
Layout2
350
77
  3
Model
350
73
  0
DICTIONARY
  5
10
102
{ACAD_REACTORS
330
C
102
}
330
C
100
AcDbDictionary
281
     1
  3
ByBlock
350
19
  3
ByLayer
350
11
  3
Global
350
21
  0
DICTIONARY
  5
66
102
{ACAD_REACTORS
330
C
102
}
330
C
100
AcDbDictionary
281
     1
  3
Standard
350
67
  0
DICTIONARY
  5
5F
102
{ACAD_REACTORS
330
C
102
}
330
C
100
AcDbDictionary
281
     1
  3
Standard
350
60
  0
DICTIONARY
  5
61
102
{ACAD_REACTORS
330
C
102
}
330
C
100
AcDbDictionary
281
     1
  0
ACDBDICTIONARYWDFLT
  5
E
102
{ACAD_REACTORS
330
C
102
}
330
C
100
AcDbDictionary
281
     1
  3
Normal
350
F
100
AcDbDictionaryWithDefault
340
F
  0
DICTIONARY
  5
42
102
{ACAD_REACTORS
330
C
102
}
330
C
100
AcDbDictionary
281
     1
  3
A0
350
43
  3
A1
350
44
  3
A2
350
45
  3
A3
350
46
  3
A4
350
47
  3
A5
350
48
  3
A6
350
49
  3
A7
350
4A
  3
A8
350
4B
  3
A9
350
4C
  3
B0
350
4D
  3
B1
350
4E
  3
B2
350
4F
  3
B3
350
50
  3
B4
350
51
  3
B5
350
52
  3
B6
350
53
  0
DICTIONARY
  5
68
102
{ACAD_REACTORS
330
C
102
}
330
C
100
AcDbDictionary
281
     1
  3
Imperial24
350
69
  3
Metric50
350
F9
  0
DICTIONARY
  5
64
102
{ACAD_REACTORS
330
C
102
}
330
C
100
AcDbDictionary
281
     1
  3
Standard
350
65
  0
DICTIONARY
  5
29
102
{ACAD_REACTORS
330
C
102
}
330
C
100
AcDbDictionary
281
     1
  3
2dWireframe
350
2F
  3
3dWireframe
350
F6
  3
Basic
350
2E
  3
Brighten
350
35
  3
ColorChange
350
39
  3
Conceptual
350
32
  3
Dim
350
34
  3
EdgeColorOff
350
41
  3
Facepattern
350
38
  3
Flat
350
2A
  3
FlatWithEdges
350
2B
  3
Gouraud
350
2C
  3
GouraudWithEdges
350
2D
  3
Hidden
350
31
  3
JitterOff
350
3F
  3
Linepattern
350
37
  3
OverhangOff
350
40
  3
Realistic
350
33
  3
Shaded
350
3E
  3
Shaded with edges
350
3D
  3
Shades of Gray
350
3A
  3
Sketchy
350
3B
  3
Thicken
350
36
  3
Wireframe
350
30
  3
X-Ray
350
3C
  0
XRECORD
  5
29B
102
{ACAD_REACTORS
330
C
102
}
330
C
100
AcDbXrecord
280
     1
 90
        1
330
65
330
19C
330
1B6
330
1C3
330
1D0
330
1D8
330
1E5
330
283
  0
DICTIONARY
  5
FB
102
{ACAD_REACTORS
330
C
102
}
330
C
100
AcDbDictionary
281
     2
  3
#COMPAREDIFFTOTAL
350
FC
  3
#REVCLOUDAPPROXARCLEN
350
FD
  3
ANNOALLVISIBLE
350
FE
  3
CANNOSCALE
350
FF
  3
CMLEADERSTYLE
350
100
  3
CTABLESTYLE
350
101
  3
CVIEWDETAILSTYLE
350
102
  3
CVIEWSECTIONSTYLE
350
103
  3
DIMADEC
350
104
  3
DIMASSOC
350
105
  3
DIMLAYER
350
106
  3
EXPORTPAPERSPACE
350
107
  3
HIDETEXT
350
108
  3
HPCOLOR
350
109
  3
HPINHERIT
350
10A
  3
HPLAYER
350
10B
  3
HPORIGIN
350
10C
  3
HPTRANSPARENCY
350
10D
  3
INDEXCTL
350
10E
  3
LAYEREVAL
350
10F
  3
LAYERNOTIFY
350
110
  3
LIGHTINGUNITS
350
111
  3
MLEADERSCALE
350
112
  3
MSLTSCALE
350
113
  3
OLEFRAME
350
114
  3
PDFFRAME
350
115
  3
SOLIDHIST
350
116
  3
SORTENTS
350
117
  3
TEXTLAYER
350
118
  0
DICTIONARY
  5
F8
102
{ACAD_REACTORS
330
F7
102
}
330
F7
100
AcDbDictionary
281
     1
  0
DICTIONARY
  5
1F2
102
{ACAD_REACTORS
330
1F1
102
}
330
1F1
100
AcDbDictionary
281
     1
  3
ACAD_ASSOCNETWORK
350
1F3
  0
DIMASSOC
  5
197
102
{ACAD_REACTORS
330
196
102
}
330
196
100
AcDbDimAssoc
330
195
 90
        3
 70
     0
 71
     0
  1
AcDbOsnapPointRef
 72
    13
331
18D
 73
     2
 91
        0
 40
0.0
 10
1191713.370255526
 20
268526.462237398
 30
0.0
 75
     0
  1
AcDbOsnapPointRef
 72
     1
331
18D
 73
     2
 91
        0
 40
1.0
 10
1191713.370255526
 20
268524.962237398
 30
0.0
 75
     0
  0
ACDBASSOCNETWORK
  5
187
102
{ACAD_REACTORS
330
186
102
}
330
186
100
AcDbAssocAction
 90
        2
 90
        0
330
0
360
0
 90
        0
 90
        0
 90
        0
 90
        0
 90
        0
 90
        0
 90
        0
100
AcDbAssocNetwork
 90
        0
 90
        2
 90
        1
330
1F3
 90
        0
  0
ACDBDETAILVIEWSTYLE
  5
6B
102
{ACAD_REACTORS
330
6A
102
}
330
6A
100
AcDbModelDocViewStyle
 70
     0
  3
Imperial24
290
     1
300
Imperial24
 90
        0
100
AcDbDetailViewStyle
 70
     0
 71
     0
 90
        3
 71
     1
340
55
 62
   256
 40
0.24
340
0
 62
   256
 40
0.24
300

 40
0.36
280
     3
 71
     2
340
5D
 90
       25
 62
   256
 71
     3
340
55
 62
   256
 40
0.24
 90
        1
 40
0.75
 90
        1
300
%<\AcVar ViewType \f "%tc1">% %<\AcVar ViewDetailId>%\PSCALE %<\AcVar ViewScale \f "%sn">%
 71
     4
340
5D
 90
       25
 62
   256
340
5D
 90
       25
 62
   256
280
     0
  0
ACDBDETAILVIEWSTYLE
  5
FA
102
{ACAD_REACTORS
330
6A
102
}
330
6A
100
AcDbModelDocViewStyle
 70
     0
  3
Metric50
290
     0
300
Metric50
 90
        0
100
AcDbDetailViewStyle
 70
     0
 71
     0
 90
        3
 71
     1
340
55
 62
   256
 40
5.0
340
0
 62
   256
 40
5.0
300

 40
0.0
280
     1
 71
     2
340
5D
 90
       25
 62
   256
 71
     3
340
55
 62
   256
 40
5.0
 90
        0
 40
15.0
 90
        1
300
%<\AcVar ViewDetailId>% (%<\AcVar ViewScale \f "%sn">%)
 71
     4
340
5D
 90
       25
 62
   256
340
5D
 90
       25
 62
   256
280
     0
  0
LAYOUT
  5
6F
102
{ACAD_REACTORS
330
62
102
}
330
62
100
AcDbPlotSettings
  1

  2
RICOH MP C2004ex
  4

  6

 40
0.0
 41
0.0
 42
0.0
 43
0.0
 44
0.0
 45
0.0
 46
0.0
 47
0.0
 48
0.0
 49
0.0
140
0.0
141
0.0
142
1.0
143
1.0
 70
   688
 72
     0
 73
     0
 74
     5
  7

 75
    16
147
1.0
 76
     0
 77
     2
 78
   300
148
0.0
149
0.0
100
AcDbLayout
  1
Layout1
 70
     1
 71
     1
 10
0.0
 20
0.0
 11
12.0
 21
9.0
 12
0.0
 22
0.0
 32
0.0
 14
1.000000000000000E+20
 24
1.000000000000000E+20
 34
1.000000000000000E+20
 15
-1.000000000000000E+20
 25
-1.000000000000000E+20
 35
-1.000000000000000E+20
146
0.0
 13
0.0
 23
0.0
 33
0.0
 16
1.0
 26
0.0
 36
0.0
 17
0.0
 27
1.0
 37
0.0
 76
     0
330
6C
  0
LAYOUT
  5
77
102
{ACAD_REACTORS
330
62
102
}
330
62
100
AcDbPlotSettings
  1

  2
RICOH MP C2004ex
  4

  6

 40
0.0
 41
0.0
 42
0.0
 43
0.0
 44
0.0
 45
0.0
 46
0.0
 47
0.0
 48
0.0
 49
0.0
140
0.0
141
0.0
142
1.0
143
1.0
 70
   688
 72
     0
 73
     0
 74
     5
  7

 75
    16
147
1.0
 76
     0
 77
     2
 78
   300
148
0.0
149
0.0
100
AcDbLayout
  1
Layout2
 70
     1
 71
     2
 10
0.0
 20
0.0
 11
12.0
 21
9.0
 12
0.0
 22
0.0
 32
0.0
 14
0.0
 24
0.0
 34
0.0
 15
0.0
 25
0.0
 35
0.0
146
0.0
 13
0.0
 23
0.0
 33
0.0
 16
1.0
 26
0.0
 36
0.0
 17
0.0
 27
1.0
 37
0.0
 76
     0
330
74
  0
LAYOUT
  5
73
102
{ACAD_REACTORS
330
62
102
}
330
62
100
AcDbPlotSettings
  1

  2
RICOH MP C2004ex
  4

  6

 40
0.0
 41
0.0
 42
0.0
 43
0.0
 44
0.0
 45
0.0
 46
0.0
 47
0.0
 48
0.0
 49
0.0
140
0.0
141
0.0
142
1.0
143
1.0
 70
  1712
 72
     0
 73
     0
 74
     0
  7

 75
     0
147
1.0
 76
     0
 77
     2
 78
   300
148
0.0
149
0.0
100
AcDbLayout
  1
Model
 70
     1
 71
     0
 10
0.0
 20
0.0
 11
12.0
 21
9.0
 12
0.0
 22
0.0
 32
0.0
 14
0.0
 24
0.0
 34
0.0
 15
0.0
 25
0.0
 35
0.0
146
0.0
 13
0.0
 23
0.0
 33
0.0
 16
1.0
 26
0.0
 36
0.0
 17
0.0
 27
1.0
 37
0.0
 76
     0
330
70
331
57
  0
MATERIAL
  5
19
102
{ACAD_XDICTIONARY
360
1A
102
}
102
{ACAD_REACTORS
330
10
102
}
330
10
100
AcDbMaterial
  1
ByBlock
 72
     0
 43
0.0208333333333333
 43
0.0
 43
0.0
 43
0.0
 43
0.0
 43
0.0208333333333333
 43
0.0
 43
0.0
 43
0.0
 43
0.0
 43
1.0
 43
0.0
 43
0.0
 43
0.0
 43
0.0
 43
1.0
 77
     0
 47
0.0208333333333333
 47
0.0
 47
0.0
 47
0.0
 47
0.0
 47
0.0208333333333333
 47
0.0
 47
0.0
 47
0.0
 47
0.0
 47
1.0
 47
0.0
 47
0.0
 47
0.0
 47
0.0
 47
1.0
171
     0
 49
0.0208333333333333
 49
0.0
 49
0.0
 49
0.0
 49
0.0
 49
0.0208333333333333
 49
0.0
 49
0.0
 49
0.0
 49
0.0
 49
1.0
 49
0.0
 49
0.0
 49
0.0
 49
0.0
 49
1.0
175
     0
142
0.0208333333333333
142
0.0
142
0.0
142
0.0
142
0.0
142
0.0208333333333333
142
0.0
142
0.0
142
0.0
142
0.0
142
1.0
142
0.0
142
0.0
142
0.0
142
0.0
142
1.0
179
     0
144
0.0208333333333333
144
0.0
144
0.0
144
0.0
144
0.0
144
0.0208333333333333
144
0.0
144
0.0
144
0.0
144
0.0
144
1.0
144
0.0
144
0.0
144
0.0
144
0.0
144
1.0
147
0.0208333333333333
147
0.0
147
0.0
147
0.0
147
0.0
147
0.0208333333333333
147
0.0
147
0.0
147
0.0
147
0.0
147
1.0
147
0.0
147
0.0
147
0.0
147
0.0
147
1.0
  0
MATERIAL
  5
11
102
{ACAD_XDICTIONARY
360
12
102
}
102
{ACAD_REACTORS
330
10
102
}
330
10
100
AcDbMaterial
  1
ByLayer
 72
     0
 43
0.0208333333333333
 43
0.0
 43
0.0
 43
0.0
 43
0.0
 43
0.0208333333333333
 43
0.0
 43
0.0
 43
0.0
 43
0.0
 43
1.0
 43
0.0
 43
0.0
 43
0.0
 43
0.0
 43
1.0
 77
     0
 47
0.0208333333333333
 47
0.0
 47
0.0
 47
0.0
 47
0.0
 47
0.0208333333333333
 47
0.0
 47
0.0
 47
0.0
 47
0.0
 47
1.0
 47
0.0
 47
0.0
 47
0.0
 47
0.0
 47
1.0
171
     0
 49
0.0208333333333333
 49
0.0
 49
0.0
 49
0.0
 49
0.0
 49
0.0208333333333333
 49
0.0
 49
0.0
 49
0.0
 49
0.0
 49
1.0
 49
0.0
 49
0.0
 49
0.0
 49
0.0
 49
1.0
175
     0
142
0.0208333333333333
142
0.0
142
0.0
142
0.0
142
0.0
142
0.0208333333333333
142
0.0
142
0.0
142
0.0
142
0.0
142
1.0
142
0.0
142
0.0
142
0.0
142
0.0
142
1.0
179
     0
144
0.0208333333333333
144
0.0
144
0.0
144
0.0
144
0.0
144
0.0208333333333333
144
0.0
144
0.0
144
0.0
144
0.0
144
1.0
144
0.0
144
0.0
144
0.0
144
0.0
144
1.0
147
0.0208333333333333
147
0.0
147
0.0
147
0.0
147
0.0
147
0.0208333333333333
147
0.0
147
0.0
147
0.0
147
0.0
147
1.0
147
0.0
147
0.0
147
0.0
147
0.0
147
1.0
  0
MATERIAL
  5
21
102
{ACAD_XDICTIONARY
360
22
102
}
102
{ACAD_REACTORS
330
10
102
}
330
10
100
AcDbMaterial
  1
Global
 72
     0
 43
0.0208333333333333
 43
0.0
 43
0.0
 43
0.0
 43
0.0
 43
0.0208333333333333
 43
0.0
 43
0.0
 43
0.0
 43
0.0
 43
1.0
 43
0.0
 43
0.0
 43
0.0
 43
0.0
 43
1.0
 77
     0
 47
0.0208333333333333
 47
0.0
 47
0.0
 47
0.0
 47
0.0
 47
0.0208333333333333
 47
0.0
 47
0.0
 47
0.0
 47
0.0
 47
1.0
 47
0.0
 47
0.0
 47
0.0
 47
0.0
 47
1.0
171
     0
 49
0.0208333333333333
 49
0.0
 49
0.0
 49
0.0
 49
0.0
 49
0.0208333333333333
 49
0.0
 49
0.0
 49
0.0
 49
0.0
 49
1.0
 49
0.0
 49
0.0
 49
0.0
 49
0.0
 49
1.0
175
     0
142
0.0208333333333333
142
0.0
142
0.0
142
0.0
142
0.0
142
0.0208333333333333
142
0.0
142
0.0
142
0.0
142
0.0
142
1.0
142
0.0
142
0.0
142
0.0
142
0.0
142
1.0
179
     0
144
0.0208333333333333
144
0.0
144
0.0
144
0.0
144
0.0
144
0.0208333333333333
144
0.0
144
0.0
144
0.0
144
0.0
144
1.0
144
0.0
144
0.0
144
0.0
144
0.0
144
1.0
147
0.0208333333333333
147
0.0
147
0.0
147
0.0
147
0.0
147
0.0208333333333333
147
0.0
147
0.0
147
0.0
147
0.0
147
1.0
147
0.0
147
0.0
147
0.0
147
0.0
147
1.0
  0
MLEADERSTYLE
  5
67
102
{ACAD_REACTORS
330
66
102
}
330
66
100
AcDbMLeaderStyle
179
     2
170
     2
171
     1
172
     0
 90
        2
 40
0.0
 41
0.0
173
     1
 91
-1056964608
340
5B
 92
       -2
290
     1
 42
0.09
291
     1
 43
0.36
  3
Standard
 44
0.18
300

342
55
174
     1
178
     6
175
     1
176
     0
 93
-1056964608
 45
0.18
292
     0
297
     0
 46
0.18
 94
-1056964608
 47
1.0
 49
1.0
140
1.0
293
     1
141
0.0
294
     1
177
     0
142
1.0
295
     1
296
     0
143
0.125
271
     0
272
     9
273
     9
298
     1
  0
MLINESTYLE
  5
60
102
{ACAD_REACTORS
330
5F
102
}
330
5F
100
AcDbMlineStyle
  2
STANDARD
 70
     0
  3

 62
   256
 51
90.0
 52
90.0
 71
     2
 49
0.5
 62
   256
  6
BYLAYER
 49
-0.5
 62
   256
  6
BYLAYER
  0
ACDBPLACEHOLDER
  5
F
102
{ACAD_REACTORS
330
E
102
}
330
E
  0
SCALE
  5
43
102
{ACAD_REACTORS
330
42
102
}
330
42
100
AcDbScale
 70
     0
300
1:1
140
1.0
141
1.0
290
     1
  0
SCALE
  5
44
102
{ACAD_REACTORS
330
42
102
}
330
42
100
AcDbScale
 70
     0
300
1/128" = 1'-0"
140
0.0078125
141
12.0
290
     0
  0
SCALE
  5
45
102
{ACAD_REACTORS
330
42
102
}
330
42
100
AcDbScale
 70
     0
300
1/64" = 1'-0"
140
0.015625
141
12.0
290
     0
  0
SCALE
  5
46
102
{ACAD_REACTORS
330
42
102
}
330
42
100
AcDbScale
 70
     0
300
1/32" = 1'-0"
140
0.03125
141
12.0
290
     0
  0
SCALE
  5
47
102
{ACAD_REACTORS
330
42
102
}
330
42
100
AcDbScale
 70
     0
300
1/16" = 1'-0"
140
0.0625
141
12.0
290
     0
  0
SCALE
  5
48
102
{ACAD_REACTORS
330
42
102
}
330
42
100
AcDbScale
 70
     0
300
3/32" = 1'-0"
140
0.09375
141
12.0
290
     0
  0
SCALE
  5
49
102
{ACAD_REACTORS
330
42
102
}
330
42
100
AcDbScale
 70
     0
300
1/8" = 1'-0"
140
0.125
141
12.0
290
     0
  0
SCALE
  5
4A
102
{ACAD_REACTORS
330
42
102
}
330
42
100
AcDbScale
 70
     0
300
3/16" = 1'-0"
140
0.1875
141
12.0
290
     0
  0
SCALE
  5
4B
102
{ACAD_REACTORS
330
42
102
}
330
42
100
AcDbScale
 70
     0
300
1/4" = 1'-0"
140
0.25
141
12.0
290
     0
  0
SCALE
  5
4C
102
{ACAD_REACTORS
330
42
102
}
330
42
100
AcDbScale
 70
     0
300
3/8" = 1'-0"
140
0.375
141
12.0
290
     0
  0
SCALE
  5
4D
102
{ACAD_REACTORS
330
42
102
}
330
42
100
AcDbScale
 70
     0
300
1/2" = 1'-0"
140
0.5
141
12.0
290
     0
  0
SCALE
  5
4E
102
{ACAD_REACTORS
330
42
102
}
330
42
100
AcDbScale
 70
     0
300
3/4" = 1'-0"
140
0.75
141
12.0
290
     0
  0
SCALE
  5
4F
102
{ACAD_REACTORS
330
42
102
}
330
42
100
AcDbScale
 70
     0
300
1" = 1'-0"
140
1.0
141
12.0
290
     0
  0
SCALE
  5
50
102
{ACAD_REACTORS
330
42
102
}
330
42
100
AcDbScale
 70
     0
300
1-1/2" = 1'-0"
140
1.5
141
12.0
290
     0
  0
SCALE
  5
51
102
{ACAD_REACTORS
330
42
102
}
330
42
100
AcDbScale
 70
     0
300
3" = 1'-0"
140
3.0
141
12.0
290
     0
  0
SCALE
  5
52
102
{ACAD_REACTORS
330
42
102
}
330
42
100
AcDbScale
 70
     0
300
6" = 1'-0"
140
6.0
141
12.0
290
     0
  0
SCALE
  5
53
102
{ACAD_REACTORS
330
42
102
}
330
42
100
AcDbScale
 70
     0
300
1'-0" = 1'-0"
140
12.0
141
12.0
290
     0
  0
ACDBSECTIONVIEWSTYLE
  5
69
102
{ACAD_REACTORS
330
68
102
}
330
68
100
AcDbModelDocViewStyle
 70
     0
  3
Imperial24
290
     1
300
Imperial24
 90
        0
100
AcDbSectionViewStyle
 70
     0
 71
     0
 90
       78
 71
     1
340
55
 62
   256
 40
0.24
340
0
340
0
 62
   256
 40
0.24
300
I, O, Q, S, X, Z
 40
0.48
 90
        3
 40
0.18
 90
        1
 71
     2
340
5D
 90
       25
 62
   256
340
5D
 90
       50
 62
   256
 40
0.24
 40
0.0
 40
0.24
 71
     3
340
55
 62
   256
 40
0.24
 90
        1
 40
0.75
 90
        1
300
%<\AcVar ViewType \f "%tc1">% %<\AcVar ViewSectionStartId>%-%<\AcVar ViewSectionEndId>%\PSCALE %<\AcVar ViewScale \f "%sn">%
 71
     4
 62
   256
 62
   257
300
ANSI31
 40
1.0
 90
        0
290
     0
290
     0
 90
        6
 40
0.0
 40
1.570796326794896
 40
0.2617993877991494
 40
1.308996938995747
 40
-0.2617993877991494
 40
1.832595714594046
  0
ACDBSECTIONVIEWSTYLE
  5
F9
102
{ACAD_REACTORS
330
68
102
}
330
68
100
AcDbModelDocViewStyle
 70
     0
  3
Metric50
290
     0
300
Metric50
 90
        0
100
AcDbSectionViewStyle
 70
     0
 71
     0
 90
      102
 71
     1
340
55
 62
   256
 40
5.0
340
0
340
0
 62
   256
 40
5.0
300
I, O, Q, S, X, Z
 40
10.0
 90
        0
 40
2.5
 90
        0
 71
     2
340
5D
 90
       25
 62
   256
340
5D
 90
       50
 62
   256
 40
5.0
 40
2.5
 40
5.0
 71
     3
340
55
 62
   256
 40
5.0
 90
        0
 40
15.0
 90
        1
300
%<\AcVar ViewSectionStartId>%-%<\AcVar ViewSectionEndId>% (%<\AcVar ViewScale \f "%sn">%)
 71
     4
 62
   256
 62
   257
300
ANSI31
 40
1.0
 90
        0
290
     0
290
     0
 90
        6
 40
0.0
 40
1.570796326794896
 40
0.2617993877991494
 40
1.308996938995747
 40
-0.2617993877991494
 40
1.832595714594046
  0
TABLESTYLE
  5
65
102
{ACAD_XDICTIONARY
360
299
102
}
102
{ACAD_REACTORS
330
64
102
}
330
64
100
AcDbTableStyle
280
     0
  3
Standard
 70
     0
 71
     0
 40
0.06
 41
0.06
280
     0
281
     0
  7
Standard
140
0.18
170
     2
 62
     0
 63
     7
283
     0
 90
      512
 91
        0
  1

274
    -2
284
     1
 64
     0
275
    -2
285
     1
 65
     0
276
    -2
286
     1
 66
     0
277
    -2
287
     1
 67
     0
278
    -2
288
     1
 68
     0
279
    -2
289
     1
 69
     0
  7
Standard
140
0.25
170
     5
 62
     0
 63
     7
283
     0
 90
      512
 91
        0
  1

274
    -2
284
     1
 64
     0
275
    -2
285
     1
 65
     0
276
    -2
286
     1
 66
     0
277
    -2
287
     1
 67
     0
278
    -2
288
     1
 68
     0
279
    -2
289
     1
 69
     0
  7
Standard
140
0.18
170
     5
 62
     0
 63
     7
283
     0
 90
      512
 91
        0
  1

274
    -2
284
     1
 64
     0
275
    -2
285
     1
 65
     0
276
    -2
286
     1
 66
     0
277
    -2
287
     1
 67
     0
278
    -2
288
     1
 68
     0
279
    -2
289
     1
 69
     0
  0
VISUALSTYLE
  5
2F
102
{ACAD_REACTORS
330
29
102
}
330
29
100
AcDbVisualStyle
  2
2dWireframe
 70
     4
177
     3
291
     0
 70
    58
 90
        0
176
     1
 90
        2
176
     1
 90
        0
176
     1
 90
        0
176
     1
 40
0.6
176
     1
 40
30.0
176
     1
 62
     7
420
 16777215
176
     1
 90
        1
176
     1
 90
        4
176
     1
 62
     7
176
     1
 62
   257
176
     1
 90
        1
176
     1
 90
        1
176
     1
 40
1.0
176
     1
 90
        0
176
     1
 62
   257
176
     1
 40
1.0
176
     1
 90
        1
176
     1
 90
        6
176
     1
 90
        2
176
     1
 62
     7
176
     1
 90
        5
176
     1
 90
        0
176
     1
 90
        0
176
     1
290
     0
176
     1
 90
        1
176
     1
 40
0.0
176
     1
 90
        0
176
     1
290
     1
176
     1
290
     1
176
     1
290
     0
176
     1
290
     0
176
     1
290
     0
176
     1
290
     0
176
     1
290
     0
176
     1
290
     0
176
     1
290
     0
176
     1
 90
       50
176
     1
 40
0.0
176
     1
 40
1.0
176
     1
 90
        0
176
     1
 62
    18
420
        0
176
     1
 90
       50
176
     1
 90
        3
176
     1
 62
     5
420
      255
176
     1
290
     0
176
     1
 90
       50
176
     1
 90
       50
176
     1
 90
       50
176
     1
290
     0
176
     1
 90
       50
176
     1
 62
   256
176
     0
 40
1.0
176
     0
 90
        2
176
     1
  1
strokes_ogs.tif
176
     1
290
     0
176
     1
 40
1.0
176
     1
 40
1.0
176
     1
  0
VISUALSTYLE
  5
F6
102
{ACAD_REACTORS
330
29
102
}
330
29
100
AcDbVisualStyle
  2
3dWireframe
 70
     5
177
     3
291
     0
 70
    58
 90
        0
176
     1
 90
        2
176
     1
 90
        1
176
     1
 90
        0
176
     1
 40
0.6
176
     1
 40
30.0
176
     1
 62
     7
420
 16777215
176
     1
 90
        1
176
     1
 90
        4
176
     1
 62
     7
176
     1
 62
   257
176
     1
 90
        1
176
     1
 90
        1
176
     1
 40
1.0
176
     1
 90
        0
176
     1
 62
   257
176
     1
 40
1.0
176
     1
 90
        1
176
     1
 90
        6
176
     1
 90
        2
176
     1
 62
     7
176
     1
 90
        5
176
     1
 90
        0
176
     1
 90
        0
176
     1
290
     0
176
     1
 90
        1
176
     1
 40
0.0
176
     1
 90
        0
176
     1
290
     0
176
     1
290
     1
176
     1
290
     1
176
     1
290
     0
176
     1
290
     0
176
     1
290
     0
176
     1
290
     0
176
     1
290
     0
176
     1
290
     0
176
     1
 90
       50
176
     1
 40
0.0
176
     1
 40
1.0
176
     1
 90
        0
176
     1
 62
    18
420
        0
176
     1
 90
       50
176
     1
 90
        3
176
     1
 62
     5
420
      255
176
     1
290
     0
176
     1
 90
       50
176
     1
 90
       50
176
     1
 90
       50
176
     1
290
     0
176
     1
 90
       50
176
     1
 62
   256
176
     0
 40
1.0
176
     0
 90
        2
176
     1
  1
strokes_ogs.tif
176
     1
290
     0
176
     1
 40
1.0
176
     1
 40
1.0
176
     1
  0
VISUALSTYLE
  5
2E
102
{ACAD_REACTORS
330
29
102
}
330
29
100
AcDbVisualStyle
  2
Basic
 70
     7
177
     3
291
     1
 70
    58
 90
        1
176
     1
 90
        0
176
     1
 90
        1
176
     1
 90
        0
176
     1
 40
0.6
176
     1
 40
30.0
176
     1
 62
     7
420
 16777215
176
     1
 90
        0
176
     1
 90
        4
176
     1
 62
     7
176
     1
 62
   257
176
     1
 90
        1
176
     1
 90
        1
176
     1
 40
1.0
176
     1
 90
        8
176
     1
 62
     7
176
     1
 40
1.0
176
     1
 90
        1
176
     1
 90
        6
176
     1
 90
        2
176
     1
 62
     7
176
     1
 90
        5
176
     1
 90
        0
176
     1
 90
        0
176
     1
290
     0
176
     1
 90
        1
176
     1
 40
0.0
176
     1
 90
        0
176
     1
290
     0
176
     1
290
     1
176
     1
290
     1
176
     1
290
     0
176
     1
290
     0
176
     1
290
     0
176
     1
290
     0
176
     1
290
     0
176
     1
290
     0
176
     1
 90
       50
176
     1
 40
0.0
176
     1
 40
1.0
176
     1
 90
        0
176
     1
 62
    18
420
        0
176
     1
 90
       50
176
     1
 90
        3
176
     1
 62
     5
420
      255
176
     1
290
     0
176
     1
 90
       50
176
     1
 90
       50
176
     1
 90
       50
176
     1
290
     0
176
     1
 90
       50
176
     1
 62
   256
176
     0
 40
1.0
176
     0
 90
        2
176
     1
  1
strokes_ogs.tif
176
     1
290
     0
176
     1
 40
1.0
176
     1
 40
1.0
176
     1
  0
VISUALSTYLE
  5
35
102
{ACAD_REACTORS
330
29
102
}
330
29
100
AcDbVisualStyle
  2
Brighten
 70
    12
177
     3
291
     1
 70
    58
 90
        2
176
     1
 90
        2
176
     1
 90
        0
176
     1
 90
        0
176
     1
 40
0.6
176
     1
 40
30.0
176
     1
 62
     7
420
 16777215
176
     1
 90
        1
176
     1
 90
        4
176
     1
 62
     7
176
     1
 62
   257
176
     1
 90
        1
176
     1
 90
        1
176
     1
 40
1.0
176
     1
 90
        8
176
     1
 62
     7
176
     1
 40
1.0
176
     1
 90
        1
176
     1
 90
        6
176
     1
 90
        2
176
     1
 62
     7
176
     1
 90
        5
176
     1
 90
        0
176
     1
 90
        0
176
     1
290
     0
176
     1
 90
        1
176
     1
 40
50.0
176
     1
 90
        0
176
     1
290
     0
176
     1
290
     1
176
     1
290
     1
176
     1
290
     0
176
     1
290
     0
176
     1
290
     0
176
     1
290
     0
176
     1
290
     0
176
     1
290
     0
176
     1
 90
       50
176
     1
 40
0.0
176
     1
 40
1.0
176
     1
 90
        0
176
     1
 62
    18
420
        0
176
     1
 90
       50
176
     1
 90
        3
176
     1
 62
     5
420
      255
176
     1
290
     0
176
     1
 90
       50
176
     1
 90
       50
176
     1
 90
       50
176
     1
290
     0
176
     1
 90
       50
176
     1
 62
   256
176
     0
 40
1.0
176
     0
 90
        2
176
     1
  1
strokes_ogs.tif
176
     1
290
     0
176
     1
 40
1.0
176
     1
 40
1.0
176
     1
  0
VISUALSTYLE
  5
39
102
{ACAD_REACTORS
330
29
102
}
330
29
100
AcDbVisualStyle
  2
ColorChange
 70
    16
177
     3
291
     1
 70
    58
 90
        2
176
     1
 90
        2
176
     1
 90
        3
176
     1
 90
        0
176
     1
 40
0.6
176
     1
 40
30.0
176
     1
 62
     8
420
  8421504
176
     1
 90
        1
176
     1
 90
        4
176
     1
 62
     7
176
     1
 62
   257
176
     1
 90
        1
176
     1
 90
        1
176
     1
 40
1.0
176
     1
 90
        8
176
     1
 62
     8
420
  8421504
176
     1
 40
1.0
176
     1
 90
        1
176
     1
 90
        6
176
     1
 90
        2
176
     1
 62
     7
176
     1
 90
        5
176
     1
 90
        0
176
     1
 90
        0
176
     1
290
     0
176
     1
 90
        1
176
     1
 40
0.0
176
     1
 90
        0
176
     1
290
     0
176
     1
290
     1
176
     1
290
     1
176
     1
290
     0
176
     1
290
     0
176
     1
290
     0
176
     1
290
     0
176
     1
290
     0
176
     1
290
     0
176
     1
 90
       50
176
     1
 40
0.0
176
     1
 40
1.0
176
     1
 90
        0
176
     1
 62
    18
420
        0
176
     1
 90
       50
176
     1
 90
        3
176
     1
 62
     5
420
      255
176
     1
290
     0
176
     1
 90
       50
176
     1
 90
       50
176
     1
 90
       50
176
     1
290
     0
176
     1
 90
       50
176
     1
 62
   256
176
     0
 40
1.0
176
     0
 90
        2
176
     1
  1
strokes_ogs.tif
176
     1
290
     0
176
     1
 40
1.0
176
     1
 40
1.0
176
     1
  0
VISUALSTYLE
  5
32
102
{ACAD_REACTORS
330
29
102
}
330
29
100
AcDbVisualStyle
  2
Conceptual
 70
     9
177
     3
291
     0
 70
    58
 90
        3
176
     1
 90
        2
176
     1
 90
        0
176
     1
 90
        0
176
     1
 40
0.6
176
     1
 40
30.0
176
     1
 62
     7
420
 16777215
176
     1
 90
        2
176
     1
 90
        2
176
     1
 62
     7
176
     1
 62
   257
176
     1
 90
        1
176
     1
 90
        1
176
     1
 40
179.0
176
     1
 90
        8
176
     1
 62
     7
176
     1
 40
1.0
176
     1
 90
        1
176
     1
 90
        6
176
     1
 90
        2
176
     1
 62
     7
176
     1
 90
        3
176
     1
 90
        0
176
     1
 90
        0
176
     1
290
     0
176
     1
 90
        1
176
     1
 40
0.0
176
     1
 90
        0
176
     1
290
     0
176
     1
290
     1
176
     1
290
     1
176
     1
290
     0
176
     1
290
     0
176
     1
290
     0
176
     1
290
     0
176
     1
290
     0
176
     1
290
     0
176
     1
 90
       50
176
     1
 40
0.0
176
     1
 40
1.0
176
     1
 90
        0
176
     1
 62
    18
420
        0
176
     1
 90
       50
176
     1
 90
        3
176
     1
 62
     5
420
      255
176
     1
290
     0
176
     1
 90
       50
176
     1
 90
       50
176
     1
 90
       50
176
     1
290
     0
176
     1
 90
       50
176
     1
 62
   256
176
     0
 40
1.0
176
     0
 90
        2
176
     1
  1
strokes_ogs.tif
176
     1
290
     0
176
     1
 40
1.0
176
     1
 40
1.0
176
     1
  0
VISUALSTYLE
  5
34
102
{ACAD_REACTORS
330
29
102
}
330
29
100
AcDbVisualStyle
  2
Dim
 70
    11
177
     3
291
     1
 70
    58
 90
        2
176
     1
 90
        2
176
     1
 90
        0
176
     1
 90
        0
176
     1
 40
0.6
176
     1
 40
30.0
176
     1
 62
     7
420
 16777215
176
     1
 90
        1
176
     1
 90
        4
176
     1
 62
     7
176
     1
 62
   257
176
     1
 90
        1
176
     1
 90
        1
176
     1
 40
1.0
176
     1
 90
        8
176
     1
 62
     7
176
     1
 40
1.0
176
     1
 90
        1
176
     1
 90
        6
176
     1
 90
        2
176
     1
 62
     7
176
     1
 90
        5
176
     1
 90
        0
176
     1
 90
        0
176
     1
290
     0
176
     1
 90
        1
176
     1
 40
-50.0
176
     1
 90
        0
176
     1
290
     0
176
     1
290
     1
176
     1
290
     1
176
     1
290
     0
176
     1
290
     0
176
     1
290
     0
176
     1
290
     0
176
     1
290
     0
176
     1
290
     0
176
     1
 90
       50
176
     1
 40
0.0
176
     1
 40
1.0
176
     1
 90
        0
176
     1
 62
    18
420
        0
176
     1
 90
       50
176
     1
 90
        3
176
     1
 62
     5
420
      255
176
     1
290
     0
176
     1
 90
       50
176
     1
 90
       50
176
     1
 90
       50
176
     1
290
     0
176
     1
 90
       50
176
     1
 62
   256
176
     0
 40
1.0
176
     0
 90
        2
176
     1
  1
strokes_ogs.tif
176
     1
290
     0
176
     1
 40
1.0
176
     1
 40
1.0
176
     1
  0
VISUALSTYLE
  5
41
102
{ACAD_REACTORS
330
29
102
}
330
29
100
AcDbVisualStyle
  2
EdgeColorOff
 70
    22
177
     3
291
     1
 70
    58
 90
        2
176
     0
 90
        2
176
     0
 90
        0
176
     0
 90
        0
176
     0
 40
0.6
176
     0
 40
30.0
176
     0
 62
     7
420
 16777215
176
     0
 90
        1
176
     0
 90
        4
176
     0
 62
     7
176
     0
 62
   257
176
     0
 90
        1
176
     0
 90
        1
176
     0
 40
1.0
176
     0
 90
        8
176
     2
 62
     7
176
     0
 40
1.0
176
     0
 90
        1
176
     0
 90
        6
176
     0
 90
        2
176
     0
 62
     7
176
     0
 90
        5
176
     0
 90
        0
176
     0
 90
        0
176
     0
290
     0
176
     0
 90
        1
176
     0
 40
0.0
176
     0
 90
        0
176
     0
290
     0
176
     0
290
     1
176
     0
290
     1
176
     0
290
     0
176
     0
290
     0
176
     0
290
     0
176
     0
290
     0
176
     0
290
     0
176
     0
290
     0
176
     0
 90
       50
176
     0
 40
0.0
176
     0
 40
1.0
176
     0
 90
        0
176
     0
 62
    18
420
        0
176
     0
 90
       50
176
     0
 90
        3
176
     0
 62
     5
420
      255
176
     0
290
     0
176
     0
 90
       50
176
     0
 90
       50
176
     0
 90
       50
176
     0
290
     0
176
     0
 90
       50
176
     0
 62
   256
176
     0
 40
1.0
176
     0
 90
        2
176
     0
  1
strokes_ogs.tif
176
     0
290
     0
176
     0
 40
1.0
176
     0
 40
1.0
176
     0
  0
VISUALSTYLE
  5
38
102
{ACAD_REACTORS
330
29
102
}
330
29
100
AcDbVisualStyle
  2
Facepattern
 70
    15
177
     3
291
     1
 70
    58
 90
        2
176
     1
 90
        2
176
     1
 90
        0
176
     1
 90
        0
176
     1
 40
0.6
176
     1
 40
30.0
176
     1
 62
     7
420
 16777215
176
     1
 90
        1
176
     1
 90
        4
176
     1
 62
     7
176
     1
 62
   257
176
     1
 90
        1
176
     1
 90
        1
176
     1
 40
1.0
176
     1
 90
        8
176
     1
 62
     7
176
     1
 40
1.0
176
     1
 90
        1
176
     1
 90
        6
176
     1
 90
        2
176
     1
 62
     7
176
     1
 90
        5
176
     1
 90
        0
176
     1
 90
        0
176
     1
290
     0
176
     1
 90
        1
176
     1
 40
0.0
176
     1
 90
        0
176
     1
290
     0
176
     1
290
     1
176
     1
290
     1
176
     1
290
     0
176
     1
290
     0
176
     1
290
     0
176
     1
290
     0
176
     1
290
     0
176
     1
290
     0
176
     1
 90
       50
176
     1
 40
0.0
176
     1
 40
1.0
176
     1
 90
        0
176
     1
 62
    18
420
        0
176
     1
 90
       50
176
     1
 90
        3
176
     1
 62
     5
420
      255
176
     1
290
     0
176
     1
 90
       50
176
     1
 90
       50
176
     1
 90
       50
176
     1
290
     0
176
     1
 90
       50
176
     1
 62
   256
176
     0
 40
1.0
176
     0
 90
        2
176
     1
  1
strokes_ogs.tif
176
     1
290
     0
176
     1
 40
1.0
176
     1
 40
1.0
176
     1
  0
VISUALSTYLE
  5
2A
102
{ACAD_REACTORS
330
29
102
}
330
29
100
AcDbVisualStyle
  2
Flat
 70
     0
177
     3
291
     1
 70
    58
 90
        2
176
     1
 90
        1
176
     1
 90
        1
176
     1
 90
        2
176
     1
 40
0.6
176
     1
 40
30.0
176
     1
 62
     7
420
 16777215
176
     1
 90
        0
176
     1
 90
        0
176
     1
 62
     7
176
     1
 62
   257
176
     1
 90
        1
176
     1
 90
        1
176
     1
 40
1.0
176
     1
 90
        8
176
     1
 62
     7
176
     1
 40
1.0
176
     1
 90
        1
176
     1
 90
        6
176
     1
 90
        2
176
     1
 62
     7
176
     1
 90
        5
176
     1
 90
        0
176
     1
 90
        0
176
     1
290
     0
176
     1
 90
       13
176
     1
 40
0.0
176
     1
 90
        0
176
     1
290
     0
176
     1
290
     1
176
     1
290
     1
176
     1
290
     0
176
     1
290
     0
176
     1
290
     0
176
     1
290
     0
176
     1
290
     0
176
     1
290
     0
176
     1
 90
       50
176
     1
 40
0.0
176
     1
 40
1.0
176
     1
 90
        0
176
     1
 62
    18
420
        0
176
     1
 90
       50
176
     1
 90
        3
176
     1
 62
     5
420
      255
176
     1
290
     0
176
     1
 90
       50
176
     1
 90
       50
176
     1
 90
       50
176
     1
290
     0
176
     1
 90
       50
176
     1
 62
   256
176
     0
 40
1.0
176
     0
 90
        2
176
     1
  1
strokes_ogs.tif
176
     1
290
     0
176
     1
 40
1.0
176
     1
 40
1.0
176
     1
  0
VISUALSTYLE
  5
2B
102
{ACAD_REACTORS
330
29
102
}
330
29
100
AcDbVisualStyle
  2
FlatWithEdges
 70
     1
177
     3
291
     1
 70
    58
 90
        2
176
     1
 90
        1
176
     1
 90
        1
176
     1
 90
        2
176
     1
 40
0.6
176
     1
 40
30.0
176
     1
 62
     7
420
 16777215
176
     1
 90
        1
176
     1
 90
        0
176
     1
 62
     7
176
     1
 62
   257
176
     1
 90
        1
176
     1
 90
        1
176
     1
 40
1.0
176
     1
 90
        0
176
     1
 62
   257
176
     1
 40
1.0
176
     1
 90
        1
176
     1
 90
        6
176
     1
 90
        2
176
     1
 62
     7
176
     1
 90
        5
176
     1
 90
        0
176
     1
 90
        0
176
     1
290
     0
176
     1
 90
       13
176
     1
 40
0.0
176
     1
 90
        0
176
     1
290
     0
176
     1
290
     1
176
     1
290
     1
176
     1
290
     0
176
     1
290
     0
176
     1
290
     0
176
     1
290
     0
176
     1
290
     0
176
     1
290
     0
176
     1
 90
       50
176
     1
 40
0.0
176
     1
 40
1.0
176
     1
 90
        0
176
     1
 62
    18
420
        0
176
     1
 90
       50
176
     1
 90
        3
176
     1
 62
     5
420
      255
176
     1
290
     0
176
     1
 90
       50
176
     1
 90
       50
176
     1
 90
       50
176
     1
290
     0
176
     1
 90
       50
176
     1
 62
   256
176
     0
 40
1.0
176
     0
 90
        2
176
     1
  1
strokes_ogs.tif
176
     1
290
     0
176
     1
 40
1.0
176
     1
 40
1.0
176
     1
  0
VISUALSTYLE
  5
2C
102
{ACAD_REACTORS
330
29
102
}
330
29
100
AcDbVisualStyle
  2
Gouraud
 70
     2
177
     3
291
     1
 70
    58
 90
        2
176
     1
 90
        2
176
     1
 90
        1
176
     1
 90
        2
176
     1
 40
0.6
176
     1
 40
30.0
176
     1
 62
     7
420
 16777215
176
     1
 90
        0
176
     1
 90
        0
176
     1
 62
     7
176
     1
 62
   257
176
     1
 90
        1
176
     1
 90
        1
176
     1
 40
1.0
176
     1
 90
        0
176
     1
 62
     7
176
     1
 40
1.0
176
     1
 90
        1
176
     1
 90
        6
176
     1
 90
        2
176
     1
 62
     7
176
     1
 90
        5
176
     1
 90
        0
176
     1
 90
        0
176
     1
290
     0
176
     1
 90
       13
176
     1
 40
0.0
176
     1
 90
        0
176
     1
290
     0
176
     1
290
     1
176
     1
290
     1
176
     1
290
     0
176
     1
290
     0
176
     1
290
     0
176
     1
290
     0
176
     1
290
     0
176
     1
290
     0
176
     1
 90
       50
176
     1
 40
0.0
176
     1
 40
1.0
176
     1
 90
        0
176
     1
 62
    18
420
        0
176
     1
 90
       50
176
     1
 90
        3
176
     1
 62
     5
420
      255
176
     1
290
     0
176
     1
 90
       50
176
     1
 90
       50
176
     1
 90
       50
176
     1
290
     0
176
     1
 90
       50
176
     1
 62
   256
176
     0
 40
1.0
176
     0
 90
        2
176
     1
  1
strokes_ogs.tif
176
     1
290
     0
176
     1
 40
1.0
176
     1
 40
1.0
176
     1
  0
VISUALSTYLE
  5
2D
102
{ACAD_REACTORS
330
29
102
}
330
29
100
AcDbVisualStyle
  2
GouraudWithEdges
 70
     3
177
     3
291
     1
 70
    58
 90
        2
176
     1
 90
        2
176
     1
 90
        1
176
     1
 90
        2
176
     1
 40
0.6
176
     1
 40
30.0
176
     1
 62
     7
420
 16777215
176
     1
 90
        1
176
     1
 90
        0
176
     1
 62
     7
176
     1
 62
   257
176
     1
 90
        1
176
     1
 90
        1
176
     1
 40
1.0
176
     1
 90
        0
176
     1
 62
   257
176
     1
 40
1.0
176
     1
 90
        1
176
     1
 90
        6
176
     1
 90
        2
176
     1
 62
     7
176
     1
 90
        5
176
     1
 90
        0
176
     1
 90
        0
176
     1
290
     0
176
     1
 90
       13
176
     1
 40
0.0
176
     1
 90
        0
176
     1
290
     0
176
     1
290
     1
176
     1
290
     1
176
     1
290
     0
176
     1
290
     0
176
     1
290
     0
176
     1
290
     0
176
     1
290
     0
176
     1
290
     0
176
     1
 90
       50
176
     1
 40
0.0
176
     1
 40
1.0
176
     1
 90
        0
176
     1
 62
    18
420
        0
176
     1
 90
       50
176
     1
 90
        3
176
     1
 62
     5
420
      255
176
     1
290
     0
176
     1
 90
       50
176
     1
 90
       50
176
     1
 90
       50
176
     1
290
     0
176
     1
 90
       50
176
     1
 62
   256
176
     0
 40
1.0
176
     0
 90
        2
176
     1
  1
strokes_ogs.tif
176
     1
290
     0
176
     1
 40
1.0
176
     1
 40
1.0
176
     1
  0
VISUALSTYLE
  5
31
102
{ACAD_REACTORS
330
29
102
}
330
29
100
AcDbVisualStyle
  2
Hidden
 70
     6
177
     3
291
     0
 70
    58
 90
        1
176
     1
 90
        2
176
     1
 90
        2
176
     1
 90
        0
176
     1
 40
0.6
176
     1
 40
30.0
176
     1
 62
     7
420
 16777215
176
     1
 90
        2
176
     1
 90
        2
176
     1
 62
     7
176
     1
 62
   257
176
     1
 90
        2
176
     1
 90
        1
176
     1
 40
40.0
176
     1
 90
        0
176
     1
 62
   257
176
     1
 40
1.0
176
     1
 90
        1
176
     1
 90
        6
176
     1
 90
        2
176
     1
 62
     7
176
     1
 90
        3
176
     1
 90
        0
176
     1
 90
        0
176
     1
290
     0
176
     1
 90
        1
176
     1
 40
0.0
176
     1
 90
        0
176
     1
290
     0
176
     1
290
     1
176
     1
290
     1
176
     1
290
     0
176
     1
290
     0
176
     1
290
     0
176
     1
290
     0
176
     1
290
     0
176
     1
290
     0
176
     1
 90
       50
176
     1
 40
0.0
176
     1
 40
1.0
176
     1
 90
        0
176
     1
 62
    18
420
        0
176
     1
 90
       50
176
     1
 90
        3
176
     1
 62
     5
420
      255
176
     1
290
     0
176
     1
 90
       50
176
     1
 90
       50
176
     1
 90
       50
176
     1
290
     0
176
     1
 90
       50
176
     1
 62
   256
176
     0
 40
1.0
176
     0
 90
        2
176
     1
  1
strokes_ogs.tif
176
     1
290
     0
176
     1
 40
1.0
176
     1
 40
1.0
176
     1
  0
VISUALSTYLE
  5
3F
102
{ACAD_REACTORS
330
29
102
}
330
29
100
AcDbVisualStyle
  2
JitterOff
 70
    20
177
     3
291
     1
 70
    58
 90
        2
176
     0
 90
        2
176
     0
 90
        0
176
     0
 90
        0
176
     0
 40
0.6
176
     0
 40
30.0
176
     0
 62
     7
420
 16777215
176
     0
 90
        1
176
     0
 90
        4
176
     0
 62
     7
176
     0
 62
   257
176
     0
 90
        1
176
     0
 90
        1
176
     0
 40
1.0
176
     0
 90
       10
176
     2
 62
     7
176
     0
 40
1.0
176
     0
 90
        1
176
     0
 90
        6
176
     0
 90
        2
176
     0
 62
     7
176
     0
 90
        5
176
     0
 90
        0
176
     0
 90
        0
176
     0
290
     0
176
     0
 90
        1
176
     0
 40
0.0
176
     0
 90
        0
176
     0
290
     0
176
     0
290
     1
176
     0
290
     1
176
     0
290
     0
176
     0
290
     0
176
     0
290
     0
176
     0
290
     0
176
     0
290
     0
176
     0
290
     0
176
     0
 90
       50
176
     0
 40
0.0
176
     0
 40
1.0
176
     0
 90
        0
176
     0
 62
    18
420
        0
176
     0
 90
       50
176
     0
 90
        3
176
     0
 62
     5
420
      255
176
     0
290
     0
176
     0
 90
       50
176
     0
 90
       50
176
     0
 90
       50
176
     0
290
     0
176
     0
 90
       50
176
     0
 62
   256
176
     0
 40
1.0
176
     0
 90
        2
176
     0
  1
strokes_ogs.tif
176
     0
290
     0
176
     0
 40
1.0
176
     0
 40
1.0
176
     0
  0
VISUALSTYLE
  5
37
102
{ACAD_REACTORS
330
29
102
}
330
29
100
AcDbVisualStyle
  2
Linepattern
 70
    14
177
     3
291
     1
 70
    58
 90
        2
176
     1
 90
        2
176
     1
 90
        0
176
     1
 90
        0
176
     1
 40
0.6
176
     1
 40
30.0
176
     1
 62
     7
420
 16777215
176
     1
 90
        1
176
     1
 90
        4
176
     1
 62
     7
176
     1
 62
   257
176
     1
 90
        7
176
     1
 90
        7
176
     1
 40
1.0
176
     1
 90
        8
176
     1
 62
     7
176
     1
 40
1.0
176
     1
 90
        1
176
     1
 90
        6
176
     1
 90
        2
176
     1
 62
     7
176
     1
 90
        5
176
     1
 90
        0
176
     1
 90
        0
176
     1
290
     0
176
     1
 90
        1
176
     1
 40
0.0
176
     1
 90
        0
176
     1
290
     0
176
     1
290
     1
176
     1
290
     1
176
     1
290
     0
176
     1
290
     0
176
     1
290
     0
176
     1
290
     0
176
     1
290
     0
176
     1
290
     0
176
     1
 90
       50
176
     1
 40
0.0
176
     1
 40
1.0
176
     1
 90
        0
176
     1
 62
    18
420
        0
176
     1
 90
       50
176
     1
 90
        3
176
     1
 62
     5
420
      255
176
     1
290
     0
176
     1
 90
       50
176
     1
 90
       50
176
     1
 90
       50
176
     1
290
     0
176
     1
 90
       50
176
     1
 62
   256
176
     0
 40
1.0
176
     0
 90
        2
176
     1
  1
strokes_ogs.tif
176
     1
290
     0
176
     1
 40
1.0
176
     1
 40
1.0
176
     1
  0
VISUALSTYLE
  5
40
102
{ACAD_REACTORS
330
29
102
}
330
29
100
AcDbVisualStyle
  2
OverhangOff
 70
    21
177
     3
291
     1
 70
    58
 90
        2
176
     0
 90
        2
176
     0
 90
        0
176
     0
 90
        0
176
     0
 40
0.6
176
     0
 40
30.0
176
     0
 62
     7
420
 16777215
176
     0
 90
        1
176
     0
 90
        4
176
     0
 62
     7
176
     0
 62
   257
176
     0
 90
        1
176
     0
 90
        1
176
     0
 40
1.0
176
     0
 90
        9
176
     2
 62
     7
176
     0
 40
1.0
176
     0
 90
        1
176
     0
 90
        6
176
     0
 90
        2
176
     0
 62
     7
176
     0
 90
        5
176
     0
 90
        0
176
     0
 90
        0
176
     0
290
     0
176
     0
 90
        1
176
     0
 40
0.0
176
     0
 90
        0
176
     0
290
     0
176
     0
290
     1
176
     0
290
     1
176
     0
290
     0
176
     0
290
     0
176
     0
290
     0
176
     0
290
     0
176
     0
290
     0
176
     0
290
     0
176
     0
 90
       50
176
     0
 40
0.0
176
     0
 40
1.0
176
     0
 90
        0
176
     0
 62
    18
420
        0
176
     0
 90
       50
176
     0
 90
        3
176
     0
 62
     5
420
      255
176
     0
290
     0
176
     0
 90
       50
176
     0
 90
       50
176
     0
 90
       50
176
     0
290
     0
176
     0
 90
       50
176
     0
 62
   256
176
     0
 40
1.0
176
     0
 90
        2
176
     0
  1
strokes_ogs.tif
176
     0
290
     0
176
     0
 40
1.0
176
     0
 40
1.0
176
     0
  0
VISUALSTYLE
  5
33
102
{ACAD_REACTORS
330
29
102
}
330
29
100
AcDbVisualStyle
  2
Realistic
 70
     8
177
     3
291
     0
 70
    58
 90
        2
176
     1
 90
        3
176
     1
 90
        0
176
     1
 90
        2
176
     1
 40
0.6
176
     1
 40
30.0
176
     1
 62
     7
420
 16777215
176
     1
 90
        0
176
     1
 90
        0
176
     1
 62
     7
176
     1
 62
   257
176
     1
 90
        1
176
     1
 90
        1
176
     1
 40
1.0
176
     1
 90
        8
176
     1
 62
   257
176
     1
 40
1.0
176
     1
 90
        1
176
     1
 90
        6
176
     1
 90
        2
176
     1
 62
     7
176
     1
 90
        3
176
     1
 90
        0
176
     1
 90
        0
176
     1
290
     0
176
     1
 90
       13
176
     1
 40
0.0
176
     1
 90
        0
176
     1
290
     0
176
     1
290
     1
176
     1
290
     1
176
     1
290
     0
176
     1
290
     0
176
     1
290
     0
176
     1
290
     0
176
     1
290
     0
176
     1
290
     0
176
     1
 90
       50
176
     1
 40
0.0
176
     1
 40
1.0
176
     1
 90
        0
176
     1
 62
    18
420
        0
176
     1
 90
       50
176
     1
 90
        3
176
     1
 62
     5
420
      255
176
     1
290
     0
176
     1
 90
       50
176
     1
 90
       50
176
     1
 90
       50
176
     1
290
     0
176
     1
 90
       50
176
     1
 62
   256
176
     0
 40
1.0
176
     0
 90
        2
176
     1
  1
strokes_ogs.tif
176
     1
290
     0
176
     1
 40
1.0
176
     1
 40
1.0
176
     1
  0
VISUALSTYLE
  5
3E
102
{ACAD_REACTORS
330
29
102
}
330
29
100
AcDbVisualStyle
  2
Shaded
 70
    27
177
     3
291
     0
 70
    58
 90
        2
176
     1
 90
        2
176
     1
 90
        1
176
     1
 90
        2
176
     1
 40
0.6
176
     1
 40
30.0
176
     1
 62
     7
420
 16777215
176
     1
 90
        0
176
     1
 90
        4
176
     1
 62
     7
176
     1
 62
   257
176
     1
 90
        1
176
     1
 90
        1
176
     1
 40
1.0
176
     1
 90
        8
176
     1
 62
   257
176
     1
 40
1.0
176
     1
 90
        1
176
     1
 90
        6
176
     1
 90
        2
176
     1
 62
     8
420
  7895160
176
     1
 90
        3
176
     1
 90
        0
176
     1
 90
        0
176
     1
290
     0
176
     1
 90
        5
176
     1
 40
0.0
176
     1
 90
        0
176
     1
290
     0
176
     1
290
     1
176
     1
290
     1
176
     1
290
     0
176
     1
290
     0
176
     1
290
     0
176
     1
290
     0
176
     1
290
     0
176
     1
290
     0
176
     1
 90
       50
176
     1
 40
0.0
176
     1
 40
1.0
176
     1
 90
        0
176
     1
 62
    18
420
        0
176
     1
 90
       50
176
     1
 90
        3
176
     1
 62
     5
420
      255
176
     1
290
     0
176
     1
 90
       50
176
     1
 90
       50
176
     1
 90
       50
176
     1
290
     0
176
     1
 90
       50
176
     1
 62
   256
176
     0
 40
1.0
176
     0
 90
        2
176
     1
  1
strokes_ogs.tif
176
     1
290
     0
176
     1
 40
1.0
176
     1
 40
1.0
176
     1
  0
VISUALSTYLE
  5
3D
102
{ACAD_REACTORS
330
29
102
}
330
29
100
AcDbVisualStyle
  2
Shaded with edges
 70
    26
177
     3
291
     0
 70
    58
 90
        2
176
     1
 90
        2
176
     1
 90
        1
176
     1
 90
        2
176
     1
 40
0.6
176
     1
 40
30.0
176
     1
 62
     7
420
 16777215
176
     1
 90
        1
176
     1
 90
        2
176
     1
 62
     7
176
     1
 62
   257
176
     1
 90
        2
176
     1
 90
        1
176
     1
 40
1.0
176
     1
 90
        8
176
     1
 62
   257
176
     1
 40
1.0
176
     1
 90
        1
176
     1
 90
        6
176
     1
 90
        2
176
     1
 62
     7
176
     1
 90
        3
176
     1
 90
        0
176
     1
 90
        0
176
     1
290
     0
176
     1
 90
        5
176
     1
 40
0.0
176
     1
 90
        0
176
     1
290
     0
176
     1
290
     1
176
     1
290
     1
176
     1
290
     0
176
     1
290
     0
176
     1
290
     0
176
     1
290
     0
176
     1
290
     0
176
     1
290
     0
176
     1
 90
       50
176
     1
 40
0.0
176
     1
 40
1.0
176
     1
 90
        0
176
     1
 62
    18
420
        0
176
     1
 90
       50
176
     1
 90
        3
176
     1
 62
     5
420
      255
176
     1
290
     0
176
     1
 90
       50
176
     1
 90
       50
176
     1
 90
       50
176
     1
290
     0
176
     1
 90
       50
176
     1
 62
   256
176
     0
 40
1.0
176
     0
 90
        2
176
     1
  1
strokes_ogs.tif
176
     1
290
     0
176
     1
 40
1.0
176
     1
 40
1.0
176
     1
  0
VISUALSTYLE
  5
3A
102
{ACAD_REACTORS
330
29
102
}
330
29
100
AcDbVisualStyle
  2
Shades of Gray
 70
    23
177
     3
291
     0
 70
    58
 90
        2
176
     1
 90
        2
176
     1
 90
        3
176
     1
 90
        0
176
     1
 40
0.6
176
     1
 40
30.0
176
     1
 62
     7
420
 16777215
176
     1
 90
        2
176
     1
 90
        2
176
     1
 62
     7
176
     1
 62
     7
176
     1
 90
        1
176
     1
 90
        1
176
     1
 40
40.0
176
     1
 90
        8
176
     1
 62
     7
176
     1
 40
1.0
176
     1
 90
        1
176
     1
 90
        6
176
     1
 90
        2
176
     1
 62
     7
176
     1
 90
        3
176
     1
 90
        0
176
     1
 90
        0
176
     1
290
     0
176
     1
 90
        1
176
     1
 40
0.0
176
     1
 90
        0
176
     1
290
     0
176
     1
290
     1
176
     1
290
     1
176
     1
290
     0
176
     1
290
     0
176
     1
290
     0
176
     1
290
     0
176
     1
290
     0
176
     1
290
     0
176
     1
 90
       50
176
     1
 40
0.0
176
     1
 40
1.0
176
     1
 90
        0
176
     1
 62
    18
420
        0
176
     1
 90
       50
176
     1
 90
        3
176
     1
 62
     5
420
      255
176
     1
290
     0
176
     1
 90
       50
176
     1
 90
       50
176
     1
 90
       50
176
     1
290
     0
176
     1
 90
       50
176
     1
 62
   256
176
     0
 40
1.0
176
     0
 90
        2
176
     1
  1
strokes_ogs.tif
176
     1
290
     0
176
     1
 40
1.0
176
     1
 40
1.0
176
     1
  0
VISUALSTYLE
  5
3B
102
{ACAD_REACTORS
330
29
102
}
330
29
100
AcDbVisualStyle
  2
Sketchy
 70
    24
177
     3
291
     0
 70
    58
 90
        1
176
     1
 90
        2
176
     1
 90
        2
176
     1
 90
        0
176
     1
 40
0.6
176
     1
 40
30.0
176
     1
 62
     7
420
 16777215
176
     1
 90
        2
176
     1
 90
        2
176
     1
 62
     7
176
     1
 62
     7
176
     1
 90
        1
176
     1
 90
        1
176
     1
 40
40.0
176
     1
 90
       11
176
     1
 62
     7
176
     1
 40
1.0
176
     1
 90
        1
176
     1
 90
        6
176
     1
 90
        2
176
     1
 62
     7
176
     1
 90
        6
176
     1
 90
        0
176
     1
 90
        0
176
     1
290
     0
176
     1
 90
        1
176
     1
 40
0.0
176
     1
 90
        0
176
     1
290
     0
176
     1
290
     1
176
     1
290
     1
176
     1
290
     0
176
     1
290
     0
176
     1
290
     0
176
     1
290
     0
176
     1
290
     0
176
     1
290
     0
176
     1
 90
       50
176
     1
 40
0.0
176
     1
 40
1.0
176
     1
 90
        0
176
     1
 62
    18
420
        0
176
     1
 90
       50
176
     1
 90
        3
176
     1
 62
     5
420
      255
176
     1
290
     0
176
     1
 90
       50
176
     1
 90
       50
176
     1
 90
       50
176
     1
290
     0
176
     1
 90
       50
176
     1
 62
   256
176
     0
 40
1.0
176
     0
 90
        2
176
     1
  1
strokes_ogs.tif
176
     1
290
     0
176
     1
 40
1.0
176
     1
 40
1.0
176
     1
  0
VISUALSTYLE
  5
36
102
{ACAD_REACTORS
330
29
102
}
330
29
100
AcDbVisualStyle
  2
Thicken
 70
    13
177
     3
291
     1
 70
    58
 90
        2
176
     1
 90
        2
176
     1
 90
        0
176
     1
 90
        0
176
     1
 40
0.6
176
     1
 40
30.0
176
     1
 62
     7
420
 16777215
176
     1
 90
        1
176
     1
 90
        4
176
     1
 62
     7
176
     1
 62
   257
176
     1
 90
        1
176
     1
 90
        1
176
     1
 40
1.0
176
     1
 90
       12
176
     1
 62
     7
176
     1
 40
1.0
176
     1
 90
        1
176
     1
 90
        6
176
     1
 90
        2
176
     1
 62
     7
176
     1
 90
        5
176
     1
 90
        0
176
     1
 90
        0
176
     1
290
     0
176
     1
 90
        1
176
     1
 40
0.0
176
     1
 90
        0
176
     1
290
     0
176
     1
290
     1
176
     1
290
     1
176
     1
290
     0
176
     1
290
     0
176
     1
290
     0
176
     1
290
     0
176
     1
290
     0
176
     1
290
     0
176
     1
 90
       50
176
     1
 40
0.0
176
     1
 40
1.0
176
     1
 90
        0
176
     1
 62
    18
420
        0
176
     1
 90
       50
176
     1
 90
        3
176
     1
 62
     5
420
      255
176
     1
290
     0
176
     1
 90
       50
176
     1
 90
       50
176
     1
 90
       50
176
     1
290
     0
176
     1
 90
       50
176
     1
 62
   256
176
     0
 40
1.0
176
     0
 90
        2
176
     1
  1
strokes_ogs.tif
176
     1
290
     0
176
     1
 40
1.0
176
     1
 40
1.0
176
     1
  0
VISUALSTYLE
  5
30
102
{ACAD_REACTORS
330
29
102
}
330
29
100
AcDbVisualStyle
  2
Wireframe
 70
     5
177
     3
291
     0
 70
    58
 90
        0
176
     1
 90
        2
176
     1
 90
        0
176
     1
 90
        0
176
     1
 40
0.6
176
     1
 40
30.0
176
     1
 62
     7
420
 16777215
176
     1
 90
        1
176
     1
 90
        4
176
     1
 62
     7
176
     1
 62
   257
176
     1
 90
        1
176
     1
 90
        1
176
     1
 40
1.0
176
     1
 90
        0
176
     1
 62
   257
176
     1
 40
1.0
176
     1
 90
        1
176
     1
 90
        6
176
     1
 90
        2
176
     1
 62
     7
176
     1
 90
        3
176
     1
 90
        0
176
     1
 90
        0
176
     1
290
     0
176
     1
 90
        1
176
     1
 40
0.0
176
     1
 90
        0
176
     1
290
     0
176
     1
290
     1
176
     1
290
     1
176
     1
290
     0
176
     1
290
     0
176
     1
290
     0
176
     1
290
     0
176
     1
290
     0
176
     1
290
     0
176
     1
 90
       50
176
     1
 40
0.0
176
     1
 40
1.0
176
     1
 90
        0
176
     1
 62
    18
420
        0
176
     1
 90
       50
176
     1
 90
        3
176
     1
 62
     5
420
      255
176
     1
290
     0
176
     1
 90
       50
176
     1
 90
       50
176
     1
 90
       50
176
     1
290
     0
176
     1
 90
       50
176
     1
 62
   256
176
     0
 40
1.0
176
     0
 90
        2
176
     1
  1
strokes_ogs.tif
176
     1
290
     0
176
     1
 40
1.0
176
     1
 40
1.0
176
     1
  0
VISUALSTYLE
  5
3C
102
{ACAD_REACTORS
330
29
102
}
330
29
100
AcDbVisualStyle
  2
X-Ray
 70
    25
177
     3
291
     0
 70
    58
 90
        2
176
     1
 90
        2
176
     1
 90
        1
176
     1
 90
        1
176
     1
 40
0.5
176
     1
 40
30.0
176
     1
 62
     7
420
 16777215
176
     1
 90
        1
176
     1
 90
        0
176
     1
 62
     7
176
     1
 62
   257
176
     1
 90
        1
176
     1
 90
        1
176
     1
 40
1.0
176
     1
 90
        8
176
     1
 62
     7
176
     1
 40
1.0
176
     1
 90
        1
176
     1
 90
        6
176
     1
 90
        2
176
     1
 62
     7
176
     1
 90
        3
176
     1
 90
        0
176
     1
 90
        0
176
     1
290
     0
176
     1
 90
       13
176
     1
 40
0.0
176
     1
 90
        0
176
     1
290
     0
176
     1
290
     1
176
     1
290
     1
176
     1
290
     0
176
     1
290
     0
176
     1
290
     0
176
     1
290
     0
176
     1
290
     0
176
     1
290
     0
176
     1
 90
       50
176
     1
 40
0.0
176
     1
 40
1.0
176
     1
 90
        0
176
     1
 62
    18
420
        0
176
     1
 90
       50
176
     1
 90
        3
176
     1
 62
     5
420
      255
176
     1
290
     0
176
     1
 90
       50
176
     1
 90
       50
176
     1
 90
       50
176
     1
290
     0
176
     1
 90
       50
176
     1
 62
   256
176
     0
 40
1.0
176
     0
 90
        2
176
     1
  1
strokes_ogs.tif
176
     1
290
     0
176
     1
 40
1.0
176
     1
 40
1.0
176
     1
  0
DICTIONARYVAR
  5
FC
102
{ACAD_REACTORS
330
FB
102
}
330
FB
100
DictionaryVariables
280
     0
  1
1
  0
DICTIONARYVAR
  5
FD
102
{ACAD_REACTORS
330
FB
102
}
330
FB
100
DictionaryVariables
280
     0
  1
0.200000
  0
DICTIONARYVAR
  5
FE
102
{ACAD_REACTORS
330
FB
102
}
330
FB
100
DictionaryVariables
280
     0
  1
1
  0
DICTIONARYVAR
  5
FF
102
{ACAD_REACTORS
330
FB
102
}
330
FB
100
DictionaryVariables
280
     0
  1
1:1
  0
DICTIONARYVAR
  5
100
102
{ACAD_REACTORS
330
FB
102
}
330
FB
100
DictionaryVariables
280
     0
  1
STANDARD
  0
DICTIONARYVAR
  5
101
102
{ACAD_REACTORS
330
FB
102
}
330
FB
100
DictionaryVariables
280
     0
  1
STANDARD
  0
DICTIONARYVAR
  5
102
102
{ACAD_REACTORS
330
FB
102
}
330
FB
100
DictionaryVariables
280
     0
  1
Imperial24
  0
DICTIONARYVAR
  5
103
102
{ACAD_REACTORS
330
FB
102
}
330
FB
100
DictionaryVariables
280
     0
  1
Imperial24
  0
DICTIONARYVAR
  5
104
102
{ACAD_REACTORS
330
FB
102
}
330
FB
100
DictionaryVariables
280
     0
  1
0
  0
DICTIONARYVAR
  5
105
102
{ACAD_REACTORS
330
FB
102
}
330
FB
100
DictionaryVariables
280
     0
  1
2
  0
DICTIONARYVAR
  5
106
102
{ACAD_REACTORS
330
FB
102
}
330
FB
100
DictionaryVariables
280
     0
  1
A-DIMS-INSD
  0
DICTIONARYVAR
  5
107
102
{ACAD_REACTORS
330
FB
102
}
330
FB
100
DictionaryVariables
280
     0
  1
1
  0
DICTIONARYVAR
  5
108
102
{ACAD_REACTORS
330
FB
102
}
330
FB
100
DictionaryVariables
280
     0
  1
1
  0
DICTIONARYVAR
  5
109
102
{ACAD_REACTORS
330
FB
102
}
330
FB
100
DictionaryVariables
280
     0
  1
BYLAYER
  0
DICTIONARYVAR
  5
10A
102
{ACAD_REACTORS
330
FB
102
}
330
FB
100
DictionaryVariables
280
     0
  1
0
  0
DICTIONARYVAR
  5
10B
102
{ACAD_REACTORS
330
FB
102
}
330
FB
100
DictionaryVariables
280
     0
  1
G-G-DIMENSION
  0
DICTIONARYVAR
  5
10C
102
{ACAD_REACTORS
330
FB
102
}
330
FB
100
DictionaryVariables
280
     0
  1
0.000000;0.000000
  0
DICTIONARYVAR
  5
10D
102
{ACAD_REACTORS
330
FB
102
}
330
FB
100
DictionaryVariables
280
     0
  1
ByLayer
  0
DICTIONARYVAR
  5
10E
102
{ACAD_REACTORS
330
FB
102
}
330
FB
100
DictionaryVariables
280
     0
  1
0
  0
DICTIONARYVAR
  5
10F
102
{ACAD_REACTORS
330
FB
102
}
330
FB
100
DictionaryVariables
280
     0
  1
0
  0
DICTIONARYVAR
  5
110
102
{ACAD_REACTORS
330
FB
102
}
330
FB
100
DictionaryVariables
280
     0
  1
0
  0
DICTIONARYVAR
  5
111
102
{ACAD_REACTORS
330
FB
102
}
330
FB
100
DictionaryVariables
280
     0
  1
2
  0
DICTIONARYVAR
  5
112
102
{ACAD_REACTORS
330
FB
102
}
330
FB
100
DictionaryVariables
280
     0
  1
1.000000
  0
DICTIONARYVAR
  5
113
102
{ACAD_REACTORS
330
FB
102
}
330
FB
100
DictionaryVariables
280
     0
  1
1
  0
DICTIONARYVAR
  5
114
102
{ACAD_REACTORS
330
FB
102
}
330
FB
100
DictionaryVariables
280
     0
  1
2
  0
DICTIONARYVAR
  5
115
102
{ACAD_REACTORS
330
FB
102
}
330
FB
100
DictionaryVariables
280
     0
  1
1
  0
DICTIONARYVAR
  5
116
102
{ACAD_REACTORS
330
FB
102
}
330
FB
100
DictionaryVariables
280
     0
  1
0
  0
DICTIONARYVAR
  5
117
102
{ACAD_REACTORS
330
FB
102
}
330
FB
100
DictionaryVariables
280
     0
  1
127
  0
DICTIONARYVAR
  5
118
102
{ACAD_REACTORS
330
FB
102
}
330
FB
100
DictionaryVariables
280
     0
  1
TEXT
  0
ACDBASSOCNETWORK
  5
1F3
102
{ACAD_REACTORS
330
1F2
102
}
330
1F2
100
AcDbAssocAction
 90
        2
 90
        0
330
187
360
0
 90
        2
 90
        0
 90
        0
 90
        0
 90
        0
 90
        0
 90
        0
100
AcDbAssocNetwork
 90
        0
 90
        8
 90
        7
360
19B
360
1B5
360
1C2
360
1CF
360
1D7
360
1E4
360
282
 90
        0
  0
DICTIONARY
  5
1A
330
19
100
AcDbDictionary
280
     1
281
     1
  3
BUMPTILE
360
1C
  3
DIFFUSETILE
360
1B
  3
OPACITYTILE
360
1F
  3
REFLECTIONTILE
360
1E
  3
REFRACTIONTILE
360
20
  3
SPECULARTILE
360
1D
  0
DICTIONARY
  5
12
330
11
100
AcDbDictionary
280
     1
281
     1
  3
BUMPTILE
360
14
  3
DIFFUSETILE
360
13
  3
OPACITYTILE
360
17
  3
REFLECTIONTILE
360
16
  3
REFRACTIONTILE
360
18
  3
SPECULARTILE
360
15
  0
DICTIONARY
  5
22
330
21
100
AcDbDictionary
280
     1
281
     1
  3
BUMPTILE
360
24
  3
DIFFUSETILE
360
23
  3
OPACITYTILE
360
27
  3
REFLECTIONTILE
360
26
  3
REFRACTIONTILE
360
28
  3
SPECULARTILE
360
25
  0
DICTIONARY
  5
299
330
65
100
AcDbDictionary
280
     1
281
     1
  3
ACAD_ROUNDTRIP_2008_TABLESTYLE_CELLSTYLEMAP
360
29A
  0
ACDBASSOCACTION
  5
19B
330
1F3
100
AcDbAssocAction
 90
        2
 90
        0
330
1F3
360
19C
 90
        4
 90
        5
 90
        5
360
19D
360
19E
360
19F
360
1A0
360
1A1
 90
        0
 90
        4
360
1A2
360
1A4
360
1A6
360
1A7
 90
        0
 90
        2
 90
        0
  1
RotAng0
 90
        2
 90
        1
 40
1.570796326794896
330
0
330
0
 90
        0
  1
RotAng1
 90
        2
 90
        1
 40
1.570796326794896
330
0
330
0
  0
ACDBASSOCACTION
  5
1B5
330
1F3
100
AcDbAssocAction
 90
        2
 90
        0
330
1F3
360
1B6
 90
        6
 90
        5
 90
        5
360
1B7
360
1B8
360
1B9
360
1BA
360
1BB
 90
        0
 90
        4
360
1BC
360
1BE
360
1C0
360
1C1
 90
        0
 90
        2
 90
        0
  1
RotAng0
 90
        2
 90
        1
 40
1.570796326794896
330
0
330
0
 90
        0
  1
RotAng1
 90
        2
 90
        1
 40
4.712388980384689
330
0
330
0
  0
ACDBASSOCACTION
  5
1C2
330
1F3
100
AcDbAssocAction
 90
        2
 90
        0
330
1F3
360
1C3
 90
        7
 90
        5
 90
        5
360
1C4
360
1C5
360
1C6
360
1C7
360
1C8
 90
        0
 90
        4
360
1C9
360
1CB
360
1CD
360
1CE
 90
        0
 90
        2
 90
        0
  1
RotAng0
 90
        2
 90
        1
 40
1.570796326794896
330
0
330
0
 90
        0
  1
RotAng1
 90
        2
 90
        1
 40
4.712388980384689
330
0
330
0
  0
ACDBASSOCACTION
  5
1CF
330
1F3
100
AcDbAssocAction
 90
        2
 90
        0
330
1F3
360
1D0
 90
        1
 90
        5
 90
        3
360
1D1
360
1D2
360
1D3
 90
        0
 90
        2
360
1D4
360
1D6
 90
        0
 90
        1
 90
        0
  1
RotAng0
 90
        2
 90
        1
 40
1.570796326794896
330
0
330
0
  0
ACDBASSOCACTION
  5
1D7
330
1F3
100
AcDbAssocAction
 90
        2
 90
        0
330
1F3
360
1D8
 90
        2
 90
        5
 90
        5
360
1D9
360
1DA
360
1DB
360
1DC
360
1DD
 90
        0
 90
        4
360
1DE
360
1E0
360
1E2
360
1E3
 90
        0
 90
        2
 90
        0
  1
RotAng0
 90
        2
 90
        1
 40
1.570796326794896
330
0
330
0
 90
        0
  1
RotAng1
 90
        2
 90
        1
 40
4.712388980384689
330
0
330
0
  0
ACDBASSOCACTION
  5
1E4
330
1F3
100
AcDbAssocAction
 90
        2
 90
        0
330
1F3
360
1E5
 90
        3
 90
        5
 90
        5
360
1E6
360
1E7
360
1E8
360
1E9
360
1EA
 90
        0
 90
        4
360
1EB
360
1ED
360
1EF
360
1F0
 90
        0
 90
        2
 90
        0
  1
RotAng0
 90
        2
 90
        1
 40
1.570796326794896
330
0
330
0
 90
        0
  1
RotAng1
 90
        2
 90
        1
 40
4.712388980384689
330
0
330
0
  0
ACDBASSOCACTION
  5
282
330
1F3
100
AcDbAssocAction
 90
        2
 90
        0
330
1F3
360
283
 90
        8
 90
        5
 90
        5
360
286
360
289
360
28A
360
28C
360
28E
 90
        0
 90
        4
360
284
360
287
360
28B
360
28D
 90
        0
 90
        2
 90
        0
  1
RotAng0
 90
        2
 90
        1
 40
1.570796326794896
330
0
330
0
 90
        0
  1
RotAng1
 90
        2
 90
        1
 40
1.570796326794896
330
0
330
0
  0
XRECORD
  5
1C
102
{ACAD_REACTORS
330
1A
102
}
330
1A
100
AcDbXrecord
280
     1
270
     1
271
     1
  0
XRECORD
  5
1B
102
{ACAD_REACTORS
330
1A
102
}
330
1A
100
AcDbXrecord
280
     1
270
     1
271
     1
  0
XRECORD
  5
1F
102
{ACAD_REACTORS
330
1A
102
}
330
1A
100
AcDbXrecord
280
     1
270
     1
271
     1
  0
XRECORD
  5
1E
102
{ACAD_REACTORS
330
1A
102
}
330
1A
100
AcDbXrecord
280
     1
270
     1
271
     1
  0
XRECORD
  5
20
102
{ACAD_REACTORS
330
1A
102
}
330
1A
100
AcDbXrecord
280
     1
270
     1
271
     1
  0
XRECORD
  5
1D
102
{ACAD_REACTORS
330
1A
102
}
330
1A
100
AcDbXrecord
280
     1
270
     1
271
     1
  0
XRECORD
  5
14
102
{ACAD_REACTORS
330
12
102
}
330
12
100
AcDbXrecord
280
     1
270
     1
271
     1
  0
XRECORD
  5
13
102
{ACAD_REACTORS
330
12
102
}
330
12
100
AcDbXrecord
280
     1
270
     1
271
     1
  0
XRECORD
  5
17
102
{ACAD_REACTORS
330
12
102
}
330
12
100
AcDbXrecord
280
     1
270
     1
271
     1
  0
XRECORD
  5
16
102
{ACAD_REACTORS
330
12
102
}
330
12
100
AcDbXrecord
280
     1
270
     1
271
     1
  0
XRECORD
  5
18
102
{ACAD_REACTORS
330
12
102
}
330
12
100
AcDbXrecord
280
     1
270
     1
271
     1
  0
XRECORD
  5
15
102
{ACAD_REACTORS
330
12
102
}
330
12
100
AcDbXrecord
280
     1
270
     1
271
     1
  0
XRECORD
  5
24
102
{ACAD_REACTORS
330
22
102
}
330
22
100
AcDbXrecord
280
     1
270
     1
271
     1
  0
XRECORD
  5
23
102
{ACAD_REACTORS
330
22
102
}
330
22
100
AcDbXrecord
280
     1
270
     1
271
     1
  0
XRECORD
  5
27
102
{ACAD_REACTORS
330
22
102
}
330
22
100
AcDbXrecord
280
     1
270
     1
271
     1
  0
XRECORD
  5
26
102
{ACAD_REACTORS
330
22
102
}
330
22
100
AcDbXrecord
280
     1
270
     1
271
     1
  0
XRECORD
  5
28
102
{ACAD_REACTORS
330
22
102
}
330
22
100
AcDbXrecord
280
     1
270
     1
271
     1
  0
XRECORD
  5
25
102
{ACAD_REACTORS
330
22
102
}
330
22
100
AcDbXrecord
280
     1
270
     1
271
     1
  0
CELLSTYLEMAP
  5
29A
102
{ACAD_REACTORS
330
299
102
}
330
299
100
AcDbCellStyleMap
 90
        3
300
CELLSTYLE
  1
TABLEFORMAT_BEGIN
 90
        5
170
     1
 91
        0
 92
    32768
 62
   257
 93
        1
300
CONTENTFORMAT
  1
CONTENTFORMAT_BEGIN
 90
        0
 91
        0
 92
      512
 93
        0
300

 40
0.0
140
1.0
 94
        5
 62
     0
340
55
144
0.25
309
CONTENTFORMAT_END
171
     0
 94
        0
309
TABLEFORMAT_END
  1
CELLSTYLE_BEGIN
 90
        1
 91
        1
300
_TITLE
309
CELLSTYLE_END
300
CELLSTYLE
  1
TABLEFORMAT_BEGIN
 90
        5
170
     1
 91
        0
 92
        0
 62
   257
 93
        1
300
CONTENTFORMAT
  1
CONTENTFORMAT_BEGIN
 90
        0
 91
        0
 92
      512
 93
        0
300

 40
0.0
140
1.0
 94
        5
 62
     0
340
55
144
0.18
309
CONTENTFORMAT_END
171
     0
 94
        0
309
TABLEFORMAT_END
  1
CELLSTYLE_BEGIN
 90
        2
 91
        1
300
_HEADER
309
CELLSTYLE_END
300
CELLSTYLE
  1
TABLEFORMAT_BEGIN
 90
        5
170
     1
 91
        0
 92
        0
 62
   257
 93
        1
300
CONTENTFORMAT
  1
CONTENTFORMAT_BEGIN
 90
        0
 91
        0
 92
      512
 93
        0
300

 40
0.0
140
1.0
 94
        2
 62
     0
340
55
144
0.18
309
CONTENTFORMAT_END
171
     0
 94
        0
309
TABLEFORMAT_END
  1
CELLSTYLE_BEGIN
 90
        3
 91
        2
300
_DATA
309
CELLSTYLE_END
  0
ACDBASSOCROTATEDDIMACTIONBODY
  5
19C
330
19B
100
AcDbAssocActionBody
 90
        2
 90
        0
330
19F
100
ACDBASSOCROTATEDDIMACTIONBODY
 90
        0
330
1A2
330
1A4
  0
ACDBASSOCGEOMDEPENDENCY
  5
19D
330
19B
100
AcDbAssocDependency
 90
        2
 90
        0
290
     1
290
     0
290
     1
290
     1
 90
2147483647
330
18B
290
     0
330
1E7
330
19E
360
0
 90
        1
100
AcDbAssocGeomDependency
 90
        0
290
     1
  1
AcDbAssocEdgePersSubentId
 90
        0
 90
       10
 90
       17
290
     0
  0
ACDBASSOCGEOMDEPENDENCY
  5
19E
330
19B
100
AcDbAssocDependency
 90
        2
 90
        0
290
     1
290
     0
290
     1
290
     1
 90
2147483647
330
18B
290
     0
330
19D
330
1B7
360
0
 90
        2
100
AcDbAssocGeomDependency
 90
        0
290
     1
  1
AcDbAssocEdgePersSubentId
 90
        0
 90
       18
 90
       19
290
     0
  0
ACDBASSOCDEPENDENCY
  5
19F
330
19B
100
AcDbAssocDependency
 90
        2
 90
        0
290
     1
290
     1
290
     1
290
     1
 90
-2147483648
330
192
290
     0
330
0
330
0
360
0
 90
        3
  0
ACDBASSOCGEOMDEPENDENCY
  5
1A0
330
19B
100
AcDbAssocDependency
 90
        2
 90
        0
290
     1
290
     0
290
     1
290
     1
 90
        0
330
18B
290
     0
330
1EA
330
1A1
360
0
 90
        4
100
AcDbAssocGeomDependency
 90
        0
290
     1
  1
AcDbAssocEdgePersSubentId
 90
        0
 90
       17
 90
       11
290
     0
  0
ACDBASSOCGEOMDEPENDENCY
  5
1A1
330
19B
100
AcDbAssocDependency
 90
        2
 90
        0
290
     1
290
     0
290
     1
290
     1
 90
        0
330
18B
290
     0
330
1A0
330
1BA
360
0
 90
        5
100
AcDbAssocGeomDependency
 90
        0
290
     1
  1
AcDbAssocEdgePersSubentId
 90
        0
 90
       18
 90
       19
290
     0
  0
ACDBASSOCOSNAPPOINTREFACTIONPARAM
  5
1A2
330
19B
100
AcDbAssocActionParam
 90
        1
 90
        0
  1

100
AcDbAssocCompoundActionParam
 90
        0
 90
        0
 90
        1
360
1A3
 90
        0
 90
        0
330
0
100
ACDBASSOCOSNAPPOINTREFACTIONPARAM
 90
        0
 90
       10
 40
1.570796326814299
  0
ACDBASSOCOSNAPPOINTREFACTIONPARAM
  5
1A4
330
19B
100
AcDbAssocActionParam
 90
        1
 90
        0
  1

100
AcDbAssocCompoundActionParam
 90
        0
 90
        0
 90
        1
360
1A5
 90
        0
 90
        0
330
1A2
100
ACDBASSOCOSNAPPOINTREFACTIONPARAM
 90
        0
 90
       10
 40
0.5066483267925351
  0
ACDBASSOCEDGEACTIONPARAM
  5
1A6
330
19B
100
AcDbAssocActionParam
 90
        1
 90
        0
  1
RotRefEdge0
100
AcDbAssocSingleDependencyActionParam
 90
        0
330
1A0
100
AcDbAssocEdgeActionParam
 90
        0
330
0
290
     1
 90
       23
 10
1191578.370255526
 20
268489.462237398
 30
0.0
 10
0.0
 20
34.0
 30
0.0
  0
ACDBASSOCEDGEACTIONPARAM
  5
1A7
330
19B
100
AcDbAssocActionParam
 90
        1
 90
        0
  1
RotRefEdge1
100
AcDbAssocSingleDependencyActionParam
 90
        0
330
1A1
100
AcDbAssocEdgeActionParam
 90
        0
330
0
290
     1
 90
       23
 10
1191642.370255526
 20
268476.462237398
 30
0.0
 10
0.0
 20
8.5
 30
0.0
  0
ACDBASSOCROTATEDDIMACTIONBODY
  5
1B6
330
1B5
100
AcDbAssocActionBody
 90
        2
 90
        0
330
1B9
100
ACDBASSOCROTATEDDIMACTIONBODY
 90
        0
330
1BC
330
1BE
  0
ACDBASSOCGEOMDEPENDENCY
  5
1B7
330
1B5
100
AcDbAssocDependency
 90
        2
 90
        0
290
     1
290
     0
290
     1
290
     1
 90
2147483647
330
18B
290
     0
330
19E
330
1B8
360
0
 90
        1
100
AcDbAssocGeomDependency
 90
        0
290
     1
  1
AcDbAssocEdgePersSubentId
 90
        0
 90
       16
 90
        3
290
     0
  0
ACDBASSOCGEOMDEPENDENCY
  5
1B8
330
1B5
100
AcDbAssocDependency
 90
        2
 90
        0
290
     1
290
     0
290
     1
290
     1
 90
2147483647
330
18B
290
     0
330
1B7
330
1C4
360
0
 90
        2
100
AcDbAssocGeomDependency
 90
        0
290
     1
  1
AcDbAssocEdgePersSubentId
 90
        0
 90
       24
 90
       25
290
     0
  0
ACDBASSOCDEPENDENCY
  5
1B9
330
1B5
100
AcDbAssocDependency
 90
        2
 90
        0
290
     1
290
     1
290
     1
290
     1
 90
-2147483648
330
194
290
     0
330
0
330
0
360
0
 90
        3
  0
ACDBASSOCGEOMDEPENDENCY
  5
1BA
330
1B5
100
AcDbAssocDependency
 90
        2
 90
        0
290
     1
290
     0
290
     1
290
     1
 90
        0
330
18B
290
     0
330
1A1
330
1BB
360
0
 90
        4
100
AcDbAssocGeomDependency
 90
        0
290
     1
  1
AcDbAssocEdgePersSubentId
 90
        0
 90
        3
 90
        4
290
     0
  0
ACDBASSOCGEOMDEPENDENCY
  5
1BB
330
1B5
100
AcDbAssocDependency
 90
        2
 90
        0
290
     1
290
     0
290
     1
290
     1
 90
        0
330
18B
290
     0
330
1BA
330
1C7
360
0
 90
        5
100
AcDbAssocGeomDependency
 90
        0
290
     1
  1
AcDbAssocEdgePersSubentId
 90
        0
 90
       24
 90
       25
290
     0
  0
ACDBASSOCOSNAPPOINTREFACTIONPARAM
  5
1BC
330
1B5
100
AcDbAssocActionParam
 90
        1
 90
        0
  1

100
AcDbAssocCompoundActionParam
 90
        0
 90
        0
 90
        1
360
1BD
 90
        0
 90
        0
330
0
100
ACDBASSOCOSNAPPOINTREFACTIONPARAM
 90
        0
 90
       10
 40
1.570796326814299
  0
ACDBASSOCOSNAPPOINTREFACTIONPARAM
  5
1BE
330
1B5
100
AcDbAssocActionParam
 90
        1
 90
        0
  1

100
AcDbAssocCompoundActionParam
 90
        0
 90
        0
 90
        1
360
1BF
 90
        0
 90
        0
330
1BC
100
ACDBASSOCOSNAPPOINTREFACTIONPARAM
 90
        0
 90
       10
 40
1.0
  0
ACDBASSOCEDGEACTIONPARAM
  5
1C0
330
1B5
100
AcDbAssocActionParam
 90
        1
 90
        0
  1
RotRefEdge0
100
AcDbAssocSingleDependencyActionParam
 90
        0
330
1BA
100
AcDbAssocEdgeActionParam
 90
        0
330
0
290
     1
 90
       23
 10
1191725.370255527
 20
268464.462237398
 30
0.0
 10
-92.0
 20
0.0
 30
0.0
  0
ACDBASSOCEDGEACTIONPARAM
  5
1C1
330
1B5
100
AcDbAssocActionParam
 90
        1
 90
        0
  1
RotRefEdge1
100
AcDbAssocSingleDependencyActionParam
 90
        0
330
1BB
100
AcDbAssocEdgeActionParam
 90
        0
330
0
290
     1
 90
       23
 10
1191713.370255526
 20
268526.462237398
 30
0.0
 10
12.0
 20
0.0
 30
0.0
  0
ACDBASSOCROTATEDDIMACTIONBODY
  5
1C3
330
1C2
100
AcDbAssocActionBody
 90
        2
 90
        0
330
1C6
100
ACDBASSOCROTATEDDIMACTIONBODY
 90
        0
330
1C9
330
1CB
  0
ACDBASSOCGEOMDEPENDENCY
  5
1C4
330
1C2
100
AcDbAssocDependency
 90
        2
 90
        0
290
     1
290
     0
290
     1
290
     1
 90
2147483647
330
18B
290
     0
330
1B8
330
1C5
360
0
 90
        1
100
AcDbAssocGeomDependency
 90
        0
290
     1
  1
AcDbAssocEdgePersSubentId
 90
        0
 90
       25
 90
       15
290
     0
  0
ACDBASSOCGEOMDEPENDENCY
  5
1C5
330
1C2
100
AcDbAssocDependency
 90
        2
 90
        0
290
     1
290
     0
290
     1
290
     1
 90
2147483647
330
18B
290
     0
330
1C4
330
286
360
0
 90
        2
100
AcDbAssocGeomDependency
 90
        0
290
     1
  1
AcDbAssocEdgePersSubentId
 90
        0
 90
       17
 90
       11
290
     0
  0
ACDBASSOCDEPENDENCY
  5
1C6
330
1C2
100
AcDbAssocDependency
 90
        2
 90
        0
290
     1
290
     1
290
     1
290
     1
 90
-2147483648
330
198
290
     0
330
0
330
0
360
0
 90
        3
  0
ACDBASSOCGEOMDEPENDENCY
  5
1C7
330
1C2
100
AcDbAssocDependency
 90
        2
 90
        0
290
     1
290
     0
290
     1
290
     1
 90
        0
330
18B
290
     0
330
1BB
330
1C8
360
0
 90
        4
100
AcDbAssocGeomDependency
 90
        0
290
     1
  1
AcDbAssocEdgePersSubentId
 90
        0
 90
       15
 90
       16
290
     0
  0
ACDBASSOCGEOMDEPENDENCY
  5
1C8
330
1C2
100
AcDbAssocDependency
 90
        2
 90
        0
290
     1
290
     0
290
     1
290
     1
 90
        0
330
18B
290
     0
330
1C7
330
28C
360
0
 90
        5
100
AcDbAssocGeomDependency
 90
        0
290
     1
  1
AcDbAssocEdgePersSubentId
 90
        0
 90
       17
 90
       11
290
     0
  0
ACDBASSOCOSNAPPOINTREFACTIONPARAM
  5
1C9
330
1C2
100
AcDbAssocActionParam
 90
        1
 90
        0
  1

100
AcDbAssocCompoundActionParam
 90
        0
 90
        0
 90
        1
360
1CA
 90
        0
 90
        0
330
0
100
ACDBASSOCOSNAPPOINTREFACTIONPARAM
 90
        0
 90
       10
 40
1.570796326814299
  0
ACDBASSOCOSNAPPOINTREFACTIONPARAM
  5
1CB
330
1C2
100
AcDbAssocActionParam
 90
        1
 90
        0
  1

100
AcDbAssocCompoundActionParam
 90
        0
 90
        0
 90
        1
360
1CC
 90
        0
 90
        0
330
1C9
100
ACDBASSOCOSNAPPOINTREFACTIONPARAM
 90
        0
 90
       10
 40
1.0
  0
ACDBASSOCEDGEACTIONPARAM
  5
1CD
330
1C2
100
AcDbAssocActionParam
 90
        1
 90
        0
  1
RotRefEdge0
100
AcDbAssocSingleDependencyActionParam
 90
        0
330
1C7
100
AcDbAssocEdgeActionParam
 90
        0
330
0
290
     1
 90
       23
 10
1191728.370255527
 20
268523.462237398
 30
0.0
 10
0.0
 20
-56.0
 30
0.0
  0
ACDBASSOCEDGEACTIONPARAM
  5
1CE
330
1C2
100
AcDbAssocActionParam
 90
        1
 90
        0
  1
RotRefEdge1
100
AcDbAssocSingleDependencyActionParam
 90
        0
330
1C8
100
AcDbAssocEdgeActionParam
 90
        0
330
0
290
     1
 90
       23
 10
1191578.370255526
 20
268489.462237398
 30
0.0
 10
0.0
 20
34.0
 30
0.0
  0
ACDBASSOCROTATEDDIMACTIONBODY
  5
1D0
330
1CF
100
AcDbAssocActionBody
 90
        2
 90
        0
330
1D2
100
ACDBASSOCROTATEDDIMACTIONBODY
 90
        0
330
1D4
330
0
  0
ACDBASSOCGEOMDEPENDENCY
  5
1D1
330
1CF
100
AcDbAssocDependency
 90
        2
 90
        0
290
     1
290
     0
290
     1
290
     1
 90
2147483647
330
18B
290
     0
330
28E
330
1D9
360
0
 90
        1
100
AcDbAssocGeomDependency
 90
        0
290
     1
  1
AcDbAssocEdgePersSubentId
 90
        0
 90
        3
 90
        4
290
     0
  0
ACDBASSOCDEPENDENCY
  5
1D2
330
1CF
100
AcDbAssocDependency
 90
        2
 90
        0
290
     1
290
     1
290
     1
290
     1
 90
-2147483648
330
18F
290
     0
330
0
330
0
360
0
 90
        3
  0
ACDBASSOCGEOMDEPENDENCY
  5
1D3
330
1CF
100
AcDbAssocDependency
 90
        2
 90
        0
290
     1
290
     0
290
     1
290
     1
 90
        0
330
18B
290
     0
330
0
330
1DC
360
0
 90
        4
100
AcDbAssocGeomDependency
 90
        0
290
     1
  1
AcDbAssocEdgePersSubentId
 90
        0
 90
        3
 90
        4
290
     0
  0
ACDBASSOCOSNAPPOINTREFACTIONPARAM
  5
1D4
330
1CF
100
AcDbAssocActionParam
 90
        1
 90
        0
  1

100
AcDbAssocCompoundActionParam
 90
        0
 90
        0
 90
        1
360
1D5
 90
        0
 90
        0
330
0
100
ACDBASSOCOSNAPPOINTREFACTIONPARAM
 90
        0
 90
       10
 40
0.7604667011182756
  0
ACDBASSOCEDGEACTIONPARAM
  5
1D6
330
1CF
100
AcDbAssocActionParam
 90
        1
 90
        0
  1
RotRefEdge0
100
AcDbAssocSingleDependencyActionParam
 90
        0
330
1D3
100
AcDbAssocEdgeActionParam
 90
        0
330
0
290
     1
 90
       23
 10
1191725.370255527
 20
268464.462237398
 30
0.0
 10
-92.0
 20
0.0
 30
0.0
  0
ACDBASSOCROTATEDDIMACTIONBODY
  5
1D8
330
1D7
100
AcDbAssocActionBody
 90
        2
 90
        0
330
1DB
100
ACDBASSOCROTATEDDIMACTIONBODY
 90
        0
330
1DE
330
1E0
  0
ACDBASSOCGEOMDEPENDENCY
  5
1D9
330
1D7
100
AcDbAssocDependency
 90
        2
 90
        0
290
     1
290
     0
290
     1
290
     1
 90
2147483647
330
18B
290
     0
330
1D1
330
1DA
360
0
 90
        1
100
AcDbAssocGeomDependency
 90
        0
290
     1
  1
AcDbAssocEdgePersSubentId
 90
        0
 90
        9
 90
       10
290
     0
  0
ACDBASSOCGEOMDEPENDENCY
  5
1DA
330
1D7
100
AcDbAssocDependency
 90
        2
 90
        0
290
     1
290
     0
290
     1
290
     1
 90
2147483647
330
18B
290
     0
330
1D9
330
1E6
360
0
 90
        2
100
AcDbAssocGeomDependency
 90
        0
290
     1
  1
AcDbAssocEdgePersSubentId
 90
        0
 90
       11
 90
       12
290
     0
  0
ACDBASSOCDEPENDENCY
  5
1DB
330
1D7
100
AcDbAssocDependency
 90
        2
 90
        0
290
     1
290
     1
290
     1
290
     1
 90
-2147483648
330
190
290
     0
330
0
330
0
360
0
 90
        3
  0
ACDBASSOCGEOMDEPENDENCY
  5
1DC
330
1D7
100
AcDbAssocDependency
 90
        2
 90
        0
290
     1
290
     0
290
     1
290
     1
 90
        0
330
18B
290
     0
330
1D3
330
1DD
360
0
 90
        4
100
AcDbAssocGeomDependency
 90
        0
290
     1
  1
AcDbAssocEdgePersSubentId
 90
        0
 90
        9
 90
       10
290
     0
  0
ACDBASSOCGEOMDEPENDENCY
  5
1DD
330
1D7
100
AcDbAssocDependency
 90
        2
 90
        0
290
     1
290
     0
290
     1
290
     1
 90
        0
330
18B
290
     0
330
1DC
330
1E9
360
0
 90
        5
100
AcDbAssocGeomDependency
 90
        0
290
     1
  1
AcDbAssocEdgePersSubentId
 90
        0
 90
       12
 90
       13
290
     0
  0
ACDBASSOCOSNAPPOINTREFACTIONPARAM
  5
1DE
330
1D7
100
AcDbAssocActionParam
 90
        1
 90
        0
  1

100
AcDbAssocCompoundActionParam
 90
        0
 90
        0
 90
        1
360
1DF
 90
        0
 90
        0
330
0
100
ACDBASSOCOSNAPPOINTREFACTIONPARAM
 90
        0
 90
       10
 40
1.0
  0
ACDBASSOCOSNAPPOINTREFACTIONPARAM
  5
1E0
330
1D7
100
AcDbAssocActionParam
 90
        1
 90
        0
  1

100
AcDbAssocCompoundActionParam
 90
        0
 90
        0
 90
        1
360
1E1
 90
        0
 90
        0
330
1DE
100
ACDBASSOCOSNAPPOINTREFACTIONPARAM
 90
        0
 90
       10
 40
1.570796326814299
  0
ACDBASSOCEDGEACTIONPARAM
  5
1E2
330
1D7
100
AcDbAssocActionParam
 90
        1
 90
        0
  1
RotRefEdge0
100
AcDbAssocSingleDependencyActionParam
 90
        0
330
1DC
100
AcDbAssocEdgeActionParam
 90
        0
330
0
290
     1
 90
       23
 10
1191640.870255526
 20
268486.462237398
 30
0.0
 10
-59.5
 20
0.0
 30
0.0
  0
ACDBASSOCEDGEACTIONPARAM
  5
1E3
330
1D7
100
AcDbAssocActionParam
 90
        1
 90
        0
  1
RotRefEdge1
100
AcDbAssocSingleDependencyActionParam
 90
        0
330
1DD
100
AcDbAssocEdgeActionParam
 90
        0
330
0
290
     1
 90
       23
 10
1191581.370255526
 20
268526.462237398
 30
0.0
 10
12.0
 20
0.0
 30
0.0
  0
ACDBASSOCROTATEDDIMACTIONBODY
  5
1E5
330
1E4
100
AcDbAssocActionBody
 90
        2
 90
        0
330
1E8
100
ACDBASSOCROTATEDDIMACTIONBODY
 90
        0
330
1EB
330
1ED
  0
ACDBASSOCGEOMDEPENDENCY
  5
1E6
330
1E4
100
AcDbAssocDependency
 90
        2
 90
        0
290
     1
290
     0
290
     1
290
     1
 90
2147483647
330
18B
290
     0
330
1DA
330
1E7
360
0
 90
        1
100
AcDbAssocGeomDependency
 90
        0
290
     1
  1
AcDbAssocEdgePersSubentId
 90
        0
 90
        4
 90
       14
290
     0
  0
ACDBASSOCGEOMDEPENDENCY
  5
1E7
330
1E4
100
AcDbAssocDependency
 90
        2
 90
        0
290
     1
290
     0
290
     1
290
     1
 90
2147483647
330
18B
290
     0
330
1E6
330
19D
360
0
 90
        2
100
AcDbAssocGeomDependency
 90
        0
290
     1
  1
AcDbAssocEdgePersSubentId
 90
        0
 90
       15
 90
       16
290
     0
  0
ACDBASSOCDEPENDENCY
  5
1E8
330
1E4
100
AcDbAssocDependency
 90
        2
 90
        0
290
     1
290
     1
290
     1
290
     1
 90
-2147483648
330
191
290
     0
330
0
330
0
360
0
 90
        3
  0
ACDBASSOCGEOMDEPENDENCY
  5
1E9
330
1E4
100
AcDbAssocDependency
 90
        2
 90
        0
290
     1
290
     0
290
     1
290
     1
 90
        0
330
18B
290
     0
330
1DD
330
1EA
360
0
 90
        4
100
AcDbAssocGeomDependency
 90
        0
290
     1
  1
AcDbAssocEdgePersSubentId
 90
        0
 90
       14
 90
        1
290
     0
  0
ACDBASSOCGEOMDEPENDENCY
  5
1EA
330
1E4
100
AcDbAssocDependency
 90
        2
 90
        0
290
     1
290
     0
290
     1
290
     1
 90
        0
330
18B
290
     0
330
1E9
330
1A0
360
0
 90
        5
100
AcDbAssocGeomDependency
 90
        0
290
     1
  1
AcDbAssocEdgePersSubentId
 90
        0
 90
       15
 90
       16
290
     0
  0
ACDBASSOCOSNAPPOINTREFACTIONPARAM
  5
1EB
330
1E4
100
AcDbAssocActionParam
 90
        1
 90
        0
  1

100
AcDbAssocCompoundActionParam
 90
        0
 90
        0
 90
        1
360
1EC
 90
        0
 90
        0
330
0
100
ACDBASSOCOSNAPPOINTREFACTIONPARAM
 90
        0
 90
       10
 40
1.570796326814299
  0
ACDBASSOCOSNAPPOINTREFACTIONPARAM
  5
1ED
330
1E4
100
AcDbAssocActionParam
 90
        1
 90
        0
  1

100
AcDbAssocCompoundActionParam
 90
        0
 90
        0
 90
        1
360
1EE
 90
        0
 90
        0
330
1EB
100
ACDBASSOCOSNAPPOINTREFACTIONPARAM
 90
        0
 90
       10
 40
1.0
  0
ACDBASSOCEDGEACTIONPARAM
  5
1EF
330
1E4
100
AcDbAssocActionParam
 90
        1
 90
        0
  1
RotRefEdge0
100
AcDbAssocSingleDependencyActionParam
 90
        0
330
1E9
100
AcDbAssocEdgeActionParam
 90
        0
330
0
290
     1
 90
       23
 10
1191630.370255526
 20
268467.462237398
 30
0.0
 10
0.0
 20
4.5
 30
0.0
  0
ACDBASSOCEDGEACTIONPARAM
  5
1F0
330
1E4
100
AcDbAssocActionParam
 90
        1
 90
        0
  1
RotRefEdge1
100
AcDbAssocSingleDependencyActionParam
 90
        0
330
1EA
100
AcDbAssocEdgeActionParam
 90
        0
330
0
290
     1
 90
       23
 10
1191728.370255527
 20
268523.462237398
 30
0.0
 10
0.0
 20
-56.0
 30
0.0
  0
ACDBASSOCROTATEDDIMACTIONBODY
  5
283
330
282
100
AcDbAssocActionBody
 90
        2
 90
        0
330
28A
100
ACDBASSOCROTATEDDIMACTIONBODY
 90
        0
330
284
330
287
  0
ACDBASSOCGEOMDEPENDENCY
  5
286
330
282
100
AcDbAssocDependency
 90
        2
 90
        0
290
     1
290
     0
290
     1
290
     1
 90
2147483647
330
18B
290
     0
330
1C5
330
289
360
0
 90
        1
100
AcDbAssocGeomDependency
 90
        0
290
     1
  1
AcDbAssocEdgePersSubentId
 90
        0
 90
        5
 90
       18
290
     0
  0
ACDBASSOCGEOMDEPENDENCY
  5
289
330
282
100
AcDbAssocDependency
 90
        2
 90
        0
290
     1
290
     0
290
     1
290
     1
 90
2147483647
330
18B
290
     0
330
286
330
0
360
0
 90
        2
100
AcDbAssocGeomDependency
 90
        0
290
     1
  1
AcDbAssocEdgePersSubentId
 90
        0
 90
        4
 90
       14
290
     0
  0
ACDBASSOCDEPENDENCY
  5
28A
330
282
100
AcDbAssocDependency
 90
        2
 90
        0
290
     1
290
     1
290
     1
290
     1
 90
-2147483648
330
274
290
     0
330
0
330
0
360
0
 90
        3
  0
ACDBASSOCGEOMDEPENDENCY
  5
28C
330
282
100
AcDbAssocDependency
 90
        2
 90
        0
290
     1
290
     0
290
     1
290
     1
 90
        0
330
18B
290
     0
330
1C8
330
28E
360
0
 90
        4
100
AcDbAssocGeomDependency
 90
        0
290
     1
  1
AcDbAssocEdgePersSubentId
 90
        0
 90
       18
 90
       19
290
     0
  0
ACDBASSOCGEOMDEPENDENCY
  5
28E
330
282
100
AcDbAssocDependency
 90
        2
 90
        0
290
     1
290
     0
290
     1
290
     1
 90
        0
330
18B
290
     0
330
28C
330
1D1
360
0
 90
        5
100
AcDbAssocGeomDependency
 90
        0
290
     1
  1
AcDbAssocEdgePersSubentId
 90
        0
 90
       14
 90
        1
290
     0
  0
ACDBASSOCOSNAPPOINTREFACTIONPARAM
  5
284
330
282
100
AcDbAssocActionParam
 90
        1
 90
        0
  1

100
AcDbAssocCompoundActionParam
 90
        0
 90
        0
 90
        1
360
285
 90
        0
 90
        0
330
0
100
ACDBASSOCOSNAPPOINTREFACTIONPARAM
 90
        0
 90
       10
 40
1.570796326794891
  0
ACDBASSOCOSNAPPOINTREFACTIONPARAM
  5
287
330
282
100
AcDbAssocActionParam
 90
        1
 90
        0
  1

100
AcDbAssocCompoundActionParam
 90
        0
 90
        0
 90
        1
360
288
 90
        0
 90
        0
330
284
100
ACDBASSOCOSNAPPOINTREFACTIONPARAM
 90
        0
 90
       10
 40
1.570796326794903
  0
ACDBASSOCEDGEACTIONPARAM
  5
28B
330
282
100
AcDbAssocActionParam
 90
        1
 90
        0
  1
RotRefEdge0
100
AcDbAssocSingleDependencyActionParam
 90
        0
330
28C
100
AcDbAssocEdgeActionParam
 90
        0
330
0
290
     1
 90
       23
 10
78.10196352796629
 20
29.77933845680673
 30
0.0
 10
0.0
 20
8.5
 30
0.0
  0
ACDBASSOCEDGEACTIONPARAM
  5
28D
330
282
100
AcDbAssocActionParam
 90
        1
 90
        0
  1
RotRefEdge1
100
AcDbAssocSingleDependencyActionParam
 90
        0
330
28E
100
AcDbAssocEdgeActionParam
 90
        0
330
0
290
     1
 90
       23
 10
66.10196352796629
 20
20.77933845680673
 30
0.0
 10
0.0
 20
4.5
 30
0.0
  0
ACDBASSOCEDGEACTIONPARAM
  5
1A3
330
1A2
100
AcDbAssocActionParam
 90
        1
 90
        0
  1

100
AcDbAssocSingleDependencyActionParam
 90
        0
330
19D
100
AcDbAssocEdgeActionParam
 90
        0
330
0
290
     1
 90
       11
 10
1191581.370255526
 20
268489.462237398
 30
0.0
 10
0.0
 20
0.0
 30
1.0
 10
1.0
 20
0.0
 30
0.0
 40
3.0
 40
3.141592653589793
 40
4.712388980384689
 40
0.0
  0
ACDBASSOCEDGEACTIONPARAM
  5
1A5
330
1A4
100
AcDbAssocActionParam
 90
        1
 90
        0
  1

100
AcDbAssocSingleDependencyActionParam
 90
        0
330
19E
100
AcDbAssocEdgeActionParam
 90
        0
330
0
290
     1
 90
       23
 10
1191642.370255526
 20
268476.462237398
 30
0.0
 10
0.0
 20
8.5
 30
0.0
  0
ACDBASSOCEDGEACTIONPARAM
  5
1BD
330
1BC
100
AcDbAssocActionParam
 90
        1
 90
        0
  1

100
AcDbAssocSingleDependencyActionParam
 90
        0
330
1B7
100
AcDbAssocEdgeActionParam
 90
        0
330
0
290
     1
 90
       11
 10
1191725.370255527
 20
268467.462237398
 30
0.0
 10
0.0
 20
0.0
 30
1.0
 10
1.0
 20
0.0
 30
0.0
 40
3.0
 40
4.712388980384689
 40
6.283185307179586
 40
0.0
  0
ACDBASSOCEDGEACTIONPARAM
  5
1BF
330
1BE
100
AcDbAssocActionParam
 90
        1
 90
        0
  1

100
AcDbAssocSingleDependencyActionParam
 90
        0
330
1B8
100
AcDbAssocEdgeActionParam
 90
        0
330
0
290
     1
 90
       23
 10
1191713.370255526
 20
268526.462237398
 30
0.0
 10
12.0
 20
0.0
 30
0.0
  0
ACDBASSOCEDGEACTIONPARAM
  5
1CA
330
1C9
100
AcDbAssocActionParam
 90
        1
 90
        0
  1

100
AcDbAssocSingleDependencyActionParam
 90
        0
330
1C4
100
AcDbAssocEdgeActionParam
 90
        0
330
0
290
     1
 90
       11
 10
1191725.370255527
 20
268523.462237398
 30
0.0
 10
0.0
 20
0.0
 30
1.0
 10
1.0
 20
0.0
 30
0.0
 40
3.0
 40
0.0
 40
1.570796326794896
 40
0.0
  0
ACDBASSOCEDGEACTIONPARAM
  5
1CC
330
1CB
100
AcDbAssocActionParam
 90
        1
 90
        0
  1

100
AcDbAssocSingleDependencyActionParam
 90
        0
330
1C5
100
AcDbAssocEdgeActionParam
 90
        0
330
0
290
     1
 90
       23
 10
1191578.370255526
 20
268489.462237398
 30
0.0
 10
0.0
 20
34.0
 30
0.0
  0
ACDBASSOCEDGEACTIONPARAM
  5
1D5
330
1D4
100
AcDbAssocActionParam
 90
        1
 90
        0
  1

100
AcDbAssocSingleDependencyActionParam
 90
        0
330
1D1
100
AcDbAssocEdgeActionParam
 90
        0
330
0
290
     1
 90
       23
 10
1191725.370255527
 20
268464.462237398
 30
0.0
 10
-92.0
 20
0.0
 30
0.0
  0
ACDBASSOCEDGEACTIONPARAM
  5
1DF
330
1DE
100
AcDbAssocActionParam
 90
        1
 90
        0
  1

100
AcDbAssocSingleDependencyActionParam
 90
        0
330
1D9
100
AcDbAssocEdgeActionParam
 90
        0
330
0
290
     1
 90
       23
 10
1191640.870255526
 20
268486.462237398
 30
0.0
 10
-59.5
 20
0.0
 30
0.0
  0
ACDBASSOCEDGEACTIONPARAM
  5
1E1
330
1E0
100
AcDbAssocActionParam
 90
        1
 90
        0
  1

100
AcDbAssocSingleDependencyActionParam
 90
        0
330
1DA
100
AcDbAssocEdgeActionParam
 90
        0
330
0
290
     1
 90
       11
 10
1191581.370255526
 20
268523.462237398
 30
0.0
 10
0.0
 20
0.0
 30
1.0
 10
1.0
 20
0.0
 30
0.0
 40
3.0
 40
1.570796326794896
 40
3.141592653589793
 40
0.0
  0
ACDBASSOCEDGEACTIONPARAM
  5
1EC
330
1EB
100
AcDbAssocActionParam
 90
        1
 90
        0
  1

100
AcDbAssocSingleDependencyActionParam
 90
        0
330
1E6
100
AcDbAssocEdgeActionParam
 90
        0
330
0
290
     1
 90
       11
 10
1191633.370255526
 20
268467.462237398
 30
0.0
 10
0.0
 20
0.0
 30
1.0
 10
1.0
 20
0.0
 30
0.0
 40
3.0
 40
3.141592653589793
 40
4.712388980384689
 40
0.0
  0
ACDBASSOCEDGEACTIONPARAM
  5
1EE
330
1ED
100
AcDbAssocActionParam
 90
        1
 90
        0
  1

100
AcDbAssocSingleDependencyActionParam
 90
        0
330
1E7
100
AcDbAssocEdgeActionParam
 90
        0
330
0
290
     1
 90
       23
 10
1191728.370255527
 20
268523.462237398
 30
0.0
 10
0.0
 20
-56.0
 30
0.0
  0
ACDBASSOCEDGEACTIONPARAM
  5
285
330
284
100
AcDbAssocActionParam
 90
        1
 90
        0
  1

100
AcDbAssocSingleDependencyActionParam
 90
        0
330
286
100
AcDbAssocEdgeActionParam
 90
        0
330
0
290
     1
 90
       11
 10
76.60196352796629
 20
29.77933845680673
 30
0.0
 10
0.0
 20
0.0
 30
1.0
 10
1.0
 20
0.0
 30
0.0
 40
1.5
 40
4.712388980384689
 40
6.283185307179586
 40
0.0
  0
ACDBASSOCEDGEACTIONPARAM
  5
288
330
287
100
AcDbAssocActionParam
 90
        1
 90
        0
  1

100
AcDbAssocSingleDependencyActionParam
 90
        0
330
289
100
AcDbAssocEdgeActionParam
 90
        0
330
0
290
     1
 90
       11
 10
69.10196352796629
 20
20.77933845680673
 30
0.0
 10
0.0
 20
0.0
 30
1.0
 10
1.0
 20
0.0
 30
0.0
 40
3.0
 40
3.141592653589793
 40
4.712388980384689
 40
0.0
  0
ENDSEC
  0
EOF
