  0
SECTION
  2
HEADER
  9
$ACADVER
  1
AC1032
  9
$ACADMAINTVER
 90
      197
  9
$DWGCODEPAGE
  3
ANSI_1252
  9
$LASTSAVEDBY
  1
hassa
  9
$REQUIREDVERSIONS
160
                 0
  9
$INSBASE
 10
0.0
 20
0.0
 30
0.0
  9
$EXTMIN
 10
0.0
 20
-4580.733465379121
 30
0.0
  9
$EXTMAX
 10
2516.066169450525
 20
4289.414775093879
 30
0.0
  9
$LIMMIN
 10
0.0
 20
0.0
  9
$LIMMAX
 10
12.0
 20
9.0
  9
$ORTHOMODE
 70
     1
  9
$REGENMODE
 70
     1
  9
$FILLMODE
 70
     1
  9
$QTEXTMODE
 70
     0
  9
$MIRRTEXT
 70
     0
  9
$LTSCALE
 40
1.0
  9
$ATTMODE
 70
     1
  9
$TEXTSIZE
 40
0.2
  9
$TRACEWID
 40
0.05
  9
$TEXTSTYLE
  7
Standard
  9
$CLAYER
  8
0
  9
$CELTYPE
  6
ByLayer
  9
$CECOLOR
 62
   256
  9
$CELTSCALE
 40
1.0
  9
$DISPSILH
 70
     0
  9
$DIMSCALE
 40
300.0
  9
$DIMASZ
 40
0.18
  9
$DIMEXO
 40
0.0625
  9
$DIMDLI
 40
0.38
  9
$DIMRND
 40
0.0
  9
$DIMDLE
 40
0.0
  9
$DIMEXE
 40
0.18
  9
$DIMTP
 40
0.0
  9
$DIMTM
 40
0.0
  9
$DIMTXT
 40
0.18
  9
$DIMCEN
 40
0.09
  9
$DIMTSZ
 40
0.0
  9
$DIMTOL
 70
     0
  9
$DIMLIM
 70
     0
  9
$DIMTIH
 70
     1
  9
$DIMTOH
 70
     1
  9
$DIMSE1
 70
     0
  9
$DIMSE2
 70
     0
  9
$DIMTAD
 70
     0
  9
$DIMZIN
 70
     0
  9
$DIMBLK
  1

  9
$DIMASO
 70
     1
  9
$DIMSHO
 70
     1
  9
$DIMPOST
  1

  9
$DIMAPOST
  1

  9
$DIMALT
 70
     0
  9
$DIMALTD
 70
     2
  9
$DIMALTF
 40
25.4
  9
$DIMLFAC
 40
1.0
  9
$DIMTOFL
 70
     0
  9
$DIMTVP
 40
0.0
  9
$DIMTIX
 70
     0
  9
$DIMSOXD
 70
     0
  9
$DIMSAH
 70
     0
  9
$DIMBLK1
  1

  9
$DIMBLK2
  1

  9
$DIMSTYLE
  2
Standard
  9
$DIMCLRD
 70
     0
  9
$DIMCLRE
 70
     0
  9
$DIMCLRT
 70
     0
  9
$DIMTFAC
 40
1.0
  9
$DIMGAP
 40
0.09
  9
$DIMJUST
 70
     0
  9
$DIMSD1
 70
     0
  9
$DIMSD2
 70
     0
  9
$DIMTOLJ
 70
     1
  9
$DIMTZIN
 70
     0
  9
$DIMALTZ
 70
     0
  9
$DIMALTTZ
 70
     0
  9
$DIMUPT
 70
     0
  9
$DIMDEC
 70
     4
  9
$DIMTDEC
 70
     4
  9
$DIMALTU
 70
     2
  9
$DIMALTTD
 70
     2
  9
$DIMTXSTY
  7
Standard
  9
$DIMAUNIT
 70
     0
  9
$DIMADEC
 70
     0
  9
$DIMALTRND
 40
0.0
  9
$DIMAZIN
 70
     0
  9
$DIMDSEP
 70
    46
  9
$DIMATFIT
 70
     3
  9
$DIMFRAC
 70
     0
  9
$DIMLDRBLK
  1

  9
$DIMLUNIT
 70
     2
  9
$DIMLWD
 70
    -2
  9
$DIMLWE
 70
    -2
  9
$DIMTMOVE
 70
     0
  9
$DIMFXL
 40
1.0
  9
$DIMFXLON
 70
     0
  9
$DIMJOGANG
 40
0.7853981633974483
  9
$DIMTFILL
 70
     0
  9
$DIMTFILLCLR
 70
     0
  9
$DIMARCSYM
 70
     0
  9
$DIMLTYPE
  6

  9
$DIMLTEX1
  6

  9
$DIMLTEX2
  6

  9
$DIMTXTDIRECTION
 70
     0
  9
$LUNITS
 70
     2
  9
$LUPREC
 70
     4
  9
$SKETCHINC
 40
0.1
  9
$FILLETRAD
 40
0.0
  9
$AUNITS
 70
     0
  9
$AUPREC
 70
     0
  9
$MENU
  1
.
  9
$ELEVATION
 40
0.0
  9
$PELEVATION
 40
0.0
  9
$THICKNESS
 40
0.0
  9
$LIMCHECK
 70
     0
  9
$CHAMFERA
 40
0.0
  9
$CHAMFERB
 40
0.0
  9
$CHAMFERC
 40
0.0
  9
$CHAMFERD
 40
0.0
  9
$SKPOLY
 70
     0
  9
$TDCREATE
 40
2461196.668738426
  9
$TDUCREATE
 40
2461196.543738426
  9
$TDUPDATE
 40
2461303.909305556
  9
$TDUUPDATE
 40
2461303.784305556
  9
$TDINDWG
 40
0.2095833333
  9
$TDUSRTIMER
 40
0.2095833333
  9
$USRTIMER
 70
     1
  9
$ANGBASE
 50
0.0
  9
$ANGDIR
 70
     0
  9
$PDMODE
 70
     0
  9
$PDSIZE
 40
0.0
  9
$PLINEWID
 40
0.0
  9
$SPLFRAME
 70
     0
  9
$SPLINETYPE
 70
     6
  9
$SPLINESEGS
 70
     8
  9
$HANDSEED
  5
AC9
  9
$SURFTAB1
 70
     6
  9
$SURFTAB2
 70
     6
  9
$SURFTYPE
 70
     6
  9
$SURFU
 70
     6
  9
$SURFV
 70
     6
  9
$UCSBASE
  2

  9
$UCSNAME
  2

  9
$UCSORG
 10
0.0
 20
0.0
 30
0.0
  9
$UCSXDIR
 10
1.0
 20
0.0
 30
0.0
  9
$UCSYDIR
 10
0.0
 20
1.0
 30
0.0
  9
$UCSORTHOREF
  2

  9
$UCSORTHOVIEW
 70
     0
  9
$UCSORGTOP
 10
0.0
 20
0.0
 30
0.0
  9
$UCSORGBOTTOM
 10
0.0
 20
0.0
 30
0.0
  9
$UCSORGLEFT
 10
0.0
 20
0.0
 30
0.0
  9
$UCSORGRIGHT
 10
0.0
 20
0.0
 30
0.0
  9
$UCSORGFRONT
 10
0.0
 20
0.0
 30
0.0
  9
$UCSORGBACK
 10
0.0
 20
0.0
 30
0.0
  9
$PUCSBASE
  2

  9
$PUCSNAME
  2

  9
$PUCSORG
 10
0.0
 20
0.0
 30
0.0
  9
$PUCSXDIR
 10
1.0
 20
0.0
 30
0.0
  9
$PUCSYDIR
 10
0.0
 20
1.0
 30
0.0
  9
$PUCSORTHOREF
  2

  9
$PUCSORTHOVIEW
 70
     0
  9
$PUCSORGTOP
 10
0.0
 20
0.0
 30
0.0
  9
$PUCSORGBOTTOM
 10
0.0
 20
0.0
 30
0.0
  9
$PUCSORGLEFT
 10
0.0
 20
0.0
 30
0.0
  9
$PUCSORGRIGHT
 10
0.0
 20
0.0
 30
0.0
  9
$PUCSORGFRONT
 10
0.0
 20
0.0
 30
0.0
  9
$PUCSORGBACK
 10
0.0
 20
0.0
 30
0.0
  9
$USERI1
 70
     0
  9
$USERI2
 70
     0
  9
$USERI3
 70
     0
  9
$USERI4
 70
     0
  9
$USERI5
 70
     0
  9
$USERR1
 40
0.0
  9
$USERR2
 40
0.0
  9
$USERR3
 40
0.0
  9
$USERR4
 40
0.0
  9
$USERR5
 40
0.0
  9
$WORLDVIEW
 70
     1
  9
$SHADEDGE
 70
     3
  9
$SHADEDIF
 70
    70
  9
$TILEMODE
 70
     1
  9
$MAXACTVP
 70
    64
  9
$PINSBASE
 10
0.0
 20
0.0
 30
0.0
  9
$PLIMCHECK
 70
     0
  9
$PEXTMIN
 10
1.000000000000000E+20
 20
1.000000000000000E+20
 30
1.000000000000000E+20
  9
$PEXTMAX
 10
-1.000000000000000E+20
 20
-1.000000000000000E+20
 30
-1.000000000000000E+20
  9
$PLIMMIN
 10
0.0
 20
0.0
  9
$PLIMMAX
 10
12.0
 20
9.0
  9
$UNITMODE
 70
     0
  9
$VISRETAIN
 70
     1
  9
$PLINEGEN
 70
     0
  9
$PSLTSCALE
 70
     1
  9
$TREEDEPTH
 70
  3020
  9
$CMLSTYLE
  2
Standard
  9
$CMLJUST
 70
     0
  9
$CMLSCALE
 40
1.0
  9
$PROXYGRAPHICS
 70
     1
  9
$MEASUREMENT
 70
     0
  9
$CELWEIGHT
370
    -1
  9
$ENDCAPS
280
     0
  9
$JOINSTYLE
280
     0
  9
$LWDISPLAY
290
     0
  9
$INSUNITS
 70
     0
  9
$HYPERLINKBASE
  1

  9
$STYLESHEET
  1

  9
$XEDIT
290
     1
  9
$CEPSNTYPE
380
     0
  9
$PSTYLEMODE
290
     1
  9
$FINGERPRINTGUID
  2
{C5C604FE-71FB-0C43-88D0-E3B6C12EEE44}
  9
$VERSIONGUID
  2
{73F82467-CE8C-3D4C-92CF-913BB9C934A2}
  9
$EXTNAMES
290
     1
  9
$PSVPSCALE
 40
0.0
  9
$OLESTARTUP
290
     0
  9
$SORTENTS
280
   127
  9
$INDEXCTL
280
     0
  9
$HIDETEXT
280
     1
  9
$XCLIPFRAME
280
     2
  9
$HALOGAP
280
     0
  9
$OBSCOLOR
 70
   257
  9
$OBSLTYPE
280
     0
  9
$INTERSECTIONDISPLAY
280
     0
  9
$INTERSECTIONCOLOR
 70
   257
  9
$DIMASSOC
280
     2
  9
$PROJECTNAME
  1

  9
$CAMERADISPLAY
290
     0
  9
$LENSLENGTH
 40
50.0
  9
$CAMERAHEIGHT
 40
0.0
  9
$STEPSPERSEC
 40
2.0
  9
$STEPSIZE
 40
6.0
  9
$3DDWFPREC
 40
2.0
  9
$PSOLWIDTH
 40
0.25
  9
$PSOLHEIGHT
 40
4.0
  9
$LOFTANG1
 40
1.570796326794896
  9
$LOFTANG2
 40
1.570796326794896
  9
$LOFTMAG1
 40
0.0
  9
$LOFTMAG2
 40
0.0
  9
$LOFTPARAM
 70
     7
  9
$LOFTNORMALS
280
     1
  9
$LATITUDE
 40
37.795
  9
$LONGITUDE
 40
-122.394
  9
$NORTHDIRECTION
 40
0.0
  9
$TIMEZONE
 70
 -8000
  9
$LIGHTGLYPHDISPLAY
280
     1
  9
$TILEMODELIGHTSYNCH
280
     1
  9
$CMATERIAL
347
35
  9
$SOLIDHIST
280
     0
  9
$SHOWHIST
280
     1
  9
$DWFFRAME
280
     2
  9
$DGNFRAME
280
     0
  9
$REALWORLDSCALE
290
     1
  9
$INTERFERECOLOR
 62
     1
  9
$INTERFEREOBJVS
345
69
  9
$INTERFEREVPVS
346
6A
  9
$CSHADOW
280
     0
  9
$SHADOWPLANELOCATION
 40
0.0
  0
ENDSEC
  0
SECTION
  2
CLASSES
  0
CLASS
  1
ACDBDICTIONARYWDFLT
  2
AcDbDictionaryWithDefault
  3
ObjectDBX Classes
 90
        0
 91
        1
280
     0
281
     0
  0
CLASS
  1
MATERIAL
  2
AcDbMaterial
  3
ObjectDBX Classes
 90
     1153
 91
        3
280
     0
281
     0
  0
CLASS
  1
VISUALSTYLE
  2
AcDbVisualStyle
  3
ObjectDBX Classes
 90
     4095
 91
       24
280
     0
281
     0
  0
CLASS
  1
SCALE
  2
AcDbScale
  3
ObjectDBX Classes
 90
     1153
 91
       17
280
     0
281
     0
  0
CLASS
  1
TABLESTYLE
  2
AcDbTableStyle
  3
ObjectDBX Classes
 90
     4095
 91
        1
280
     0
281
     0
  0
CLASS
  1
MLEADERSTYLE
  2
AcDbMLeaderStyle
  3
ACDB_MLEADERSTYLE_CLASS
 90
     4095
 91
        1
280
     0
281
     0
  0
CLASS
  1
ACDBSECTIONVIEWSTYLE
  2
AcDbSectionViewStyle
  3
ObjectDBX Classes
 90
     1025
 91
        1
280
     0
281
     0
  0
CLASS
  1
ACDBDETAILVIEWSTYLE
  2
AcDbDetailViewStyle
  3
ObjectDBX Classes
 90
     1025
 91
        1
280
     0
281
     0
  0
CLASS
  1
DICTIONARYVAR
  2
AcDbDictionaryVar
  3
ObjectDBX Classes
 90
        0
 91
       29
280
     0
281
     0
  0
CLASS
  1
DIMASSOC
  2
AcDbDimAssoc
  3
"AcDbDimAssoc|Product Desc:     AcDim ARX App For Dimension|Company:          Autodesk, Inc.|WEB Address:      www.autodesk.com"
 90
        0
 91
       15
280
     0
281
     0
  0
CLASS
  1
SORTENTSTABLE
  2
AcDbSortentsTable
  3
ObjectDBX Classes
 90
        0
 91
        4
280
     0
281
     0
  0
CLASS
  1
ACAD_EVALUATION_GRAPH
  2
AcDbEvalGraph
  3
ObjectDBX Classes
 90
     1153
 91
        4
280
     0
281
     0
  0
CLASS
  1
BLOCKVISIBILITYPARAMETER
  2
AcDbBlockVisibilityParameter
  3
ObjectDBX Classes
 90
     1153
 91
        4
280
     0
281
     0
  0
CLASS
  1
BLOCKVISIBILITYGRIP
  2
AcDbBlockVisibilityGrip
  3
ObjectDBX Classes
 90
     1153
 91
        4
280
     0
281
     0
  0
CLASS
  1
BLOCKGRIPLOCATIONCOMPONENT
  2
AcDbBlockGripExpr
  3
ObjectDBX Classes
 90
     1153
 91
      196
280
     0
281
     0
  0
CLASS
  1
BLOCKLINEARPARAMETER
  2
AcDbBlockLinearParameter
  3
ObjectDBX Classes
 90
     1153
 91
       68
280
     0
281
     0
  0
CLASS
  1
BLOCKLINEARGRIP
  2
AcDbBlockLinearGrip
  3
ObjectDBX Classes
 90
     1153
 91
       68
280
     0
281
     0
  0
CLASS
  1
BLOCKSTRETCHACTION
  2
AcDbBlockStretchAction
  3
ObjectDBX Classes
 90
     1153
 91
      160
280
     0
281
     0
  0
CLASS
  1
BLOCKLOOKUPPARAMETER
  2
AcDbBlockLookupParameter
  3
ObjectDBX Classes
 90
     1153
 91
        4
280
     0
281
     0
  0
CLASS
  1
BLOCKLOOKUPGRIP
  2
AcDbBlockLookupGrip
  3
ObjectDBX Classes
 90
     1153
 91
        4
280
     0
281
     0
  0
CLASS
  1
BLOCKXYPARAMETER
  2
AcDbBlockXYParameter
  3
ObjectDBX Classes
 90
     1153
 91
        4
280
     0
281
     0
  0
CLASS
  1
BLOCKXYGRIP
  2
AcDbBlockXYGrip
  3
ObjectDBX Classes
 90
     1153
 91
       16
280
     0
281
     0
  0
CLASS
  1
BLOCKLOOKUPACTION
  2
AcDbBlockLookupAction
  3
ObjectDBX Classes
 90
     1153
 91
        4
280
     0
281
     0
  0
CLASS
  1
BLOCKFLIPPARAMETER
  2
AcDbBlockFlipParameter
  3
ObjectDBX Classes
 90
     1153
 91
        4
280
     0
281
     0
  0
CLASS
  1
BLOCKFLIPGRIP
  2
AcDbBlockFlipGrip
  3
ObjectDBX Classes
 90
     1153
 91
        4
280
     0
281
     0
  0
CLASS
  1
BLOCKFLIPACTION
  2
AcDbBlockFlipAction
  3
ObjectDBX Classes
 90
     1153
 91
        4
280
     0
281
     0
  0
CLASS
  1
ACDB_DYNAMICBLOCKPROXYNODE
  2
AcDbDynamicBlockProxyNode
  3
ObjectDBX Classes
 90
     1153
 91
        4
280
     0
281
     0
  0
CLASS
  1
ACDB_DYNAMICBLOCKPURGEPREVENTER_VERSION
  2
AcDbDynamicBlockPurgePreventer
  3
ObjectDBX Classes
 90
     1153
 91
        0
280
     0
281
     0
  0
CLASS
  1
ACDBASSOCACTION
  2
AcDbAssocAction
  3
ObjectDBX Classes
 90
     1025
 91
        0
280
     0
281
     0
  0
CLASS
  1
ACDBASSOCROTATEDDIMACTIONBODY
  2
AcDbAssocRotatedDimActionBody
  3
ObjectDBX Classes
 90
     1025
 91
        0
280
     0
281
     0
  0
CLASS
  1
ACDBASSOCGEOMDEPENDENCY
  2
AcDbAssocGeomDependency
  3
ObjectDBX Classes
 90
     1025
 91
        0
280
     0
281
     0
  0
CLASS
  1
ACDBASSOCDEPENDENCY
  2
AcDbAssocDependency
  3
ObjectDBX Classes
 90
     1025
 91
        0
280
     0
281
     0
  0
CLASS
  1
ACDBASSOCOSNAPPOINTREFACTIONPARAM
  2
AcDbAssocOsnapPointRefActionParam
  3
ObjectDBX Classes
 90
     1025
 91
        0
280
     0
281
     0
  0
CLASS
  1
ACDBASSOCEDGEACTIONPARAM
  2
AcDbAssocEdgeActionParam
  3
ObjectDBX Classes
 90
     1025
 91
        0
280
     0
281
     0
  0
CLASS
  1
ACDBASSOCNETWORK
  2
AcDbAssocNetwork
  3
ObjectDBX Classes
 90
     1025
 91
        1
280
     0
281
     0
  0
CLASS
  1
ACAECUSTOBJ
  2
AcAeEditorObj
  3
AcAeEditorObj
 90
     1024
 91
        1
280
     0
281
     0
  0
CLASS
  1
VISIBILITYPARAMETERENTITY
  2
AcDbBlockVisibilityParameterEntity
  3
ObjectDBX Classes
 90
     1025
 91
        1
280
     0
281
     1
  0
CLASS
  1
ACAEEEMGROBJ
  2
AcAeEEMgrObj
  3
AcAeEEMgrObj
 90
     1024
 91
        1
280
     0
281
     0
  0
CLASS
  1
VISIBILITYGRIPENTITY
  2
AcDbBlockVisibilityGripEntity
  3
ObjectDBX Classes
 90
     1025
 91
        1
280
     0
281
     1
  0
CLASS
  1
LINEARPARAMETERENTITY
  2
AcDbBlockLinearParameterEntity
  3
ObjectDBX Classes
 90
     1025
 91
       17
280
     0
281
     1
  0
CLASS
  1
LINEARGRIPENTITY
  2
AcDbBlockLinearGripEntity
  3
ObjectDBX Classes
 90
     1025
 91
       17
280
     0
281
     1
  0
CLASS
  1
STRETCHACTIONENTITY
  2
AcDbBlockStretchActionEntity
  3
ObjectDBX Classes
 90
     1025
 91
       40
280
     0
281
     1
  0
CLASS
  1
LOOKUPPARAMETERENTITY
  2
AcDbBlockLookupParameterEntity
  3
ObjectDBX Classes
 90
     1025
 91
        1
280
     0
281
     1
  0
CLASS
  1
LOOKUPGRIPENTITY
  2
AcDbBlockLookupGripEntity
  3
ObjectDBX Classes
 90
     1025
 91
        1
280
     0
281
     1
  0
CLASS
  1
XYPARAMETERENTITY
  2
AcDbBlockXYParameterEntity
  3
ObjectDBX Classes
 90
     1025
 91
        1
280
     0
281
     1
  0
CLASS
  1
XYGRIPENTITY
  2
AcDbBlockXYGripEntity
  3
ObjectDBX Classes
 90
     1025
 91
        4
280
     0
281
     1
  0
CLASS
  1
LOOKUPACTIONENTITY
  2
AcDbBlockLookupActionEntity
  3
ObjectDBX Classes
 90
     1025
 91
        1
280
     0
281
     1
  0
CLASS
  1
FLIPPARAMETERENTITY
  2
AcDbBlockFlipParameterEntity
  3
ObjectDBX Classes
 90
     1025
 91
        1
280
     0
281
     1
  0
CLASS
  1
FLIPGRIPENTITY
  2
AcDbBlockFlipGripEntity
  3
ObjectDBX Classes
 90
     1025
 91
        1
280
     0
281
     1
  0
CLASS
  1
FLIPACTIONENTITY
  2
AcDbBlockFlipActionEntity
  3
ObjectDBX Classes
 90
     1025
 91
        1
280
     0
281
     1
  0
CLASS
  1
ACDB_BLOCKREPRESENTATION_DATA
  2
AcDbBlockRepresentationData
  3
ObjectDBX Classes
 90
     1153
 91
        0
280
     0
281
     0
  0
CLASS
  1
CELLSTYLEMAP
  2
AcDbCellStyleMap
  3
ObjectDBX Classes
 90
     1152
 91
        2
280
     0
281
     0
  0
ENDSEC
  0
SECTION
  2
TABLES
  0
TABLE
  2
VPORT
  5
26
330
0
100
AcDbSymbolTable
 70
     1
  0
VPORT
  5
27
330
26
100
AcDbSymbolTableRecord
100
AcDbViewportTableRecord
  2
*Active
 70
     0
 10
0.0
 20
0.0
 11
1.0
 21
1.0
 12
4097.110609689665
 22
1436.380406351657
 13
0.0
 23
0.0
 14
0.5
 24
0.5
 15
0.5
 25
0.5
 16
0.0
 26
0.0
 36
1.0
 17
0.0
 27
0.0
 37
0.0
 40
8969.92307113742
 41
2.227576974564926
 42
50.0
 43
0.0
 44
0.0
 50
0.0
 51
0.0
 71
     0
 72
  1000
 73
     1
 74
     2
 75
     0
 76
     0
 77
     0
 78
     0
281
     0
 65
     1
110
0.0
120
0.0
130
0.0
111
1.0
121
0.0
131
0.0
112
0.0
122
1.0
132
0.0
 79
     0
146
0.0
348
28
 60
     3
 61
     5
292
     1
282
     1
141
0.0
142
0.0
 63
   250
421
  3355443
1001
ACAD_NAV_VCDISPLAY
1070
     1
  0
ENDTAB
  0
TABLE
  2
LTYPE
  5
21
330
0
100
AcDbSymbolTable
 70
     3
  0
LTYPE
  5
22
330
21
100
AcDbSymbolTableRecord
100
AcDbLinetypeTableRecord
  2
ByBlock
 70
     0
  3

 72
    65
 73
     0
 40
0.0
  0
LTYPE
  5
23
330
21
100
AcDbSymbolTableRecord
100
AcDbLinetypeTableRecord
  2
ByLayer
 70
     0
  3

 72
    65
 73
     0
 40
0.0
  0
LTYPE
  5
13
330
21
100
AcDbSymbolTableRecord
100
AcDbLinetypeTableRecord
  2
Continuous
 70
     0
  3
Solid line
 72
    65
 73
     0
 40
0.0
  0
LTYPE
  5
7D
330
21
100
AcDbSymbolTableRecord
100
AcDbLinetypeTableRecord
  2
CENTERX2
 70
     0
  3
Center (2x) ________  __  ________  __  _____
 72
    65
 73
     4
 40
20.32
 49
12.7
 74
     0
 49
-2.54
 74
     0
 49
2.54
 74
     0
 49
-2.54
 74
     0
  0
ENDTAB
  0
TABLE
  2
LAYER
  5
1B
102
{ACAD_XDICTIONARY
360
1C
102
}
330
0
100
AcDbSymbolTable
 70
     3
  0
LAYER
  5
6
330
1B
100
AcDbSymbolTableRecord
100
AcDbLayerTableRecord
  2
0
 70
     0
 62
     7
  6
Continuous
370
    -3
390
7
347
A
348
0
  0
LAYER
  5
15F
330
1B
100
AcDbSymbolTableRecord
100
AcDbLayerTableRecord
  2
Defpoints
 70
     0
 62
     7
  6
Continuous
290
     0
370
    -3
390
7
347
A
348
0
  0
LAYER
  5
18C
330
1B
100
AcDbSymbolTableRecord
100
AcDbLayerTableRecord
  2
A-DIMS-INSD
 70
     0
 62
     7
  6
Continuous
370
    -3
390
7
347
A
348
0
  0
ENDTAB
  0
TABLE
  2
STYLE
  5
1E
330
0
100
AcDbSymbolTable
 70
     3
  0
STYLE
  5
1F
330
1E
100
AcDbSymbolTableRecord
100
AcDbTextStyleTableRecord
  2
Standard
 70
     0
 40
0.0
 41
1.0
 50
0.0
 71
     0
 42
0.2
  3
txt
  4

  0
STYLE
  5
493
330
1E
100
AcDbSymbolTableRecord
100
AcDbTextStyleTableRecord
  2
{18b73a54-fa43-428c-adcb-c1c7bbdf2c84}
 70
     0
 40
0.0
 41
1.0
 50
0.0
 71
     0
 42
0.2
  3
Simplex.shx
  4

  0
ENDTAB
  0
TABLE
  2
VIEW
  5
24
330
0
100
AcDbSymbolTable
 70
     0
  0
ENDTAB
  0
TABLE
  2
UCS
  5
25
330
0
100
AcDbSymbolTable
 70
     0
  0
ENDTAB
  0
TABLE
  2
APPID
  5
2B
330
0
100
AcDbSymbolTable
 70
     8
  0
APPID
  5
2C
330
2B
100
AcDbSymbolTableRecord
100
AcDbRegAppTableRecord
  2
ACAD
 70
     0
  0
APPID
  5
2A
330
2B
100
AcDbSymbolTableRecord
100
AcDbRegAppTableRecord
  2
ACAD_NAV_VCDISPLAY
 70
     0
  0
APPID
  5
1C5
330
2B
100
AcDbSymbolTableRecord
100
AcDbRegAppTableRecord
  2
ACAUTHENVIRON
 70
     0
  0
APPID
  5
7E
330
2B
100
AcDbSymbolTableRecord
100
AcDbRegAppTableRecord
  2
AcDbBlockRepETag
 70
     0
  0
APPID
  5
2F
330
2B
100
AcDbSymbolTableRecord
100
AcDbRegAppTableRecord
  2
ACAD_DSTYLE_DIMJAG
 70
     0
  0
APPID
  5
30
330
2B
100
AcDbSymbolTableRecord
100
AcDbRegAppTableRecord
  2
ACAD_DSTYLE_DIMTALN
 70
     0
  0
APPID
  5
42D
330
2B
100
AcDbSymbolTableRecord
100
AcDbRegAppTableRecord
  2
Acad_TC
 70
     0
  0
APPID
  5
543
330
2B
100
AcDbSymbolTableRecord
100
AcDbRegAppTableRecord
  2
AcadAnnoPO
 70
     0
  0
ENDTAB
  0
TABLE
  2
DIMSTYLE
  5
2D
330
0
100
AcDbSymbolTable
 70
     2
100
AcDbDimStyleTable
 71
     1
340
2E
  0
DIMSTYLE
105
2E
102
{ACAD_REACTORS
330
371
330
374
330
377
330
4E8
330
63D
330
631
330
634
330
637
330
7C3
330
7C6
330
7C9
330
A2F
330
A32
330
A35
102
}
330
2D
100
AcDbSymbolTableRecord
100
AcDbDimStyleTableRecord
  2
Standard
 70
     0
 40
300.0
340
1F
1001
ACAD_DSTYLE_DIMJAG
1070
   388
1040
1.5
1001
ACAD_DSTYLE_DIMTALN
1070
   392
1070
     0
  0
ENDTAB
  0
TABLE
  2
BLOCK_RECORD
  5
1
330
0
100
AcDbSymbolTable
 70
    17
  0
BLOCK_RECORD
  5
2
102
{ACAD_XDICTIONARY
360
7D2
102
}
330
1
100
AcDbSymbolTableRecord
100
AcDbBlockTableRecord
  2
*Model_Space
340
15
 70
     0
280
     1
281
     0
1001
AcDbBlockRepETag
1070
     1
1071
      244
  0
BLOCK_RECORD
  5
17
330
1
100
AcDbSymbolTableRecord
100
AcDbBlockTableRecord
  2
*Paper_Space
340
1A
 70
     0
280
     1
281
     0
  0
BLOCK_RECORD
  5
164
330
1
100
AcDbSymbolTableRecord
100
AcDbBlockTableRecord
  2
*D0
340
0
 70
     0
280
     1
281
     0
  0
BLOCK_RECORD
  5
154
330
1
100
AcDbSymbolTableRecord
100
AcDbBlockTableRecord
  2
*D1
340
0
 70
     0
280
     1
281
     0
  0
BLOCK_RECORD
  5
19D
330
1
100
AcDbSymbolTableRecord
100
AcDbBlockTableRecord
  2
*D2
340
0
 70
     0
280
     1
281
     0
  0
BLOCK_RECORD
  5
18D
330
1
100
AcDbSymbolTableRecord
100
AcDbBlockTableRecord
  2
*D3
340
0
 70
     0
280
     1
281
     0
  0
BLOCK_RECORD
  5
1AE
330
1
100
AcDbSymbolTableRecord
100
AcDbBlockTableRecord
  2
*D4
340
0
 70
     0
280
     1
281
     0
  0
BLOCK_RECORD
  5
27F
102
{ACAD_XDICTIONARY
360
640
102
}
330
1
100
AcDbSymbolTableRecord
100
AcDbBlockTableRecord
  2
*U5
340
0
 70
     0
280
     1
281
     0
1001
AcDbBlockRepETag
1070
     1
1071
      244
  0
BLOCK_RECORD
  5
417
330
1
100
AcDbSymbolTableRecord
100
AcDbBlockTableRecord
  2
*D6
340
0
 70
     0
280
     1
281
     0
  0
BLOCK_RECORD
  5
483
330
1
100
AcDbSymbolTableRecord
100
AcDbBlockTableRecord
  2
*D7
340
0
 70
     0
280
     1
281
     0
  0
BLOCK_RECORD
  5
495
330
1
100
AcDbSymbolTableRecord
100
AcDbBlockTableRecord
  2
*D8
340
0
 70
     0
280
     1
281
     0
  0
BLOCK_RECORD
  5
4A2
330
1
100
AcDbSymbolTableRecord
100
AcDbBlockTableRecord
  2
*D9
340
0
 70
     0
280
     1
281
     0
  0
BLOCK_RECORD
  5
4CF
330
1
100
AcDbSymbolTableRecord
100
AcDbBlockTableRecord
  2
*D10
340
0
 70
     0
280
     1
281
     0
  0
BLOCK_RECORD
  5
4E9
330
1
100
AcDbSymbolTableRecord
100
AcDbBlockTableRecord
  2
*D11
340
0
 70
     0
280
     1
281
     0
  0
BLOCK_RECORD
  5
6D3
102
{ACAD_XDICTIONARY
360
A3B
102
}
330
1
100
AcDbSymbolTableRecord
100
AcDbBlockTableRecord
  2
*U12
340
0
 70
     0
280
     1
281
     0
1001
AcDbBlockRepETag
1070
     1
1071
      244
  0
BLOCK_RECORD
  5
8B7
330
1
100
AcDbSymbolTableRecord
100
AcDbBlockTableRecord
  2
*D13
340
0
 70
     0
280
     1
281
     0
  0
BLOCK_RECORD
  5
8C8
330
1
100
AcDbSymbolTableRecord
100
AcDbBlockTableRecord
  2
*D14
340
0
 70
     0
280
     1
281
     0
  0
BLOCK_RECORD
  5
8D5
330
1
100
AcDbSymbolTableRecord
100
AcDbBlockTableRecord
  2
*D15
340
0
 70
     0
280
     1
281
     0
  0
ENDTAB
  0
ENDSEC
  0
SECTION
  2
BLOCKS
  0
BLOCK
  5
5
330
2
100
AcDbEntity
  8
0
100
AcDbBlockBegin
  2
*Model_Space
 70
     0
 10
0.0
 20
0.0
 30
0.0
  3
*Model_Space
  1

  0
ENDBLK
  5
14
330
2
100
AcDbEntity
  8
0
100
AcDbBlockEnd
  0
BLOCK
  5
18
330
17
100
AcDbEntity
 67
     1
  8
0
100
AcDbBlockBegin
  2
*Paper_Space
 70
     0
 10
0.0
 20
0.0
 30
0.0
  3
*Paper_Space
  1

  0
ENDBLK
  5
19
330
17
100
AcDbEntity
 67
     1
  8
0
100
AcDbBlockEnd
  0
BLOCK
  5
165
330
164
100
AcDbEntity
  8
0
100
AcDbBlockBegin
  2
*D0
 70
     1
 10
0.0
 20
0.0
 30
0.0
  3
*D0
  1

  0
LINE
  5
166
330
164
100
AcDbEntity
  8
0
 62
     0
440
 16777216
370
    -2
100
AcDbLine
 10
2463.151767394132
 20
2447.106514497544
 30
0.0
 11
2463.151767394132
 21
2630.982520503196
 31
0.0
  0
LINE
  5
167
330
164
100
AcDbEntity
  8
0
 62
     0
440
 16777216
370
    -2
100
AcDbLine
 10
2223.151767394132
 20
2447.106514497544
 30
0.0
 11
2223.151767394132
 21
2630.982520503196
 31
0.0
  0
LINE
  5
168
330
164
100
AcDbEntity
  8
0
 62
     0
440
 16777216
370
    -2
100
AcDbLine
 10
2409.151767394132
 20
2576.982520503197
 30
0.0
 11
2277.151767394132
 21
2576.982520503197
 31
0.0
  0
LINE
  5
169
330
164
100
AcDbEntity
  8
0
 62
     0
440
 16777216
370
    -2
100
AcDbLine
 10
2223.151767394132
 20
2576.982520503197
 30
0.0
 11
2169.151767394132
 21
2576.982520503197
 31
0.0
  0
SOLID
  5
16A
330
164
100
AcDbEntity
  8
0
 62
     0
440
 16777216
100
AcDbTrace
 10
2409.151767394132
 20
2585.982520503196
 30
0.0
 11
2409.151767394132
 21
2567.982520503196
 31
0.0
 12
2463.151767394132
 22
2576.982520503197
 32
0.0
 13
2463.151767394132
 23
2576.982520503197
 33
0.0
  0
SOLID
  5
16B
330
164
100
AcDbEntity
  8
0
 62
     0
440
 16777216
100
AcDbTrace
 10
2277.151767394132
 20
2585.982520503196
 30
0.0
 11
2277.151767394132
 21
2567.982520503196
 31
0.0
 12
2223.151767394132
 22
2576.982520503197
 32
0.0
 13
2223.151767394132
 23
2576.982520503197
 33
0.0
  0
MTEXT
  5
16C
330
164
100
AcDbEntity
  8
0
 62
     0
440
 16777216
100
AcDbMText
 10
1975.651767394132
 20
2576.982520503197
 30
0.0
 40
54.0
 41
0.0
 46
0.0
 71
     5
 72
     1
  1
\A1;240.0000
 73
     1
 44
1.0
  0
POINT
  5
16D
330
164
100
AcDbEntity
  8
Defpoints
 62
     0
440
 16777216
100
AcDbPoint
 10
2463.151767394132
 20
2428.356514497544
 30
0.0
  0
POINT
  5
16E
330
164
100
AcDbEntity
  8
Defpoints
 62
     0
440
 16777216
100
AcDbPoint
 10
2223.151767394132
 20
2428.356514497544
 30
0.0
  0
POINT
  5
16F
330
164
100
AcDbEntity
  8
Defpoints
 62
     0
440
 16777216
100
AcDbPoint
 10
2223.151767394132
 20
2576.982520503197
 30
0.0
  0
ENDBLK
  5
170
330
164
100
AcDbEntity
  8
0
100
AcDbBlockEnd
  0
BLOCK
  5
155
330
154
100
AcDbEntity
  8
0
100
AcDbBlockBegin
  2
*D1
 70
     1
 10
0.0
 20
0.0
 30
0.0
  3
*D1
  1

  0
LINE
  5
156
330
154
100
AcDbEntity
  8
0
 62
     0
440
 16777216
370
    -2
100
AcDbLine
 10
1853.591284325346
 20
4308.164775093879
 30
0.0
 11
1853.591284325346
 21
4660.375280535943
 31
0.0
  0
LINE
  5
157
330
154
100
AcDbEntity
  8
0
 62
     0
440
 16777216
370
    -2
100
AcDbLine
 10
775.5912843253462
 20
4308.164775093879
 30
0.0
 11
775.5912843253462
 21
4660.375280535943
 31
0.0
  0
LINE
  5
158
330
154
100
AcDbEntity
  8
0
 62
     0
440
 16777216
370
    -2
100
AcDbLine
 10
1799.591284325346
 20
4606.375280535942
 30
0.0
 11
1526.091284325346
 21
4606.375280535942
 31
0.0
  0
LINE
  5
159
330
154
100
AcDbEntity
  8
0
 62
     0
440
 16777216
370
    -2
100
AcDbLine
 10
829.5912843253463
 20
4606.375280535942
 30
0.0
 11
1103.091284325346
 21
4606.375280535942
 31
0.0
  0
SOLID
  5
15A
330
154
100
AcDbEntity
  8
0
 62
     0
440
 16777216
100
AcDbTrace
 10
1799.591284325346
 20
4615.375280535944
 30
0.0
 11
1799.591284325346
 21
4597.375280535945
 31
0.0
 12
1853.591284325346
 22
4606.375280535942
 32
0.0
 13
1853.591284325346
 23
4606.375280535942
 33
0.0
  0
SOLID
  5
15C
330
154
100
AcDbEntity
  8
0
 62
     0
440
 16777216
100
AcDbTrace
 10
829.5912843253463
 20
4615.375280535944
 30
0.0
 11
829.5912843253463
 21
4597.375280535945
 31
0.0
 12
775.5912843253462
 22
4606.375280535942
 32
0.0
 13
775.5912843253462
 23
4606.375280535942
 33
0.0
  0
MTEXT
  5
15D
330
154
100
AcDbEntity
  8
0
 62
     0
440
 16777216
100
AcDbMText
 10
1314.591284325346
 20
4606.375280535942
 30
0.0
 40
54.0
 41
0.0
 46
0.0
 71
     5
 72
     1
  1
\A1;1078.0000
 73
     1
 44
1.0
  0
POINT
  5
15E
330
154
100
AcDbEntity
  8
Defpoints
 62
     0
440
 16777216
100
AcDbPoint
 10
1853.591284325346
 20
4289.414775093879
 30
0.0
  0
POINT
  5
160
330
154
100
AcDbEntity
  8
Defpoints
 62
     0
440
 16777216
100
AcDbPoint
 10
775.5912843253462
 20
4289.414775093879
 30
0.0
  0
POINT
  5
161
330
154
100
AcDbEntity
  8
Defpoints
 62
     0
440
 16777216
100
AcDbPoint
 10
775.5912843253462
 20
4606.375280535942
 30
0.0
  0
ENDBLK
  5
162
330
154
100
AcDbEntity
  8
0
100
AcDbBlockEnd
  0
BLOCK
  5
19E
330
19D
100
AcDbEntity
  8
0
100
AcDbBlockBegin
  2
*D2
 70
     1
 10
0.0
 20
0.0
 30
0.0
  3
*D2
  1

  0
LINE
  5
19F
330
19D
100
AcDbEntity
  8
A-DIMS-INSD
 62
     0
440
 16777216
370
    -2
100
AcDbLine
 10
2569.259121255644
 20
1441.835837790114
 30
0.0
 11
2625.854398758703
 21
1441.835837790114
 31
0.0
  0
LINE
  5
1A0
330
19D
100
AcDbEntity
  8
A-DIMS-INSD
 62
     0
440
 16777216
370
    -2
100
AcDbLine
 10
2569.259121255644
 20
1481.835837790114
 30
0.0
 11
2625.854398758703
 21
1481.835837790114
 31
0.0
  0
LINE
  5
1A1
330
19D
100
AcDbEntity
  8
A-DIMS-INSD
 62
     0
440
 16777216
370
    -2
100
AcDbLine
 10
2571.854398758703
 20
1387.835837790114
 30
0.0
 11
2571.854398758703
 21
1333.835837790114
 31
0.0
  0
LINE
  5
1A2
330
19D
100
AcDbEntity
  8
A-DIMS-INSD
 62
     0
440
 16777216
370
    -2
100
AcDbLine
 10
2571.854398758703
 20
1535.835837790114
 30
0.0
 11
2571.854398758703
 21
1589.835837790114
 31
0.0
  0
LINE
  5
1A3
330
19D
100
AcDbEntity
  8
A-DIMS-INSD
 62
     0
440
 16777216
370
    -2
100
AcDbLine
 10
2571.854398758703
 20
1589.835837790114
 30
0.0
 11
2625.854398758703
 21
1589.835837790114
 31
0.0
  0
SOLID
  5
1A4
330
19D
100
AcDbEntity
  8
A-DIMS-INSD
 62
     0
440
 16777216
100
AcDbTrace
 10
2562.854398758704
 20
1387.835837790114
 30
0.0
 11
2580.854398758703
 21
1387.835837790114
 31
0.0
 12
2571.854398758703
 22
1441.835837790114
 32
0.0
 13
2571.854398758703
 23
1441.835837790114
 33
0.0
  0
SOLID
  5
1A5
330
19D
100
AcDbEntity
  8
A-DIMS-INSD
 62
     0
440
 16777216
100
AcDbTrace
 10
2562.854398758704
 20
1535.835837790114
 30
0.0
 11
2580.854398758703
 21
1535.835837790114
 31
0.0
 12
2571.854398758703
 22
1481.835837790114
 32
0.0
 13
2571.854398758703
 23
1481.835837790114
 33
0.0
  0
MTEXT
  5
1A6
330
19D
100
AcDbEntity
  8
A-DIMS-INSD
 62
     0
440
 16777216
100
AcDbMText
 10
2792.354398758703
 20
1589.835837790112
 30
0.0
 40
54.0
 41
0.0
 46
0.0
 71
     5
 72
     1
  1
\A1;40.0000
 73
     1
 44
1.0
  0
POINT
  5
1A7
330
19D
100
AcDbEntity
  8
Defpoints
 62
     0
440
 16777216
100
AcDbPoint
 10
2550.509121255644
 20
1441.835837790113
 30
0.0
  0
POINT
  5
1A8
330
19D
100
AcDbEntity
  8
Defpoints
 62
     0
440
 16777216
100
AcDbPoint
 10
2550.509121255644
 20
1481.835837790113
 30
0.0
  0
POINT
  5
1A9
330
19D
100
AcDbEntity
  8
Defpoints
 62
     0
440
 16777216
100
AcDbPoint
 10
2571.854398758703
 20
1481.835837790114
 30
0.0
  0
ENDBLK
  5
1AA
330
19D
100
AcDbEntity
  8
0
100
AcDbBlockEnd
  0
BLOCK
  5
18E
330
18D
100
AcDbEntity
  8
0
100
AcDbBlockBegin
  2
*D3
 70
     1
 10
0.0
 20
0.0
 30
0.0
  3
*D3
  1

  0
LINE
  5
18F
330
18D
100
AcDbEntity
  8
A-DIMS-INSD
 62
     0
440
 16777216
370
    -2
100
AcDbLine
 10
2550.509121255644
 20
1500.585837790113
 30
0.0
 11
2550.509121255644
 21
1558.273579389613
 31
0.0
  0
LINE
  5
190
330
18D
100
AcDbEntity
  8
A-DIMS-INSD
 62
     0
440
 16777216
370
    -2
100
AcDbLine
 10
2510.509121255644
 20
1500.585837790113
 30
0.0
 11
2510.509121255644
 21
1558.273579389613
 31
0.0
  0
LINE
  5
191
330
18D
100
AcDbEntity
  8
A-DIMS-INSD
 62
     0
440
 16777216
370
    -2
100
AcDbLine
 10
2604.509121255644
 20
1504.273579389614
 30
0.0
 11
2658.509121255644
 21
1504.273579389614
 31
0.0
  0
LINE
  5
192
330
18D
100
AcDbEntity
  8
A-DIMS-INSD
 62
     0
440
 16777216
370
    -2
100
AcDbLine
 10
2456.509121255644
 20
1504.273579389614
 30
0.0
 11
2402.509121255644
 21
1504.273579389614
 31
0.0
  0
SOLID
  5
193
330
18D
100
AcDbEntity
  8
A-DIMS-INSD
 62
     0
440
 16777216
100
AcDbTrace
 10
2604.509121255644
 20
1513.273579389613
 30
0.0
 11
2604.509121255644
 21
1495.273579389613
 31
0.0
 12
2550.509121255644
 22
1504.273579389614
 32
0.0
 13
2550.509121255644
 23
1504.273579389614
 33
0.0
  0
SOLID
  5
194
330
18D
100
AcDbEntity
  8
A-DIMS-INSD
 62
     0
440
 16777216
100
AcDbTrace
 10
2456.509121255644
 20
1513.273579389613
 30
0.0
 11
2456.509121255644
 21
1495.273579389613
 31
0.0
 12
2510.509121255644
 22
1504.273579389614
 32
0.0
 13
2510.509121255644
 23
1504.273579389614
 33
0.0
  0
MTEXT
  5
195
330
18D
100
AcDbEntity
  8
A-DIMS-INSD
 62
     0
440
 16777216
100
AcDbMText
 10
2236.009121255644
 20
1504.273579389614
 30
0.0
 40
54.0
 41
0.0
 46
0.0
 71
     5
 72
     1
  1
\A1;40.0000
 73
     1
 44
1.0
  0
POINT
  5
196
330
18D
100
AcDbEntity
  8
Defpoints
 62
     0
440
 16777216
100
AcDbPoint
 10
2550.509121255644
 20
1481.835837790113
 30
0.0
  0
POINT
  5
197
330
18D
100
AcDbEntity
  8
Defpoints
 62
     0
440
 16777216
100
AcDbPoint
 10
2510.509121255644
 20
1481.835837790113
 30
0.0
  0
POINT
  5
198
330
18D
100
AcDbEntity
  8
Defpoints
 62
     0
440
 16777216
100
AcDbPoint
 10
2510.509121255644
 20
1504.273579389614
 30
0.0
  0
ENDBLK
  5
199
330
18D
100
AcDbEntity
  8
0
100
AcDbBlockEnd
  0
BLOCK
  5
1AF
330
1AE
100
AcDbEntity
  8
0
100
AcDbBlockBegin
  2
*D4
 70
     1
 10
0.0
 20
0.0
 30
0.0
  3
*D4
  1

  0
LINE
  5
1B0
330
1AE
100
AcDbEntity
  8
A-DIMS-INSD
 62
     0
440
 16777216
370
    -2
100
AcDbLine
 10
2753.707697420876
 20
1500.585837790113
 30
0.0
 11
2753.707697420876
 21
1549.648894911283
 31
0.0
  0
LINE
  5
1B1
330
1AE
100
AcDbEntity
  8
A-DIMS-INSD
 62
     0
440
 16777216
370
    -2
100
AcDbLine
 10
2713.707697420876
 20
1500.585837790113
 30
0.0
 11
2713.707697420876
 21
1549.648894911283
 31
0.0
  0
LINE
  5
1B2
330
1AE
100
AcDbEntity
  8
A-DIMS-INSD
 62
     0
440
 16777216
370
    -2
100
AcDbLine
 10
2807.707697420876
 20
1495.648894911283
 30
0.0
 11
2861.707697420876
 21
1495.648894911283
 31
0.0
  0
LINE
  5
1B3
330
1AE
100
AcDbEntity
  8
A-DIMS-INSD
 62
     0
440
 16777216
370
    -2
100
AcDbLine
 10
2659.707697420876
 20
1495.648894911283
 30
0.0
 11
2605.707697420876
 21
1495.648894911283
 31
0.0
  0
SOLID
  5
1B4
330
1AE
100
AcDbEntity
  8
A-DIMS-INSD
 62
     0
440
 16777216
100
AcDbTrace
 10
2807.707697420876
 20
1504.648894911283
 30
0.0
 11
2807.707697420876
 21
1486.648894911283
 31
0.0
 12
2753.707697420876
 22
1495.648894911283
 32
0.0
 13
2753.707697420876
 23
1495.648894911283
 33
0.0
  0
SOLID
  5
1B5
330
1AE
100
AcDbEntity
  8
A-DIMS-INSD
 62
     0
440
 16777216
100
AcDbTrace
 10
2659.707697420876
 20
1504.648894911283
 30
0.0
 11
2659.707697420876
 21
1486.648894911283
 31
0.0
 12
2713.707697420876
 22
1495.648894911283
 32
0.0
 13
2713.707697420876
 23
1495.648894911283
 33
0.0
  0
MTEXT
  5
1B6
330
1AE
100
AcDbEntity
  8
A-DIMS-INSD
 62
     0
440
 16777216
100
AcDbMText
 10
2439.207697420876
 20
1495.648894911283
 30
0.0
 40
54.0
 41
0.0
 46
0.0
 71
     5
 72
     1
  1
\A1;40.0000
 73
     1
 44
1.0
  0
POINT
  5
1B7
330
1AE
100
AcDbEntity
  8
Defpoints
 62
     0
440
 16777216
100
AcDbPoint
 10
2753.707697420876
 20
1481.835837790113
 30
0.0
  0
POINT
  5
1B8
330
1AE
100
AcDbEntity
  8
Defpoints
 62
     0
440
 16777216
100
AcDbPoint
 10
2713.707697420876
 20
1481.835837790113
 30
0.0
  0
POINT
  5
1B9
330
1AE
100
AcDbEntity
  8
Defpoints
 62
     0
440
 16777216
100
AcDbPoint
 10
2713.707697420876
 20
1495.648894911283
 30
0.0
  0
ENDBLK
  5
1BA
330
1AE
100
AcDbEntity
  8
0
100
AcDbBlockEnd
  0
BLOCK
  5
280
330
27F
100
AcDbEntity
  8
0
100
AcDbBlockBegin
  2
*U5
 70
     1
 10
0.0
 20
0.0
 30
0.0
  3
*U5
  1

  0
LINE
  5
544
330
27F
100
AcDbEntity
  8
0
  6
CENTERX2
100
AcDbLine
 10
1118.181731249205
 20
-2046.067365426407
 30
0.0
 11
1118.181731249205
 21
-2049.067365426406
 31
0.0
1001
AcDbBlockRepETag
1070
     1
1071
        0
1005
544
  0
LINE
  5
545
330
27F
100
AcDbEntity
  8
0
  6
CENTERX2
100
AcDbLine
 10
1118.181731249205
 20
-4156.567365426407
 30
0.0
 11
1118.181731249205
 21
-4159.567365426407
 31
0.0
1001
AcDbBlockRepETag
1070
     1
1071
        1
1005
545
  0
LINE
  5
546
330
27F
100
AcDbEntity
  8
0
  6
CENTERX2
100
AcDbLine
 10
1058.663203024771
 20
-2046.067365426407
 30
0.0
 11
1058.663203024771
 21
-2049.067365426406
 31
0.0
1001
AcDbBlockRepETag
1070
     1
1071
        2
1005
546
  0
LINE
  5
547
330
27F
100
AcDbEntity
  8
0
  6
CENTERX2
100
AcDbLine
 10
1058.663203024771
 20
-4156.567365426407
 30
0.0
 11
1058.663203024771
 21
-4159.567365426407
 31
0.0
1001
AcDbBlockRepETag
1070
     1
1071
        3
1005
547
  0
LINE
  5
548
330
27F
100
AcDbEntity
  8
0
  6
CENTERX2
100
AcDbLine
 10
1096.179109873716
 20
-2046.067365426407
 30
0.0
 11
1096.179109873716
 21
-2049.067365426406
 31
0.0
1001
AcDbBlockRepETag
1070
     1
1071
        4
1005
548
  0
LINE
  5
549
330
27F
100
AcDbEntity
  8
0
  6
CENTERX2
100
AcDbLine
 10
1096.179109873716
 20
-4156.567365426407
 30
0.0
 11
1096.179109873716
 21
-4159.567365426407
 31
0.0
1001
AcDbBlockRepETag
1070
     1
1071
        5
1005
549
  0
LINE
  5
54A
330
27F
100
AcDbEntity
  8
0
  6
CENTERX2
100
AcDbLine
 10
71.26319617591798
 20
-2049.067365426406
 30
0.0
 11
71.26319617591798
 21
-2046.067365426407
 31
0.0
1001
AcDbBlockRepETag
1070
     1
1071
        6
1005
54A
  0
LWPOLYLINE
  5
54B
330
27F
100
AcDbEntity
  8
0
  6
Continuous
370
    25
100
AcDbPolyline
 90
        4
 70
     1
 43
0.0
 10
43.56319617573172
 20
-3914.567365427105
 10
73.06319617573172
 20
-3914.567365427105
 10
73.06319617573172
 20
-4016.567365427105
 10
43.56319617573172
 20
-4016.567365427105
1001
AcDbBlockRepETag
1070
     1
1071
        7
1005
54B
  0
LWPOLYLINE
  5
54C
330
27F
100
AcDbEntity
  8
0
100
AcDbPolyline
 90
        4
 70
     1
 43
0.0
 10
73.06319617573172
 20
-2193.067365426407
 10
43.56319617573172
 20
-2193.067365426407
 10
43.56319617573172
 20
-2295.067365426406
 10
73.06319617573172
 20
-2295.067365426406
1001
AcDbBlockRepETag
1070
     1
1071
        8
1005
54C
  0
LWPOLYLINE
  5
54D
330
27F
100
AcDbEntity
  8
0
100
AcDbPolyline
 90
        4
 70
     1
 43
0.0
 10
73.06319617573172
 20
-2395.067365426406
 10
43.56319617573172
 20
-2395.067365426406
 10
43.56319617573172
 20
-2497.067365426407
 10
73.06319617573172
 20
-2497.067365426407
1001
AcDbBlockRepETag
1070
     1
1071
        9
1005
54D
  0
LINE
  5
54E
330
27F
100
AcDbEntity
  8
0
  6
CENTERX2
100
AcDbLine
 10
11.74466795101761
 20
-2049.067365426406
 30
0.0
 11
11.74466795101761
 21
-2046.067365426407
 31
0.0
1001
AcDbBlockRepETag
1070
     1
1071
       10
1005
54E
  0
LINE
  5
54F
330
27F
100
AcDbEntity
  8
0
  6
CENTERX2
100
AcDbLine
 10
33.74728932697326
 20
-2049.067365426406
 30
0.0
 11
33.74728932697326
 21
-2046.067365426407
 31
0.0
1001
AcDbBlockRepETag
1070
     1
1071
       11
1005
54F
  0
LINE
  5
550
330
27F
100
AcDbEntity
  8
0
  6
CENTERX2
100
AcDbLine
 10
2499.360528023913
 20
-2049.067365426406
 30
0.0
 11
2499.360528023913
 21
-2046.067365426407
 31
0.0
1001
AcDbBlockRepETag
1070
     1
1071
       12
1005
550
  0
LINE
  5
551
330
27F
100
AcDbEntity
  8
0
  6
CENTERX2
100
AcDbLine
 10
1515.96181087708
 20
-2046.067365426407
 30
0.0
 11
1515.96181087708
 21
-2049.067365426406
 31
0.0
1001
AcDbBlockRepETag
1070
     1
1071
       13
1005
551
  0
LINE
  5
552
330
27F
100
AcDbEntity
  8
0
  6
CENTERX2
100
AcDbLine
 10
1515.96181087708
 20
-4156.567365426407
 30
0.0
 11
1515.96181087708
 21
-4159.567365426407
 31
0.0
1001
AcDbBlockRepETag
1070
     1
1071
       14
1005
552
  0
LINE
  5
553
330
27F
100
AcDbEntity
  8
0
100
AcDbLine
 10
2499.360528023913
 20
-4159.567365426407
 30
0.0
 11
2499.360528023913
 21
-4156.567365426407
 31
0.0
1001
AcDbBlockRepETag
1070
     1
1071
       15
1005
553
  0
LWPOLYLINE
  5
554
330
27F
100
AcDbEntity
  8
0
100
AcDbPolyline
 90
        4
 70
     1
 43
0.0
 10
1499.256169450469
 20
-2046.067365426407
 10
2516.066169450525
 20
-2046.067365426407
 10
2516.066169450525
 20
-4159.567365426407
 10
1499.256169450469
 20
-4159.567365426407
1001
AcDbBlockRepETag
1070
     1
1071
       16
1005
554
  0
CIRCLE
  5
555
330
27F
100
AcDbEntity
  8
0
100
AcDbCircle
 10
167.4631996005773
 20
-4544.700412542112
 30
0.0
 40
11.0
1001
AcDbBlockRepETag
1070
     1
1071
       17
1005
555
  0
LWPOLYLINE
  5
556
330
27F
100
AcDbEntity
  8
0
  6
Continuous
370
    25
100
AcDbPolyline
 90
        4
 70
     1
 43
0.0
 10
43.56319617584813
 20
-3154.817365426393
 10
73.06319617584811
 20
-3154.817365426393
 10
73.06319617584811
 20
-3256.817365426392
 10
43.56319617584813
 20
-3256.817365426392
1001
AcDbBlockRepETag
1070
     1
1071
       18
1005
556
  0
CIRCLE
  5
557
330
27F
100
AcDbEntity
  8
0
100
AcDbCircle
 10
167.4631996005773
 20
-4426.679151783621
 30
0.0
 40
11.0
1001
AcDbBlockRepETag
1070
     1
1071
       19
1005
557
  0
LWPOLYLINE
  5
558
330
27F
100
AcDbEntity
  8
0
100
AcDbPolyline
 90
        4
 70
     1
 43
0.0
 10
1089.862240537535
 20
-3018.417365426384
 10
1065.362240537535
 20
-3018.417365426384
 10
1065.362240537535
 20
-3253.71736542643
 10
1089.862240537535
 20
-3253.71736542643
1001
AcDbBlockRepETag
1070
     1
1071
       20
1005
558
  0
CIRCLE
  5
559
330
27F
100
AcDbEntity
  8
0
  6
Continuous
370
    25
100
AcDbCircle
 10
1018.965249599889
 20
-3116.567365426407
 30
0.0
 40
3.500000000000055
1001
AcDbBlockRepETag
1070
     1
1071
       21
1005
559
  0
CIRCLE
  5
55A
330
27F
100
AcDbEntity
  8
0
  6
Continuous
370
    25
100
AcDbCircle
 10
980.9652495998887
 20
-3116.567365426407
 30
0.0
 40
3.5
1001
AcDbBlockRepETag
1070
     1
1071
       22
1005
55A
  0
CIRCLE
  5
55B
330
27F
100
AcDbEntity
  8
0
  6
Continuous
370
    25
100
AcDbCircle
 10
1591.896566032897
 20
-3116.567365426407
 30
0.0
 40
3.500000000000055
1001
AcDbBlockRepETag
1070
     1
1071
       23
1005
55B
  0
CIRCLE
  5
55C
330
27F
100
AcDbEntity
  8
0
  6
Continuous
370
    25
100
AcDbCircle
 10
1553.896566032897
 20
-3116.567365426407
 30
0.0
 40
3.5
1001
AcDbBlockRepETag
1070
     1
1071
       24
1005
55C
  0
CIRCLE
  5
55D
330
27F
100
AcDbEntity
  8
0
100
AcDbCircle
 10
945.7289944719523
 20
-4544.700412542112
 30
0.0
 40
11.0
1001
AcDbBlockRepETag
1070
     1
1071
       25
1005
55D
  0
CIRCLE
  5
55E
330
27F
100
AcDbEntity
  8
0
100
AcDbCircle
 10
945.7289944719523
 20
-4426.679151783621
 30
0.0
 40
11.0
1001
AcDbBlockRepETag
1070
     1
1071
       26
1005
55E
  0
LWPOLYLINE
  5
55F
330
27F
100
AcDbEntity
  8
0
  6
Continuous
370
    25
100
AcDbPolyline
 90
        4
 70
     1
 43
0.0
 10
1813.341284325346
 20
4188.647297750089
 10
1813.341284325346
 20
4200.647297750089
 10
1815.341284325346
 20
4200.647297750089
 10
1815.341284325346
 20
4188.647297750089
1001
AcDbBlockRepETag
1070
     1
1071
       27
1005
55F
  0
LWPOLYLINE
  5
560
330
27F
100
AcDbEntity
  8
0
  6
Continuous
370
    25
100
AcDbPolyline
 90
        4
 70
     1
 43
0.0
 10
1813.341284325346
 20
4214.147297749971
 10
1813.341284325346
 20
4226.147297749974
 10
1815.341284325346
 20
4226.147297749974
 10
1815.341284325346
 20
4214.147297749971
1001
AcDbBlockRepETag
1070
     1
1071
       28
1005
560
  0
LWPOLYLINE
  5
561
330
27F
100
AcDbEntity
  8
0
  6
Continuous
370
    25
100
AcDbPolyline
 90
        4
 70
     1
 43
0.0
 10
1793.341284325346
 20
3973.746043062165
 10
1793.341284325346
 20
3985.746043062165
 10
1791.341284325346
 20
3985.746043062165
 10
1791.341284325346
 20
3973.746043062165
1001
AcDbBlockRepETag
1070
     1
1071
       29
1005
561
  0
LWPOLYLINE
  5
562
330
27F
100
AcDbEntity
  8
0
  6
Continuous
370
    25
100
AcDbPolyline
 90
        4
 70
     1
 43
0.0
 10
1793.341284325346
 20
4121.612343062159
 10
1793.341284325346
 20
4133.612343062159
 10
1791.341284325346
 20
4133.612343062159
 10
1791.341284325346
 20
4121.612343062159
1001
AcDbBlockRepETag
1070
     1
1071
       30
1005
562
  0
LINE
  5
563
330
27F
100
AcDbEntity
  8
0
100
AcDbLine
 10
1851.341284325346
 20
4275.84790575793
 30
0.0
 11
1845.341284325346
 21
4275.84790575793
 31
0.0
1001
AcDbBlockRepETag
1070
     1
1071
       31
1005
563
  0
LINE
  5
564
330
27F
100
AcDbEntity
  8
0
100
AcDbLine
 10
1815.091284325346
 20
4238.71416708592
 30
0.0
 11
1809.091284325346
 21
4238.71416708592
 31
0.0
1001
AcDbBlockRepETag
1070
     1
1071
       32
1005
564
  0
LINE
  5
565
330
27F
100
AcDbEntity
  8
0
100
AcDbLine
 10
1812.841284325346
 20
4176.080428413908
 30
0.0
 11
1810.841284325346
 21
4176.080428413908
 31
0.0
1001
AcDbBlockRepETag
1070
     1
1071
       33
1005
565
  0
LINE
  5
566
330
27F
100
AcDbEntity
  8
0
100
AcDbLine
 10
1802.091284325346
 20
4164.446689742012
 30
0.0
 11
1800.091284325346
 21
4164.446689742012
 31
0.0
1001
AcDbBlockRepETag
1070
     1
1071
       34
1005
566
  0
LINE
  5
567
330
27F
100
AcDbEntity
  8
0
100
AcDbLine
 10
1799.841284325346
 20
4153.81295107
 30
0.0
 11
1793.841284325346
 21
4153.81295107
 31
0.0
1001
AcDbBlockRepETag
1070
     1
1071
       35
1005
567
  0
LINE
  5
568
330
27F
100
AcDbEntity
  8
0
100
AcDbLine
 10
1793.091284325346
 20
4146.179212398108
 30
0.0
 11
1787.091284325346
 21
4146.179212398108
 31
0.0
1001
AcDbBlockRepETag
1070
     1
1071
       36
1005
568
  0
LINE
  5
569
330
27F
100
AcDbEntity
  8
0
100
AcDbLine
 10
1793.091284325346
 20
3961.179173726101
 30
0.0
 11
1787.091284325346
 21
3961.179173726101
 31
0.0
1001
AcDbBlockRepETag
1070
     1
1071
       37
1005
569
  0
LINE
  5
56A
330
27F
100
AcDbEntity
  8
0
100
AcDbLine
 10
1851.341284325346
 20
3902.045435054206
 30
0.0
 11
1845.341284325346
 21
3902.045435054206
 31
0.0
1001
AcDbBlockRepETag
1070
     1
1071
       38
1005
56A
  0
LWPOLYLINE
  5
56B
330
27F
100
AcDbEntity
  8
0
  6
Continuous
370
    25
100
AcDbPolyline
 90
        4
 70
     1
 43
0.0
 10
815.8412843253461
 20
4188.647297750089
 10
815.8412843253461
 20
4200.647297750089
 10
813.8412843253464
 20
4200.647297750089
 10
813.8412843253464
 20
4188.647297750089
1001
AcDbBlockRepETag
1070
     1
1071
       39
1005
56B
  0
LWPOLYLINE
  5
56C
330
27F
100
AcDbEntity
  8
0
  6
Continuous
370
    25
100
AcDbPolyline
 90
        4
 70
     1
 43
0.0
 10
815.8412843253461
 20
4214.147297749971
 10
815.8412843253461
 20
4226.147297749974
 10
813.8412843253464
 20
4226.147297749974
 10
813.8412843253464
 20
4214.147297749971
1001
AcDbBlockRepETag
1070
     1
1071
       40
1005
56C
  0
LWPOLYLINE
  5
56D
330
27F
100
AcDbEntity
  8
0
  6
Continuous
370
    25
100
AcDbPolyline
 90
        4
 70
     1
 43
0.0
 10
835.8412843253463
 20
3973.746043062165
 10
835.8412843253463
 20
3985.746043062165
 10
837.8412843253464
 20
3985.746043062165
 10
837.8412843253464
 20
3973.746043062165
1001
AcDbBlockRepETag
1070
     1
1071
       41
1005
56D
  0
LWPOLYLINE
  5
56E
330
27F
100
AcDbEntity
  8
0
  6
Continuous
370
    25
100
AcDbPolyline
 90
        4
 70
     1
 43
0.0
 10
835.8412843253463
 20
4121.612343062159
 10
835.8412843253463
 20
4133.612343062159
 10
837.8412843253464
 20
4133.612343062159
 10
837.8412843253464
 20
4121.612343062159
1001
AcDbBlockRepETag
1070
     1
1071
       42
1005
56E
  0
LINE
  5
56F
330
27F
100
AcDbEntity
  8
0
100
AcDbLine
 10
814.0912843253461
 20
4238.71416708592
 30
0.0
 11
820.0912843253464
 21
4238.71416708592
 31
0.0
1001
AcDbBlockRepETag
1070
     1
1071
       43
1005
56F
  0
LINE
  5
570
330
27F
100
AcDbEntity
  8
0
100
AcDbLine
 10
816.3412843253464
 20
4176.080428413908
 30
0.0
 11
818.3412843253464
 21
4176.080428413908
 31
0.0
1001
AcDbBlockRepETag
1070
     1
1071
       44
1005
570
  0
LINE
  5
571
330
27F
100
AcDbEntity
  8
0
100
AcDbLine
 10
827.0912843253464
 20
4164.446689742012
 30
0.0
 11
829.0912843253464
 21
4164.446689742012
 31
0.0
1001
AcDbBlockRepETag
1070
     1
1071
       45
1005
571
  0
LINE
  5
572
330
27F
100
AcDbEntity
  8
0
100
AcDbLine
 10
829.3412843253461
 20
4153.81295107
 30
0.0
 11
835.3412843253464
 21
4153.81295107
 31
0.0
1001
AcDbBlockRepETag
1070
     1
1071
       46
1005
572
  0
LINE
  5
573
330
27F
100
AcDbEntity
  8
0
100
AcDbLine
 10
836.0912843253464
 20
4146.179212398108
 30
0.0
 11
842.0912843253463
 21
4146.179212398108
 31
0.0
1001
AcDbBlockRepETag
1070
     1
1071
       47
1005
573
  0
LINE
  5
574
330
27F
100
AcDbEntity
  8
0
100
AcDbLine
 10
836.0912843253464
 20
3961.179173726101
 30
0.0
 11
842.0912843253463
 21
3961.179173726101
 31
0.0
1001
AcDbBlockRepETag
1070
     1
1071
       48
1005
574
  0
LWPOLYLINE
  5
575
330
27F
100
AcDbEntity
  8
0
  6
Continuous
370
    25
100
AcDbPolyline
 90
       24
 70
     1
 43
0.0
 10
826.8412843253463
 20
3798.589113645351
 10
836.8412843253462
 20
3798.589113645351
 10
836.8412843253462
 20
3801.08911364535
 10
846.8412843253464
 20
3801.08911364535
 10
846.8412843253464
 20
3804.08911364535
 10
1782.341284325346
 20
3804.08911364535
 10
1782.341284325346
 20
3801.08911364535
 10
1792.341284325346
 20
3801.08911364535
 10
1792.341284325346
 20
3798.589113645351
 10
1802.341284325346
 20
3798.589113645351
 10
1805.341284325345
 20
3795.589113645351
 10
1805.341284325345
 20
3791.589113645351
 10
1802.341284325346
 20
3788.58911364535
 10
1792.341284325346
 20
3788.58911364535
 10
1792.341284325346
 20
3786.08911364535
 10
1782.341284325346
 20
3786.08911364535
 10
1782.341284325346
 20
3769.955374973339
 10
846.8412843253464
 20
3769.955374973339
 10
846.8412843253464
 20
3786.08911364535
 10
836.8412843253462
 20
3786.08911364535
 10
836.8412843253462
 20
3788.58911364535
 10
826.8412843253463
 20
3788.58911364535
 10
823.8412843253462
 20
3791.589113645351
 10
823.8412843253462
 20
3795.589113645351
1001
AcDbBlockRepETag
1070
     1
1071
       49
1005
575
  0
LWPOLYLINE
  5
576
330
27F
100
AcDbEntity
  8
0
  6
Continuous
370
    25
100
AcDbPolyline
 90
       24
 70
     1
 43
0.0
 10
804.8412843253464
 20
3757.455374973339
 10
814.8412843253462
 20
3757.455374973339
 10
814.8412843253462
 20
3754.955374973338
 10
824.8412843253461
 20
3754.955374973338
 10
824.8412843253461
 20
3738.95537497334
 10
846.8412843253464
 20
3738.95537497334
 10
846.8412843253464
 20
3713.821636301327
 10
1782.341284325346
 20
3713.821636301327
 10
1782.341284325346
 20
3738.95537497334
 10
1804.341284325346
 20
3738.95537497334
 10
1804.341284325346
 20
3754.955374973338
 10
1814.341284325346
 20
3754.955374973338
 10
1814.341284325346
 20
3757.455374973339
 10
1824.341284325346
 20
3757.455374973339
 10
1827.341284325346
 20
3760.455374973338
 10
1827.341284325346
 20
3764.455374973339
 10
1824.341284325346
 20
3767.455374973339
 10
1814.341284325346
 20
3767.455374973339
 10
1814.341284325346
 20
3769.955374973339
 10
814.8412843253462
 20
3769.955374973339
 10
814.8412843253462
 20
3767.455374973339
 10
804.8412843253464
 20
3767.455374973339
 10
801.8412843253463
 20
3764.455374973339
 10
801.8412843253463
 20
3760.455374973338
1001
AcDbBlockRepETag
1070
     1
1071
       50
1005
576
  0
LWPOLYLINE
  5
577
330
27F
100
AcDbEntity
  8
0
100
AcDbPolyline
 90
       44
 70
     1
 43
0.0
 10
1852.091284325346
 20
4289.414775093879
 10
777.0912843253462
 20
4289.414775093879
 10
777.0912843253462
 20
4277.41477509388
 10
778.5912843253464
 20
4274.281036421984
 10
812.5912843253463
 20
4240.281036421984
 10
815.5912843253464
 20
4237.147297749973
 10
805.5912843253462
 20
4227.147297749971
 10
805.5912843253462
 20
4187.647297749971
 10
815.5912843253464
 20
4177.647297749973
 10
817.0912843253463
 20
4174.513559078078
 10
825.5912843253462
 20
4166.013559078076
 10
828.5912843253463
 20
4162.879820406065
 10
828.5912843253463
 20
4155.379820406066
 10
830.0912843253462
 20
4152.246081734171
 10
834.5912843253461
 20
4147.746081734171
 10
837.5912843253463
 20
4144.612343062159
 10
827.5912843253461
 20
4132.694807136293
 10
827.5912843253461
 20
3972.746043062165
 10
837.5912843253463
 20
3962.746043062167
 10
834.5912843253461
 20
3959.612304390154
 10
778.5912843253464
 20
3903.612304390153
 10
777.0912843253462
 20
3900.478565718259
 10
777.0912843253462
 20
3888.478565718259
 10
1852.091284325346
 20
3888.478565718259
 10
1852.091284325346
 20
3900.478565718259
 10
1850.591284325346
 20
3903.612304390153
 10
1794.591284325346
 20
3959.612304390154
 10
1791.591284325346
 20
3962.746043062167
 10
1801.591284325346
 20
3972.746043062165
 10
1801.591284325346
 20
4132.694807136293
 10
1791.591284325346
 20
4144.612343062159
 10
1794.591284325346
 20
4147.746081734171
 10
1799.091284325346
 20
4152.246081734171
 10
1800.591284325346
 20
4155.379820406066
 10
1800.591284325346
 20
4162.879820406065
 10
1803.591284325346
 20
4166.013559078076
 10
1812.091284325346
 20
4174.513559078078
 10
1813.591284325346
 20
4177.647297749973
 10
1823.591284325346
 20
4187.647297749971
 10
1823.591284325346
 20
4227.147297749971
 10
1813.591284325346
 20
4237.147297749973
 10
1816.591284325346
 20
4240.281036421984
 10
1850.591284325346
 20
4274.281036421984
 10
1852.091284325346
 20
4277.41477509388
1001
AcDbBlockRepETag
1070
     1
1071
       51
1005
577
  0
LINE
  5
578
330
27F
100
AcDbEntity
  8
0
100
AcDbLine
 10
976.6517480519592
 20
3.0
 30
0.0
 11
976.6517480519592
 21
0.0
 31
0.0
1001
AcDbBlockRepETag
1070
     1
1071
       52
1005
578
  0
LINE
  5
579
330
27F
100
AcDbEntity
  8
0
100
AcDbLine
 10
1161.651786723965
 20
3.0
 30
0.0
 11
1161.651786723965
 21
0.0
 31
0.0
1001
AcDbBlockRepETag
1070
     1
1071
       53
1005
579
  0
LINE
  5
57A
330
27F
100
AcDbEntity
  8
0
100
AcDbLine
 10
969.0180093798312
 20
3.0
 30
0.0
 11
969.0180093798312
 21
0.0
 31
0.0
1001
AcDbBlockRepETag
1070
     1
1071
       54
1005
57A
  0
LINE
  5
57B
330
27F
100
AcDbEntity
  8
0
100
AcDbLine
 10
884.1167933641457
 20
3.0
 30
0.0
 11
884.1167933641457
 21
0.0
 31
0.0
1001
AcDbBlockRepETag
1070
     1
1071
       55
1005
57B
  0
LINE
  5
57C
330
27F
100
AcDbEntity
  8
0
100
AcDbLine
 10
1220.78552539586
 20
3.0
 30
0.0
 11
1220.78552539586
 21
0.0
 31
0.0
1001
AcDbBlockRepETag
1070
     1
1071
       56
1005
57C
  0
LINE
  5
57D
330
27F
100
AcDbEntity
  8
0
100
AcDbLine
 10
846.9830546922507
 20
3.0
 30
0.0
 11
846.9830546922507
 21
0.0
 31
0.0
1001
AcDbBlockRepETag
1070
     1
1071
       57
1005
57D
  0
LINE
  5
57E
330
27F
100
AcDbEntity
  8
0
100
AcDbLine
 10
958.3842707079359
 20
1.0
 30
0.0
 11
958.3842707079359
 21
0.0
 31
0.0
1001
AcDbBlockRepETag
1070
     1
1071
       58
1005
57E
  0
LINE
  5
57F
330
27F
100
AcDbEntity
  8
0
100
AcDbLine
 10
946.7505320360412
 20
1.047160253394394
 30
0.0
 11
946.7505320360412
 21
0.0471602533943951
 31
0.0
1001
AcDbBlockRepETag
1070
     1
1071
       59
1005
57F
  0
LINE
  5
580
330
27F
100
AcDbEntity
  8
0
100
AcDbLine
 10
884.1167933641457
 20
2125.0
 30
0.0
 11
884.1167933641457
 21
2122.0
 31
0.0
1001
AcDbBlockRepETag
1070
     1
1071
       60
1005
580
  0
LINE
  5
581
330
27F
100
AcDbEntity
  8
0
100
AcDbLine
 10
946.7505320360412
 20
2122.75
 30
0.0
 11
946.7505320360412
 21
2121.75
 31
0.0
1001
AcDbBlockRepETag
1070
     1
1071
       61
1005
581
  0
LINE
  5
582
330
27F
100
AcDbEntity
  8
0
100
AcDbLine
 10
958.3842707079359
 20
2112.0
 30
0.0
 11
958.3842707079359
 21
2111.0
 31
0.0
1001
AcDbBlockRepETag
1070
     1
1071
       62
1005
582
  0
LINE
  5
583
330
27F
100
AcDbEntity
  8
0
100
AcDbLine
 10
969.0180093798312
 20
2109.75
 30
0.0
 11
969.0180093798312
 21
2106.75
 31
0.0
1001
AcDbBlockRepETag
1070
     1
1071
       63
1005
583
  0
LINE
  5
584
330
27F
100
AcDbEntity
  8
0
100
AcDbLine
 10
976.6517480519592
 20
2103.0
 30
0.0
 11
976.6517480519592
 21
2100.0
 31
0.0
1001
AcDbBlockRepETag
1070
     1
1071
       64
1005
584
  0
LINE
  5
585
330
27F
100
AcDbEntity
  8
0
100
AcDbLine
 10
1161.651786723965
 20
2103.0
 30
0.0
 11
1161.651786723965
 21
2100.0
 31
0.0
1001
AcDbBlockRepETag
1070
     1
1071
       65
1005
585
  0
LINE
  5
586
330
27F
100
AcDbEntity
  8
0
100
AcDbLine
 10
1220.78552539586
 20
2161.25
 30
0.0
 11
1220.78552539586
 21
2158.25
 31
0.0
1001
AcDbBlockRepETag
1070
     1
1071
       66
1005
586
  0
LINE
  5
587
330
27F
100
AcDbEntity
  8
0
100
AcDbLine
 10
846.9830546922507
 20
2161.25
 30
0.0
 11
846.9830546922507
 21
2158.25
 31
0.0
1001
AcDbBlockRepETag
1070
     1
1071
       67
1005
587
  0
LWPOLYLINE
  5
588
330
27F
100
AcDbEntity
  8
0
  6
Continuous
370
    25
100
AcDbPolyline
 90
       44
 70
     1
 43
0.0
 10
975.0848787160116
 20
2104.5
 10
970.5848787160116
 20
2109.0
 10
967.4511400441163
 20
2110.5
 10
959.9511400441166
 20
2110.5
 10
956.8174013719886
 20
2113.5
 10
948.3174013719883
 20
2122.0
 10
945.1836627000933
 20
2123.5
 10
933.1836627000937
 20
2123.5
 10
933.1836627000937
 20
2132.5
 10
930.1836627000934
 20
2135.5
 10
926.1836627000937
 20
2135.5
 10
923.1836627000934
 20
2132.5
 10
923.1836627000934
 20
2123.5
 10
907.6836627000933
 20
2123.5
 10
907.6836627000933
 20
2132.5
 10
904.6836627000937
 20
2135.5
 10
900.6836627000934
 20
2135.5
 10
897.6836627000935
 20
2132.5
 10
897.6836627000935
 20
2123.5
 10
885.6836627000934
 20
2123.5
 10
882.5499240279654
 20
2126.5
 10
848.5499240284312
 20
2160.5
 10
845.4161853560702
 20
2162.0
 10
833.4161546922747
 20
2162.0
 10
833.4161546922747
 20
0.0
 10
1234.352394731807
 20
0.0
 10
1234.35239473204
 20
2162.0
 10
1222.352394731808
 20
2162.0
 10
1219.218656059912
 20
2160.5
 10
1163.218656059912
 20
2104.5
 10
1160.084917387784
 20
2101.5
 10
1148.084917388017
 20
2101.5
 10
1148.084917388017
 20
2110.5
 10
1145.084917388017
 20
2113.5
 10
1141.084917388017
 20
2113.5
 10
1138.084917388017
 20
2110.5
 10
1138.084917388017
 20
2101.5
 10
1000.218617387907
 20
2101.5
 10
1000.218617387907
 20
2110.5
 10
997.2186173879068
 20
2113.5
 10
993.2186173879067
 20
2113.5
 10
990.2186173879067
 20
2110.5
 10
990.2186173879067
 20
2101.5
 10
978.2186173879066
 20
2101.5
1001
AcDbBlockRepETag
1070
     1
1071
       68
1005
588
  0
LWPOLYLINE
  5
589
330
27F
100
AcDbEntity
  8
0
100
AcDbPolyline
 90
        4
 70
     1
 43
0.0
 10
882.3167933640991
 20
1973.5
 10
912.8167933640993
 20
1973.5
 10
912.8167933640993
 20
1871.5
 10
882.3167933640991
 20
1871.5
1001
AcDbBlockRepETag
1070
     1
1071
       69
1005
589
  0
LINE
  5
58A
330
27F
100
AcDbEntity
  8
0
100
AcDbLine
 10
976.6517480519592
 20
3.0
 30
0.0
 11
976.6517480519592
 21
0.0
 31
0.0
1001
AcDbBlockRepETag
1070
     1
1071
       70
1005
58A
  0
LINE
  5
58B
330
27F
100
AcDbEntity
  8
0
100
AcDbLine
 10
1161.651786723965
 20
3.0
 30
0.0
 11
1161.651786723965
 21
0.0
 31
0.0
1001
AcDbBlockRepETag
1070
     1
1071
       71
1005
58B
  0
LINE
  5
58C
330
27F
100
AcDbEntity
  8
0
100
AcDbLine
 10
969.0180093798312
 20
3.0
 30
0.0
 11
969.0180093798312
 21
0.0
 31
0.0
1001
AcDbBlockRepETag
1070
     1
1071
       72
1005
58C
  0
LINE
  5
58D
330
27F
100
AcDbEntity
  8
0
100
AcDbLine
 10
884.1167933641457
 20
3.0
 30
0.0
 11
884.1167933641457
 21
0.0
 31
0.0
1001
AcDbBlockRepETag
1070
     1
1071
       73
1005
58D
  0
LINE
  5
58E
330
27F
100
AcDbEntity
  8
0
100
AcDbLine
 10
1220.78552539586
 20
3.0
 30
0.0
 11
1220.78552539586
 21
0.0
 31
0.0
1001
AcDbBlockRepETag
1070
     1
1071
       74
1005
58E
  0
LINE
  5
58F
330
27F
100
AcDbEntity
  8
0
100
AcDbLine
 10
846.9830546922507
 20
3.0
 30
0.0
 11
846.9830546922507
 21
0.0
 31
0.0
1001
AcDbBlockRepETag
1070
     1
1071
       75
1005
58F
  0
LINE
  5
590
330
27F
100
AcDbEntity
  8
0
100
AcDbLine
 10
958.3842707079359
 20
1.0
 30
0.0
 11
958.3842707079359
 21
0.0
 31
0.0
1001
AcDbBlockRepETag
1070
     1
1071
       76
1005
590
  0
LINE
  5
591
330
27F
100
AcDbEntity
  8
0
100
AcDbLine
 10
946.7505320360412
 20
1.047160253394394
 30
0.0
 11
946.7505320360412
 21
0.0471602533943951
 31
0.0
1001
AcDbBlockRepETag
1070
     1
1071
       77
1005
591
  0
LINE
  5
592
330
27F
100
AcDbEntity
  8
0
100
AcDbLine
 10
884.1167933641457
 20
2125.0
 30
0.0
 11
884.1167933641457
 21
2122.0
 31
0.0
1001
AcDbBlockRepETag
1070
     1
1071
       78
1005
592
  0
LINE
  5
593
330
27F
100
AcDbEntity
  8
0
100
AcDbLine
 10
946.7505320360412
 20
2122.75
 30
0.0
 11
946.7505320360412
 21
2121.75
 31
0.0
1001
AcDbBlockRepETag
1070
     1
1071
       79
1005
593
  0
LINE
  5
594
330
27F
100
AcDbEntity
  8
0
100
AcDbLine
 10
958.3842707079359
 20
2112.0
 30
0.0
 11
958.3842707079359
 21
2111.0
 31
0.0
1001
AcDbBlockRepETag
1070
     1
1071
       80
1005
594
  0
LINE
  5
595
330
27F
100
AcDbEntity
  8
0
100
AcDbLine
 10
969.0180093798312
 20
2109.75
 30
0.0
 11
969.0180093798312
 21
2106.75
 31
0.0
1001
AcDbBlockRepETag
1070
     1
1071
       81
1005
595
  0
LINE
  5
596
330
27F
100
AcDbEntity
  8
0
100
AcDbLine
 10
976.6517480519592
 20
2103.0
 30
0.0
 11
976.6517480519592
 21
2100.0
 31
0.0
1001
AcDbBlockRepETag
1070
     1
1071
       82
1005
596
  0
LINE
  5
597
330
27F
100
AcDbEntity
  8
0
100
AcDbLine
 10
1161.651786723965
 20
2103.0
 30
0.0
 11
1161.651786723965
 21
2100.0
 31
0.0
1001
AcDbBlockRepETag
1070
     1
1071
       83
1005
597
  0
LINE
  5
598
330
27F
100
AcDbEntity
  8
0
100
AcDbLine
 10
1220.78552539586
 20
2161.25
 30
0.0
 11
1220.78552539586
 21
2158.25
 31
0.0
1001
AcDbBlockRepETag
1070
     1
1071
       84
1005
598
  0
LINE
  5
599
330
27F
100
AcDbEntity
  8
0
100
AcDbLine
 10
846.9830546922507
 20
2161.25
 30
0.0
 11
846.9830546922507
 21
2158.25
 31
0.0
1001
AcDbBlockRepETag
1070
     1
1071
       85
1005
599
  0
LWPOLYLINE
  5
59A
330
27F
100
AcDbEntity
  8
0
100
AcDbPolyline
 90
        4
 70
     1
 43
0.0
 10
882.3167933640991
 20
1973.5
 10
912.8167933640993
 20
1973.5
 10
912.8167933640993
 20
1871.5
 10
882.3167933640991
 20
1871.5
1001
AcDbBlockRepETag
1070
     1
1071
       86
1005
59A
  0
LINE
  5
59B
330
27F
100
AcDbEntity
  8
0
100
AcDbLine
 10
976.6517480519592
 20
3.0
 30
0.0
 11
976.6517480519592
 21
0.0
 31
0.0
1001
AcDbBlockRepETag
1070
     1
1071
       87
1005
59B
  0
LINE
  5
59C
330
27F
100
AcDbEntity
  8
0
100
AcDbLine
 10
1161.651786723965
 20
3.0
 30
0.0
 11
1161.651786723965
 21
0.0
 31
0.0
1001
AcDbBlockRepETag
1070
     1
1071
       88
1005
59C
  0
LINE
  5
59D
330
27F
100
AcDbEntity
  8
0
100
AcDbLine
 10
969.0180093798312
 20
3.0
 30
0.0
 11
969.0180093798312
 21
0.0
 31
0.0
1001
AcDbBlockRepETag
1070
     1
1071
       89
1005
59D
  0
LINE
  5
59E
330
27F
100
AcDbEntity
  8
0
100
AcDbLine
 10
884.1167933641457
 20
3.0
 30
0.0
 11
884.1167933641457
 21
0.0
 31
0.0
1001
AcDbBlockRepETag
1070
     1
1071
       90
1005
59E
  0
LINE
  5
59F
330
27F
100
AcDbEntity
  8
0
100
AcDbLine
 10
1220.78552539586
 20
3.0
 30
0.0
 11
1220.78552539586
 21
0.0
 31
0.0
1001
AcDbBlockRepETag
1070
     1
1071
       91
1005
59F
  0
LINE
  5
5A0
330
27F
100
AcDbEntity
  8
0
100
AcDbLine
 10
846.9830546922507
 20
3.0
 30
0.0
 11
846.9830546922507
 21
0.0
 31
0.0
1001
AcDbBlockRepETag
1070
     1
1071
       92
1005
5A0
  0
LINE
  5
5A1
330
27F
100
AcDbEntity
  8
0
100
AcDbLine
 10
958.3842707079359
 20
1.0
 30
0.0
 11
958.3842707079359
 21
0.0
 31
0.0
1001
AcDbBlockRepETag
1070
     1
1071
       93
1005
5A1
  0
LINE
  5
5A2
330
27F
100
AcDbEntity
  8
0
100
AcDbLine
 10
946.7505320360412
 20
1.047160253394394
 30
0.0
 11
946.7505320360412
 21
0.0471602533943951
 31
0.0
1001
AcDbBlockRepETag
1070
     1
1071
       94
1005
5A2
  0
LINE
  5
5A3
330
27F
100
AcDbEntity
  8
0
100
AcDbLine
 10
884.1167933641457
 20
2125.0
 30
0.0
 11
884.1167933641457
 21
2122.0
 31
0.0
1001
AcDbBlockRepETag
1070
     1
1071
       95
1005
5A3
  0
LINE
  5
5A4
330
27F
100
AcDbEntity
  8
0
100
AcDbLine
 10
946.7505320360412
 20
2122.75
 30
0.0
 11
946.7505320360412
 21
2121.75
 31
0.0
1001
AcDbBlockRepETag
1070
     1
1071
       96
1005
5A4
  0
LINE
  5
5A5
330
27F
100
AcDbEntity
  8
0
100
AcDbLine
 10
958.3842707079359
 20
2112.0
 30
0.0
 11
958.3842707079359
 21
2111.0
 31
0.0
1001
AcDbBlockRepETag
1070
     1
1071
       97
1005
5A5
  0
LINE
  5
5A6
330
27F
100
AcDbEntity
  8
0
100
AcDbLine
 10
969.0180093798312
 20
2109.75
 30
0.0
 11
969.0180093798312
 21
2106.75
 31
0.0
1001
AcDbBlockRepETag
1070
     1
1071
       98
1005
5A6
  0
LINE
  5
5A7
330
27F
100
AcDbEntity
  8
0
100
AcDbLine
 10
976.6517480519592
 20
2103.0
 30
0.0
 11
976.6517480519592
 21
2100.0
 31
0.0
1001
AcDbBlockRepETag
1070
     1
1071
       99
1005
5A7
  0
LINE
  5
5A8
330
27F
100
AcDbEntity
  8
0
100
AcDbLine
 10
1161.651786723965
 20
2103.0
 30
0.0
 11
1161.651786723965
 21
2100.0
 31
0.0
1001
AcDbBlockRepETag
1070
     1
1071
      100
1005
5A8
  0
LINE
  5
5A9
330
27F
100
AcDbEntity
  8
0
100
AcDbLine
 10
1220.78552539586
 20
2161.25
 30
0.0
 11
1220.78552539586
 21
2158.25
 31
0.0
1001
AcDbBlockRepETag
1070
     1
1071
      101
1005
5A9
  0
LINE
  5
5AA
330
27F
100
AcDbEntity
  8
0
100
AcDbLine
 10
846.9830546922507
 20
2161.25
 30
0.0
 11
846.9830546922507
 21
2158.25
 31
0.0
1001
AcDbBlockRepETag
1070
     1
1071
      102
1005
5AA
  0
LWPOLYLINE
  5
5AB
330
27F
100
AcDbEntity
  8
0
100
AcDbPolyline
 90
        4
 70
     1
 43
0.0
 10
882.3167933640991
 20
1973.5
 10
912.8167933640993
 20
1973.5
 10
912.8167933640993
 20
1871.5
 10
882.3167933640991
 20
1871.5
1001
AcDbBlockRepETag
1070
     1
1071
      103
1005
5AB
  0
LINE
  5
5AC
330
27F
100
AcDbEntity
  8
0
100
AcDbLine
 10
976.6517480519592
 20
3.0
 30
0.0
 11
976.6517480519592
 21
0.0
 31
0.0
1001
AcDbBlockRepETag
1070
     1
1071
      104
1005
5AC
  0
LINE
  5
5AD
330
27F
100
AcDbEntity
  8
0
100
AcDbLine
 10
1161.651786723965
 20
3.0
 30
0.0
 11
1161.651786723965
 21
0.0
 31
0.0
1001
AcDbBlockRepETag
1070
     1
1071
      105
1005
5AD
  0
LINE
  5
5AE
330
27F
100
AcDbEntity
  8
0
100
AcDbLine
 10
969.0180093798312
 20
3.0
 30
0.0
 11
969.0180093798312
 21
0.0
 31
0.0
1001
AcDbBlockRepETag
1070
     1
1071
      106
1005
5AE
  0
LINE
  5
5AF
330
27F
100
AcDbEntity
  8
0
100
AcDbLine
 10
884.1167933641457
 20
3.0
 30
0.0
 11
884.1167933641457
 21
0.0
 31
0.0
1001
AcDbBlockRepETag
1070
     1
1071
      107
1005
5AF
  0
LINE
  5
5B0
330
27F
100
AcDbEntity
  8
0
100
AcDbLine
 10
1220.78552539586
 20
3.0
 30
0.0
 11
1220.78552539586
 21
0.0
 31
0.0
1001
AcDbBlockRepETag
1070
     1
1071
      108
1005
5B0
  0
LINE
  5
5B1
330
27F
100
AcDbEntity
  8
0
100
AcDbLine
 10
846.9830546922507
 20
3.0
 30
0.0
 11
846.9830546922507
 21
0.0
 31
0.0
1001
AcDbBlockRepETag
1070
     1
1071
      109
1005
5B1
  0
LINE
  5
5B2
330
27F
100
AcDbEntity
  8
0
100
AcDbLine
 10
958.3842707079359
 20
1.0
 30
0.0
 11
958.3842707079359
 21
0.0
 31
0.0
1001
AcDbBlockRepETag
1070
     1
1071
      110
1005
5B2
  0
LINE
  5
5B3
330
27F
100
AcDbEntity
  8
0
100
AcDbLine
 10
946.7505320360412
 20
1.047160253394394
 30
0.0
 11
946.7505320360412
 21
0.0471602533943951
 31
0.0
1001
AcDbBlockRepETag
1070
     1
1071
      111
1005
5B3
  0
LINE
  5
5B4
330
27F
100
AcDbEntity
  8
0
100
AcDbLine
 10
884.1167933641457
 20
2125.0
 30
0.0
 11
884.1167933641457
 21
2122.0
 31
0.0
1001
AcDbBlockRepETag
1070
     1
1071
      112
1005
5B4
  0
LINE
  5
5B5
330
27F
100
AcDbEntity
  8
0
100
AcDbLine
 10
946.7505320360412
 20
2122.75
 30
0.0
 11
946.7505320360412
 21
2121.75
 31
0.0
1001
AcDbBlockRepETag
1070
     1
1071
      113
1005
5B5
  0
LINE
  5
5B6
330
27F
100
AcDbEntity
  8
0
100
AcDbLine
 10
958.3842707079359
 20
2112.0
 30
0.0
 11
958.3842707079359
 21
2111.0
 31
0.0
1001
AcDbBlockRepETag
1070
     1
1071
      114
1005
5B6
  0
LINE
  5
5B7
330
27F
100
AcDbEntity
  8
0
100
AcDbLine
 10
969.0180093798312
 20
2109.75
 30
0.0
 11
969.0180093798312
 21
2106.75
 31
0.0
1001
AcDbBlockRepETag
1070
     1
1071
      115
1005
5B7
  0
LINE
  5
5B8
330
27F
100
AcDbEntity
  8
0
100
AcDbLine
 10
976.6517480519592
 20
2103.0
 30
0.0
 11
976.6517480519592
 21
2100.0
 31
0.0
1001
AcDbBlockRepETag
1070
     1
1071
      116
1005
5B8
  0
LINE
  5
5B9
330
27F
100
AcDbEntity
  8
0
100
AcDbLine
 10
1161.651786723965
 20
2103.0
 30
0.0
 11
1161.651786723965
 21
2100.0
 31
0.0
1001
AcDbBlockRepETag
1070
     1
1071
      117
1005
5B9
  0
LINE
  5
5BA
330
27F
100
AcDbEntity
  8
0
100
AcDbLine
 10
1220.78552539586
 20
2161.25
 30
0.0
 11
1220.78552539586
 21
2158.25
 31
0.0
1001
AcDbBlockRepETag
1070
     1
1071
      118
1005
5BA
  0
LINE
  5
5BB
330
27F
100
AcDbEntity
  8
0
100
AcDbLine
 10
846.9830546922507
 20
2161.25
 30
0.0
 11
846.9830546922507
 21
2158.25
 31
0.0
1001
AcDbBlockRepETag
1070
     1
1071
      119
1005
5BB
  0
LWPOLYLINE
  5
5BC
330
27F
100
AcDbEntity
  8
0
100
AcDbPolyline
 90
        4
 70
     1
 43
0.0
 10
882.3167933640991
 20
1973.5
 10
912.8167933640993
 20
1973.5
 10
912.8167933640993
 20
1871.5
 10
882.3167933640991
 20
1871.5
1001
AcDbBlockRepETag
1070
     1
1071
      120
1005
5BC
  0
LWPOLYLINE
  5
5BD
330
27F
100
AcDbEntity
  8
0
100
AcDbPolyline
 90
        4
 70
     1
 43
0.0
 10
882.3167933638664
 20
252.0
 10
912.8167933638664
 20
252.0
 10
912.8167933638664
 20
150.0
 10
882.3167933638664
 20
150.0
1001
AcDbBlockRepETag
1070
     1
1071
      121
1005
5BD
  0
LWPOLYLINE
  5
5BE
330
27F
100
AcDbEntity
  8
0
100
AcDbPolyline
 90
        4
 70
     1
 43
0.0
 10
882.3167933638664
 20
252.0
 10
912.8167933638664
 20
252.0
 10
912.8167933638664
 20
150.0
 10
882.3167933638664
 20
150.0
1001
AcDbBlockRepETag
1070
     1
1071
      122
1005
5BE
  0
LWPOLYLINE
  5
5BF
330
27F
100
AcDbEntity
  8
0
100
AcDbPolyline
 90
        4
 70
     1
 43
0.0
 10
882.3167933638664
 20
252.0
 10
912.8167933638664
 20
252.0
 10
912.8167933638664
 20
150.0
 10
882.3167933638664
 20
150.0
1001
AcDbBlockRepETag
1070
     1
1071
      123
1005
5BF
  0
LWPOLYLINE
  5
5C0
330
27F
100
AcDbEntity
  8
0
100
AcDbPolyline
 90
        4
 70
     1
 43
0.0
 10
882.3167933638664
 20
252.0
 10
912.8167933638664
 20
252.0
 10
912.8167933638664
 20
150.0
 10
882.3167933638664
 20
150.0
1001
AcDbBlockRepETag
1070
     1
1071
      124
1005
5C0
  0
LWPOLYLINE
  5
5C1
330
27F
100
AcDbEntity
  8
0
100
AcDbPolyline
 90
        4
 70
     1
 43
0.0
 10
882.3167933640991
 20
1771.5
 10
912.8167933640993
 20
1771.5
 10
912.8167933640993
 20
1669.5
 10
882.3167933640991
 20
1669.5
1001
AcDbBlockRepETag
1070
     1
1071
      125
1005
5C1
  0
LWPOLYLINE
  5
5C2
330
27F
100
AcDbEntity
  8
0
100
AcDbPolyline
 90
        4
 70
     1
 43
0.0
 10
882.3167933637503
 20
1011.75
 10
912.8167933637499
 20
1011.75
 10
912.8167933637499
 20
909.75
 10
882.3167933637503
 20
909.75
1001
AcDbBlockRepETag
1070
     1
1071
      126
1005
5C2
  0
LWPOLYLINE
  5
5C3
330
27F
100
AcDbEntity
  8
0
  6
Continuous
370
    25
100
AcDbPolyline
 90
        4
 70
     1
 43
0.0
 10
911.049962700204
 20
6.0
 10
899.0499627002042
 20
6.0
 10
899.0499627002042
 20
4.0
 10
911.049962700204
 20
4.0
1001
AcDbBlockRepETag
1070
     1
1071
      127
1005
5C3
  0
LWPOLYLINE
  5
5C4
330
27F
100
AcDbEntity
  8
0
  6
Continuous
370
    25
100
AcDbPolyline
 90
        4
 70
     1
 43
0.0
 10
1134.718617387674
 20
11.0
 10
1146.718617387674
 20
11.0
 10
1146.718617387674
 20
9.0
 10
1134.718617387674
 20
9.0
1001
AcDbBlockRepETag
1070
     1
1071
      128
1005
5C4
  0
LWPOLYLINE
  5
5C5
330
27F
100
AcDbEntity
  8
0
100
AcDbPolyline
 90
       18
 70
     0
 43
0.0
 10
2443.151767394132
 20
2431.356514497544
 10
2460.151767394132
 20
2431.356514497544
 42
-0.4142135623730951
 91
        3
 10
2463.151767394132
 20
2428.356514497544
 91
        4
 10
2463.151767394132
 20
2372.356514497544
 42
-0.4142135623730951
 91
        5
 10
2460.151767394132
 20
2369.356514497544
 10
2278.151767394132
 20
2369.356514497544
 42
-0.4142135623730951
 10
2275.151767394132
 20
2372.356514497544
 10
2275.151767394132
 20
2376.856514497544
 42
-0.4142135623730951
 10
2278.151767394132
 20
2379.856514497544
 10
2285.651767394132
 20
2379.856514497544
 42
0.4142135623730951
 10
2287.151767394132
 20
2381.356514497544
 10
2287.151767394132
 20
2389.856514497544
 42
0.4142135623730951
 10
2285.651767394132
 20
2391.356514497545
 10
2226.151767394132
 20
2391.356514497545
 42
-0.4142135623730951
 10
2223.151767394132
 20
2394.356514497544
 91
        1
 10
2223.151767394132
 20
2428.356514497544
 42
-0.4142135623730951
 91
        2
 10
2226.151767394132
 20
2431.356514497544
 10
2243.151767394132
 20
2431.356514497544
1001
AcDbBlockRepETag
1070
     1
1071
      129
1005
5C5
  0
LWPOLYLINE
  5
5C6
330
27F
100
AcDbEntity
  8
0
100
AcDbPolyline
 90
       18
 70
     0
 43
0.0
 10
2443.151767394132
 20
2429.856514497544
 10
2460.151767394132
 20
2429.856514497544
 42
-0.4142135623730951
 10
2461.651767394132
 20
2428.356514497544
 10
2461.651767394132
 20
2372.356514497544
 42
-0.4142135623730951
 10
2460.151767394132
 20
2370.856514497544
 10
2278.151767394132
 20
2370.856514497544
 42
-0.4142135623730951
 10
2276.651767394132
 20
2372.356514497544
 10
2276.651767394132
 20
2376.856514497544
 42
-0.4142135623730951
 10
2278.151767394132
 20
2378.356514497544
 10
2285.651767394132
 20
2378.356514497544
 42
0.4142135623730951
 10
2288.651767394132
 20
2381.356514497544
 10
2288.651767394132
 20
2389.856514497544
 42
0.4142135623730951
 10
2285.651767394132
 20
2392.856514497544
 10
2226.151767394132
 20
2392.856514497544
 42
-0.4142135623730951
 10
2224.651767394132
 20
2394.356514497544
 10
2224.651767394132
 20
2428.356514497544
 42
-0.4142135623730951
 10
2226.151767394132
 20
2429.856514497544
 10
2243.151767394132
 20
2429.856514497544
1001
AcDbBlockRepETag
1070
     1
1071
      130
1005
5C6
  0
LINE
  5
5C7
330
27F
100
AcDbEntity
  8
0
100
AcDbLine
 10
2443.151767394132
 20
2431.356514497544
 30
0.0
 11
2443.151767394132
 21
2429.856514497544
 31
0.0
1001
AcDbBlockRepETag
1070
     1
1071
      131
1005
5C7
  0
LINE
  5
5C8
330
27F
100
AcDbEntity
  8
0
100
AcDbLine
 10
2243.151767394132
 20
2431.356514497544
 30
0.0
 11
2243.151767394132
 21
2429.856514497544
 31
0.0
1001
AcDbBlockRepETag
1070
     1
1071
      132
1005
5C8
  0
LINE
  5
5C9
330
27F
100
AcDbEntity
  8
0
100
AcDbLine
 10
1652.530820598514
 20
3.0
 30
0.0
 11
1652.530820598514
 21
0.0
 31
0.0
1001
AcDbBlockRepETag
1070
     1
1071
      133
1005
5C9
  0
LINE
  5
5CA
330
27F
100
AcDbEntity
  8
0
100
AcDbLine
 10
1467.530781926741
 20
3.0
 30
0.0
 11
1467.530781926741
 21
0.0
 31
0.0
1001
AcDbBlockRepETag
1070
     1
1071
      134
1005
5CA
  0
LINE
  5
5CB
330
27F
100
AcDbEntity
  8
0
100
AcDbLine
 10
1660.164559270409
 20
3.0
 30
0.0
 11
1660.164559270409
 21
0.0
 31
0.0
1001
AcDbBlockRepETag
1070
     1
1071
      135
1005
5CB
  0
LINE
  5
5CC
330
27F
100
AcDbEntity
  8
0
100
AcDbLine
 10
1745.06577528656
 20
3.0
 30
0.0
 11
1745.06577528656
 21
0.0
 31
0.0
1001
AcDbBlockRepETag
1070
     1
1071
      136
1005
5CC
  0
LINE
  5
5CD
330
27F
100
AcDbEntity
  8
0
100
AcDbLine
 10
1408.397043254613
 20
3.0
 30
0.0
 11
1408.397043254613
 21
0.0
 31
0.0
1001
AcDbBlockRepETag
1070
     1
1071
      137
1005
5CD
  0
LINE
  5
5CE
330
27F
100
AcDbEntity
  8
0
100
AcDbLine
 10
1782.199513958454
 20
3.0
 30
0.0
 11
1782.199513958454
 21
0.0
 31
0.0
1001
AcDbBlockRepETag
1070
     1
1071
      138
1005
5CE
  0
LINE
  5
5CF
330
27F
100
AcDbEntity
  8
0
100
AcDbLine
 10
1670.798297942537
 20
1.0
 30
0.0
 11
1670.798297942537
 21
0.0
 31
0.0
1001
AcDbBlockRepETag
1070
     1
1071
      139
1005
5CF
  0
LINE
  5
5D0
330
27F
100
AcDbEntity
  8
0
100
AcDbLine
 10
1682.4320366142
 20
1.047160253394394
 30
0.0
 11
1682.4320366142
 21
0.0471602533943951
 31
0.0
1001
AcDbBlockRepETag
1070
     1
1071
      140
1005
5D0
  0
LINE
  5
5D1
330
27F
100
AcDbEntity
  8
0
100
AcDbLine
 10
1745.06577528656
 20
2125.0
 30
0.0
 11
1745.06577528656
 21
2119.0
 31
0.0
1001
AcDbBlockRepETag
1070
     1
1071
      141
1005
5D1
  0
LINE
  5
5D2
330
27F
100
AcDbEntity
  8
0
100
AcDbLine
 10
1682.4320366142
 20
2122.75
 30
0.0
 11
1682.4320366142
 21
2121.75
 31
0.0
1001
AcDbBlockRepETag
1070
     1
1071
      142
1005
5D2
  0
LINE
  5
5D3
330
27F
100
AcDbEntity
  8
0
100
AcDbLine
 10
1670.798297942537
 20
2112.0
 30
0.0
 11
1670.798297942537
 21
2111.0
 31
0.0
1001
AcDbBlockRepETag
1070
     1
1071
      143
1005
5D3
  0
LINE
  5
5D4
330
27F
100
AcDbEntity
  8
0
100
AcDbLine
 10
1660.164559270409
 20
2109.75
 30
0.0
 11
1660.164559270409
 21
2106.75
 31
0.0
1001
AcDbBlockRepETag
1070
     1
1071
      144
1005
5D4
  0
LINE
  5
5D5
330
27F
100
AcDbEntity
  8
0
100
AcDbLine
 10
1652.530820598514
 20
2103.0
 30
0.0
 11
1652.530820598514
 21
2100.0
 31
0.0
1001
AcDbBlockRepETag
1070
     1
1071
      145
1005
5D5
  0
LINE
  5
5D6
330
27F
100
AcDbEntity
  8
0
100
AcDbLine
 10
1467.530781926741
 20
2103.0
 30
0.0
 11
1467.530781926741
 21
2100.0
 31
0.0
1001
AcDbBlockRepETag
1070
     1
1071
      146
1005
5D6
  0
LINE
  5
5D7
330
27F
100
AcDbEntity
  8
0
100
AcDbLine
 10
1408.397043254613
 20
2161.25
 30
0.0
 11
1408.397043254613
 21
2158.25
 31
0.0
1001
AcDbBlockRepETag
1070
     1
1071
      147
1005
5D7
  0
LINE
  5
5D8
330
27F
100
AcDbEntity
  8
0
100
AcDbLine
 10
1782.199513958454
 20
2161.25
 30
0.0
 11
1782.199513958454
 21
2158.25
 31
0.0
1001
AcDbBlockRepETag
1070
     1
1071
      148
1005
5D8
  0
LWPOLYLINE
  5
5D9
102
{ACAD_REACTORS
330
63F
102
}
330
27F
100
AcDbEntity
  8
0
  6
Continuous
370
    25
100
AcDbPolyline
 90
       44
 70
     1
 43
0.0
 10
1654.097689934695
 20
2104.5
 10
1658.597689934694
 20
2109.0
 10
1661.73142860659
 20
2110.5
 10
1669.23142860659
 20
2110.5
 10
1672.365167278485
 20
2113.5
 10
1680.865167278485
 20
2122.0
 10
1683.99890595038
 20
2123.5
 10
1695.99890595038
 20
2123.5
 10
1695.99890595038
 20
2132.5
 10
1698.99890595038
 20
2135.5
 10
1702.99890595038
 20
2135.5
 10
1705.99890595038
 20
2132.5
 10
1705.99890595038
 20
2123.5
 10
1721.49890595038
 20
2123.5
 10
1721.49890595038
 20
2132.5
 10
1724.49890595038
 20
2135.5
 10
1728.49890595038
 20
2135.5
 10
1731.49890595038
 20
2132.5
 10
1731.49890595038
 20
2123.5
 10
1743.49890595038
 20
2123.5
 10
1746.632644622275
 20
2126.5
 10
1780.632644622275
 20
2160.5
 10
1783.766383294169
 20
2162.0
 10
1795.766413958199
 20
2162.0
 10
1795.766413958431
 20
0.0
 10
1394.830173918666
 20
0.0
 10
1394.830173918666
 20
2162.0
 10
1406.830173918666
 20
2162.0
 10
1409.963912590561
 20
2160.5
 10
1465.963912590561
 20
2104.5
 10
1469.097651262456
 20
2101.5
 10
1481.097651262456
 20
2101.5
 10
1481.097651262456
 20
2110.5
 10
1484.097651262456
 20
2113.5
 10
1488.097651262456
 20
2113.5
 10
1491.097651262456
 20
2110.5
 10
1491.097651262456
 20
2101.5
 10
1628.963951262334
 20
2101.5
 10
1628.963951262334
 20
2110.5
 10
1631.963951262334
 20
2113.5
 10
1635.963951262334
 20
2113.5
 10
1638.963951262334
 20
2110.5
 10
1638.963951262334
 20
2101.5
 10
1650.963951262567
 20
2101.5
1001
AcDbBlockRepETag
1070
     1
1071
      149
1005
5D9
  0
LINE
  5
5DA
330
27F
100
AcDbEntity
  8
0
100
AcDbLine
 10
1652.530820598514
 20
3.0
 30
0.0
 11
1652.530820598514
 21
0.0
 31
0.0
1001
AcDbBlockRepETag
1070
     1
1071
      150
1005
5DA
  0
LINE
  5
5DB
330
27F
100
AcDbEntity
  8
0
100
AcDbLine
 10
1467.530781926741
 20
3.0
 30
0.0
 11
1467.530781926741
 21
0.0
 31
0.0
1001
AcDbBlockRepETag
1070
     1
1071
      151
1005
5DB
  0
LINE
  5
5DC
330
27F
100
AcDbEntity
  8
0
100
AcDbLine
 10
1660.164559270409
 20
3.0
 30
0.0
 11
1660.164559270409
 21
0.0
 31
0.0
1001
AcDbBlockRepETag
1070
     1
1071
      152
1005
5DC
  0
LINE
  5
5DD
330
27F
100
AcDbEntity
  8
0
100
AcDbLine
 10
1745.06577528656
 20
3.0
 30
0.0
 11
1745.06577528656
 21
0.0
 31
0.0
1001
AcDbBlockRepETag
1070
     1
1071
      153
1005
5DD
  0
LINE
  5
5DE
330
27F
100
AcDbEntity
  8
0
100
AcDbLine
 10
1408.397043254613
 20
3.0
 30
0.0
 11
1408.397043254613
 21
0.0
 31
0.0
1001
AcDbBlockRepETag
1070
     1
1071
      154
1005
5DE
  0
LINE
  5
5DF
330
27F
100
AcDbEntity
  8
0
100
AcDbLine
 10
1782.199513958454
 20
3.0
 30
0.0
 11
1782.199513958454
 21
0.0
 31
0.0
1001
AcDbBlockRepETag
1070
     1
1071
      155
1005
5DF
  0
LINE
  5
5E0
330
27F
100
AcDbEntity
  8
0
100
AcDbLine
 10
1670.798297942537
 20
1.0
 30
0.0
 11
1670.798297942537
 21
0.0
 31
0.0
1001
AcDbBlockRepETag
1070
     1
1071
      156
1005
5E0
  0
LINE
  5
5E1
330
27F
100
AcDbEntity
  8
0
100
AcDbLine
 10
1682.4320366142
 20
1.047160253394394
 30
0.0
 11
1682.4320366142
 21
0.0471602533943951
 31
0.0
1001
AcDbBlockRepETag
1070
     1
1071
      157
1005
5E1
  0
LINE
  5
5E2
330
27F
100
AcDbEntity
  8
0
100
AcDbLine
 10
1745.06577528656
 20
2125.0
 30
0.0
 11
1745.06577528656
 21
2119.0
 31
0.0
1001
AcDbBlockRepETag
1070
     1
1071
      158
1005
5E2
  0
LINE
  5
5E3
330
27F
100
AcDbEntity
  8
0
100
AcDbLine
 10
1682.4320366142
 20
2122.75
 30
0.0
 11
1682.4320366142
 21
2121.75
 31
0.0
1001
AcDbBlockRepETag
1070
     1
1071
      159
1005
5E3
  0
LINE
  5
5E4
330
27F
100
AcDbEntity
  8
0
100
AcDbLine
 10
1670.798297942537
 20
2112.0
 30
0.0
 11
1670.798297942537
 21
2111.0
 31
0.0
1001
AcDbBlockRepETag
1070
     1
1071
      160
1005
5E4
  0
LINE
  5
5E5
330
27F
100
AcDbEntity
  8
0
100
AcDbLine
 10
1660.164559270409
 20
2109.75
 30
0.0
 11
1660.164559270409
 21
2106.75
 31
0.0
1001
AcDbBlockRepETag
1070
     1
1071
      161
1005
5E5
  0
LINE
  5
5E6
330
27F
100
AcDbEntity
  8
0
100
AcDbLine
 10
1652.530820598514
 20
2103.0
 30
0.0
 11
1652.530820598514
 21
2100.0
 31
0.0
1001
AcDbBlockRepETag
1070
     1
1071
      162
1005
5E6
  0
LINE
  5
5E7
330
27F
100
AcDbEntity
  8
0
100
AcDbLine
 10
1467.530781926741
 20
2103.0
 30
0.0
 11
1467.530781926741
 21
2100.0
 31
0.0
1001
AcDbBlockRepETag
1070
     1
1071
      163
1005
5E7
  0
LINE
  5
5E8
330
27F
100
AcDbEntity
  8
0
100
AcDbLine
 10
1408.397043254613
 20
2161.25
 30
0.0
 11
1408.397043254613
 21
2158.25
 31
0.0
1001
AcDbBlockRepETag
1070
     1
1071
      164
1005
5E8
  0
LINE
  5
5E9
330
27F
100
AcDbEntity
  8
0
100
AcDbLine
 10
1782.199513958454
 20
2161.25
 30
0.0
 11
1782.199513958454
 21
2158.25
 31
0.0
1001
AcDbBlockRepETag
1070
     1
1071
      165
1005
5E9
  0
LINE
  5
5EA
330
27F
100
AcDbEntity
  8
0
100
AcDbLine
 10
1652.530820598514
 20
3.0
 30
0.0
 11
1652.530820598514
 21
0.0
 31
0.0
1001
AcDbBlockRepETag
1070
     1
1071
      166
1005
5EA
  0
LINE
  5
5EB
330
27F
100
AcDbEntity
  8
0
100
AcDbLine
 10
1467.530781926741
 20
3.0
 30
0.0
 11
1467.530781926741
 21
0.0
 31
0.0
1001
AcDbBlockRepETag
1070
     1
1071
      167
1005
5EB
  0
LINE
  5
5EC
330
27F
100
AcDbEntity
  8
0
100
AcDbLine
 10
1660.164559270409
 20
3.0
 30
0.0
 11
1660.164559270409
 21
0.0
 31
0.0
1001
AcDbBlockRepETag
1070
     1
1071
      168
1005
5EC
  0
LINE
  5
5ED
330
27F
100
AcDbEntity
  8
0
100
AcDbLine
 10
1745.06577528656
 20
3.0
 30
0.0
 11
1745.06577528656
 21
0.0
 31
0.0
1001
AcDbBlockRepETag
1070
     1
1071
      169
1005
5ED
  0
LINE
  5
5EE
330
27F
100
AcDbEntity
  8
0
100
AcDbLine
 10
1408.397043254613
 20
3.0
 30
0.0
 11
1408.397043254613
 21
0.0
 31
0.0
1001
AcDbBlockRepETag
1070
     1
1071
      170
1005
5EE
  0
LINE
  5
5EF
330
27F
100
AcDbEntity
  8
0
100
AcDbLine
 10
1782.199513958454
 20
3.0
 30
0.0
 11
1782.199513958454
 21
0.0
 31
0.0
1001
AcDbBlockRepETag
1070
     1
1071
      171
1005
5EF
  0
LINE
  5
5F0
330
27F
100
AcDbEntity
  8
0
100
AcDbLine
 10
1670.798297942537
 20
1.0
 30
0.0
 11
1670.798297942537
 21
0.0
 31
0.0
1001
AcDbBlockRepETag
1070
     1
1071
      172
1005
5F0
  0
LINE
  5
5F1
330
27F
100
AcDbEntity
  8
0
100
AcDbLine
 10
1682.4320366142
 20
1.047160253394394
 30
0.0
 11
1682.4320366142
 21
0.0471602533943951
 31
0.0
1001
AcDbBlockRepETag
1070
     1
1071
      173
1005
5F1
  0
LINE
  5
5F2
330
27F
100
AcDbEntity
  8
0
100
AcDbLine
 10
1745.06577528656
 20
2125.0
 30
0.0
 11
1745.06577528656
 21
2119.0
 31
0.0
1001
AcDbBlockRepETag
1070
     1
1071
      174
1005
5F2
  0
LINE
  5
5F3
330
27F
100
AcDbEntity
  8
0
100
AcDbLine
 10
1682.4320366142
 20
2122.75
 30
0.0
 11
1682.4320366142
 21
2121.75
 31
0.0
1001
AcDbBlockRepETag
1070
     1
1071
      175
1005
5F3
  0
LINE
  5
5F4
330
27F
100
AcDbEntity
  8
0
100
AcDbLine
 10
1670.798297942537
 20
2112.0
 30
0.0
 11
1670.798297942537
 21
2111.0
 31
0.0
1001
AcDbBlockRepETag
1070
     1
1071
      176
1005
5F4
  0
LINE
  5
5F5
330
27F
100
AcDbEntity
  8
0
100
AcDbLine
 10
1660.164559270409
 20
2109.75
 30
0.0
 11
1660.164559270409
 21
2106.75
 31
0.0
1001
AcDbBlockRepETag
1070
     1
1071
      177
1005
5F5
  0
LINE
  5
5F6
330
27F
100
AcDbEntity
  8
0
100
AcDbLine
 10
1652.530820598514
 20
2103.0
 30
0.0
 11
1652.530820598514
 21
2100.0
 31
0.0
1001
AcDbBlockRepETag
1070
     1
1071
      178
1005
5F6
  0
LINE
  5
5F7
330
27F
100
AcDbEntity
  8
0
100
AcDbLine
 10
1467.530781926741
 20
2103.0
 30
0.0
 11
1467.530781926741
 21
2100.0
 31
0.0
1001
AcDbBlockRepETag
1070
     1
1071
      179
1005
5F7
  0
LINE
  5
5F8
330
27F
100
AcDbEntity
  8
0
100
AcDbLine
 10
1408.397043254613
 20
2161.25
 30
0.0
 11
1408.397043254613
 21
2158.25
 31
0.0
1001
AcDbBlockRepETag
1070
     1
1071
      180
1005
5F8
  0
LINE
  5
5F9
330
27F
100
AcDbEntity
  8
0
100
AcDbLine
 10
1782.199513958454
 20
2161.25
 30
0.0
 11
1782.199513958454
 21
2158.25
 31
0.0
1001
AcDbBlockRepETag
1070
     1
1071
      181
1005
5F9
  0
LINE
  5
5FA
330
27F
100
AcDbEntity
  8
0
100
AcDbLine
 10
1652.530820598514
 20
3.0
 30
0.0
 11
1652.530820598514
 21
0.0
 31
0.0
1001
AcDbBlockRepETag
1070
     1
1071
      182
1005
5FA
  0
LINE
  5
5FB
330
27F
100
AcDbEntity
  8
0
100
AcDbLine
 10
1467.530781926741
 20
3.0
 30
0.0
 11
1467.530781926741
 21
0.0
 31
0.0
1001
AcDbBlockRepETag
1070
     1
1071
      183
1005
5FB
  0
LINE
  5
5FC
330
27F
100
AcDbEntity
  8
0
100
AcDbLine
 10
1660.164559270409
 20
3.0
 30
0.0
 11
1660.164559270409
 21
0.0
 31
0.0
1001
AcDbBlockRepETag
1070
     1
1071
      184
1005
5FC
  0
LINE
  5
5FD
330
27F
100
AcDbEntity
  8
0
100
AcDbLine
 10
1745.06577528656
 20
3.0
 30
0.0
 11
1745.06577528656
 21
0.0
 31
0.0
1001
AcDbBlockRepETag
1070
     1
1071
      185
1005
5FD
  0
LINE
  5
5FE
330
27F
100
AcDbEntity
  8
0
100
AcDbLine
 10
1408.397043254613
 20
3.0
 30
0.0
 11
1408.397043254613
 21
0.0
 31
0.0
1001
AcDbBlockRepETag
1070
     1
1071
      186
1005
5FE
  0
LINE
  5
5FF
330
27F
100
AcDbEntity
  8
0
100
AcDbLine
 10
1782.199513958454
 20
3.0
 30
0.0
 11
1782.199513958454
 21
0.0
 31
0.0
1001
AcDbBlockRepETag
1070
     1
1071
      187
1005
5FF
  0
LINE
  5
600
330
27F
100
AcDbEntity
  8
0
100
AcDbLine
 10
1670.798297942537
 20
1.0
 30
0.0
 11
1670.798297942537
 21
0.0
 31
0.0
1001
AcDbBlockRepETag
1070
     1
1071
      188
1005
600
  0
LINE
  5
601
330
27F
100
AcDbEntity
  8
0
100
AcDbLine
 10
1682.4320366142
 20
1.047160253394394
 30
0.0
 11
1682.4320366142
 21
0.0471602533943951
 31
0.0
1001
AcDbBlockRepETag
1070
     1
1071
      189
1005
601
  0
LINE
  5
602
330
27F
100
AcDbEntity
  8
0
100
AcDbLine
 10
1745.06577528656
 20
2125.0
 30
0.0
 11
1745.06577528656
 21
2119.0
 31
0.0
1001
AcDbBlockRepETag
1070
     1
1071
      190
1005
602
  0
LINE
  5
603
330
27F
100
AcDbEntity
  8
0
100
AcDbLine
 10
1682.4320366142
 20
2122.75
 30
0.0
 11
1682.4320366142
 21
2121.75
 31
0.0
1001
AcDbBlockRepETag
1070
     1
1071
      191
1005
603
  0
LINE
  5
604
330
27F
100
AcDbEntity
  8
0
100
AcDbLine
 10
1670.798297942537
 20
2112.0
 30
0.0
 11
1670.798297942537
 21
2111.0
 31
0.0
1001
AcDbBlockRepETag
1070
     1
1071
      192
1005
604
  0
LINE
  5
605
330
27F
100
AcDbEntity
  8
0
100
AcDbLine
 10
1660.164559270409
 20
2109.75
 30
0.0
 11
1660.164559270409
 21
2106.75
 31
0.0
1001
AcDbBlockRepETag
1070
     1
1071
      193
1005
605
  0
LINE
  5
606
330
27F
100
AcDbEntity
  8
0
100
AcDbLine
 10
1652.530820598514
 20
2103.0
 30
0.0
 11
1652.530820598514
 21
2100.0
 31
0.0
1001
AcDbBlockRepETag
1070
     1
1071
      194
1005
606
  0
LINE
  5
607
330
27F
100
AcDbEntity
  8
0
100
AcDbLine
 10
1467.530781926741
 20
2103.0
 30
0.0
 11
1467.530781926741
 21
2100.0
 31
0.0
1001
AcDbBlockRepETag
1070
     1
1071
      195
1005
607
  0
LINE
  5
608
330
27F
100
AcDbEntity
  8
0
100
AcDbLine
 10
1408.397043254613
 20
2161.25
 30
0.0
 11
1408.397043254613
 21
2158.25
 31
0.0
1001
AcDbBlockRepETag
1070
     1
1071
      196
1005
608
  0
LINE
  5
609
330
27F
100
AcDbEntity
  8
0
100
AcDbLine
 10
1782.199513958454
 20
2161.25
 30
0.0
 11
1782.199513958454
 21
2158.25
 31
0.0
1001
AcDbBlockRepETag
1070
     1
1071
      197
1005
609
  0
LWPOLYLINE
  5
60A
330
27F
100
AcDbEntity
  8
0
  6
Continuous
370
    25
100
AcDbPolyline
 90
        4
 70
     1
 43
0.0
 10
1718.132605950502
 20
6.0
 10
1730.132605950502
 20
6.0
 10
1730.132605950502
 20
4.0
 10
1718.132605950502
 20
4.0
1001
AcDbBlockRepETag
1070
     1
1071
      198
1005
60A
  0
LWPOLYLINE
  5
60B
330
27F
100
AcDbEntity
  8
0
  6
Continuous
370
    25
100
AcDbPolyline
 90
        4
 70
     1
 43
0.0
 10
1494.463951262799
 20
11.0
 10
1482.463951262799
 20
11.0
 10
1482.463951262799
 20
9.0
 10
1494.463951262799
 20
9.0
1001
AcDbBlockRepETag
1070
     1
1071
      199
1005
60B
  0
LWPOLYLINE
  5
60C
330
27F
100
AcDbEntity
  8
0
100
AcDbPolyline
 90
        8
 70
     1
 43
0.0
 10
1737.33845239311
 20
1044.5
 10
1737.33845239311
 20
952.25
 10
1712.83845239311
 20
952.25
 10
1712.83845239311
 20
1122.75
 10
1737.33845239311
 20
1122.75
 10
1737.33845239311
 20
1110.5
 10
1745.66577528642
 20
1110.5
 10
1745.66577528642
 20
1044.5
1001
AcDbBlockRepETag
1070
     1
1071
      200
1005
60C
  0
CIRCLE
  5
60D
330
27F
100
AcDbEntity
  8
0
100
AcDbCircle
 10
905.6836320360647
 20
1581.0
 30
0.0
 40
2.0
1001
AcDbBlockRepETag
1070
     1
1071
      201
1005
60D
  0
CIRCLE
  5
60E
330
27F
100
AcDbEntity
  8
0
100
AcDbCircle
 10
905.6836320360647
 20
1511.0
 30
0.0
 40
2.0
1001
AcDbBlockRepETag
1070
     1
1071
      202
1005
60E
  0
LINE
  5
60F
330
27F
100
AcDbEntity
  8
0
100
AcDbLine
 10
783.8412843253462
 20
4275.84790575793
 30
0.0
 11
777.8412843253462
 21
4275.84790575793
 31
0.0
1001
AcDbBlockRepETag
1070
     1
1071
      203
1005
60F
  0
LINE
  5
610
330
27F
100
AcDbEntity
  8
0
100
AcDbLine
 10
783.8412843253462
 20
3902.045435054206
 30
0.0
 11
777.8412843253462
 21
3902.045435054206
 31
0.0
1001
AcDbBlockRepETag
1070
     1
1071
      204
1005
610
  0
CIRCLE
  5
611
330
27F
100
AcDbEntity
  8
0
 62
     0
100
AcDbCircle
 10
1560.030801262275
 20
149.9999999999963
 30
0.0
 40
3.25
1001
AcDbBlockRepETag
1070
     1
1071
      205
1005
611
  0
CIRCLE
  5
612
330
27F
100
AcDbEntity
  8
0
 62
     0
100
AcDbCircle
 10
1560.030801262314
 20
750.4999999999961
 30
0.0
 40
3.25
1001
AcDbBlockRepETag
1070
     1
1071
      206
1005
612
  0
CIRCLE
  5
613
330
27F
100
AcDbEntity
  8
0
 62
     0
100
AcDbCircle
 10
1560.030801262352
 20
1350.999999999996
 30
0.0
 40
3.25
1001
AcDbBlockRepETag
1070
     1
1071
      207
1005
613
  0
CIRCLE
  5
614
330
27F
100
AcDbEntity
  8
0
 62
     0
100
AcDbCircle
 10
1560.030801262391
 20
1951.499999999996
 30
0.0
 40
3.25
1001
AcDbBlockRepETag
1070
     1
1071
      208
1005
614
  0
CIRCLE
  5
615
330
27F
100
AcDbEntity
  8
0
 62
     0
100
AcDbCircle
 10
1069.151767388431
 20
149.9999999999963
 30
0.0
 40
3.25
1001
AcDbBlockRepETag
1070
     1
1071
      209
1005
615
  0
CIRCLE
  5
616
330
27F
100
AcDbEntity
  8
0
 62
     0
100
AcDbCircle
 10
1069.151767388392
 20
750.4999999999961
 30
0.0
 40
3.25
1001
AcDbBlockRepETag
1070
     1
1071
      210
1005
616
  0
CIRCLE
  5
617
330
27F
100
AcDbEntity
  8
0
 62
     0
100
AcDbCircle
 10
1069.151767388354
 20
1350.999999999996
 30
0.0
 40
3.25
1001
AcDbBlockRepETag
1070
     1
1071
      211
1005
617
  0
CIRCLE
  5
618
330
27F
100
AcDbEntity
  8
0
 62
     0
100
AcDbCircle
 10
1069.151767388315
 20
1951.499999999996
 30
0.0
 40
3.25
1001
AcDbBlockRepETag
1070
     1
1071
      212
1005
618
  0
LWPOLYLINE
  5
619
330
27F
100
AcDbEntity
  8
0
 60
     1
100
AcDbPolyline
 90
       12
 70
     1
 43
0.0
 10
1735.846383294711
 20
1114.5
 10
1735.846383294711
 20
1144.0
 10
1711.346383294711
 20
1144.0
 10
1711.346383294711
 20
1114.5
 10
1702.346383294711
 20
1114.5
 10
1702.346383294711
 20
1040.5
 10
1711.346383294711
 20
1040.5
 10
1711.346383294711
 20
941.5
 10
1735.846383294711
 20
941.5
 10
1735.846383294711
 20
1040.5
 10
1745.665775286887
 20
1040.5
 10
1745.665775286887
 20
1114.5
1001
AcDbBlockRepETag
1070
     1
1071
      213
1005
619
  0
LINE
  5
61A
330
27F
100
AcDbEntity
  8
0
100
AcDbLine
 10
1084.921156449243
 20
-4159.567365426407
 30
0.0
 11
1084.921156449243
 21
-4159.567365426407
 31
0.0
1001
AcDbBlockRepETag
1070
     1
1071
      214
1005
61A
  0
LINE
  5
61B
330
27F
100
AcDbEntity
  8
0
100
AcDbLine
 10
1069.921156449243
 20
-4159.567365426407
 30
0.0
 11
1069.921156449243
 21
-4159.567365426407
 31
0.0
1001
AcDbBlockRepETag
1070
     1
1071
      215
1005
61B
  0
LINE
  5
61C
330
27F
100
AcDbEntity
  8
0
  6
CENTERX2
100
AcDbLine
 10
11.74466795101761
 20
-4156.567365426407
 30
0.0
 11
11.74466795101761
 21
-4159.567365426407
 31
0.0
1001
AcDbBlockRepETag
1070
     1
1071
      216
1005
61C
  0
LINE
  5
61D
330
27F
100
AcDbEntity
  8
0
  6
CENTERX2
100
AcDbLine
 10
71.26319617545231
 20
-4156.567365426407
 30
0.0
 11
71.26319617545231
 21
-4159.567365426407
 31
0.0
1001
AcDbBlockRepETag
1070
     1
1071
      217
1005
61D
  0
LINE
  5
61E
330
27F
100
AcDbEntity
  8
0
  6
CENTERX2
100
AcDbLine
 10
33.74728932650761
 20
-4156.567365426407
 30
0.0
 11
33.74728932650761
 21
-4159.567365426407
 31
0.0
1001
AcDbBlockRepETag
1070
     1
1071
      218
1005
61E
  0
LWPOLYLINE
  5
61F
330
27F
100
AcDbEntity
  8
0
  6
Continuous
370
    25
100
AcDbPolyline
 90
       14
 70
     1
 43
0.0
 10
95.71319960057735
 20
-4337.120371316475
 10
95.71319960057735
 20
-4318.587318479349
 42
0.4142135623730951
 10
93.71319960057736
 20
-4316.587318479348
 10
72.46319960057737
 20
-4316.587318479348
 10
72.46319960057737
 20
-4283.087318479348
 10
73.51319960039109
 20
-4283.087318479348
 10
73.51319960039109
 20
-4265.054265641989
 10
1056.413199600763
 20
-4265.054265641989
 10
1056.413199600763
 20
-4283.087318479348
 10
1057.463199600577
 20
-4283.087318479348
 10
1057.463199600577
 20
-4316.587318479348
 10
1036.213199600577
 20
-4316.587318479348
 42
0.4142135623730951
 10
1034.213199600577
 20
-4318.587318479349
 10
1034.213199600577
 20
-4337.120371316475
1001
AcDbBlockRepETag
1070
     1
1071
      219
1005
61F
  0
LWPOLYLINE
  5
620
330
27F
100
AcDbEntity
  8
0
  6
Continuous
370
    25
100
AcDbPolyline
 90
       14
 70
     1
 43
0.0
 10
95.71319960057735
 20
-4462.712204620632
 10
95.71319960057735
 20
-4444.179151783504
 42
0.4142135623730951
 10
93.71319960057736
 20
-4442.179151783505
 10
72.46319960057737
 20
-4442.179151783505
 10
72.46319960057737
 20
-4408.679151783505
 10
73.51319960039109
 20
-4408.679151783505
 10
73.51319960039109
 20
-4390.646098946143
 10
1056.413199600763
 20
-4390.646098946143
 10
1056.413199600763
 20
-4408.679151783505
 10
1057.463199600577
 20
-4408.679151783505
 10
1057.463199600577
 20
-4442.179151783505
 10
1036.213199600577
 20
-4442.179151783505
 42
0.4142135623730951
 10
1034.213199600577
 20
-4444.179151783504
 10
1034.213199600577
 20
-4462.712204620632
1001
AcDbBlockRepETag
1070
     1
1071
      220
1005
620
  0
LWPOLYLINE
  5
621
330
27F
100
AcDbEntity
  8
0
  6
Continuous
370
    25
100
AcDbPolyline
 90
       14
 70
     1
 43
0.0
 10
95.71319960057735
 20
-4580.733465379121
 10
95.71319960057735
 20
-4562.200412541995
 42
0.4142135623730951
 10
93.71319960057736
 20
-4560.200412541995
 10
72.46319960057737
 20
-4560.200412541995
 10
72.46319960057737
 20
-4526.700412541995
 10
73.51319960039109
 20
-4526.700412541995
 10
73.51319960039109
 20
-4508.667359704634
 10
1056.413199600763
 20
-4508.667359704634
 10
1056.413199600763
 20
-4526.700412541995
 10
1057.463199600577
 20
-4526.700412541995
 10
1057.463199600577
 20
-4560.200412541995
 10
1036.213199600577
 20
-4560.200412541995
 42
0.4142135623730951
 10
1034.213199600577
 20
-4562.200412541995
 10
1034.213199600577
 20
-4580.733465379121
1001
AcDbBlockRepETag
1070
     1
1071
      221
1005
621
  0
LWPOLYLINE
  5
622
330
27F
100
AcDbEntity
  8
0
100
AcDbPolyline
 90
        4
 70
     1
 43
0.0
 10
0.0
 20
-2046.067365426407
 10
1129.926399200223
 20
-2046.067365426407
 10
1129.926399200223
 20
-4159.567365426407
 10
0.0
 20
-4159.567365426407
1001
AcDbBlockRepETag
1070
     1
1071
      222
1005
622
  0
LWPOLYLINE
  5
623
330
27F
100
AcDbEntity
  8
0
 60
     1
100
AcDbPolyline
 90
       24
 70
     1
 43
0.0
 10
1735.06577528656
 20
1124.125000000081
 42
-0.4142135623737884
 10
1735.615775286551
 20
1123.575000000081
 10
1735.615775286551
 20
1099.853776297679
 42
0.2392499996180965
 10
1735.800131915501
 20
1099.490549647471
 10
1745.440450517839
 20
1092.44016738607
 42
-0.2392499996180235
 10
1745.66577528655
 20
1091.996223702492
 10
1745.665775286559
 20
1055.20377629768
 42
-0.2392499996184368
 10
1745.440450517839
 20
1054.759832614101
 10
1735.80013191551
 20
1047.709450352691
 42
0.2392499996180462
 10
1735.615775286551
 20
1047.346223702492
 10
1735.615775286551
 20
935.6250000000818
 42
-0.4142135623737769
 10
1735.06577528656
 20
935.0750000000807
 10
1713.06577528655
 20
935.0750000000807
 42
-0.4142135623737733
 10
1712.515775286551
 20
935.6250000000818
 10
1712.515775286551
 20
1047.346223702492
 42
0.2392499996185795
 10
1712.331418657601
 20
1047.709450352691
 10
1702.691100055272
 20
1054.759832614101
 42
-0.2392499996184618
 10
1702.465775286549
 20
1055.20377629768
 10
1702.465775286549
 20
1091.996223702492
 42
-0.2392499996180227
 10
1702.691100055272
 20
1092.44016738607
 10
1712.331418657601
 20
1099.490549647471
 42
0.2392499996180768
 10
1712.515775286551
 20
1099.853776297679
 10
1712.515775286551
 20
1123.575000000081
 42
-0.4142135623723201
 10
1713.06577528655
 20
1124.125000000081
1001
AcDbBlockRepETag
1070
     1
1071
      223
1005
623
  0
LWPOLYLINE
  5
624
330
27F
100
AcDbEntity
  8
0
 60
     1
100
AcDbPolyline
 90
       14
 70
     1
 43
0.0
 10
1740.565775286327
 20
1005.600000000035
 42
0.4142135623730951
 10
1740.065775286328
 20
1005.100000000035
 10
1740.065775286328
 20
988.2500000000582
 42
-0.4142135623730951
 10
1738.815775286327
 20
987.000000000058
 10
1709.315775286327
 20
987.000000000058
 42
-0.4142135623730951
 10
1708.065775286328
 20
988.2500000000582
 10
1708.065775286328
 20
1109.750000000058
 42
-0.4142135623730951
 10
1709.315775286327
 20
1111.000000000058
 10
1738.815775286327
 20
1111.000000000058
 42
-0.4142135623730951
 10
1740.065775286328
 20
1109.750000000058
 10
1740.065775286328
 20
1092.900000000081
 42
0.4142135623730951
 10
1740.565775286327
 20
1092.400000000081
 10
1747.665775286537
 20
1092.400000000081
 10
1747.665775286537
 20
1005.600000000035
1001
AcDbBlockRepETag
1070
     1
1071
      224
1005
624
  0
LWPOLYLINE
  5
625
330
27F
100
AcDbEntity
  8
0
 60
     1
100
AcDbPolyline
 90
        8
 70
     1
 43
0.0
 10
1710.065775286327
 20
935.5499999999883
 10
1710.065775286327
 20
1120.549999999988
 10
1735.065775286328
 20
1120.549999999988
 10
1735.065775286328
 20
1108.350000000005
 10
1745.665775286537
 20
1108.350000000005
 10
1745.665775286537
 20
1051.649999999994
 10
1735.065775286328
 20
1051.649999999994
 10
1735.065775286328
 20
935.5499999999883
1001
AcDbBlockRepETag
1070
     1
1071
      225
1005
625
  0
LWPOLYLINE
  5
626
330
27F
100
AcDbEntity
  8
0
  6
Continuous
 60
     1
370
    25
100
AcDbPolyline
 90
       10
 70
     1
 43
0.0
 10
1746.397025173452
 20
1104.600000000035
 10
1746.397025173452
 20
969.2000000000698
 10
1740.934525399623
 20
969.2000000000698
 42
0.4142135623730951
 10
1735.08452539953
 20
963.3500000000347
 10
1735.08452539953
 20
946.7500000000583
 10
1710.784525399484
 20
946.7500000000583
 10
1710.784525399484
 20
1127.050000000046
 10
1735.08452539953
 20
1127.050000000046
 10
1735.08452539953
 20
1110.45000000007
 42
0.4142135623730951
 10
1740.934525399623
 20
1104.600000000035
1001
AcDbBlockRepETag
1070
     1
1071
      226
1005
626
  0
CIRCLE
  5
627
330
27F
100
AcDbEntity
  8
0
100
AcDbCircle
 10
999.9652495998887
 20
-3116.567365426407
 30
0.0
 40
11.0
1001
AcDbBlockRepETag
1070
     1
1071
      227
1005
627
  0
CIRCLE
  5
628
330
27F
100
AcDbEntity
  8
0
100
AcDbCircle
 10
1572.896566032897
 20
-3116.567365426407
 30
0.0
 40
11.0
1001
AcDbBlockRepETag
1070
     1
1071
      228
1005
628
  0
LWPOLYLINE
  5
629
330
27F
100
AcDbEntity
  8
0
100
AcDbPolyline
 90
        4
 70
     1
 43
0.0
 10
992.4652495998888
 20
-3197.185322954564
 10
992.4652495998888
 20
-3208.638584484825
 42
0.9999999999999998
 10
1007.465249599889
 20
-3208.638584484825
 10
1007.465249599889
 20
-3197.185322954564
 42
2.539565129295556
1001
AcDbBlockRepETag
1070
     1
1071
      229
1005
629
  0
LWPOLYLINE
  5
62A
330
27F
100
AcDbEntity
  8
0
100
AcDbPolyline
 90
        4
 70
     1
 43
0.0
 10
1565.396566032897
 20
-3197.185322954564
 10
1565.396566032897
 20
-3208.638584484823
 42
0.9999999999999998
 10
1580.396566032897
 20
-3208.638584484823
 10
1580.396566032897
 20
-3197.185322954564
 42
2.539565129295556
1001
AcDbBlockRepETag
1070
     1
1071
      230
1005
62A
  0
LWPOLYLINE
  5
62B
330
27F
100
AcDbEntity
  8
0
 60
     1
100
AcDbPolyline
 90
        4
 70
     1
 43
0.0
 10
997.4052496000661
 20
-3197.185322954564
 10
997.4052496000661
 20
-3208.638584484823
 42
0.9999999999999998
 10
1012.405249600066
 20
-3208.638584484823
 10
1012.405249600066
 20
-3197.185322954564
 42
2.539565129295556
1001
AcDbBlockRepETag
1070
     1
1071
      231
1005
62B
  0
LWPOLYLINE
  5
62C
330
27F
100
AcDbEntity
  8
0
 60
     1
100
AcDbPolyline
 90
        4
 70
     1
 43
0.0
 10
1560.226566032972
 20
-3197.185322954564
 10
1560.226566032972
 20
-3208.638584484823
 42
0.9999999999999998
 10
1575.226566032972
 20
-3208.638584484823
 10
1575.226566032972
 20
-3197.185322954564
 42
2.539565129295556
1001
AcDbBlockRepETag
1070
     1
1071
      232
1005
62C
  0
LWPOLYLINE
  5
62D
330
27F
100
AcDbEntity
  8
0
100
AcDbPolyline
 90
        4
 70
     1
 43
0.0
 10
45.00524275097996
 20
-4159.567365426407
 10
60.00524275097996
 20
-4159.567365426407
 10
60.00524275097996
 20
-4129.567365426406
 10
45.00524275097996
 20
-4129.567365426406
1001
AcDbBlockRepETag
1070
     1
1071
      233
1005
62D
  0
LWPOLYLINE
  5
62E
330
27F
100
AcDbEntity
  8
0
100
AcDbPolyline
 90
        4
 70
     1
 43
0.0
 10
1084.921156449243
 20
-4159.567365426407
 10
1069.921156449243
 20
-4159.567365426407
 10
1069.921156449243
 20
-4129.567365426406
 10
1084.921156449243
 20
-4129.567365426406
1001
AcDbBlockRepETag
1070
     1
1071
      234
1005
62E
  0
LWPOLYLINE
  5
62F
102
{ACAD_REACTORS
330
633
330
636
102
}
330
27F
100
AcDbEntity
  8
0
 60
     1
100
AcDbPolyline
 90
        4
 70
     1
 43
0.0
 10
2510.509121255644
 20
1441.835837790113
 10
2550.509121255644
 20
1441.835837790113
 10
2550.509121255644
 20
1481.835837790113
 10
2510.509121255644
 20
1481.835837790113
1001
AcDbBlockRepETag
1070
     1
1071
      235
1005
62F
  0
LWPOLYLINE
  5
630
102
{ACAD_REACTORS
330
639
102
}
330
27F
100
AcDbEntity
  8
0
 60
     1
100
AcDbPolyline
 90
        4
 70
     1
 43
0.0
 10
2713.707697420876
 20
1441.835837790113
 10
2753.707697420876
 20
1441.835837790113
 10
2753.707697420876
 20
1481.835837790113
 10
2713.707697420876
 20
1481.835837790113
1001
AcDbBlockRepETag
1070
     1
1071
      236
1005
630
  0
DIMENSION
  5
631
102
{ACAD_XDICTIONARY
360
632
102
}
102
{ACAD_REACTORS
330
633
102
}
330
27F
100
AcDbEntity
  8
A-DIMS-INSD
 60
     1
100
AcDbDimension
280
     0
  2
*D9
 10
2510.509121255644
 20
1504.273579389614
 30
0.0
 11
2236.009121255644
 21
1504.273579389614
 31
0.0
 71
     5
 42
40.0
 73
     0
 74
     0
 75
     0
  3
Standard
100
AcDbAlignedDimension
 13
2550.509121255644
 23
1481.835837790113
 33
0.0
 14
2510.509121255644
 24
1481.835837790113
 34
0.0
100
AcDbRotatedDimension
1001
AcDbBlockRepETag
1070
     1
1071
      237
1005
631
  0
DIMENSION
  5
634
102
{ACAD_XDICTIONARY
360
635
102
}
102
{ACAD_REACTORS
330
636
102
}
330
27F
100
AcDbEntity
  8
A-DIMS-INSD
 60
     1
100
AcDbDimension
280
     0
  2
*D7
 10
2571.854398758707
 20
1481.835837790114
 30
0.0
 11
2792.354398758706
 21
1589.835837790112
 31
0.0
 71
     5
 42
40.0
 73
     0
 74
     0
 75
     0
  3
Standard
100
AcDbAlignedDimension
 13
2550.509121255644
 23
1441.835837790113
 33
0.0
 14
2550.509121255644
 24
1481.835837790113
 34
0.0
 50
90.0
100
AcDbRotatedDimension
1001
AcDbBlockRepETag
1070
     1
1071
      238
1005
634
  0
DIMENSION
  5
637
102
{ACAD_XDICTIONARY
360
638
102
}
102
{ACAD_REACTORS
330
639
102
}
330
27F
100
AcDbEntity
  8
A-DIMS-INSD
 60
     1
100
AcDbDimension
280
     0
  2
*D8
 10
2713.707697420876
 20
1495.648894911283
 30
0.0
 11
2439.207697420876
 21
1495.648894911283
 31
0.0
 71
     5
 42
40.0
 73
     0
 74
     0
 75
     0
  3
Standard
100
AcDbAlignedDimension
 13
2753.707697420876
 23
1481.835837790113
 33
0.0
 14
2713.707697420876
 24
1481.835837790113
 34
0.0
100
AcDbRotatedDimension
1001
AcDbBlockRepETag
1070
     1
1071
      239
1005
637
  0
LWPOLYLINE
  5
63A
330
27F
100
AcDbEntity
  8
0
 60
     1
100
AcDbPolyline
 90
        4
 70
     1
 43
0.0
 10
2510.509121255644
 20
1179.835483347579
 10
2572.509121255644
 20
1179.835483347579
 10
2572.509121255644
 20
1241.835483347579
 10
2510.509121255644
 20
1241.835483347579
1001
AcDbBlockRepETag
1070
     1
1071
      240
1005
63A
  0
LWPOLYLINE
  5
63B
330
27F
100
AcDbEntity
  8
0
 60
     1
100
AcDbPolyline
 90
        4
 70
     1
 43
0.0
 10
2764.057158627591
 20
1179.835483347579
 10
2826.057158627591
 20
1179.835483347579
 10
2826.057158627591
 20
1241.835483347579
 10
2764.057158627591
 20
1241.835483347579
1001
AcDbBlockRepETag
1070
     1
1071
      241
1005
63B
  0
LINE
  5
63C
330
27F
100
AcDbEntity
  8
0
 60
     1
100
AcDbLine
 10
2668.942136938538
 20
806.5098301701471
 30
0.0
 11
2668.942136938538
 21
756.5098301701472
 31
0.0
1001
AcDbBlockRepETag
1070
     1
1071
      242
1005
63C
  0
DIMENSION
  5
63D
102
{ACAD_XDICTIONARY
360
63E
102
}
102
{ACAD_REACTORS
330
63F
102
}
330
27F
100
AcDbEntity
  8
A-DIMS-INSD
100
AcDbDimension
280
     0
  2
*D11
 10
2048.679213010505
 20
0.0000000000000407
 30
0.0
 11
2048.679213010504
 21
1080.999999999999
 31
0.0
 71
     5
 42
2162.0
 73
     0
 74
     0
 75
     0
  3
Standard
100
AcDbAlignedDimension
 13
1795.766413958199
 23
2162.0
 33
0.0
 14
1795.766413958431
 24
0.0
 34
0.0
 50
90.0
100
AcDbRotatedDimension
1001
AcDbBlockRepETag
1070
     1
1071
      243
1005
63D
  0
ENDBLK
  5
281
330
27F
100
AcDbEntity
  8
0
100
AcDbBlockEnd
  0
BLOCK
  5
418
330
417
100
AcDbEntity
  8
0
100
AcDbBlockBegin
  2
*D6
 70
     1
 10
0.0
 20
0.0
 30
0.0
  3
*D6
  1

  0
LINE
  5
41A
330
417
100
AcDbEntity
  8
0
 62
     0
440
 16777216
370
    -2
100
AcDbLine
 10
1853.591284325346
 20
4308.164775093879
 30
0.0
 11
1853.591284325346
 21
4660.375280535943
 31
0.0
  0
LINE
  5
41B
330
417
100
AcDbEntity
  8
0
 62
     0
440
 16777216
370
    -2
100
AcDbLine
 10
775.5912843253462
 20
4308.164775093879
 30
0.0
 11
775.5912843253462
 21
4660.375280535943
 31
0.0
  0
LINE
  5
41C
330
417
100
AcDbEntity
  8
0
 62
     0
440
 16777216
370
    -2
100
AcDbLine
 10
1799.591284325346
 20
4606.375280535942
 30
0.0
 11
1526.091284325346
 21
4606.375280535942
 31
0.0
  0
LINE
  5
41D
330
417
100
AcDbEntity
  8
0
 62
     0
440
 16777216
370
    -2
100
AcDbLine
 10
829.5912843253463
 20
4606.375280535942
 30
0.0
 11
1103.091284325346
 21
4606.375280535942
 31
0.0
  0
SOLID
  5
41E
330
417
100
AcDbEntity
  8
0
 62
     0
440
 16777216
100
AcDbTrace
 10
1799.591284325346
 20
4615.375280535944
 30
0.0
 11
1799.591284325346
 21
4597.375280535945
 31
0.0
 12
1853.591284325346
 22
4606.375280535942
 32
0.0
 13
1853.591284325346
 23
4606.375280535942
 33
0.0
  0
SOLID
  5
41F
330
417
100
AcDbEntity
  8
0
 62
     0
440
 16777216
100
AcDbTrace
 10
829.5912843253463
 20
4615.375280535944
 30
0.0
 11
829.5912843253463
 21
4597.375280535945
 31
0.0
 12
775.5912843253462
 22
4606.375280535942
 32
0.0
 13
775.5912843253462
 23
4606.375280535942
 33
0.0
  0
MTEXT
  5
420
330
417
100
AcDbEntity
  8
0
 62
     0
440
 16777216
100
AcDbMText
 10
1314.591284325346
 20
4606.375280535942
 30
0.0
 40
54.0
 41
0.0
 46
0.0
 71
     5
 72
     1
  1
\A1;1078.0000
 73
     1
 44
1.0
  0
POINT
  5
421
330
417
100
AcDbEntity
  8
Defpoints
 62
     0
440
 16777216
100
AcDbPoint
 10
1853.591284325346
 20
4289.414775093879
 30
0.0
  0
POINT
  5
422
330
417
100
AcDbEntity
  8
Defpoints
 62
     0
440
 16777216
100
AcDbPoint
 10
775.5912843253462
 20
4289.414775093879
 30
0.0
  0
POINT
  5
423
330
417
100
AcDbEntity
  8
Defpoints
 62
     0
440
 16777216
100
AcDbPoint
 10
775.5912843253462
 20
4606.375280535942
 30
0.0
  0
ENDBLK
  5
419
330
417
100
AcDbEntity
  8
0
100
AcDbBlockEnd
  0
BLOCK
  5
484
330
483
100
AcDbEntity
  8
0
100
AcDbBlockBegin
  2
*D7
 70
     1
 10
0.0
 20
0.0
 30
0.0
  3
*D7
  1

  0
LINE
  5
521
330
483
100
AcDbEntity
  8
A-DIMS-INSD
 62
     0
440
 16777216
370
    -2
100
AcDbLine
 10
2569.259121255644
 20
1441.835837790114
 30
0.0
 11
2625.854398758706
 21
1441.835837790114
 31
0.0
  0
LINE
  5
522
330
483
100
AcDbEntity
  8
A-DIMS-INSD
 62
     0
440
 16777216
370
    -2
100
AcDbLine
 10
2569.259121255644
 20
1481.835837790114
 30
0.0
 11
2625.854398758706
 21
1481.835837790114
 31
0.0
  0
LINE
  5
523
330
483
100
AcDbEntity
  8
A-DIMS-INSD
 62
     0
440
 16777216
370
    -2
100
AcDbLine
 10
2571.854398758707
 20
1387.835837790114
 30
0.0
 11
2571.854398758707
 21
1333.835837790114
 31
0.0
  0
LINE
  5
524
330
483
100
AcDbEntity
  8
A-DIMS-INSD
 62
     0
440
 16777216
370
    -2
100
AcDbLine
 10
2571.854398758707
 20
1535.835837790114
 30
0.0
 11
2571.854398758707
 21
1589.835837790114
 31
0.0
  0
LINE
  5
525
330
483
100
AcDbEntity
  8
A-DIMS-INSD
 62
     0
440
 16777216
370
    -2
100
AcDbLine
 10
2571.854398758707
 20
1589.835837790114
 30
0.0
 11
2625.854398758706
 21
1589.835837790114
 31
0.0
  0
SOLID
  5
526
330
483
100
AcDbEntity
  8
A-DIMS-INSD
 62
     0
440
 16777216
100
AcDbTrace
 10
2562.854398758707
 20
1387.835837790114
 30
0.0
 11
2580.854398758706
 21
1387.835837790114
 31
0.0
 12
2571.854398758707
 22
1441.835837790114
 32
0.0
 13
2571.854398758707
 23
1441.835837790114
 33
0.0
  0
SOLID
  5
527
330
483
100
AcDbEntity
  8
A-DIMS-INSD
 62
     0
440
 16777216
100
AcDbTrace
 10
2562.854398758707
 20
1535.835837790114
 30
0.0
 11
2580.854398758706
 21
1535.835837790114
 31
0.0
 12
2571.854398758707
 22
1481.835837790114
 32
0.0
 13
2571.854398758707
 23
1481.835837790114
 33
0.0
  0
MTEXT
  5
528
330
483
100
AcDbEntity
  8
A-DIMS-INSD
 62
     0
440
 16777216
100
AcDbMText
 10
2792.354398758706
 20
1589.835837790112
 30
0.0
 40
54.0
 41
0.0
 46
0.0
 71
     5
 72
     1
  1
\A1;40.0000
 73
     1
 44
1.0
  0
POINT
  5
529
330
483
100
AcDbEntity
  8
Defpoints
 62
     0
440
 16777216
100
AcDbPoint
 10
2550.509121255644
 20
1441.835837790113
 30
0.0
  0
POINT
  5
52A
330
483
100
AcDbEntity
  8
Defpoints
 62
     0
440
 16777216
100
AcDbPoint
 10
2550.509121255644
 20
1481.835837790113
 30
0.0
  0
POINT
  5
52B
330
483
100
AcDbEntity
  8
Defpoints
 62
     0
440
 16777216
100
AcDbPoint
 10
2571.854398758707
 20
1481.835837790114
 30
0.0
  0
ENDBLK
  5
485
330
483
100
AcDbEntity
  8
0
100
AcDbBlockEnd
  0
BLOCK
  5
496
330
495
100
AcDbEntity
  8
0
100
AcDbBlockBegin
  2
*D8
 70
     1
 10
0.0
 20
0.0
 30
0.0
  3
*D8
  1

  0
LINE
  5
52C
330
495
100
AcDbEntity
  8
A-DIMS-INSD
 62
     0
440
 16777216
370
    -2
100
AcDbLine
 10
2753.707697420876
 20
1500.585837790113
 30
0.0
 11
2753.707697420876
 21
1549.648894911283
 31
0.0
  0
LINE
  5
52D
330
495
100
AcDbEntity
  8
A-DIMS-INSD
 62
     0
440
 16777216
370
    -2
100
AcDbLine
 10
2713.707697420876
 20
1500.585837790113
 30
0.0
 11
2713.707697420876
 21
1549.648894911283
 31
0.0
  0
LINE
  5
52E
330
495
100
AcDbEntity
  8
A-DIMS-INSD
 62
     0
440
 16777216
370
    -2
100
AcDbLine
 10
2807.707697420876
 20
1495.648894911283
 30
0.0
 11
2861.707697420876
 21
1495.648894911283
 31
0.0
  0
LINE
  5
52F
330
495
100
AcDbEntity
  8
A-DIMS-INSD
 62
     0
440
 16777216
370
    -2
100
AcDbLine
 10
2659.707697420876
 20
1495.648894911283
 30
0.0
 11
2605.707697420876
 21
1495.648894911283
 31
0.0
  0
SOLID
  5
530
330
495
100
AcDbEntity
  8
A-DIMS-INSD
 62
     0
440
 16777216
100
AcDbTrace
 10
2807.707697420876
 20
1504.648894911283
 30
0.0
 11
2807.707697420876
 21
1486.648894911283
 31
0.0
 12
2753.707697420876
 22
1495.648894911283
 32
0.0
 13
2753.707697420876
 23
1495.648894911283
 33
0.0
  0
SOLID
  5
531
330
495
100
AcDbEntity
  8
A-DIMS-INSD
 62
     0
440
 16777216
100
AcDbTrace
 10
2659.707697420876
 20
1504.648894911283
 30
0.0
 11
2659.707697420876
 21
1486.648894911283
 31
0.0
 12
2713.707697420876
 22
1495.648894911283
 32
0.0
 13
2713.707697420876
 23
1495.648894911283
 33
0.0
  0
MTEXT
  5
532
330
495
100
AcDbEntity
  8
A-DIMS-INSD
 62
     0
440
 16777216
100
AcDbMText
 10
2439.207697420876
 20
1495.648894911283
 30
0.0
 40
54.0
 41
0.0
 46
0.0
 71
     5
 72
     1
  1
\A1;40.0000
 73
     1
 44
1.0
  0
POINT
  5
533
330
495
100
AcDbEntity
  8
Defpoints
 62
     0
440
 16777216
100
AcDbPoint
 10
2753.707697420876
 20
1481.835837790113
 30
0.0
  0
POINT
  5
534
330
495
100
AcDbEntity
  8
Defpoints
 62
     0
440
 16777216
100
AcDbPoint
 10
2713.707697420876
 20
1481.835837790113
 30
0.0
  0
POINT
  5
535
330
495
100
AcDbEntity
  8
Defpoints
 62
     0
440
 16777216
100
AcDbPoint
 10
2713.707697420876
 20
1495.648894911283
 30
0.0
  0
ENDBLK
  5
497
330
495
100
AcDbEntity
  8
0
100
AcDbBlockEnd
  0
BLOCK
  5
4A3
330
4A2
100
AcDbEntity
  8
0
100
AcDbBlockBegin
  2
*D9
 70
     1
 10
0.0
 20
0.0
 30
0.0
  3
*D9
  1

  0
LINE
  5
536
330
4A2
100
AcDbEntity
  8
A-DIMS-INSD
 62
     0
440
 16777216
370
    -2
100
AcDbLine
 10
2550.509121255644
 20
1500.585837790113
 30
0.0
 11
2550.509121255644
 21
1558.273579389613
 31
0.0
  0
LINE
  5
537
330
4A2
100
AcDbEntity
  8
A-DIMS-INSD
 62
     0
440
 16777216
370
    -2
100
AcDbLine
 10
2510.509121255644
 20
1500.585837790113
 30
0.0
 11
2510.509121255644
 21
1558.273579389613
 31
0.0
  0
LINE
  5
538
330
4A2
100
AcDbEntity
  8
A-DIMS-INSD
 62
     0
440
 16777216
370
    -2
100
AcDbLine
 10
2604.509121255644
 20
1504.273579389614
 30
0.0
 11
2658.509121255644
 21
1504.273579389614
 31
0.0
  0
LINE
  5
539
330
4A2
100
AcDbEntity
  8
A-DIMS-INSD
 62
     0
440
 16777216
370
    -2
100
AcDbLine
 10
2456.509121255644
 20
1504.273579389614
 30
0.0
 11
2402.509121255644
 21
1504.273579389614
 31
0.0
  0
SOLID
  5
53A
330
4A2
100
AcDbEntity
  8
A-DIMS-INSD
 62
     0
440
 16777216
100
AcDbTrace
 10
2604.509121255644
 20
1513.273579389613
 30
0.0
 11
2604.509121255644
 21
1495.273579389613
 31
0.0
 12
2550.509121255644
 22
1504.273579389614
 32
0.0
 13
2550.509121255644
 23
1504.273579389614
 33
0.0
  0
SOLID
  5
53B
330
4A2
100
AcDbEntity
  8
A-DIMS-INSD
 62
     0
440
 16777216
100
AcDbTrace
 10
2456.509121255644
 20
1513.273579389613
 30
0.0
 11
2456.509121255644
 21
1495.273579389613
 31
0.0
 12
2510.509121255644
 22
1504.273579389614
 32
0.0
 13
2510.509121255644
 23
1504.273579389614
 33
0.0
  0
MTEXT
  5
53C
330
4A2
100
AcDbEntity
  8
A-DIMS-INSD
 62
     0
440
 16777216
100
AcDbMText
 10
2236.009121255644
 20
1504.273579389614
 30
0.0
 40
54.0
 41
0.0
 46
0.0
 71
     5
 72
     1
  1
\A1;40.0000
 73
     1
 44
1.0
  0
POINT
  5
53D
330
4A2
100
AcDbEntity
  8
Defpoints
 62
     0
440
 16777216
100
AcDbPoint
 10
2550.509121255644
 20
1481.835837790113
 30
0.0
  0
POINT
  5
53E
330
4A2
100
AcDbEntity
  8
Defpoints
 62
     0
440
 16777216
100
AcDbPoint
 10
2510.509121255644
 20
1481.835837790113
 30
0.0
  0
POINT
  5
53F
330
4A2
100
AcDbEntity
  8
Defpoints
 62
     0
440
 16777216
100
AcDbPoint
 10
2510.509121255644
 20
1504.273579389614
 30
0.0
  0
ENDBLK
  5
4A4
330
4A2
100
AcDbEntity
  8
0
100
AcDbBlockEnd
  0
BLOCK
  5
4D0
330
4CF
100
AcDbEntity
  8
0
100
AcDbBlockBegin
  2
*D10
 70
     1
 10
0.0
 20
0.0
 30
0.0
  3
*D10
  1

  0
LINE
  5
4DD
330
4CF
100
AcDbEntity
  8
A-DIMS-INSD
 62
     0
440
 16777216
370
    -2
100
AcDbLine
 10
1852.091284325346
 20
4308.164775093879
 30
0.0
 11
1852.091284325346
 21
4402.381212658926
 31
0.0
  0
LINE
  5
4DE
330
4CF
100
AcDbEntity
  8
A-DIMS-INSD
 62
     0
440
 16777216
370
    -2
100
AcDbLine
 10
777.0912843253462
 20
4308.164775093879
 30
0.0
 11
777.0912843253462
 21
4402.381212658926
 31
0.0
  0
LINE
  5
4DF
330
4CF
100
AcDbEntity
  8
A-DIMS-INSD
 62
     0
440
 16777216
370
    -2
100
AcDbLine
 10
1798.091284325346
 20
4348.381212658925
 30
0.0
 11
1526.091284325346
 21
4348.381212658925
 31
0.0
  0
LINE
  5
4E0
330
4CF
100
AcDbEntity
  8
A-DIMS-INSD
 62
     0
440
 16777216
370
    -2
100
AcDbLine
 10
831.0912843253461
 20
4348.381212658925
 30
0.0
 11
1103.091284325346
 21
4348.381212658925
 31
0.0
  0
SOLID
  5
4E1
330
4CF
100
AcDbEntity
  8
A-DIMS-INSD
 62
     0
440
 16777216
100
AcDbTrace
 10
1798.091284325346
 20
4357.381212658925
 30
0.0
 11
1798.091284325346
 21
4339.381212658925
 31
0.0
 12
1852.091284325346
 22
4348.381212658925
 32
0.0
 13
1852.091284325346
 23
4348.381212658925
 33
0.0
  0
SOLID
  5
4E2
330
4CF
100
AcDbEntity
  8
A-DIMS-INSD
 62
     0
440
 16777216
100
AcDbTrace
 10
831.0912843253461
 20
4357.381212658925
 30
0.0
 11
831.0912843253461
 21
4339.381212658925
 31
0.0
 12
777.0912843253462
 22
4348.381212658925
 32
0.0
 13
777.0912843253462
 23
4348.381212658925
 33
0.0
  0
MTEXT
  5
4E3
330
4CF
100
AcDbEntity
  8
A-DIMS-INSD
 62
     0
440
 16777216
100
AcDbMText
 10
1314.591284325346
 20
4348.381212658925
 30
0.0
 40
54.0
 41
0.0
 46
0.0
 71
     5
 72
     1
  1
\A1;1075.0000
 73
     1
 44
1.0
  0
POINT
  5
4E4
330
4CF
100
AcDbEntity
  8
Defpoints
 62
     0
440
 16777216
100
AcDbPoint
 10
1852.091284325346
 20
4289.414775093879
 30
0.0
  0
POINT
  5
4E5
330
4CF
100
AcDbEntity
  8
Defpoints
 62
     0
440
 16777216
100
AcDbPoint
 10
777.0912843253462
 20
4289.414775093879
 30
0.0
  0
POINT
  5
4E6
330
4CF
100
AcDbEntity
  8
Defpoints
 62
     0
440
 16777216
100
AcDbPoint
 10
777.0912843253462
 20
4348.381212658925
 30
0.0
  0
ENDBLK
  5
4D1
330
4CF
100
AcDbEntity
  8
0
100
AcDbBlockEnd
  0
BLOCK
  5
4EA
330
4E9
100
AcDbEntity
  8
0
100
AcDbBlockBegin
  2
*D11
 70
     1
 10
0.0
 20
0.0
 30
0.0
  3
*D11
  1

  0
LINE
  5
4F7
330
4E9
100
AcDbEntity
  8
A-DIMS-INSD
 62
     0
440
 16777216
370
    -2
100
AcDbLine
 10
1814.5164139582
 20
2162.000000000001
 30
0.0
 11
2102.679213010504
 21
2162.000000000001
 31
0.0
  0
LINE
  5
4F8
330
4E9
100
AcDbEntity
  8
A-DIMS-INSD
 62
     0
440
 16777216
370
    -2
100
AcDbLine
 10
1814.516413958433
 20
0.000000000000003
 30
0.0
 11
2102.679213010505
 21
0.0000000000000494
 31
0.0
  0
LINE
  5
4F9
330
4E9
100
AcDbEntity
  8
A-DIMS-INSD
 62
     0
440
 16777216
370
    -2
100
AcDbLine
 10
2048.679213010504
 20
2108.000000000001
 30
0.0
 11
2048.679213010504
 21
1135.0
 31
0.0
  0
LINE
  5
4FA
330
4E9
100
AcDbEntity
  8
A-DIMS-INSD
 62
     0
440
 16777216
370
    -2
100
AcDbLine
 10
2048.679213010505
 20
54.00000000000005
 30
0.0
 11
2048.679213010504
 21
1027.0
 31
0.0
  0
SOLID
  5
4FB
330
4E9
100
AcDbEntity
  8
A-DIMS-INSD
 62
     0
440
 16777216
100
AcDbTrace
 10
2039.679213010504
 20
2108.000000000001
 30
0.0
 11
2057.679213010504
 21
2108.000000000001
 31
0.0
 12
2048.679213010504
 22
2162.000000000001
 32
0.0
 13
2048.679213010504
 23
2162.000000000001
 33
0.0
  0
SOLID
  5
4FC
330
4E9
100
AcDbEntity
  8
A-DIMS-INSD
 62
     0
440
 16777216
100
AcDbTrace
 10
2039.679213010504
 20
54.00000000000005
 30
0.0
 11
2057.679213010505
 21
54.00000000000005
 31
0.0
 12
2048.679213010505
 22
0.0000000000000407
 32
0.0
 13
2048.679213010505
 23
0.0000000000000407
 33
0.0
  0
MTEXT
  5
4FD
330
4E9
100
AcDbEntity
  8
A-DIMS-INSD
 62
     0
440
 16777216
100
AcDbMText
 10
2048.679213010504
 20
1080.999999999999
 30
0.0
 40
54.0
 41
0.0
 46
0.0
 71
     5
 72
     1
  1
\A1;2162.0000
 73
     1
 44
1.0
  0
POINT
  5
4FE
330
4E9
100
AcDbEntity
  8
Defpoints
 62
     0
440
 16777216
100
AcDbPoint
 10
1795.766413958199
 20
2162.000000000001
 30
0.0
  0
POINT
  5
4FF
330
4E9
100
AcDbEntity
  8
Defpoints
 62
     0
440
 16777216
100
AcDbPoint
 10
1795.766413958433
 20
0.0
 30
0.0
  0
POINT
  5
500
330
4E9
100
AcDbEntity
  8
Defpoints
 62
     0
440
 16777216
100
AcDbPoint
 10
2048.679213010505
 20
0.0000000000000407
 30
0.0
  0
ENDBLK
  5
4EB
330
4E9
100
AcDbEntity
  8
0
100
AcDbBlockEnd
  0
BLOCK
  5
6D4
330
6D3
100
AcDbEntity
  8
0
100
AcDbBlockBegin
  2
*U12
 70
     1
 10
0.0
 20
0.0
 30
0.0
  3
*U12
  1

  0
LINE
  5
942
330
6D3
100
AcDbEntity
  8
0
  6
CENTERX2
100
AcDbLine
 10
1118.181731249205
 20
-2046.067365426407
 30
0.0
 11
1118.181731249205
 21
-2049.067365426406
 31
0.0
1001
AcDbBlockRepETag
1070
     1
1071
        0
1005
942
  0
LINE
  5
943
330
6D3
100
AcDbEntity
  8
0
  6
CENTERX2
100
AcDbLine
 10
1118.181731249205
 20
-4156.567365426407
 30
0.0
 11
1118.181731249205
 21
-4159.567365426407
 31
0.0
1001
AcDbBlockRepETag
1070
     1
1071
        1
1005
943
  0
LINE
  5
944
330
6D3
100
AcDbEntity
  8
0
  6
CENTERX2
100
AcDbLine
 10
1058.663203024771
 20
-2046.067365426407
 30
0.0
 11
1058.663203024771
 21
-2049.067365426406
 31
0.0
1001
AcDbBlockRepETag
1070
     1
1071
        2
1005
944
  0
LINE
  5
945
330
6D3
100
AcDbEntity
  8
0
  6
CENTERX2
100
AcDbLine
 10
1058.663203024771
 20
-4156.567365426407
 30
0.0
 11
1058.663203024771
 21
-4159.567365426407
 31
0.0
1001
AcDbBlockRepETag
1070
     1
1071
        3
1005
945
  0
LINE
  5
946
330
6D3
100
AcDbEntity
  8
0
  6
CENTERX2
100
AcDbLine
 10
1096.179109873716
 20
-2046.067365426407
 30
0.0
 11
1096.179109873716
 21
-2049.067365426406
 31
0.0
1001
AcDbBlockRepETag
1070
     1
1071
        4
1005
946
  0
LINE
  5
947
330
6D3
100
AcDbEntity
  8
0
  6
CENTERX2
100
AcDbLine
 10
1096.179109873716
 20
-4156.567365426407
 30
0.0
 11
1096.179109873716
 21
-4159.567365426407
 31
0.0
1001
AcDbBlockRepETag
1070
     1
1071
        5
1005
947
  0
LINE
  5
948
330
6D3
100
AcDbEntity
  8
0
  6
CENTERX2
100
AcDbLine
 10
71.26319617591798
 20
-2049.067365426406
 30
0.0
 11
71.26319617591798
 21
-2046.067365426407
 31
0.0
1001
AcDbBlockRepETag
1070
     1
1071
        6
1005
948
  0
LWPOLYLINE
  5
949
330
6D3
100
AcDbEntity
  8
0
  6
Continuous
370
    25
100
AcDbPolyline
 90
        4
 70
     1
 43
0.0
 10
43.56319617573172
 20
-3914.567365427105
 10
73.06319617573172
 20
-3914.567365427105
 10
73.06319617573172
 20
-4016.567365427105
 10
43.56319617573172
 20
-4016.567365427105
1001
AcDbBlockRepETag
1070
     1
1071
        7
1005
949
  0
LWPOLYLINE
  5
94A
330
6D3
100
AcDbEntity
  8
0
100
AcDbPolyline
 90
        4
 70
     1
 43
0.0
 10
73.06319617573172
 20
-2193.067365426407
 10
43.56319617573172
 20
-2193.067365426407
 10
43.56319617573172
 20
-2295.067365426406
 10
73.06319617573172
 20
-2295.067365426406
1001
AcDbBlockRepETag
1070
     1
1071
        8
1005
94A
  0
LWPOLYLINE
  5
94B
330
6D3
100
AcDbEntity
  8
0
100
AcDbPolyline
 90
        4
 70
     1
 43
0.0
 10
73.06319617573172
 20
-2395.067365426406
 10
43.56319617573172
 20
-2395.067365426406
 10
43.56319617573172
 20
-2497.067365426407
 10
73.06319617573172
 20
-2497.067365426407
1001
AcDbBlockRepETag
1070
     1
1071
        9
1005
94B
  0
LINE
  5
94C
330
6D3
100
AcDbEntity
  8
0
  6
CENTERX2
100
AcDbLine
 10
11.74466795101761
 20
-2049.067365426406
 30
0.0
 11
11.74466795101761
 21
-2046.067365426407
 31
0.0
1001
AcDbBlockRepETag
1070
     1
1071
       10
1005
94C
  0
LINE
  5
94D
330
6D3
100
AcDbEntity
  8
0
  6
CENTERX2
100
AcDbLine
 10
33.74728932697326
 20
-2049.067365426406
 30
0.0
 11
33.74728932697326
 21
-2046.067365426407
 31
0.0
1001
AcDbBlockRepETag
1070
     1
1071
       11
1005
94D
  0
LINE
  5
94E
330
6D3
100
AcDbEntity
  8
0
  6
CENTERX2
100
AcDbLine
 10
2499.360528023913
 20
-2049.067365426406
 30
0.0
 11
2499.360528023913
 21
-2046.067365426407
 31
0.0
1001
AcDbBlockRepETag
1070
     1
1071
       12
1005
94E
  0
LINE
  5
94F
330
6D3
100
AcDbEntity
  8
0
  6
CENTERX2
100
AcDbLine
 10
1515.96181087708
 20
-2046.067365426407
 30
0.0
 11
1515.96181087708
 21
-2049.067365426406
 31
0.0
1001
AcDbBlockRepETag
1070
     1
1071
       13
1005
94F
  0
LINE
  5
950
330
6D3
100
AcDbEntity
  8
0
  6
CENTERX2
100
AcDbLine
 10
1515.96181087708
 20
-4156.567365426407
 30
0.0
 11
1515.96181087708
 21
-4159.567365426407
 31
0.0
1001
AcDbBlockRepETag
1070
     1
1071
       14
1005
950
  0
LINE
  5
951
330
6D3
100
AcDbEntity
  8
0
100
AcDbLine
 10
2499.360528023913
 20
-4159.567365426407
 30
0.0
 11
2499.360528023913
 21
-4156.567365426407
 31
0.0
1001
AcDbBlockRepETag
1070
     1
1071
       15
1005
951
  0
LWPOLYLINE
  5
952
330
6D3
100
AcDbEntity
  8
0
100
AcDbPolyline
 90
        4
 70
     1
 43
0.0
 10
1499.256169450469
 20
-2046.067365426407
 10
2516.066169450525
 20
-2046.067365426407
 10
2516.066169450525
 20
-4159.567365426407
 10
1499.256169450469
 20
-4159.567365426407
1001
AcDbBlockRepETag
1070
     1
1071
       16
1005
952
  0
CIRCLE
  5
953
330
6D3
100
AcDbEntity
  8
0
100
AcDbCircle
 10
167.4631996005773
 20
-4544.700412542112
 30
0.0
 40
11.0
1001
AcDbBlockRepETag
1070
     1
1071
       17
1005
953
  0
LWPOLYLINE
  5
954
330
6D3
100
AcDbEntity
  8
0
  6
Continuous
370
    25
100
AcDbPolyline
 90
        4
 70
     1
 43
0.0
 10
43.56319617584813
 20
-3154.817365426393
 10
73.06319617584811
 20
-3154.817365426393
 10
73.06319617584811
 20
-3256.817365426392
 10
43.56319617584813
 20
-3256.817365426392
1001
AcDbBlockRepETag
1070
     1
1071
       18
1005
954
  0
CIRCLE
  5
955
330
6D3
100
AcDbEntity
  8
0
100
AcDbCircle
 10
167.4631996005773
 20
-4426.679151783621
 30
0.0
 40
11.0
1001
AcDbBlockRepETag
1070
     1
1071
       19
1005
955
  0
LWPOLYLINE
  5
956
330
6D3
100
AcDbEntity
  8
0
100
AcDbPolyline
 90
        4
 70
     1
 43
0.0
 10
1089.862240537535
 20
-3018.417365426384
 10
1065.362240537535
 20
-3018.417365426384
 10
1065.362240537535
 20
-3253.71736542643
 10
1089.862240537535
 20
-3253.71736542643
1001
AcDbBlockRepETag
1070
     1
1071
       20
1005
956
  0
CIRCLE
  5
957
330
6D3
100
AcDbEntity
  8
0
  6
Continuous
370
    25
100
AcDbCircle
 10
1018.965249599889
 20
-3116.567365426407
 30
0.0
 40
3.500000000000055
1001
AcDbBlockRepETag
1070
     1
1071
       21
1005
957
  0
CIRCLE
  5
958
330
6D3
100
AcDbEntity
  8
0
  6
Continuous
370
    25
100
AcDbCircle
 10
980.9652495998887
 20
-3116.567365426407
 30
0.0
 40
3.5
1001
AcDbBlockRepETag
1070
     1
1071
       22
1005
958
  0
CIRCLE
  5
959
330
6D3
100
AcDbEntity
  8
0
  6
Continuous
370
    25
100
AcDbCircle
 10
1591.896566032897
 20
-3116.567365426407
 30
0.0
 40
3.500000000000055
1001
AcDbBlockRepETag
1070
     1
1071
       23
1005
959
  0
CIRCLE
  5
95A
330
6D3
100
AcDbEntity
  8
0
  6
Continuous
370
    25
100
AcDbCircle
 10
1553.896566032897
 20
-3116.567365426407
 30
0.0
 40
3.5
1001
AcDbBlockRepETag
1070
     1
1071
       24
1005
95A
  0
CIRCLE
  5
95B
330
6D3
100
AcDbEntity
  8
0
100
AcDbCircle
 10
945.7289944719523
 20
-4544.700412542112
 30
0.0
 40
11.0
1001
AcDbBlockRepETag
1070
     1
1071
       25
1005
95B
  0
CIRCLE
  5
95C
330
6D3
100
AcDbEntity
  8
0
100
AcDbCircle
 10
945.7289944719523
 20
-4426.679151783621
 30
0.0
 40
11.0
1001
AcDbBlockRepETag
1070
     1
1071
       26
1005
95C
  0
LWPOLYLINE
  5
95D
330
6D3
100
AcDbEntity
  8
0
  6
Continuous
370
    25
100
AcDbPolyline
 90
        4
 70
     1
 43
0.0
 10
1813.341284325346
 20
4188.647297750089
 10
1813.341284325346
 20
4200.647297750089
 10
1815.341284325346
 20
4200.647297750089
 10
1815.341284325346
 20
4188.647297750089
1001
AcDbBlockRepETag
1070
     1
1071
       27
1005
95D
  0
LWPOLYLINE
  5
95E
330
6D3
100
AcDbEntity
  8
0
  6
Continuous
370
    25
100
AcDbPolyline
 90
        4
 70
     1
 43
0.0
 10
1813.341284325346
 20
4214.147297749971
 10
1813.341284325346
 20
4226.147297749974
 10
1815.341284325346
 20
4226.147297749974
 10
1815.341284325346
 20
4214.147297749971
1001
AcDbBlockRepETag
1070
     1
1071
       28
1005
95E
  0
LWPOLYLINE
  5
95F
330
6D3
100
AcDbEntity
  8
0
  6
Continuous
370
    25
100
AcDbPolyline
 90
        4
 70
     1
 43
0.0
 10
1793.341284325346
 20
3973.746043062165
 10
1793.341284325346
 20
3985.746043062165
 10
1791.341284325346
 20
3985.746043062165
 10
1791.341284325346
 20
3973.746043062165
1001
AcDbBlockRepETag
1070
     1
1071
       29
1005
95F
  0
LWPOLYLINE
  5
960
330
6D3
100
AcDbEntity
  8
0
  6
Continuous
370
    25
100
AcDbPolyline
 90
        4
 70
     1
 43
0.0
 10
1793.341284325346
 20
4121.612343062159
 10
1793.341284325346
 20
4133.612343062159
 10
1791.341284325346
 20
4133.612343062159
 10
1791.341284325346
 20
4121.612343062159
1001
AcDbBlockRepETag
1070
     1
1071
       30
1005
960
  0
LINE
  5
961
330
6D3
100
AcDbEntity
  8
0
100
AcDbLine
 10
1851.341284325346
 20
4275.84790575793
 30
0.0
 11
1845.341284325346
 21
4275.84790575793
 31
0.0
1001
AcDbBlockRepETag
1070
     1
1071
       31
1005
961
  0
LINE
  5
962
330
6D3
100
AcDbEntity
  8
0
100
AcDbLine
 10
1815.091284325346
 20
4238.71416708592
 30
0.0
 11
1809.091284325346
 21
4238.71416708592
 31
0.0
1001
AcDbBlockRepETag
1070
     1
1071
       32
1005
962
  0
LINE
  5
963
330
6D3
100
AcDbEntity
  8
0
100
AcDbLine
 10
1812.841284325346
 20
4176.080428413908
 30
0.0
 11
1810.841284325346
 21
4176.080428413908
 31
0.0
1001
AcDbBlockRepETag
1070
     1
1071
       33
1005
963
  0
LINE
  5
964
330
6D3
100
AcDbEntity
  8
0
100
AcDbLine
 10
1802.091284325346
 20
4164.446689742012
 30
0.0
 11
1800.091284325346
 21
4164.446689742012
 31
0.0
1001
AcDbBlockRepETag
1070
     1
1071
       34
1005
964
  0
LINE
  5
965
330
6D3
100
AcDbEntity
  8
0
100
AcDbLine
 10
1799.841284325346
 20
4153.81295107
 30
0.0
 11
1793.841284325346
 21
4153.81295107
 31
0.0
1001
AcDbBlockRepETag
1070
     1
1071
       35
1005
965
  0
LINE
  5
966
330
6D3
100
AcDbEntity
  8
0
100
AcDbLine
 10
1793.091284325346
 20
4146.179212398108
 30
0.0
 11
1787.091284325346
 21
4146.179212398108
 31
0.0
1001
AcDbBlockRepETag
1070
     1
1071
       36
1005
966
  0
LINE
  5
967
330
6D3
100
AcDbEntity
  8
0
100
AcDbLine
 10
1793.091284325346
 20
3961.179173726101
 30
0.0
 11
1787.091284325346
 21
3961.179173726101
 31
0.0
1001
AcDbBlockRepETag
1070
     1
1071
       37
1005
967
  0
LINE
  5
968
330
6D3
100
AcDbEntity
  8
0
100
AcDbLine
 10
1851.341284325346
 20
3902.045435054206
 30
0.0
 11
1845.341284325346
 21
3902.045435054206
 31
0.0
1001
AcDbBlockRepETag
1070
     1
1071
       38
1005
968
  0
LWPOLYLINE
  5
969
330
6D3
100
AcDbEntity
  8
0
  6
Continuous
370
    25
100
AcDbPolyline
 90
        4
 70
     1
 43
0.0
 10
815.8412843253461
 20
4188.647297750089
 10
815.8412843253461
 20
4200.647297750089
 10
813.8412843253464
 20
4200.647297750089
 10
813.8412843253464
 20
4188.647297750089
1001
AcDbBlockRepETag
1070
     1
1071
       39
1005
969
  0
LWPOLYLINE
  5
96A
330
6D3
100
AcDbEntity
  8
0
  6
Continuous
370
    25
100
AcDbPolyline
 90
        4
 70
     1
 43
0.0
 10
815.8412843253461
 20
4214.147297749971
 10
815.8412843253461
 20
4226.147297749974
 10
813.8412843253464
 20
4226.147297749974
 10
813.8412843253464
 20
4214.147297749971
1001
AcDbBlockRepETag
1070
     1
1071
       40
1005
96A
  0
LWPOLYLINE
  5
96B
330
6D3
100
AcDbEntity
  8
0
  6
Continuous
370
    25
100
AcDbPolyline
 90
        4
 70
     1
 43
0.0
 10
835.8412843253463
 20
3973.746043062165
 10
835.8412843253463
 20
3985.746043062165
 10
837.8412843253464
 20
3985.746043062165
 10
837.8412843253464
 20
3973.746043062165
1001
AcDbBlockRepETag
1070
     1
1071
       41
1005
96B
  0
LWPOLYLINE
  5
96C
330
6D3
100
AcDbEntity
  8
0
  6
Continuous
370
    25
100
AcDbPolyline
 90
        4
 70
     1
 43
0.0
 10
835.8412843253463
 20
4121.612343062159
 10
835.8412843253463
 20
4133.612343062159
 10
837.8412843253464
 20
4133.612343062159
 10
837.8412843253464
 20
4121.612343062159
1001
AcDbBlockRepETag
1070
     1
1071
       42
1005
96C
  0
LINE
  5
96D
330
6D3
100
AcDbEntity
  8
0
100
AcDbLine
 10
814.0912843253461
 20
4238.71416708592
 30
0.0
 11
820.0912843253464
 21
4238.71416708592
 31
0.0
1001
AcDbBlockRepETag
1070
     1
1071
       43
1005
96D
  0
LINE
  5
96E
330
6D3
100
AcDbEntity
  8
0
100
AcDbLine
 10
816.3412843253464
 20
4176.080428413908
 30
0.0
 11
818.3412843253464
 21
4176.080428413908
 31
0.0
1001
AcDbBlockRepETag
1070
     1
1071
       44
1005
96E
  0
LINE
  5
96F
330
6D3
100
AcDbEntity
  8
0
100
AcDbLine
 10
827.0912843253464
 20
4164.446689742012
 30
0.0
 11
829.0912843253464
 21
4164.446689742012
 31
0.0
1001
AcDbBlockRepETag
1070
     1
1071
       45
1005
96F
  0
LINE
  5
970
330
6D3
100
AcDbEntity
  8
0
100
AcDbLine
 10
829.3412843253461
 20
4153.81295107
 30
0.0
 11
835.3412843253464
 21
4153.81295107
 31
0.0
1001
AcDbBlockRepETag
1070
     1
1071
       46
1005
970
  0
LINE
  5
971
330
6D3
100
AcDbEntity
  8
0
100
AcDbLine
 10
836.0912843253464
 20
4146.179212398108
 30
0.0
 11
842.0912843253463
 21
4146.179212398108
 31
0.0
1001
AcDbBlockRepETag
1070
     1
1071
       47
1005
971
  0
LINE
  5
972
330
6D3
100
AcDbEntity
  8
0
100
AcDbLine
 10
836.0912843253464
 20
3961.179173726101
 30
0.0
 11
842.0912843253463
 21
3961.179173726101
 31
0.0
1001
AcDbBlockRepETag
1070
     1
1071
       48
1005
972
  0
LWPOLYLINE
  5
973
330
6D3
100
AcDbEntity
  8
0
  6
Continuous
370
    25
100
AcDbPolyline
 90
       24
 70
     1
 43
0.0
 10
826.8412843253463
 20
3798.589113645351
 10
836.8412843253462
 20
3798.589113645351
 10
836.8412843253462
 20
3801.08911364535
 10
846.8412843253464
 20
3801.08911364535
 10
846.8412843253464
 20
3804.08911364535
 10
1782.341284325346
 20
3804.08911364535
 10
1782.341284325346
 20
3801.08911364535
 10
1792.341284325346
 20
3801.08911364535
 10
1792.341284325346
 20
3798.589113645351
 10
1802.341284325346
 20
3798.589113645351
 10
1805.341284325345
 20
3795.589113645351
 10
1805.341284325345
 20
3791.589113645351
 10
1802.341284325346
 20
3788.58911364535
 10
1792.341284325346
 20
3788.58911364535
 10
1792.341284325346
 20
3786.08911364535
 10
1782.341284325346
 20
3786.08911364535
 10
1782.341284325346
 20
3769.955374973339
 10
846.8412843253464
 20
3769.955374973339
 10
846.8412843253464
 20
3786.08911364535
 10
836.8412843253462
 20
3786.08911364535
 10
836.8412843253462
 20
3788.58911364535
 10
826.8412843253463
 20
3788.58911364535
 10
823.8412843253462
 20
3791.589113645351
 10
823.8412843253462
 20
3795.589113645351
1001
AcDbBlockRepETag
1070
     1
1071
       49
1005
973
  0
LWPOLYLINE
  5
974
330
6D3
100
AcDbEntity
  8
0
  6
Continuous
370
    25
100
AcDbPolyline
 90
       24
 70
     1
 43
0.0
 10
804.8412843253464
 20
3757.455374973339
 10
814.8412843253462
 20
3757.455374973339
 10
814.8412843253462
 20
3754.955374973338
 10
824.8412843253461
 20
3754.955374973338
 10
824.8412843253461
 20
3738.95537497334
 10
846.8412843253464
 20
3738.95537497334
 10
846.8412843253464
 20
3713.821636301327
 10
1782.341284325346
 20
3713.821636301327
 10
1782.341284325346
 20
3738.95537497334
 10
1804.341284325346
 20
3738.95537497334
 10
1804.341284325346
 20
3754.955374973338
 10
1814.341284325346
 20
3754.955374973338
 10
1814.341284325346
 20
3757.455374973339
 10
1824.341284325346
 20
3757.455374973339
 10
1827.341284325346
 20
3760.455374973338
 10
1827.341284325346
 20
3764.455374973339
 10
1824.341284325346
 20
3767.455374973339
 10
1814.341284325346
 20
3767.455374973339
 10
1814.341284325346
 20
3769.955374973339
 10
814.8412843253462
 20
3769.955374973339
 10
814.8412843253462
 20
3767.455374973339
 10
804.8412843253464
 20
3767.455374973339
 10
801.8412843253463
 20
3764.455374973339
 10
801.8412843253463
 20
3760.455374973338
1001
AcDbBlockRepETag
1070
     1
1071
       50
1005
974
  0
LWPOLYLINE
  5
975
330
6D3
100
AcDbEntity
  8
0
100
AcDbPolyline
 90
       44
 70
     1
 43
0.0
 10
1852.091284325346
 20
4289.414775093879
 10
777.0912843253462
 20
4289.414775093879
 10
777.0912843253462
 20
4277.41477509388
 10
778.5912843253464
 20
4274.281036421984
 10
812.5912843253463
 20
4240.281036421984
 10
815.5912843253464
 20
4237.147297749973
 10
805.5912843253462
 20
4227.147297749971
 10
805.5912843253462
 20
4187.647297749971
 10
815.5912843253464
 20
4177.647297749973
 10
817.0912843253463
 20
4174.513559078078
 10
825.5912843253462
 20
4166.013559078076
 10
828.5912843253463
 20
4162.879820406065
 10
828.5912843253463
 20
4155.379820406066
 10
830.0912843253462
 20
4152.246081734171
 10
834.5912843253461
 20
4147.746081734171
 10
837.5912843253463
 20
4144.612343062159
 10
827.5912843253461
 20
4132.694807136293
 10
827.5912843253461
 20
3972.746043062165
 10
837.5912843253463
 20
3962.746043062167
 10
834.5912843253461
 20
3959.612304390154
 10
778.5912843253464
 20
3903.612304390153
 10
777.0912843253462
 20
3900.478565718259
 10
777.0912843253462
 20
3888.478565718259
 10
1852.091284325346
 20
3888.478565718259
 10
1852.091284325346
 20
3900.478565718259
 10
1850.591284325346
 20
3903.612304390153
 10
1794.591284325346
 20
3959.612304390154
 10
1791.591284325346
 20
3962.746043062167
 10
1801.591284325346
 20
3972.746043062165
 10
1801.591284325346
 20
4132.694807136293
 10
1791.591284325346
 20
4144.612343062159
 10
1794.591284325346
 20
4147.746081734171
 10
1799.091284325346
 20
4152.246081734171
 10
1800.591284325346
 20
4155.379820406066
 10
1800.591284325346
 20
4162.879820406065
 10
1803.591284325346
 20
4166.013559078076
 10
1812.091284325346
 20
4174.513559078078
 10
1813.591284325346
 20
4177.647297749973
 10
1823.591284325346
 20
4187.647297749971
 10
1823.591284325346
 20
4227.147297749971
 10
1813.591284325346
 20
4237.147297749973
 10
1816.591284325346
 20
4240.281036421984
 10
1850.591284325346
 20
4274.281036421984
 10
1852.091284325346
 20
4277.41477509388
1001
AcDbBlockRepETag
1070
     1
1071
       51
1005
975
  0
LINE
  5
976
330
6D3
100
AcDbEntity
  8
0
100
AcDbLine
 10
976.6517480519592
 20
3.0
 30
0.0
 11
976.6517480519592
 21
0.0
 31
0.0
1001
AcDbBlockRepETag
1070
     1
1071
       52
1005
976
  0
LINE
  5
977
330
6D3
100
AcDbEntity
  8
0
100
AcDbLine
 10
1161.651786723965
 20
3.0
 30
0.0
 11
1161.651786723965
 21
0.0
 31
0.0
1001
AcDbBlockRepETag
1070
     1
1071
       53
1005
977
  0
LINE
  5
978
330
6D3
100
AcDbEntity
  8
0
100
AcDbLine
 10
969.0180093798312
 20
3.0
 30
0.0
 11
969.0180093798312
 21
0.0
 31
0.0
1001
AcDbBlockRepETag
1070
     1
1071
       54
1005
978
  0
LINE
  5
979
330
6D3
100
AcDbEntity
  8
0
100
AcDbLine
 10
884.1167933641457
 20
3.0
 30
0.0
 11
884.1167933641457
 21
0.0
 31
0.0
1001
AcDbBlockRepETag
1070
     1
1071
       55
1005
979
  0
LINE
  5
97A
330
6D3
100
AcDbEntity
  8
0
100
AcDbLine
 10
1220.78552539586
 20
3.0
 30
0.0
 11
1220.78552539586
 21
0.0
 31
0.0
1001
AcDbBlockRepETag
1070
     1
1071
       56
1005
97A
  0
LINE
  5
97B
330
6D3
100
AcDbEntity
  8
0
100
AcDbLine
 10
846.9830546922507
 20
3.0
 30
0.0
 11
846.9830546922507
 21
0.0
 31
0.0
1001
AcDbBlockRepETag
1070
     1
1071
       57
1005
97B
  0
LINE
  5
97C
330
6D3
100
AcDbEntity
  8
0
100
AcDbLine
 10
958.3842707079359
 20
1.0
 30
0.0
 11
958.3842707079359
 21
0.0
 31
0.0
1001
AcDbBlockRepETag
1070
     1
1071
       58
1005
97C
  0
LINE
  5
97D
330
6D3
100
AcDbEntity
  8
0
100
AcDbLine
 10
946.7505320360412
 20
1.047160253394394
 30
0.0
 11
946.7505320360412
 21
0.0471602533943951
 31
0.0
1001
AcDbBlockRepETag
1070
     1
1071
       59
1005
97D
  0
LINE
  5
97E
330
6D3
100
AcDbEntity
  8
0
100
AcDbLine
 10
884.1167933641457
 20
2125.0
 30
0.0
 11
884.1167933641457
 21
2122.0
 31
0.0
1001
AcDbBlockRepETag
1070
     1
1071
       60
1005
97E
  0
LINE
  5
97F
330
6D3
100
AcDbEntity
  8
0
100
AcDbLine
 10
946.7505320360412
 20
2122.75
 30
0.0
 11
946.7505320360412
 21
2121.75
 31
0.0
1001
AcDbBlockRepETag
1070
     1
1071
       61
1005
97F
  0
LINE
  5
980
330
6D3
100
AcDbEntity
  8
0
100
AcDbLine
 10
958.3842707079359
 20
2112.0
 30
0.0
 11
958.3842707079359
 21
2111.0
 31
0.0
1001
AcDbBlockRepETag
1070
     1
1071
       62
1005
980
  0
LINE
  5
981
330
6D3
100
AcDbEntity
  8
0
100
AcDbLine
 10
969.0180093798312
 20
2109.75
 30
0.0
 11
969.0180093798312
 21
2106.75
 31
0.0
1001
AcDbBlockRepETag
1070
     1
1071
       63
1005
981
  0
LINE
  5
982
330
6D3
100
AcDbEntity
  8
0
100
AcDbLine
 10
976.6517480519592
 20
2103.0
 30
0.0
 11
976.6517480519592
 21
2100.0
 31
0.0
1001
AcDbBlockRepETag
1070
     1
1071
       64
1005
982
  0
LINE
  5
983
330
6D3
100
AcDbEntity
  8
0
100
AcDbLine
 10
1161.651786723965
 20
2103.0
 30
0.0
 11
1161.651786723965
 21
2100.0
 31
0.0
1001
AcDbBlockRepETag
1070
     1
1071
       65
1005
983
  0
LINE
  5
984
330
6D3
100
AcDbEntity
  8
0
100
AcDbLine
 10
1220.78552539586
 20
2161.25
 30
0.0
 11
1220.78552539586
 21
2158.25
 31
0.0
1001
AcDbBlockRepETag
1070
     1
1071
       66
1005
984
  0
LINE
  5
985
330
6D3
100
AcDbEntity
  8
0
100
AcDbLine
 10
846.9830546922507
 20
2161.25
 30
0.0
 11
846.9830546922507
 21
2158.25
 31
0.0
1001
AcDbBlockRepETag
1070
     1
1071
       67
1005
985
  0
LWPOLYLINE
  5
986
330
6D3
100
AcDbEntity
  8
0
  6
Continuous
370
    25
100
AcDbPolyline
 90
       44
 70
     1
 43
0.0
 10
975.0848787160116
 20
2104.5
 10
970.5848787160116
 20
2109.0
 10
967.4511400441163
 20
2110.5
 10
959.9511400441166
 20
2110.5
 10
956.8174013719886
 20
2113.5
 10
948.3174013719883
 20
2122.0
 10
945.1836627000933
 20
2123.5
 10
933.1836627000937
 20
2123.5
 10
933.1836627000937
 20
2132.5
 10
930.1836627000934
 20
2135.5
 10
926.1836627000937
 20
2135.5
 10
923.1836627000934
 20
2132.5
 10
923.1836627000934
 20
2123.5
 10
907.6836627000933
 20
2123.5
 10
907.6836627000933
 20
2132.5
 10
904.6836627000937
 20
2135.5
 10
900.6836627000934
 20
2135.5
 10
897.6836627000935
 20
2132.5
 10
897.6836627000935
 20
2123.5
 10
885.6836627000934
 20
2123.5
 10
882.5499240279654
 20
2126.5
 10
848.5499240284312
 20
2160.5
 10
845.4161853560702
 20
2162.0
 10
833.4161546922747
 20
2162.0
 10
833.4161546922747
 20
0.0
 10
1234.352394731807
 20
0.0
 10
1234.35239473204
 20
2162.0
 10
1222.352394731808
 20
2162.0
 10
1219.218656059912
 20
2160.5
 10
1163.218656059912
 20
2104.5
 10
1160.084917387784
 20
2101.5
 10
1148.084917388017
 20
2101.5
 10
1148.084917388017
 20
2110.5
 10
1145.084917388017
 20
2113.5
 10
1141.084917388017
 20
2113.5
 10
1138.084917388017
 20
2110.5
 10
1138.084917388017
 20
2101.5
 10
1000.218617387907
 20
2101.5
 10
1000.218617387907
 20
2110.5
 10
997.2186173879068
 20
2113.5
 10
993.2186173879067
 20
2113.5
 10
990.2186173879067
 20
2110.5
 10
990.2186173879067
 20
2101.5
 10
978.2186173879066
 20
2101.5
1001
AcDbBlockRepETag
1070
     1
1071
       68
1005
986
  0
LWPOLYLINE
  5
987
330
6D3
100
AcDbEntity
  8
0
100
AcDbPolyline
 90
        4
 70
     1
 43
0.0
 10
882.3167933640991
 20
1973.5
 10
912.8167933640993
 20
1973.5
 10
912.8167933640993
 20
1871.5
 10
882.3167933640991
 20
1871.5
1001
AcDbBlockRepETag
1070
     1
1071
       69
1005
987
  0
LINE
  5
988
330
6D3
100
AcDbEntity
  8
0
100
AcDbLine
 10
976.6517480519592
 20
3.0
 30
0.0
 11
976.6517480519592
 21
0.0
 31
0.0
1001
AcDbBlockRepETag
1070
     1
1071
       70
1005
988
  0
LINE
  5
989
330
6D3
100
AcDbEntity
  8
0
100
AcDbLine
 10
1161.651786723965
 20
3.0
 30
0.0
 11
1161.651786723965
 21
0.0
 31
0.0
1001
AcDbBlockRepETag
1070
     1
1071
       71
1005
989
  0
LINE
  5
98A
330
6D3
100
AcDbEntity
  8
0
100
AcDbLine
 10
969.0180093798312
 20
3.0
 30
0.0
 11
969.0180093798312
 21
0.0
 31
0.0
1001
AcDbBlockRepETag
1070
     1
1071
       72
1005
98A
  0
LINE
  5
98B
330
6D3
100
AcDbEntity
  8
0
100
AcDbLine
 10
884.1167933641457
 20
3.0
 30
0.0
 11
884.1167933641457
 21
0.0
 31
0.0
1001
AcDbBlockRepETag
1070
     1
1071
       73
1005
98B
  0
LINE
  5
98C
330
6D3
100
AcDbEntity
  8
0
100
AcDbLine
 10
1220.78552539586
 20
3.0
 30
0.0
 11
1220.78552539586
 21
0.0
 31
0.0
1001
AcDbBlockRepETag
1070
     1
1071
       74
1005
98C
  0
LINE
  5
98D
330
6D3
100
AcDbEntity
  8
0
100
AcDbLine
 10
846.9830546922507
 20
3.0
 30
0.0
 11
846.9830546922507
 21
0.0
 31
0.0
1001
AcDbBlockRepETag
1070
     1
1071
       75
1005
98D
  0
LINE
  5
98E
330
6D3
100
AcDbEntity
  8
0
100
AcDbLine
 10
958.3842707079359
 20
1.0
 30
0.0
 11
958.3842707079359
 21
0.0
 31
0.0
1001
AcDbBlockRepETag
1070
     1
1071
       76
1005
98E
  0
LINE
  5
98F
330
6D3
100
AcDbEntity
  8
0
100
AcDbLine
 10
946.7505320360412
 20
1.047160253394394
 30
0.0
 11
946.7505320360412
 21
0.0471602533943951
 31
0.0
1001
AcDbBlockRepETag
1070
     1
1071
       77
1005
98F
  0
LINE
  5
990
330
6D3
100
AcDbEntity
  8
0
100
AcDbLine
 10
884.1167933641457
 20
2125.0
 30
0.0
 11
884.1167933641457
 21
2122.0
 31
0.0
1001
AcDbBlockRepETag
1070
     1
1071
       78
1005
990
  0
LINE
  5
991
330
6D3
100
AcDbEntity
  8
0
100
AcDbLine
 10
946.7505320360412
 20
2122.75
 30
0.0
 11
946.7505320360412
 21
2121.75
 31
0.0
1001
AcDbBlockRepETag
1070
     1
1071
       79
1005
991
  0
LINE
  5
992
330
6D3
100
AcDbEntity
  8
0
100
AcDbLine
 10
958.3842707079359
 20
2112.0
 30
0.0
 11
958.3842707079359
 21
2111.0
 31
0.0
1001
AcDbBlockRepETag
1070
     1
1071
       80
1005
992
  0
LINE
  5
993
330
6D3
100
AcDbEntity
  8
0
100
AcDbLine
 10
969.0180093798312
 20
2109.75
 30
0.0
 11
969.0180093798312
 21
2106.75
 31
0.0
1001
AcDbBlockRepETag
1070
     1
1071
       81
1005
993
  0
LINE
  5
994
330
6D3
100
AcDbEntity
  8
0
100
AcDbLine
 10
976.6517480519592
 20
2103.0
 30
0.0
 11
976.6517480519592
 21
2100.0
 31
0.0
1001
AcDbBlockRepETag
1070
     1
1071
       82
1005
994
  0
LINE
  5
995
330
6D3
100
AcDbEntity
  8
0
100
AcDbLine
 10
1161.651786723965
 20
2103.0
 30
0.0
 11
1161.651786723965
 21
2100.0
 31
0.0
1001
AcDbBlockRepETag
1070
     1
1071
       83
1005
995
  0
LINE
  5
996
330
6D3
100
AcDbEntity
  8
0
100
AcDbLine
 10
1220.78552539586
 20
2161.25
 30
0.0
 11
1220.78552539586
 21
2158.25
 31
0.0
1001
AcDbBlockRepETag
1070
     1
1071
       84
1005
996
  0
LINE
  5
997
330
6D3
100
AcDbEntity
  8
0
100
AcDbLine
 10
846.9830546922507
 20
2161.25
 30
0.0
 11
846.9830546922507
 21
2158.25
 31
0.0
1001
AcDbBlockRepETag
1070
     1
1071
       85
1005
997
  0
LWPOLYLINE
  5
998
330
6D3
100
AcDbEntity
  8
0
100
AcDbPolyline
 90
        4
 70
     1
 43
0.0
 10
882.3167933640991
 20
1973.5
 10
912.8167933640993
 20
1973.5
 10
912.8167933640993
 20
1871.5
 10
882.3167933640991
 20
1871.5
1001
AcDbBlockRepETag
1070
     1
1071
       86
1005
998
  0
LINE
  5
999
330
6D3
100
AcDbEntity
  8
0
100
AcDbLine
 10
976.6517480519592
 20
3.0
 30
0.0
 11
976.6517480519592
 21
0.0
 31
0.0
1001
AcDbBlockRepETag
1070
     1
1071
       87
1005
999
  0
LINE
  5
99A
330
6D3
100
AcDbEntity
  8
0
100
AcDbLine
 10
1161.651786723965
 20
3.0
 30
0.0
 11
1161.651786723965
 21
0.0
 31
0.0
1001
AcDbBlockRepETag
1070
     1
1071
       88
1005
99A
  0
LINE
  5
99B
330
6D3
100
AcDbEntity
  8
0
100
AcDbLine
 10
969.0180093798312
 20
3.0
 30
0.0
 11
969.0180093798312
 21
0.0
 31
0.0
1001
AcDbBlockRepETag
1070
     1
1071
       89
1005
99B
  0
LINE
  5
99C
330
6D3
100
AcDbEntity
  8
0
100
AcDbLine
 10
884.1167933641457
 20
3.0
 30
0.0
 11
884.1167933641457
 21
0.0
 31
0.0
1001
AcDbBlockRepETag
1070
     1
1071
       90
1005
99C
  0
LINE
  5
99D
330
6D3
100
AcDbEntity
  8
0
100
AcDbLine
 10
1220.78552539586
 20
3.0
 30
0.0
 11
1220.78552539586
 21
0.0
 31
0.0
1001
AcDbBlockRepETag
1070
     1
1071
       91
1005
99D
  0
LINE
  5
99E
330
6D3
100
AcDbEntity
  8
0
100
AcDbLine
 10
846.9830546922507
 20
3.0
 30
0.0
 11
846.9830546922507
 21
0.0
 31
0.0
1001
AcDbBlockRepETag
1070
     1
1071
       92
1005
99E
  0
LINE
  5
99F
330
6D3
100
AcDbEntity
  8
0
100
AcDbLine
 10
958.3842707079359
 20
1.0
 30
0.0
 11
958.3842707079359
 21
0.0
 31
0.0
1001
AcDbBlockRepETag
1070
     1
1071
       93
1005
99F
  0
LINE
  5
9A0
330
6D3
100
AcDbEntity
  8
0
100
AcDbLine
 10
946.7505320360412
 20
1.047160253394394
 30
0.0
 11
946.7505320360412
 21
0.0471602533943951
 31
0.0
1001
AcDbBlockRepETag
1070
     1
1071
       94
1005
9A0
  0
LINE
  5
9A1
330
6D3
100
AcDbEntity
  8
0
100
AcDbLine
 10
884.1167933641457
 20
2125.0
 30
0.0
 11
884.1167933641457
 21
2122.0
 31
0.0
1001
AcDbBlockRepETag
1070
     1
1071
       95
1005
9A1
  0
LINE
  5
9A2
330
6D3
100
AcDbEntity
  8
0
100
AcDbLine
 10
946.7505320360412
 20
2122.75
 30
0.0
 11
946.7505320360412
 21
2121.75
 31
0.0
1001
AcDbBlockRepETag
1070
     1
1071
       96
1005
9A2
  0
LINE
  5
9A3
330
6D3
100
AcDbEntity
  8
0
100
AcDbLine
 10
958.3842707079359
 20
2112.0
 30
0.0
 11
958.3842707079359
 21
2111.0
 31
0.0
1001
AcDbBlockRepETag
1070
     1
1071
       97
1005
9A3
  0
LINE
  5
9A4
330
6D3
100
AcDbEntity
  8
0
100
AcDbLine
 10
969.0180093798312
 20
2109.75
 30
0.0
 11
969.0180093798312
 21
2106.75
 31
0.0
1001
AcDbBlockRepETag
1070
     1
1071
       98
1005
9A4
  0
LINE
  5
9A5
330
6D3
100
AcDbEntity
  8
0
100
AcDbLine
 10
976.6517480519592
 20
2103.0
 30
0.0
 11
976.6517480519592
 21
2100.0
 31
0.0
1001
AcDbBlockRepETag
1070
     1
1071
       99
1005
9A5
  0
LINE
  5
9A6
330
6D3
100
AcDbEntity
  8
0
100
AcDbLine
 10
1161.651786723965
 20
2103.0
 30
0.0
 11
1161.651786723965
 21
2100.0
 31
0.0
1001
AcDbBlockRepETag
1070
     1
1071
      100
1005
9A6
  0
LINE
  5
9A7
330
6D3
100
AcDbEntity
  8
0
100
AcDbLine
 10
1220.78552539586
 20
2161.25
 30
0.0
 11
1220.78552539586
 21
2158.25
 31
0.0
1001
AcDbBlockRepETag
1070
     1
1071
      101
1005
9A7
  0
LINE
  5
9A8
330
6D3
100
AcDbEntity
  8
0
100
AcDbLine
 10
846.9830546922507
 20
2161.25
 30
0.0
 11
846.9830546922507
 21
2158.25
 31
0.0
1001
AcDbBlockRepETag
1070
     1
1071
      102
1005
9A8
  0
LWPOLYLINE
  5
9A9
330
6D3
100
AcDbEntity
  8
0
100
AcDbPolyline
 90
        4
 70
     1
 43
0.0
 10
882.3167933640991
 20
1973.5
 10
912.8167933640993
 20
1973.5
 10
912.8167933640993
 20
1871.5
 10
882.3167933640991
 20
1871.5
1001
AcDbBlockRepETag
1070
     1
1071
      103
1005
9A9
  0
LINE
  5
9AA
330
6D3
100
AcDbEntity
  8
0
100
AcDbLine
 10
976.6517480519592
 20
3.0
 30
0.0
 11
976.6517480519592
 21
0.0
 31
0.0
1001
AcDbBlockRepETag
1070
     1
1071
      104
1005
9AA
  0
LINE
  5
9AB
330
6D3
100
AcDbEntity
  8
0
100
AcDbLine
 10
1161.651786723965
 20
3.0
 30
0.0
 11
1161.651786723965
 21
0.0
 31
0.0
1001
AcDbBlockRepETag
1070
     1
1071
      105
1005
9AB
  0
LINE
  5
9AC
330
6D3
100
AcDbEntity
  8
0
100
AcDbLine
 10
969.0180093798312
 20
3.0
 30
0.0
 11
969.0180093798312
 21
0.0
 31
0.0
1001
AcDbBlockRepETag
1070
     1
1071
      106
1005
9AC
  0
LINE
  5
9AD
330
6D3
100
AcDbEntity
  8
0
100
AcDbLine
 10
884.1167933641457
 20
3.0
 30
0.0
 11
884.1167933641457
 21
0.0
 31
0.0
1001
AcDbBlockRepETag
1070
     1
1071
      107
1005
9AD
  0
LINE
  5
9AE
330
6D3
100
AcDbEntity
  8
0
100
AcDbLine
 10
1220.78552539586
 20
3.0
 30
0.0
 11
1220.78552539586
 21
0.0
 31
0.0
1001
AcDbBlockRepETag
1070
     1
1071
      108
1005
9AE
  0
LINE
  5
9AF
330
6D3
100
AcDbEntity
  8
0
100
AcDbLine
 10
846.9830546922507
 20
3.0
 30
0.0
 11
846.9830546922507
 21
0.0
 31
0.0
1001
AcDbBlockRepETag
1070
     1
1071
      109
1005
9AF
  0
LINE
  5
9B0
330
6D3
100
AcDbEntity
  8
0
100
AcDbLine
 10
958.3842707079359
 20
1.0
 30
0.0
 11
958.3842707079359
 21
0.0
 31
0.0
1001
AcDbBlockRepETag
1070
     1
1071
      110
1005
9B0
  0
LINE
  5
9B1
330
6D3
100
AcDbEntity
  8
0
100
AcDbLine
 10
946.7505320360412
 20
1.047160253394394
 30
0.0
 11
946.7505320360412
 21
0.0471602533943951
 31
0.0
1001
AcDbBlockRepETag
1070
     1
1071
      111
1005
9B1
  0
LINE
  5
9B2
330
6D3
100
AcDbEntity
  8
0
100
AcDbLine
 10
884.1167933641457
 20
2125.0
 30
0.0
 11
884.1167933641457
 21
2122.0
 31
0.0
1001
AcDbBlockRepETag
1070
     1
1071
      112
1005
9B2
  0
LINE
  5
9B3
330
6D3
100
AcDbEntity
  8
0
100
AcDbLine
 10
946.7505320360412
 20
2122.75
 30
0.0
 11
946.7505320360412
 21
2121.75
 31
0.0
1001
AcDbBlockRepETag
1070
     1
1071
      113
1005
9B3
  0
LINE
  5
9B4
330
6D3
100
AcDbEntity
  8
0
100
AcDbLine
 10
958.3842707079359
 20
2112.0
 30
0.0
 11
958.3842707079359
 21
2111.0
 31
0.0
1001
AcDbBlockRepETag
1070
     1
1071
      114
1005
9B4
  0
LINE
  5
9B5
330
6D3
100
AcDbEntity
  8
0
100
AcDbLine
 10
969.0180093798312
 20
2109.75
 30
0.0
 11
969.0180093798312
 21
2106.75
 31
0.0
1001
AcDbBlockRepETag
1070
     1
1071
      115
1005
9B5
  0
LINE
  5
9B6
330
6D3
100
AcDbEntity
  8
0
100
AcDbLine
 10
976.6517480519592
 20
2103.0
 30
0.0
 11
976.6517480519592
 21
2100.0
 31
0.0
1001
AcDbBlockRepETag
1070
     1
1071
      116
1005
9B6
  0
LINE
  5
9B7
330
6D3
100
AcDbEntity
  8
0
100
AcDbLine
 10
1161.651786723965
 20
2103.0
 30
0.0
 11
1161.651786723965
 21
2100.0
 31
0.0
1001
AcDbBlockRepETag
1070
     1
1071
      117
1005
9B7
  0
LINE
  5
9B8
330
6D3
100
AcDbEntity
  8
0
100
AcDbLine
 10
1220.78552539586
 20
2161.25
 30
0.0
 11
1220.78552539586
 21
2158.25
 31
0.0
1001
AcDbBlockRepETag
1070
     1
1071
      118
1005
9B8
  0
LINE
  5
9B9
330
6D3
100
AcDbEntity
  8
0
100
AcDbLine
 10
846.9830546922507
 20
2161.25
 30
0.0
 11
846.9830546922507
 21
2158.25
 31
0.0
1001
AcDbBlockRepETag
1070
     1
1071
      119
1005
9B9
  0
LWPOLYLINE
  5
9BA
330
6D3
100
AcDbEntity
  8
0
100
AcDbPolyline
 90
        4
 70
     1
 43
0.0
 10
882.3167933640991
 20
1973.5
 10
912.8167933640993
 20
1973.5
 10
912.8167933640993
 20
1871.5
 10
882.3167933640991
 20
1871.5
1001
AcDbBlockRepETag
1070
     1
1071
      120
1005
9BA
  0
LWPOLYLINE
  5
9BB
330
6D3
100
AcDbEntity
  8
0
100
AcDbPolyline
 90
        4
 70
     1
 43
0.0
 10
882.3167933638664
 20
252.0
 10
912.8167933638664
 20
252.0
 10
912.8167933638664
 20
150.0
 10
882.3167933638664
 20
150.0
1001
AcDbBlockRepETag
1070
     1
1071
      121
1005
9BB
  0
LWPOLYLINE
  5
9BC
330
6D3
100
AcDbEntity
  8
0
100
AcDbPolyline
 90
        4
 70
     1
 43
0.0
 10
882.3167933638664
 20
252.0
 10
912.8167933638664
 20
252.0
 10
912.8167933638664
 20
150.0
 10
882.3167933638664
 20
150.0
1001
AcDbBlockRepETag
1070
     1
1071
      122
1005
9BC
  0
LWPOLYLINE
  5
9BD
330
6D3
100
AcDbEntity
  8
0
100
AcDbPolyline
 90
        4
 70
     1
 43
0.0
 10
882.3167933638664
 20
252.0
 10
912.8167933638664
 20
252.0
 10
912.8167933638664
 20
150.0
 10
882.3167933638664
 20
150.0
1001
AcDbBlockRepETag
1070
     1
1071
      123
1005
9BD
  0
LWPOLYLINE
  5
9BE
330
6D3
100
AcDbEntity
  8
0
100
AcDbPolyline
 90
        4
 70
     1
 43
0.0
 10
882.3167933638664
 20
252.0
 10
912.8167933638664
 20
252.0
 10
912.8167933638664
 20
150.0
 10
882.3167933638664
 20
150.0
1001
AcDbBlockRepETag
1070
     1
1071
      124
1005
9BE
  0
LWPOLYLINE
  5
9BF
330
6D3
100
AcDbEntity
  8
0
100
AcDbPolyline
 90
        4
 70
     1
 43
0.0
 10
882.3167933640991
 20
1771.5
 10
912.8167933640993
 20
1771.5
 10
912.8167933640993
 20
1669.5
 10
882.3167933640991
 20
1669.5
1001
AcDbBlockRepETag
1070
     1
1071
      125
1005
9BF
  0
LWPOLYLINE
  5
9C0
330
6D3
100
AcDbEntity
  8
0
100
AcDbPolyline
 90
        4
 70
     1
 43
0.0
 10
882.3167933637503
 20
1011.75
 10
912.8167933637499
 20
1011.75
 10
912.8167933637499
 20
909.75
 10
882.3167933637503
 20
909.75
1001
AcDbBlockRepETag
1070
     1
1071
      126
1005
9C0
  0
LWPOLYLINE
  5
9C1
330
6D3
100
AcDbEntity
  8
0
  6
Continuous
370
    25
100
AcDbPolyline
 90
        4
 70
     1
 43
0.0
 10
911.049962700204
 20
6.0
 10
899.0499627002042
 20
6.0
 10
899.0499627002042
 20
4.0
 10
911.049962700204
 20
4.0
1001
AcDbBlockRepETag
1070
     1
1071
      127
1005
9C1
  0
LWPOLYLINE
  5
9C2
330
6D3
100
AcDbEntity
  8
0
  6
Continuous
370
    25
100
AcDbPolyline
 90
        4
 70
     1
 43
0.0
 10
1134.718617387674
 20
11.0
 10
1146.718617387674
 20
11.0
 10
1146.718617387674
 20
9.0
 10
1134.718617387674
 20
9.0
1001
AcDbBlockRepETag
1070
     1
1071
      128
1005
9C2
  0
LWPOLYLINE
  5
9C3
330
6D3
100
AcDbEntity
  8
0
100
AcDbPolyline
 90
       18
 70
     0
 43
0.0
 10
2443.151767394132
 20
2431.356514497544
 10
2460.151767394132
 20
2431.356514497544
 42
-0.4142135623730951
 91
        3
 10
2463.151767394132
 20
2428.356514497544
 91
        4
 10
2463.151767394132
 20
2372.356514497544
 42
-0.4142135623730951
 91
        5
 10
2460.151767394132
 20
2369.356514497544
 10
2278.151767394132
 20
2369.356514497544
 42
-0.4142135623730951
 10
2275.151767394132
 20
2372.356514497544
 10
2275.151767394132
 20
2376.856514497544
 42
-0.4142135623730951
 10
2278.151767394132
 20
2379.856514497544
 10
2285.651767394132
 20
2379.856514497544
 42
0.4142135623730951
 10
2287.151767394132
 20
2381.356514497544
 10
2287.151767394132
 20
2389.856514497544
 42
0.4142135623730951
 10
2285.651767394132
 20
2391.356514497545
 10
2226.151767394132
 20
2391.356514497545
 42
-0.4142135623730951
 10
2223.151767394132
 20
2394.356514497544
 91
        1
 10
2223.151767394132
 20
2428.356514497544
 42
-0.4142135623730951
 91
        2
 10
2226.151767394132
 20
2431.356514497544
 10
2243.151767394132
 20
2431.356514497544
1001
AcDbBlockRepETag
1070
     1
1071
      129
1005
9C3
  0
LWPOLYLINE
  5
9C4
330
6D3
100
AcDbEntity
  8
0
100
AcDbPolyline
 90
       18
 70
     0
 43
0.0
 10
2443.151767394132
 20
2429.856514497544
 10
2460.151767394132
 20
2429.856514497544
 42
-0.4142135623730951
 10
2461.651767394132
 20
2428.356514497544
 10
2461.651767394132
 20
2372.356514497544
 42
-0.4142135623730951
 10
2460.151767394132
 20
2370.856514497544
 10
2278.151767394132
 20
2370.856514497544
 42
-0.4142135623730951
 10
2276.651767394132
 20
2372.356514497544
 10
2276.651767394132
 20
2376.856514497544
 42
-0.4142135623730951
 10
2278.151767394132
 20
2378.356514497544
 10
2285.651767394132
 20
2378.356514497544
 42
0.4142135623730951
 10
2288.651767394132
 20
2381.356514497544
 10
2288.651767394132
 20
2389.856514497544
 42
0.4142135623730951
 10
2285.651767394132
 20
2392.856514497544
 10
2226.151767394132
 20
2392.856514497544
 42
-0.4142135623730951
 10
2224.651767394132
 20
2394.356514497544
 10
2224.651767394132
 20
2428.356514497544
 42
-0.4142135623730951
 10
2226.151767394132
 20
2429.856514497544
 10
2243.151767394132
 20
2429.856514497544
1001
AcDbBlockRepETag
1070
     1
1071
      130
1005
9C4
  0
LINE
  5
9C5
330
6D3
100
AcDbEntity
  8
0
100
AcDbLine
 10
2443.151767394132
 20
2431.356514497544
 30
0.0
 11
2443.151767394132
 21
2429.856514497544
 31
0.0
1001
AcDbBlockRepETag
1070
     1
1071
      131
1005
9C5
  0
LINE
  5
9C6
330
6D3
100
AcDbEntity
  8
0
100
AcDbLine
 10
2243.151767394132
 20
2431.356514497544
 30
0.0
 11
2243.151767394132
 21
2429.856514497544
 31
0.0
1001
AcDbBlockRepETag
1070
     1
1071
      132
1005
9C6
  0
LINE
  5
9C7
330
6D3
100
AcDbEntity
  8
0
100
AcDbLine
 10
1652.530820598514
 20
3.0
 30
0.0
 11
1652.530820598514
 21
0.0
 31
0.0
1001
AcDbBlockRepETag
1070
     1
1071
      133
1005
9C7
  0
LINE
  5
9C8
330
6D3
100
AcDbEntity
  8
0
100
AcDbLine
 10
1467.530781926741
 20
3.0
 30
0.0
 11
1467.530781926741
 21
0.0
 31
0.0
1001
AcDbBlockRepETag
1070
     1
1071
      134
1005
9C8
  0
LINE
  5
9C9
330
6D3
100
AcDbEntity
  8
0
100
AcDbLine
 10
1660.164559270409
 20
3.0
 30
0.0
 11
1660.164559270409
 21
0.0
 31
0.0
1001
AcDbBlockRepETag
1070
     1
1071
      135
1005
9C9
  0
LINE
  5
9CA
330
6D3
100
AcDbEntity
  8
0
100
AcDbLine
 10
1745.06577528656
 20
3.0
 30
0.0
 11
1745.06577528656
 21
0.0
 31
0.0
1001
AcDbBlockRepETag
1070
     1
1071
      136
1005
9CA
  0
LINE
  5
9CB
330
6D3
100
AcDbEntity
  8
0
100
AcDbLine
 10
1408.397043254613
 20
3.0
 30
0.0
 11
1408.397043254613
 21
0.0
 31
0.0
1001
AcDbBlockRepETag
1070
     1
1071
      137
1005
9CB
  0
LINE
  5
9CC
330
6D3
100
AcDbEntity
  8
0
100
AcDbLine
 10
1782.199513958454
 20
3.0
 30
0.0
 11
1782.199513958454
 21
0.0
 31
0.0
1001
AcDbBlockRepETag
1070
     1
1071
      138
1005
9CC
  0
LINE
  5
9CD
330
6D3
100
AcDbEntity
  8
0
100
AcDbLine
 10
1670.798297942537
 20
1.0
 30
0.0
 11
1670.798297942537
 21
0.0
 31
0.0
1001
AcDbBlockRepETag
1070
     1
1071
      139
1005
9CD
  0
LINE
  5
9CE
330
6D3
100
AcDbEntity
  8
0
100
AcDbLine
 10
1682.4320366142
 20
1.047160253394394
 30
0.0
 11
1682.4320366142
 21
0.0471602533943951
 31
0.0
1001
AcDbBlockRepETag
1070
     1
1071
      140
1005
9CE
  0
LINE
  5
9CF
330
6D3
100
AcDbEntity
  8
0
100
AcDbLine
 10
1745.06577528656
 20
2125.0
 30
0.0
 11
1745.06577528656
 21
2119.0
 31
0.0
1001
AcDbBlockRepETag
1070
     1
1071
      141
1005
9CF
  0
LINE
  5
9D0
330
6D3
100
AcDbEntity
  8
0
100
AcDbLine
 10
1682.4320366142
 20
2122.75
 30
0.0
 11
1682.4320366142
 21
2121.75
 31
0.0
1001
AcDbBlockRepETag
1070
     1
1071
      142
1005
9D0
  0
LINE
  5
9D1
330
6D3
100
AcDbEntity
  8
0
100
AcDbLine
 10
1670.798297942537
 20
2112.0
 30
0.0
 11
1670.798297942537
 21
2111.0
 31
0.0
1001
AcDbBlockRepETag
1070
     1
1071
      143
1005
9D1
  0
LINE
  5
9D2
330
6D3
100
AcDbEntity
  8
0
100
AcDbLine
 10
1660.164559270409
 20
2109.75
 30
0.0
 11
1660.164559270409
 21
2106.75
 31
0.0
1001
AcDbBlockRepETag
1070
     1
1071
      144
1005
9D2
  0
LINE
  5
9D3
330
6D3
100
AcDbEntity
  8
0
100
AcDbLine
 10
1652.530820598514
 20
2103.0
 30
0.0
 11
1652.530820598514
 21
2100.0
 31
0.0
1001
AcDbBlockRepETag
1070
     1
1071
      145
1005
9D3
  0
LINE
  5
9D4
330
6D3
100
AcDbEntity
  8
0
100
AcDbLine
 10
1467.530781926741
 20
2103.0
 30
0.0
 11
1467.530781926741
 21
2100.0
 31
0.0
1001
AcDbBlockRepETag
1070
     1
1071
      146
1005
9D4
  0
LINE
  5
9D5
330
6D3
100
AcDbEntity
  8
0
100
AcDbLine
 10
1408.397043254613
 20
2161.25
 30
0.0
 11
1408.397043254613
 21
2158.25
 31
0.0
1001
AcDbBlockRepETag
1070
     1
1071
      147
1005
9D5
  0
LINE
  5
9D6
330
6D3
100
AcDbEntity
  8
0
100
AcDbLine
 10
1782.199513958454
 20
2161.25
 30
0.0
 11
1782.199513958454
 21
2158.25
 31
0.0
1001
AcDbBlockRepETag
1070
     1
1071
      148
1005
9D6
  0
LWPOLYLINE
  5
9D7
330
6D3
100
AcDbEntity
  8
0
  6
Continuous
370
    25
100
AcDbPolyline
 90
       44
 70
     1
 43
0.0
 10
1654.097689934695
 20
2104.5
 10
1658.597689934694
 20
2109.0
 10
1661.73142860659
 20
2110.5
 10
1669.23142860659
 20
2110.5
 10
1672.365167278485
 20
2113.5
 10
1680.865167278485
 20
2122.0
 10
1683.99890595038
 20
2123.5
 10
1695.99890595038
 20
2123.5
 10
1695.99890595038
 20
2132.5
 10
1698.99890595038
 20
2135.5
 10
1702.99890595038
 20
2135.5
 10
1705.99890595038
 20
2132.5
 10
1705.99890595038
 20
2123.5
 10
1721.49890595038
 20
2123.5
 10
1721.49890595038
 20
2132.5
 10
1724.49890595038
 20
2135.5
 10
1728.49890595038
 20
2135.5
 10
1731.49890595038
 20
2132.5
 10
1731.49890595038
 20
2123.5
 10
1743.49890595038
 20
2123.5
 10
1746.632644622275
 20
2126.5
 10
1780.632644622275
 20
2160.5
 10
1783.766383294169
 20
2162.0
 10
1795.766413958199
 20
2162.0
 10
1795.766413958431
 20
0.0
 10
1394.830173918666
 20
0.0
 10
1394.830173918666
 20
2162.0
 10
1406.830173918666
 20
2162.0
 10
1409.963912590561
 20
2160.5
 10
1465.963912590561
 20
2104.5
 10
1469.097651262456
 20
2101.5
 10
1481.097651262456
 20
2101.5
 10
1481.097651262456
 20
2110.5
 10
1484.097651262456
 20
2113.5
 10
1488.097651262456
 20
2113.5
 10
1491.097651262456
 20
2110.5
 10
1491.097651262456
 20
2101.5
 10
1628.963951262334
 20
2101.5
 10
1628.963951262334
 20
2110.5
 10
1631.963951262334
 20
2113.5
 10
1635.963951262334
 20
2113.5
 10
1638.963951262334
 20
2110.5
 10
1638.963951262334
 20
2101.5
 10
1650.963951262567
 20
2101.5
1001
AcDbBlockRepETag
1070
     1
1071
      149
1005
9D7
  0
LINE
  5
9D8
330
6D3
100
AcDbEntity
  8
0
100
AcDbLine
 10
1652.530820598514
 20
3.0
 30
0.0
 11
1652.530820598514
 21
0.0
 31
0.0
1001
AcDbBlockRepETag
1070
     1
1071
      150
1005
9D8
  0
LINE
  5
9D9
330
6D3
100
AcDbEntity
  8
0
100
AcDbLine
 10
1467.530781926741
 20
3.0
 30
0.0
 11
1467.530781926741
 21
0.0
 31
0.0
1001
AcDbBlockRepETag
1070
     1
1071
      151
1005
9D9
  0
LINE
  5
9DA
330
6D3
100
AcDbEntity
  8
0
100
AcDbLine
 10
1660.164559270409
 20
3.0
 30
0.0
 11
1660.164559270409
 21
0.0
 31
0.0
1001
AcDbBlockRepETag
1070
     1
1071
      152
1005
9DA
  0
LINE
  5
9DB
330
6D3
100
AcDbEntity
  8
0
100
AcDbLine
 10
1745.06577528656
 20
3.0
 30
0.0
 11
1745.06577528656
 21
0.0
 31
0.0
1001
AcDbBlockRepETag
1070
     1
1071
      153
1005
9DB
  0
LINE
  5
9DC
330
6D3
100
AcDbEntity
  8
0
100
AcDbLine
 10
1408.397043254613
 20
3.0
 30
0.0
 11
1408.397043254613
 21
0.0
 31
0.0
1001
AcDbBlockRepETag
1070
     1
1071
      154
1005
9DC
  0
LINE
  5
9DD
330
6D3
100
AcDbEntity
  8
0
100
AcDbLine
 10
1782.199513958454
 20
3.0
 30
0.0
 11
1782.199513958454
 21
0.0
 31
0.0
1001
AcDbBlockRepETag
1070
     1
1071
      155
1005
9DD
  0
LINE
  5
9DE
330
6D3
100
AcDbEntity
  8
0
100
AcDbLine
 10
1670.798297942537
 20
1.0
 30
0.0
 11
1670.798297942537
 21
0.0
 31
0.0
1001
AcDbBlockRepETag
1070
     1
1071
      156
1005
9DE
  0
LINE
  5
9DF
330
6D3
100
AcDbEntity
  8
0
100
AcDbLine
 10
1682.4320366142
 20
1.047160253394394
 30
0.0
 11
1682.4320366142
 21
0.0471602533943951
 31
0.0
1001
AcDbBlockRepETag
1070
     1
1071
      157
1005
9DF
  0
LINE
  5
9E0
330
6D3
100
AcDbEntity
  8
0
100
AcDbLine
 10
1745.06577528656
 20
2125.0
 30
0.0
 11
1745.06577528656
 21
2119.0
 31
0.0
1001
AcDbBlockRepETag
1070
     1
1071
      158
1005
9E0
  0
LINE
  5
9E1
330
6D3
100
AcDbEntity
  8
0
100
AcDbLine
 10
1682.4320366142
 20
2122.75
 30
0.0
 11
1682.4320366142
 21
2121.75
 31
0.0
1001
AcDbBlockRepETag
1070
     1
1071
      159
1005
9E1
  0
LINE
  5
9E2
330
6D3
100
AcDbEntity
  8
0
100
AcDbLine
 10
1670.798297942537
 20
2112.0
 30
0.0
 11
1670.798297942537
 21
2111.0
 31
0.0
1001
AcDbBlockRepETag
1070
     1
1071
      160
1005
9E2
  0
LINE
  5
9E3
330
6D3
100
AcDbEntity
  8
0
100
AcDbLine
 10
1660.164559270409
 20
2109.75
 30
0.0
 11
1660.164559270409
 21
2106.75
 31
0.0
1001
AcDbBlockRepETag
1070
     1
1071
      161
1005
9E3
  0
LINE
  5
9E4
330
6D3
100
AcDbEntity
  8
0
100
AcDbLine
 10
1652.530820598514
 20
2103.0
 30
0.0
 11
1652.530820598514
 21
2100.0
 31
0.0
1001
AcDbBlockRepETag
1070
     1
1071
      162
1005
9E4
  0
LINE
  5
9E5
330
6D3
100
AcDbEntity
  8
0
100
AcDbLine
 10
1467.530781926741
 20
2103.0
 30
0.0
 11
1467.530781926741
 21
2100.0
 31
0.0
1001
AcDbBlockRepETag
1070
     1
1071
      163
1005
9E5
  0
LINE
  5
9E6
330
6D3
100
AcDbEntity
  8
0
100
AcDbLine
 10
1408.397043254613
 20
2161.25
 30
0.0
 11
1408.397043254613
 21
2158.25
 31
0.0
1001
AcDbBlockRepETag
1070
     1
1071
      164
1005
9E6
  0
LINE
  5
9E7
330
6D3
100
AcDbEntity
  8
0
100
AcDbLine
 10
1782.199513958454
 20
2161.25
 30
0.0
 11
1782.199513958454
 21
2158.25
 31
0.0
1001
AcDbBlockRepETag
1070
     1
1071
      165
1005
9E7
  0
LINE
  5
9E8
330
6D3
100
AcDbEntity
  8
0
100
AcDbLine
 10
1652.530820598514
 20
3.0
 30
0.0
 11
1652.530820598514
 21
0.0
 31
0.0
1001
AcDbBlockRepETag
1070
     1
1071
      166
1005
9E8
  0
LINE
  5
9E9
330
6D3
100
AcDbEntity
  8
0
100
AcDbLine
 10
1467.530781926741
 20
3.0
 30
0.0
 11
1467.530781926741
 21
0.0
 31
0.0
1001
AcDbBlockRepETag
1070
     1
1071
      167
1005
9E9
  0
LINE
  5
9EA
330
6D3
100
AcDbEntity
  8
0
100
AcDbLine
 10
1660.164559270409
 20
3.0
 30
0.0
 11
1660.164559270409
 21
0.0
 31
0.0
1001
AcDbBlockRepETag
1070
     1
1071
      168
1005
9EA
  0
LINE
  5
9EB
330
6D3
100
AcDbEntity
  8
0
100
AcDbLine
 10
1745.06577528656
 20
3.0
 30
0.0
 11
1745.06577528656
 21
0.0
 31
0.0
1001
AcDbBlockRepETag
1070
     1
1071
      169
1005
9EB
  0
LINE
  5
9EC
330
6D3
100
AcDbEntity
  8
0
100
AcDbLine
 10
1408.397043254613
 20
3.0
 30
0.0
 11
1408.397043254613
 21
0.0
 31
0.0
1001
AcDbBlockRepETag
1070
     1
1071
      170
1005
9EC
  0
LINE
  5
9ED
330
6D3
100
AcDbEntity
  8
0
100
AcDbLine
 10
1782.199513958454
 20
3.0
 30
0.0
 11
1782.199513958454
 21
0.0
 31
0.0
1001
AcDbBlockRepETag
1070
     1
1071
      171
1005
9ED
  0
LINE
  5
9EE
330
6D3
100
AcDbEntity
  8
0
100
AcDbLine
 10
1670.798297942537
 20
1.0
 30
0.0
 11
1670.798297942537
 21
0.0
 31
0.0
1001
AcDbBlockRepETag
1070
     1
1071
      172
1005
9EE
  0
LINE
  5
9EF
330
6D3
100
AcDbEntity
  8
0
100
AcDbLine
 10
1682.4320366142
 20
1.047160253394394
 30
0.0
 11
1682.4320366142
 21
0.0471602533943951
 31
0.0
1001
AcDbBlockRepETag
1070
     1
1071
      173
1005
9EF
  0
LINE
  5
9F0
330
6D3
100
AcDbEntity
  8
0
100
AcDbLine
 10
1745.06577528656
 20
2125.0
 30
0.0
 11
1745.06577528656
 21
2119.0
 31
0.0
1001
AcDbBlockRepETag
1070
     1
1071
      174
1005
9F0
  0
LINE
  5
9F1
330
6D3
100
AcDbEntity
  8
0
100
AcDbLine
 10
1682.4320366142
 20
2122.75
 30
0.0
 11
1682.4320366142
 21
2121.75
 31
0.0
1001
AcDbBlockRepETag
1070
     1
1071
      175
1005
9F1
  0
LINE
  5
9F2
330
6D3
100
AcDbEntity
  8
0
100
AcDbLine
 10
1670.798297942537
 20
2112.0
 30
0.0
 11
1670.798297942537
 21
2111.0
 31
0.0
1001
AcDbBlockRepETag
1070
     1
1071
      176
1005
9F2
  0
LINE
  5
9F3
330
6D3
100
AcDbEntity
  8
0
100
AcDbLine
 10
1660.164559270409
 20
2109.75
 30
0.0
 11
1660.164559270409
 21
2106.75
 31
0.0
1001
AcDbBlockRepETag
1070
     1
1071
      177
1005
9F3
  0
LINE
  5
9F4
330
6D3
100
AcDbEntity
  8
0
100
AcDbLine
 10
1652.530820598514
 20
2103.0
 30
0.0
 11
1652.530820598514
 21
2100.0
 31
0.0
1001
AcDbBlockRepETag
1070
     1
1071
      178
1005
9F4
  0
LINE
  5
9F5
330
6D3
100
AcDbEntity
  8
0
100
AcDbLine
 10
1467.530781926741
 20
2103.0
 30
0.0
 11
1467.530781926741
 21
2100.0
 31
0.0
1001
AcDbBlockRepETag
1070
     1
1071
      179
1005
9F5
  0
LINE
  5
9F6
330
6D3
100
AcDbEntity
  8
0
100
AcDbLine
 10
1408.397043254613
 20
2161.25
 30
0.0
 11
1408.397043254613
 21
2158.25
 31
0.0
1001
AcDbBlockRepETag
1070
     1
1071
      180
1005
9F6
  0
LINE
  5
9F7
330
6D3
100
AcDbEntity
  8
0
100
AcDbLine
 10
1782.199513958454
 20
2161.25
 30
0.0
 11
1782.199513958454
 21
2158.25
 31
0.0
1001
AcDbBlockRepETag
1070
     1
1071
      181
1005
9F7
  0
LINE
  5
9F8
330
6D3
100
AcDbEntity
  8
0
100
AcDbLine
 10
1652.530820598514
 20
3.0
 30
0.0
 11
1652.530820598514
 21
0.0
 31
0.0
1001
AcDbBlockRepETag
1070
     1
1071
      182
1005
9F8
  0
LINE
  5
9F9
330
6D3
100
AcDbEntity
  8
0
100
AcDbLine
 10
1467.530781926741
 20
3.0
 30
0.0
 11
1467.530781926741
 21
0.0
 31
0.0
1001
AcDbBlockRepETag
1070
     1
1071
      183
1005
9F9
  0
LINE
  5
9FA
330
6D3
100
AcDbEntity
  8
0
100
AcDbLine
 10
1660.164559270409
 20
3.0
 30
0.0
 11
1660.164559270409
 21
0.0
 31
0.0
1001
AcDbBlockRepETag
1070
     1
1071
      184
1005
9FA
  0
LINE
  5
9FB
330
6D3
100
AcDbEntity
  8
0
100
AcDbLine
 10
1745.06577528656
 20
3.0
 30
0.0
 11
1745.06577528656
 21
0.0
 31
0.0
1001
AcDbBlockRepETag
1070
     1
1071
      185
1005
9FB
  0
LINE
  5
9FC
330
6D3
100
AcDbEntity
  8
0
100
AcDbLine
 10
1408.397043254613
 20
3.0
 30
0.0
 11
1408.397043254613
 21
0.0
 31
0.0
1001
AcDbBlockRepETag
1070
     1
1071
      186
1005
9FC
  0
LINE
  5
9FD
330
6D3
100
AcDbEntity
  8
0
100
AcDbLine
 10
1782.199513958454
 20
3.0
 30
0.0
 11
1782.199513958454
 21
0.0
 31
0.0
1001
AcDbBlockRepETag
1070
     1
1071
      187
1005
9FD
  0
LINE
  5
9FE
330
6D3
100
AcDbEntity
  8
0
100
AcDbLine
 10
1670.798297942537
 20
1.0
 30
0.0
 11
1670.798297942537
 21
0.0
 31
0.0
1001
AcDbBlockRepETag
1070
     1
1071
      188
1005
9FE
  0
LINE
  5
9FF
330
6D3
100
AcDbEntity
  8
0
100
AcDbLine
 10
1682.4320366142
 20
1.047160253394394
 30
0.0
 11
1682.4320366142
 21
0.0471602533943951
 31
0.0
1001
AcDbBlockRepETag
1070
     1
1071
      189
1005
9FF
  0
LINE
  5
A00
330
6D3
100
AcDbEntity
  8
0
100
AcDbLine
 10
1745.06577528656
 20
2125.0
 30
0.0
 11
1745.06577528656
 21
2119.0
 31
0.0
1001
AcDbBlockRepETag
1070
     1
1071
      190
1005
A00
  0
LINE
  5
A01
330
6D3
100
AcDbEntity
  8
0
100
AcDbLine
 10
1682.4320366142
 20
2122.75
 30
0.0
 11
1682.4320366142
 21
2121.75
 31
0.0
1001
AcDbBlockRepETag
1070
     1
1071
      191
1005
A01
  0
LINE
  5
A02
330
6D3
100
AcDbEntity
  8
0
100
AcDbLine
 10
1670.798297942537
 20
2112.0
 30
0.0
 11
1670.798297942537
 21
2111.0
 31
0.0
1001
AcDbBlockRepETag
1070
     1
1071
      192
1005
A02
  0
LINE
  5
A03
330
6D3
100
AcDbEntity
  8
0
100
AcDbLine
 10
1660.164559270409
 20
2109.75
 30
0.0
 11
1660.164559270409
 21
2106.75
 31
0.0
1001
AcDbBlockRepETag
1070
     1
1071
      193
1005
A03
  0
LINE
  5
A04
330
6D3
100
AcDbEntity
  8
0
100
AcDbLine
 10
1652.530820598514
 20
2103.0
 30
0.0
 11
1652.530820598514
 21
2100.0
 31
0.0
1001
AcDbBlockRepETag
1070
     1
1071
      194
1005
A04
  0
LINE
  5
A05
330
6D3
100
AcDbEntity
  8
0
100
AcDbLine
 10
1467.530781926741
 20
2103.0
 30
0.0
 11
1467.530781926741
 21
2100.0
 31
0.0
1001
AcDbBlockRepETag
1070
     1
1071
      195
1005
A05
  0
LINE
  5
A06
330
6D3
100
AcDbEntity
  8
0
100
AcDbLine
 10
1408.397043254613
 20
2161.25
 30
0.0
 11
1408.397043254613
 21
2158.25
 31
0.0
1001
AcDbBlockRepETag
1070
     1
1071
      196
1005
A06
  0
LINE
  5
A07
330
6D3
100
AcDbEntity
  8
0
100
AcDbLine
 10
1782.199513958454
 20
2161.25
 30
0.0
 11
1782.199513958454
 21
2158.25
 31
0.0
1001
AcDbBlockRepETag
1070
     1
1071
      197
1005
A07
  0
LWPOLYLINE
  5
A08
330
6D3
100
AcDbEntity
  8
0
  6
Continuous
370
    25
100
AcDbPolyline
 90
        4
 70
     1
 43
0.0
 10
1718.132605950502
 20
6.0
 10
1730.132605950502
 20
6.0
 10
1730.132605950502
 20
4.0
 10
1718.132605950502
 20
4.0
1001
AcDbBlockRepETag
1070
     1
1071
      198
1005
A08
  0
LWPOLYLINE
  5
A09
330
6D3
100
AcDbEntity
  8
0
  6
Continuous
370
    25
100
AcDbPolyline
 90
        4
 70
     1
 43
0.0
 10
1494.463951262799
 20
11.0
 10
1482.463951262799
 20
11.0
 10
1482.463951262799
 20
9.0
 10
1494.463951262799
 20
9.0
1001
AcDbBlockRepETag
1070
     1
1071
      199
1005
A09
  0
LWPOLYLINE
  5
A0A
330
6D3
100
AcDbEntity
  8
0
100
AcDbPolyline
 90
        8
 70
     1
 43
0.0
 10
1737.33845239311
 20
1044.5
 10
1737.33845239311
 20
952.25
 10
1712.83845239311
 20
952.25
 10
1712.83845239311
 20
1122.75
 10
1737.33845239311
 20
1122.75
 10
1737.33845239311
 20
1110.5
 10
1745.66577528642
 20
1110.5
 10
1745.66577528642
 20
1044.5
1001
AcDbBlockRepETag
1070
     1
1071
      200
1005
A0A
  0
CIRCLE
  5
A0B
330
6D3
100
AcDbEntity
  8
0
100
AcDbCircle
 10
905.6836320360647
 20
1581.0
 30
0.0
 40
2.0
1001
AcDbBlockRepETag
1070
     1
1071
      201
1005
A0B
  0
CIRCLE
  5
A0C
330
6D3
100
AcDbEntity
  8
0
100
AcDbCircle
 10
905.6836320360647
 20
1511.0
 30
0.0
 40
2.0
1001
AcDbBlockRepETag
1070
     1
1071
      202
1005
A0C
  0
LINE
  5
A0D
330
6D3
100
AcDbEntity
  8
0
100
AcDbLine
 10
783.8412843253462
 20
4275.84790575793
 30
0.0
 11
777.8412843253462
 21
4275.84790575793
 31
0.0
1001
AcDbBlockRepETag
1070
     1
1071
      203
1005
A0D
  0
LINE
  5
A0E
330
6D3
100
AcDbEntity
  8
0
100
AcDbLine
 10
783.8412843253462
 20
3902.045435054206
 30
0.0
 11
777.8412843253462
 21
3902.045435054206
 31
0.0
1001
AcDbBlockRepETag
1070
     1
1071
      204
1005
A0E
  0
CIRCLE
  5
A0F
330
6D3
100
AcDbEntity
  8
0
 62
     0
100
AcDbCircle
 10
1560.030801262275
 20
149.9999999999963
 30
0.0
 40
3.25
1001
AcDbBlockRepETag
1070
     1
1071
      205
1005
A0F
  0
CIRCLE
  5
A10
330
6D3
100
AcDbEntity
  8
0
 62
     0
100
AcDbCircle
 10
1560.030801262314
 20
750.4999999999961
 30
0.0
 40
3.25
1001
AcDbBlockRepETag
1070
     1
1071
      206
1005
A10
  0
CIRCLE
  5
A11
330
6D3
100
AcDbEntity
  8
0
 62
     0
100
AcDbCircle
 10
1560.030801262352
 20
1350.999999999996
 30
0.0
 40
3.25
1001
AcDbBlockRepETag
1070
     1
1071
      207
1005
A11
  0
CIRCLE
  5
A12
330
6D3
100
AcDbEntity
  8
0
 62
     0
100
AcDbCircle
 10
1560.030801262391
 20
1951.499999999996
 30
0.0
 40
3.25
1001
AcDbBlockRepETag
1070
     1
1071
      208
1005
A12
  0
CIRCLE
  5
A13
330
6D3
100
AcDbEntity
  8
0
 62
     0
100
AcDbCircle
 10
1069.151767388431
 20
149.9999999999963
 30
0.0
 40
3.25
1001
AcDbBlockRepETag
1070
     1
1071
      209
1005
A13
  0
CIRCLE
  5
A14
330
6D3
100
AcDbEntity
  8
0
 62
     0
100
AcDbCircle
 10
1069.151767388392
 20
750.4999999999961
 30
0.0
 40
3.25
1001
AcDbBlockRepETag
1070
     1
1071
      210
1005
A14
  0
CIRCLE
  5
A15
330
6D3
100
AcDbEntity
  8
0
 62
     0
100
AcDbCircle
 10
1069.151767388354
 20
1350.999999999996
 30
0.0
 40
3.25
1001
AcDbBlockRepETag
1070
     1
1071
      211
1005
A15
  0
CIRCLE
  5
A16
330
6D3
100
AcDbEntity
  8
0
 62
     0
100
AcDbCircle
 10
1069.151767388315
 20
1951.499999999996
 30
0.0
 40
3.25
1001
AcDbBlockRepETag
1070
     1
1071
      212
1005
A16
  0
LWPOLYLINE
  5
A17
330
6D3
100
AcDbEntity
  8
0
 60
     1
100
AcDbPolyline
 90
       12
 70
     1
 43
0.0
 10
1735.846383294711
 20
1114.5
 10
1735.846383294711
 20
1144.0
 10
1711.346383294711
 20
1144.0
 10
1711.346383294711
 20
1114.5
 10
1702.346383294711
 20
1114.5
 10
1702.346383294711
 20
1040.5
 10
1711.346383294711
 20
1040.5
 10
1711.346383294711
 20
941.5
 10
1735.846383294711
 20
941.5
 10
1735.846383294711
 20
1040.5
 10
1745.665775286887
 20
1040.5
 10
1745.665775286887
 20
1114.5
1001
AcDbBlockRepETag
1070
     1
1071
      213
1005
A17
  0
LINE
  5
A18
330
6D3
100
AcDbEntity
  8
0
100
AcDbLine
 10
1084.921156449243
 20
-4159.567365426407
 30
0.0
 11
1084.921156449243
 21
-4159.567365426407
 31
0.0
1001
AcDbBlockRepETag
1070
     1
1071
      214
1005
A18
  0
LINE
  5
A19
330
6D3
100
AcDbEntity
  8
0
100
AcDbLine
 10
1069.921156449243
 20
-4159.567365426407
 30
0.0
 11
1069.921156449243
 21
-4159.567365426407
 31
0.0
1001
AcDbBlockRepETag
1070
     1
1071
      215
1005
A19
  0
LINE
  5
A1A
330
6D3
100
AcDbEntity
  8
0
  6
CENTERX2
100
AcDbLine
 10
11.74466795101761
 20
-4156.567365426407
 30
0.0
 11
11.74466795101761
 21
-4159.567365426407
 31
0.0
1001
AcDbBlockRepETag
1070
     1
1071
      216
1005
A1A
  0
LINE
  5
A1B
330
6D3
100
AcDbEntity
  8
0
  6
CENTERX2
100
AcDbLine
 10
71.26319617545231
 20
-4156.567365426407
 30
0.0
 11
71.26319617545231
 21
-4159.567365426407
 31
0.0
1001
AcDbBlockRepETag
1070
     1
1071
      217
1005
A1B
  0
LINE
  5
A1C
330
6D3
100
AcDbEntity
  8
0
  6
CENTERX2
100
AcDbLine
 10
33.74728932650761
 20
-4156.567365426407
 30
0.0
 11
33.74728932650761
 21
-4159.567365426407
 31
0.0
1001
AcDbBlockRepETag
1070
     1
1071
      218
1005
A1C
  0
LWPOLYLINE
  5
A1D
330
6D3
100
AcDbEntity
  8
0
  6
Continuous
370
    25
100
AcDbPolyline
 90
       14
 70
     1
 43
0.0
 10
95.71319960057735
 20
-4337.120371316475
 10
95.71319960057735
 20
-4318.587318479349
 42
0.4142135623730951
 10
93.71319960057736
 20
-4316.587318479348
 10
72.46319960057737
 20
-4316.587318479348
 10
72.46319960057737
 20
-4283.087318479348
 10
73.51319960039109
 20
-4283.087318479348
 10
73.51319960039109
 20
-4265.054265641989
 10
1056.413199600763
 20
-4265.054265641989
 10
1056.413199600763
 20
-4283.087318479348
 10
1057.463199600577
 20
-4283.087318479348
 10
1057.463199600577
 20
-4316.587318479348
 10
1036.213199600577
 20
-4316.587318479348
 42
0.4142135623730951
 10
1034.213199600577
 20
-4318.587318479349
 10
1034.213199600577
 20
-4337.120371316475
1001
AcDbBlockRepETag
1070
     1
1071
      219
1005
A1D
  0
LWPOLYLINE
  5
A1E
330
6D3
100
AcDbEntity
  8
0
  6
Continuous
370
    25
100
AcDbPolyline
 90
       14
 70
     1
 43
0.0
 10
95.71319960057735
 20
-4462.712204620632
 10
95.71319960057735
 20
-4444.179151783504
 42
0.4142135623730951
 10
93.71319960057736
 20
-4442.179151783505
 10
72.46319960057737
 20
-4442.179151783505
 10
72.46319960057737
 20
-4408.679151783505
 10
73.51319960039109
 20
-4408.679151783505
 10
73.51319960039109
 20
-4390.646098946143
 10
1056.413199600763
 20
-4390.646098946143
 10
1056.413199600763
 20
-4408.679151783505
 10
1057.463199600577
 20
-4408.679151783505
 10
1057.463199600577
 20
-4442.179151783505
 10
1036.213199600577
 20
-4442.179151783505
 42
0.4142135623730951
 10
1034.213199600577
 20
-4444.179151783504
 10
1034.213199600577
 20
-4462.712204620632
1001
AcDbBlockRepETag
1070
     1
1071
      220
1005
A1E
  0
LWPOLYLINE
  5
A1F
330
6D3
100
AcDbEntity
  8
0
  6
Continuous
370
    25
100
AcDbPolyline
 90
       14
 70
     1
 43
0.0
 10
95.71319960057735
 20
-4580.733465379121
 10
95.71319960057735
 20
-4562.200412541995
 42
0.4142135623730951
 10
93.71319960057736
 20
-4560.200412541995
 10
72.46319960057737
 20
-4560.200412541995
 10
72.46319960057737
 20
-4526.700412541995
 10
73.51319960039109
 20
-4526.700412541995
 10
73.51319960039109
 20
-4508.667359704634
 10
1056.413199600763
 20
-4508.667359704634
 10
1056.413199600763
 20
-4526.700412541995
 10
1057.463199600577
 20
-4526.700412541995
 10
1057.463199600577
 20
-4560.200412541995
 10
1036.213199600577
 20
-4560.200412541995
 42
0.4142135623730951
 10
1034.213199600577
 20
-4562.200412541995
 10
1034.213199600577
 20
-4580.733465379121
1001
AcDbBlockRepETag
1070
     1
1071
      221
1005
A1F
  0
LWPOLYLINE
  5
A20
330
6D3
100
AcDbEntity
  8
0
100
AcDbPolyline
 90
        4
 70
     1
 43
0.0
 10
0.0
 20
-2046.067365426407
 10
1129.926399200223
 20
-2046.067365426407
 10
1129.926399200223
 20
-4159.567365426407
 10
0.0
 20
-4159.567365426407
1001
AcDbBlockRepETag
1070
     1
1071
      222
1005
A20
  0
LWPOLYLINE
  5
A21
330
6D3
100
AcDbEntity
  8
0
 60
     1
100
AcDbPolyline
 90
       24
 70
     1
 43
0.0
 10
1735.06577528656
 20
1124.125000000081
 42
-0.4142135623737884
 10
1735.615775286551
 20
1123.575000000081
 10
1735.615775286551
 20
1099.853776297679
 42
0.2392499996180965
 10
1735.800131915501
 20
1099.490549647471
 10
1745.440450517839
 20
1092.44016738607
 42
-0.2392499996180235
 10
1745.66577528655
 20
1091.996223702492
 10
1745.665775286559
 20
1055.20377629768
 42
-0.2392499996184368
 10
1745.440450517839
 20
1054.759832614101
 10
1735.80013191551
 20
1047.709450352691
 42
0.2392499996180462
 10
1735.615775286551
 20
1047.346223702492
 10
1735.615775286551
 20
935.6250000000818
 42
-0.4142135623737769
 10
1735.06577528656
 20
935.0750000000807
 10
1713.06577528655
 20
935.0750000000807
 42
-0.4142135623737733
 10
1712.515775286551
 20
935.6250000000818
 10
1712.515775286551
 20
1047.346223702492
 42
0.2392499996185795
 10
1712.331418657601
 20
1047.709450352691
 10
1702.691100055272
 20
1054.759832614101
 42
-0.2392499996184618
 10
1702.465775286549
 20
1055.20377629768
 10
1702.465775286549
 20
1091.996223702492
 42
-0.2392499996180227
 10
1702.691100055272
 20
1092.44016738607
 10
1712.331418657601
 20
1099.490549647471
 42
0.2392499996180768
 10
1712.515775286551
 20
1099.853776297679
 10
1712.515775286551
 20
1123.575000000081
 42
-0.4142135623723201
 10
1713.06577528655
 20
1124.125000000081
1001
AcDbBlockRepETag
1070
     1
1071
      223
1005
A21
  0
LWPOLYLINE
  5
A22
330
6D3
100
AcDbEntity
  8
0
 60
     1
100
AcDbPolyline
 90
       14
 70
     1
 43
0.0
 10
1740.565775286327
 20
1005.600000000035
 42
0.4142135623730951
 10
1740.065775286328
 20
1005.100000000035
 10
1740.065775286328
 20
988.2500000000582
 42
-0.4142135623730951
 10
1738.815775286327
 20
987.000000000058
 10
1709.315775286327
 20
987.000000000058
 42
-0.4142135623730951
 10
1708.065775286328
 20
988.2500000000582
 10
1708.065775286328
 20
1109.750000000058
 42
-0.4142135623730951
 10
1709.315775286327
 20
1111.000000000058
 10
1738.815775286327
 20
1111.000000000058
 42
-0.4142135623730951
 10
1740.065775286328
 20
1109.750000000058
 10
1740.065775286328
 20
1092.900000000081
 42
0.4142135623730951
 10
1740.565775286327
 20
1092.400000000081
 10
1747.665775286537
 20
1092.400000000081
 10
1747.665775286537
 20
1005.600000000035
1001
AcDbBlockRepETag
1070
     1
1071
      224
1005
A22
  0
LWPOLYLINE
  5
A23
330
6D3
100
AcDbEntity
  8
0
 60
     1
100
AcDbPolyline
 90
        8
 70
     1
 43
0.0
 10
1710.065775286327
 20
935.5499999999883
 10
1710.065775286327
 20
1120.549999999988
 10
1735.065775286328
 20
1120.549999999988
 10
1735.065775286328
 20
1108.350000000005
 10
1745.665775286537
 20
1108.350000000005
 10
1745.665775286537
 20
1051.649999999994
 10
1735.065775286328
 20
1051.649999999994
 10
1735.065775286328
 20
935.5499999999883
1001
AcDbBlockRepETag
1070
     1
1071
      225
1005
A23
  0
LWPOLYLINE
  5
A24
330
6D3
100
AcDbEntity
  8
0
  6
Continuous
 60
     1
370
    25
100
AcDbPolyline
 90
       10
 70
     1
 43
0.0
 10
1746.397025173452
 20
1104.600000000035
 10
1746.397025173452
 20
969.2000000000698
 10
1740.934525399623
 20
969.2000000000698
 42
0.4142135623730951
 10
1735.08452539953
 20
963.3500000000347
 10
1735.08452539953
 20
946.7500000000583
 10
1710.784525399484
 20
946.7500000000583
 10
1710.784525399484
 20
1127.050000000046
 10
1735.08452539953
 20
1127.050000000046
 10
1735.08452539953
 20
1110.45000000007
 42
0.4142135623730951
 10
1740.934525399623
 20
1104.600000000035
1001
AcDbBlockRepETag
1070
     1
1071
      226
1005
A24
  0
CIRCLE
  5
A25
330
6D3
100
AcDbEntity
  8
0
100
AcDbCircle
 10
999.9652495998887
 20
-3116.567365426407
 30
0.0
 40
11.0
1001
AcDbBlockRepETag
1070
     1
1071
      227
1005
A25
  0
CIRCLE
  5
A26
330
6D3
100
AcDbEntity
  8
0
100
AcDbCircle
 10
1572.896566032897
 20
-3116.567365426407
 30
0.0
 40
11.0
1001
AcDbBlockRepETag
1070
     1
1071
      228
1005
A26
  0
LWPOLYLINE
  5
A27
330
6D3
100
AcDbEntity
  8
0
100
AcDbPolyline
 90
        4
 70
     1
 43
0.0
 10
992.4652495998888
 20
-3197.185322954564
 10
992.4652495998888
 20
-3208.638584484825
 42
0.9999999999999998
 10
1007.465249599889
 20
-3208.638584484825
 10
1007.465249599889
 20
-3197.185322954564
 42
2.539565129295556
1001
AcDbBlockRepETag
1070
     1
1071
      229
1005
A27
  0
LWPOLYLINE
  5
A28
330
6D3
100
AcDbEntity
  8
0
100
AcDbPolyline
 90
        4
 70
     1
 43
0.0
 10
1565.396566032897
 20
-3197.185322954564
 10
1565.396566032897
 20
-3208.638584484823
 42
0.9999999999999998
 10
1580.396566032897
 20
-3208.638584484823
 10
1580.396566032897
 20
-3197.185322954564
 42
2.539565129295556
1001
AcDbBlockRepETag
1070
     1
1071
      230
1005
A28
  0
LWPOLYLINE
  5
A29
330
6D3
100
AcDbEntity
  8
0
 60
     1
100
AcDbPolyline
 90
        4
 70
     1
 43
0.0
 10
997.4052496000661
 20
-3197.185322954564
 10
997.4052496000661
 20
-3208.638584484823
 42
0.9999999999999998
 10
1012.405249600066
 20
-3208.638584484823
 10
1012.405249600066
 20
-3197.185322954564
 42
2.539565129295556
1001
AcDbBlockRepETag
1070
     1
1071
      231
1005
A29
  0
LWPOLYLINE
  5
A2A
330
6D3
100
AcDbEntity
  8
0
 60
     1
100
AcDbPolyline
 90
        4
 70
     1
 43
0.0
 10
1560.226566032972
 20
-3197.185322954564
 10
1560.226566032972
 20
-3208.638584484823
 42
0.9999999999999998
 10
1575.226566032972
 20
-3208.638584484823
 10
1575.226566032972
 20
-3197.185322954564
 42
2.539565129295556
1001
AcDbBlockRepETag
1070
     1
1071
      232
1005
A2A
  0
LWPOLYLINE
  5
A2B
330
6D3
100
AcDbEntity
  8
0
100
AcDbPolyline
 90
        4
 70
     1
 43
0.0
 10
45.00524275097996
 20
-4159.567365426407
 10
60.00524275097996
 20
-4159.567365426407
 10
60.00524275097996
 20
-4129.567365426406
 10
45.00524275097996
 20
-4129.567365426406
1001
AcDbBlockRepETag
1070
     1
1071
      233
1005
A2B
  0
LWPOLYLINE
  5
A2C
330
6D3
100
AcDbEntity
  8
0
100
AcDbPolyline
 90
        4
 70
     1
 43
0.0
 10
1084.921156449243
 20
-4159.567365426407
 10
1069.921156449243
 20
-4159.567365426407
 10
1069.921156449243
 20
-4129.567365426406
 10
1084.921156449243
 20
-4129.567365426406
1001
AcDbBlockRepETag
1070
     1
1071
      234
1005
A2C
  0
LWPOLYLINE
  5
A2D
102
{ACAD_REACTORS
330
A31
330
A34
102
}
330
6D3
100
AcDbEntity
  8
0
 60
     1
100
AcDbPolyline
 90
        4
 70
     1
 43
0.0
 10
2510.509121255644
 20
1441.835837790113
 10
2550.509121255644
 20
1441.835837790113
 10
2550.509121255644
 20
1481.835837790113
 10
2510.509121255644
 20
1481.835837790113
1001
AcDbBlockRepETag
1070
     1
1071
      235
1005
A2D
  0
LWPOLYLINE
  5
A2E
102
{ACAD_REACTORS
330
A37
102
}
330
6D3
100
AcDbEntity
  8
0
 60
     1
100
AcDbPolyline
 90
        4
 70
     1
 43
0.0
 10
2713.707697420876
 20
1441.835837790113
 10
2753.707697420876
 20
1441.835837790113
 10
2753.707697420876
 20
1481.835837790113
 10
2713.707697420876
 20
1481.835837790113
1001
AcDbBlockRepETag
1070
     1
1071
      236
1005
A2E
  0
DIMENSION
  5
A2F
102
{ACAD_XDICTIONARY
360
A30
102
}
102
{ACAD_REACTORS
330
A31
102
}
330
6D3
100
AcDbEntity
  8
A-DIMS-INSD
 60
     1
100
AcDbDimension
280
     0
  2
*D14
 10
2510.509121255644
 20
1504.273579389614
 30
0.0
 11
2236.009121255644
 21
1504.273579389614
 31
0.0
 71
     5
 42
40.0
 73
     0
 74
     0
 75
     0
  3
Standard
100
AcDbAlignedDimension
 13
2550.509121255644
 23
1481.835837790113
 33
0.0
 14
2510.509121255644
 24
1481.835837790113
 34
0.0
100
AcDbRotatedDimension
1001
AcDbBlockRepETag
1070
     1
1071
      237
1005
A2F
  0
DIMENSION
  5
A32
102
{ACAD_XDICTIONARY
360
A33
102
}
102
{ACAD_REACTORS
330
A34
102
}
330
6D3
100
AcDbEntity
  8
A-DIMS-INSD
 60
     1
100
AcDbDimension
280
     0
  2
*D13
 10
2571.854398758711
 20
1481.835837790113
 30
0.0
 11
2792.354398758711
 21
1589.835837790112
 31
0.0
 71
     5
 42
40.0
 73
     0
 74
     0
 75
     0
  3
Standard
100
AcDbAlignedDimension
 13
2550.509121255644
 23
1441.835837790113
 33
0.0
 14
2550.509121255644
 24
1481.835837790113
 34
0.0
 50
90.0
100
AcDbRotatedDimension
1001
AcDbBlockRepETag
1070
     1
1071
      238
1005
A32
  0
DIMENSION
  5
A35
102
{ACAD_XDICTIONARY
360
A36
102
}
102
{ACAD_REACTORS
330
A37
102
}
330
6D3
100
AcDbEntity
  8
A-DIMS-INSD
 60
     1
100
AcDbDimension
280
     0
  2
*D15
 10
2713.707697420876
 20
1495.648894911283
 30
0.0
 11
2439.207697420876
 21
1495.648894911283
 31
0.0
 71
     5
 42
40.0
 73
     0
 74
     0
 75
     0
  3
Standard
100
AcDbAlignedDimension
 13
2753.707697420876
 23
1481.835837790113
 33
0.0
 14
2713.707697420876
 24
1481.835837790113
 34
0.0
100
AcDbRotatedDimension
1001
AcDbBlockRepETag
1070
     1
1071
      239
1005
A35
  0
LWPOLYLINE
  5
A38
330
6D3
100
AcDbEntity
  8
0
 60
     1
100
AcDbPolyline
 90
        4
 70
     1
 43
0.0
 10
2510.509121255644
 20
1179.835483347579
 10
2572.509121255644
 20
1179.835483347579
 10
2572.509121255644
 20
1241.835483347579
 10
2510.509121255644
 20
1241.835483347579
1001
AcDbBlockRepETag
1070
     1
1071
      240
1005
A38
  0
LWPOLYLINE
  5
A39
330
6D3
100
AcDbEntity
  8
0
 60
     1
100
AcDbPolyline
 90
        4
 70
     1
 43
0.0
 10
2764.057158627591
 20
1179.835483347579
 10
2826.057158627591
 20
1179.835483347579
 10
2826.057158627591
 20
1241.835483347579
 10
2764.057158627591
 20
1241.835483347579
1001
AcDbBlockRepETag
1070
     1
1071
      241
1005
A39
  0
LINE
  5
A3A
330
6D3
100
AcDbEntity
  8
0
 60
     1
100
AcDbLine
 10
2668.942136938538
 20
806.5098301701471
 30
0.0
 11
2668.942136938538
 21
756.5098301701472
 31
0.0
1001
AcDbBlockRepETag
1070
     1
1071
      242
1005
A3A
  0
ENDBLK
  5
6D5
330
6D3
100
AcDbEntity
  8
0
100
AcDbBlockEnd
  0
BLOCK
  5
8B8
330
8B7
100
AcDbEntity
  8
0
100
AcDbBlockBegin
  2
*D13
 70
     1
 10
0.0
 20
0.0
 30
0.0
  3
*D13
  1

  0
LINE
  5
920
330
8B7
100
AcDbEntity
  8
A-DIMS-INSD
 62
     0
440
 16777216
370
    -2
100
AcDbLine
 10
2569.259121255645
 20
1441.835837790113
 30
0.0
 11
2625.85439875871
 21
1441.835837790113
 31
0.0
  0
LINE
  5
921
330
8B7
100
AcDbEntity
  8
A-DIMS-INSD
 62
     0
440
 16777216
370
    -2
100
AcDbLine
 10
2569.259121255645
 20
1481.835837790113
 30
0.0
 11
2625.85439875871
 21
1481.835837790113
 31
0.0
  0
LINE
  5
922
330
8B7
100
AcDbEntity
  8
A-DIMS-INSD
 62
     0
440
 16777216
370
    -2
100
AcDbLine
 10
2571.854398758711
 20
1387.835837790113
 30
0.0
 11
2571.854398758711
 21
1333.835837790113
 31
0.0
  0
LINE
  5
923
330
8B7
100
AcDbEntity
  8
A-DIMS-INSD
 62
     0
440
 16777216
370
    -2
100
AcDbLine
 10
2571.854398758711
 20
1535.835837790114
 30
0.0
 11
2571.854398758711
 21
1589.835837790114
 31
0.0
  0
LINE
  5
924
330
8B7
100
AcDbEntity
  8
A-DIMS-INSD
 62
     0
440
 16777216
370
    -2
100
AcDbLine
 10
2571.854398758711
 20
1589.835837790114
 30
0.0
 11
2625.85439875871
 21
1589.835837790114
 31
0.0
  0
SOLID
  5
925
330
8B7
100
AcDbEntity
  8
A-DIMS-INSD
 62
     0
440
 16777216
100
AcDbTrace
 10
2562.854398758711
 20
1387.835837790113
 30
0.0
 11
2580.85439875871
 21
1387.835837790113
 31
0.0
 12
2571.854398758711
 22
1441.835837790113
 32
0.0
 13
2571.854398758711
 23
1441.835837790113
 33
0.0
  0
SOLID
  5
926
330
8B7
100
AcDbEntity
  8
A-DIMS-INSD
 62
     0
440
 16777216
100
AcDbTrace
 10
2562.854398758711
 20
1535.835837790114
 30
0.0
 11
2580.85439875871
 21
1535.835837790114
 31
0.0
 12
2571.854398758711
 22
1481.835837790113
 32
0.0
 13
2571.854398758711
 23
1481.835837790113
 33
0.0
  0
MTEXT
  5
927
330
8B7
100
AcDbEntity
  8
A-DIMS-INSD
 62
     0
440
 16777216
100
AcDbMText
 10
2792.354398758711
 20
1589.835837790112
 30
0.0
 40
54.0
 41
0.0
 46
0.0
 71
     5
 72
     1
  1
\A1;40.0000
 73
     1
 44
1.0
  0
POINT
  5
928
330
8B7
100
AcDbEntity
  8
Defpoints
 62
     0
440
 16777216
100
AcDbPoint
 10
2550.509121255645
 20
1441.835837790113
 30
0.0
  0
POINT
  5
929
330
8B7
100
AcDbEntity
  8
Defpoints
 62
     0
440
 16777216
100
AcDbPoint
 10
2550.509121255645
 20
1481.835837790113
 30
0.0
  0
POINT
  5
92A
330
8B7
100
AcDbEntity
  8
Defpoints
 62
     0
440
 16777216
100
AcDbPoint
 10
2571.854398758711
 20
1481.835837790113
 30
0.0
  0
ENDBLK
  5
8B9
330
8B7
100
AcDbEntity
  8
0
100
AcDbBlockEnd
  0
BLOCK
  5
8C9
330
8C8
100
AcDbEntity
  8
0
100
AcDbBlockBegin
  2
*D14
 70
     1
 10
0.0
 20
0.0
 30
0.0
  3
*D14
  1

  0
LINE
  5
92B
330
8C8
100
AcDbEntity
  8
A-DIMS-INSD
 62
     0
440
 16777216
370
    -2
100
AcDbLine
 10
2550.509121255644
 20
1500.585837790113
 30
0.0
 11
2550.509121255644
 21
1558.273579389614
 31
0.0
  0
LINE
  5
92C
330
8C8
100
AcDbEntity
  8
A-DIMS-INSD
 62
     0
440
 16777216
370
    -2
100
AcDbLine
 10
2510.509121255644
 20
1500.585837790113
 30
0.0
 11
2510.509121255644
 21
1558.273579389614
 31
0.0
  0
LINE
  5
92D
330
8C8
100
AcDbEntity
  8
A-DIMS-INSD
 62
     0
440
 16777216
370
    -2
100
AcDbLine
 10
2604.509121255644
 20
1504.273579389614
 30
0.0
 11
2658.509121255644
 21
1504.273579389614
 31
0.0
  0
LINE
  5
92E
330
8C8
100
AcDbEntity
  8
A-DIMS-INSD
 62
     0
440
 16777216
370
    -2
100
AcDbLine
 10
2456.509121255644
 20
1504.273579389614
 30
0.0
 11
2402.509121255644
 21
1504.273579389614
 31
0.0
  0
SOLID
  5
92F
330
8C8
100
AcDbEntity
  8
A-DIMS-INSD
 62
     0
440
 16777216
100
AcDbTrace
 10
2604.509121255644
 20
1513.273579389614
 30
0.0
 11
2604.509121255644
 21
1495.273579389614
 31
0.0
 12
2550.509121255644
 22
1504.273579389614
 32
0.0
 13
2550.509121255644
 23
1504.273579389614
 33
0.0
  0
SOLID
  5
930
330
8C8
100
AcDbEntity
  8
A-DIMS-INSD
 62
     0
440
 16777216
100
AcDbTrace
 10
2456.509121255644
 20
1513.273579389614
 30
0.0
 11
2456.509121255644
 21
1495.273579389614
 31
0.0
 12
2510.509121255644
 22
1504.273579389614
 32
0.0
 13
2510.509121255644
 23
1504.273579389614
 33
0.0
  0
MTEXT
  5
931
330
8C8
100
AcDbEntity
  8
A-DIMS-INSD
 62
     0
440
 16777216
100
AcDbMText
 10
2236.009121255644
 20
1504.273579389614
 30
0.0
 40
54.0
 41
0.0
 46
0.0
 71
     5
 72
     1
  1
\A1;40.0000
 73
     1
 44
1.0
  0
POINT
  5
932
330
8C8
100
AcDbEntity
  8
Defpoints
 62
     0
440
 16777216
100
AcDbPoint
 10
2550.509121255644
 20
1481.835837790113
 30
0.0
  0
POINT
  5
933
330
8C8
100
AcDbEntity
  8
Defpoints
 62
     0
440
 16777216
100
AcDbPoint
 10
2510.509121255644
 20
1481.835837790113
 30
0.0
  0
POINT
  5
934
330
8C8
100
AcDbEntity
  8
Defpoints
 62
     0
440
 16777216
100
AcDbPoint
 10
2510.509121255644
 20
1504.273579389614
 30
0.0
  0
ENDBLK
  5
8CA
330
8C8
100
AcDbEntity
  8
0
100
AcDbBlockEnd
  0
BLOCK
  5
8D6
330
8D5
100
AcDbEntity
  8
0
100
AcDbBlockBegin
  2
*D15
 70
     1
 10
0.0
 20
0.0
 30
0.0
  3
*D15
  1

  0
LINE
  5
935
330
8D5
100
AcDbEntity
  8
A-DIMS-INSD
 62
     0
440
 16777216
370
    -2
100
AcDbLine
 10
2753.707697420876
 20
1500.585837790113
 30
0.0
 11
2753.707697420876
 21
1549.648894911283
 31
0.0
  0
LINE
  5
936
330
8D5
100
AcDbEntity
  8
A-DIMS-INSD
 62
     0
440
 16777216
370
    -2
100
AcDbLine
 10
2713.707697420876
 20
1500.585837790113
 30
0.0
 11
2713.707697420876
 21
1549.648894911283
 31
0.0
  0
LINE
  5
937
330
8D5
100
AcDbEntity
  8
A-DIMS-INSD
 62
     0
440
 16777216
370
    -2
100
AcDbLine
 10
2807.707697420876
 20
1495.648894911283
 30
0.0
 11
2861.707697420876
 21
1495.648894911283
 31
0.0
  0
LINE
  5
938
330
8D5
100
AcDbEntity
  8
A-DIMS-INSD
 62
     0
440
 16777216
370
    -2
100
AcDbLine
 10
2659.707697420876
 20
1495.648894911283
 30
0.0
 11
2605.707697420876
 21
1495.648894911283
 31
0.0
  0
SOLID
  5
939
330
8D5
100
AcDbEntity
  8
A-DIMS-INSD
 62
     0
440
 16777216
100
AcDbTrace
 10
2807.707697420876
 20
1504.648894911283
 30
0.0
 11
2807.707697420876
 21
1486.648894911283
 31
0.0
 12
2753.707697420876
 22
1495.648894911283
 32
0.0
 13
2753.707697420876
 23
1495.648894911283
 33
0.0
  0
SOLID
  5
93A
330
8D5
100
AcDbEntity
  8
A-DIMS-INSD
 62
     0
440
 16777216
100
AcDbTrace
 10
2659.707697420876
 20
1504.648894911283
 30
0.0
 11
2659.707697420876
 21
1486.648894911283
 31
0.0
 12
2713.707697420876
 22
1495.648894911283
 32
0.0
 13
2713.707697420876
 23
1495.648894911283
 33
0.0
  0
MTEXT
  5
93B
330
8D5
100
AcDbEntity
  8
A-DIMS-INSD
 62
     0
440
 16777216
100
AcDbMText
 10
2439.207697420876
 20
1495.648894911283
 30
0.0
 40
54.0
 41
0.0
 46
0.0
 71
     5
 72
     1
  1
\A1;40.0000
 73
     1
 44
1.0
  0
POINT
  5
93C
330
8D5
100
AcDbEntity
  8
Defpoints
 62
     0
440
 16777216
100
AcDbPoint
 10
2753.707697420876
 20
1481.835837790113
 30
0.0
  0
POINT
  5
93D
330
8D5
100
AcDbEntity
  8
Defpoints
 62
     0
440
 16777216
100
AcDbPoint
 10
2713.707697420876
 20
1481.835837790113
 30
0.0
  0
POINT
  5
93E
330
8D5
100
AcDbEntity
  8
Defpoints
 62
     0
440
 16777216
100
AcDbPoint
 10
2713.707697420876
 20
1495.648894911283
 30
0.0
  0
ENDBLK
  5
8D7
330
8D5
100
AcDbEntity
  8
0
100
AcDbBlockEnd
  0
ENDSEC
  0
SECTION
  2
ENTITIES
  0
LINE
  5
6D6
330
2
100
AcDbEntity
  8
0
  6
CENTERX2
100
AcDbLine
 10
1118.181731249205
 20
-2046.067365426407
 30
0.0
 11
1118.181731249205
 21
-2049.067365426406
 31
0.0
1001
AcDbBlockRepETag
1070
     1
1071
        0
1005
6D6
  0
LINE
  5
6D7
330
2
100
AcDbEntity
  8
0
  6
CENTERX2
100
AcDbLine
 10
1118.181731249205
 20
-4156.567365426407
 30
0.0
 11
1118.181731249205
 21
-4159.567365426407
 31
0.0
1001
AcDbBlockRepETag
1070
     1
1071
        1
1005
6D7
  0
LINE
  5
6D8
330
2
100
AcDbEntity
  8
0
  6
CENTERX2
100
AcDbLine
 10
1058.663203024771
 20
-2046.067365426407
 30
0.0
 11
1058.663203024771
 21
-2049.067365426406
 31
0.0
1001
AcDbBlockRepETag
1070
     1
1071
        2
1005
6D8
  0
LINE
  5
6D9
330
2
100
AcDbEntity
  8
0
  6
CENTERX2
100
AcDbLine
 10
1058.663203024771
 20
-4156.567365426407
 30
0.0
 11
1058.663203024771
 21
-4159.567365426407
 31
0.0
1001
AcDbBlockRepETag
1070
     1
1071
        3
1005
6D9
  0
LINE
  5
6DA
330
2
100
AcDbEntity
  8
0
  6
CENTERX2
100
AcDbLine
 10
1096.179109873716
 20
-2046.067365426407
 30
0.0
 11
1096.179109873716
 21
-2049.067365426406
 31
0.0
1001
AcDbBlockRepETag
1070
     1
1071
        4
1005
6DA
  0
LINE
  5
6DB
330
2
100
AcDbEntity
  8
0
  6
CENTERX2
100
AcDbLine
 10
1096.179109873716
 20
-4156.567365426407
 30
0.0
 11
1096.179109873716
 21
-4159.567365426407
 31
0.0
1001
AcDbBlockRepETag
1070
     1
1071
        5
1005
6DB
  0
LINE
  5
6DC
330
2
100
AcDbEntity
  8
0
  6
CENTERX2
100
AcDbLine
 10
71.26319617591798
 20
-2049.067365426406
 30
0.0
 11
71.26319617591798
 21
-2046.067365426407
 31
0.0
1001
AcDbBlockRepETag
1070
     1
1071
        6
1005
6DC
  0
LWPOLYLINE
  5
6DD
330
2
100
AcDbEntity
  8
0
  6
Continuous
370
    25
100
AcDbPolyline
 90
        4
 70
     1
 43
0.0
 10
43.56319617573172
 20
-3914.567365427105
 10
73.06319617573172
 20
-3914.567365427105
 10
73.06319617573172
 20
-4016.567365427105
 10
43.56319617573172
 20
-4016.567365427105
1001
AcDbBlockRepETag
1070
     1
1071
        7
1005
6DD
  0
LWPOLYLINE
  5
6DE
330
2
100
AcDbEntity
  8
0
100
AcDbPolyline
 90
        4
 70
     1
 43
0.0
 10
73.06319617573172
 20
-2193.067365426407
 10
43.56319617573172
 20
-2193.067365426407
 10
43.56319617573172
 20
-2295.067365426406
 10
73.06319617573172
 20
-2295.067365426406
1001
AcDbBlockRepETag
1070
     1
1071
        8
1005
6DE
  0
LWPOLYLINE
  5
6DF
330
2
100
AcDbEntity
  8
0
100
AcDbPolyline
 90
        4
 70
     1
 43
0.0
 10
73.06319617573172
 20
-2395.067365426406
 10
43.56319617573172
 20
-2395.067365426406
 10
43.56319617573172
 20
-2497.067365426407
 10
73.06319617573172
 20
-2497.067365426407
1001
AcDbBlockRepETag
1070
     1
1071
        9
1005
6DF
  0
LINE
  5
6E0
330
2
100
AcDbEntity
  8
0
  6
CENTERX2
100
AcDbLine
 10
11.74466795101761
 20
-2049.067365426406
 30
0.0
 11
11.74466795101761
 21
-2046.067365426407
 31
0.0
1001
AcDbBlockRepETag
1070
     1
1071
       10
1005
6E0
  0
LINE
  5
6E1
330
2
100
AcDbEntity
  8
0
  6
CENTERX2
100
AcDbLine
 10
33.74728932697326
 20
-2049.067365426406
 30
0.0
 11
33.74728932697326
 21
-2046.067365426407
 31
0.0
1001
AcDbBlockRepETag
1070
     1
1071
       11
1005
6E1
  0
LINE
  5
6E2
330
2
100
AcDbEntity
  8
0
  6
CENTERX2
100
AcDbLine
 10
2499.360528023913
 20
-2049.067365426406
 30
0.0
 11
2499.360528023913
 21
-2046.067365426407
 31
0.0
1001
AcDbBlockRepETag
1070
     1
1071
       12
1005
6E2
  0
LINE
  5
6E3
330
2
100
AcDbEntity
  8
0
  6
CENTERX2
100
AcDbLine
 10
1515.96181087708
 20
-2046.067365426407
 30
0.0
 11
1515.96181087708
 21
-2049.067365426406
 31
0.0
1001
AcDbBlockRepETag
1070
     1
1071
       13
1005
6E3
  0
LINE
  5
6E4
330
2
100
AcDbEntity
  8
0
  6
CENTERX2
100
AcDbLine
 10
1515.96181087708
 20
-4156.567365426407
 30
0.0
 11
1515.96181087708
 21
-4159.567365426407
 31
0.0
1001
AcDbBlockRepETag
1070
     1
1071
       14
1005
6E4
  0
LINE
  5
6E5
330
2
100
AcDbEntity
  8
0
100
AcDbLine
 10
2499.360528023913
 20
-4159.567365426407
 30
0.0
 11
2499.360528023913
 21
-4156.567365426407
 31
0.0
1001
AcDbBlockRepETag
1070
     1
1071
       15
1005
6E5
  0
LWPOLYLINE
  5
6E6
330
2
100
AcDbEntity
  8
0
100
AcDbPolyline
 90
        4
 70
     1
 43
0.0
 10
1499.256169450469
 20
-2046.067365426407
 10
2516.066169450525
 20
-2046.067365426407
 10
2516.066169450525
 20
-4159.567365426407
 10
1499.256169450469
 20
-4159.567365426407
1001
AcDbBlockRepETag
1070
     1
1071
       16
1005
6E6
  0
CIRCLE
  5
6E7
330
2
100
AcDbEntity
  8
0
100
AcDbCircle
 10
167.4631996005773
 20
-4544.700412542112
 30
0.0
 40
11.0
1001
AcDbBlockRepETag
1070
     1
1071
       17
1005
6E7
  0
LWPOLYLINE
  5
6E8
330
2
100
AcDbEntity
  8
0
  6
Continuous
370
    25
100
AcDbPolyline
 90
        4
 70
     1
 43
0.0
 10
43.56319617584813
 20
-3154.817365426393
 10
73.06319617584811
 20
-3154.817365426393
 10
73.06319617584811
 20
-3256.817365426392
 10
43.56319617584813
 20
-3256.817365426392
1001
AcDbBlockRepETag
1070
     1
1071
       18
1005
6E8
  0
CIRCLE
  5
6E9
330
2
100
AcDbEntity
  8
0
100
AcDbCircle
 10
167.4631996005773
 20
-4426.679151783621
 30
0.0
 40
11.0
1001
AcDbBlockRepETag
1070
     1
1071
       19
1005
6E9
  0
LWPOLYLINE
  5
6EA
330
2
100
AcDbEntity
  8
0
100
AcDbPolyline
 90
        4
 70
     1
 43
0.0
 10
1089.862240537535
 20
-3018.417365426384
 10
1065.362240537535
 20
-3018.417365426384
 10
1065.362240537535
 20
-3253.71736542643
 10
1089.862240537535
 20
-3253.71736542643
1001
AcDbBlockRepETag
1070
     1
1071
       20
1005
6EA
  0
CIRCLE
  5
6EB
330
2
100
AcDbEntity
  8
0
  6
Continuous
370
    25
100
AcDbCircle
 10
1018.965249599889
 20
-3116.567365426407
 30
0.0
 40
3.500000000000055
1001
AcDbBlockRepETag
1070
     1
1071
       21
1005
6EB
  0
CIRCLE
  5
6EC
330
2
100
AcDbEntity
  8
0
  6
Continuous
370
    25
100
AcDbCircle
 10
980.9652495998887
 20
-3116.567365426407
 30
0.0
 40
3.5
1001
AcDbBlockRepETag
1070
     1
1071
       22
1005
6EC
  0
CIRCLE
  5
6ED
330
2
100
AcDbEntity
  8
0
  6
Continuous
370
    25
100
AcDbCircle
 10
1591.896566032897
 20
-3116.567365426407
 30
0.0
 40
3.500000000000055
1001
AcDbBlockRepETag
1070
     1
1071
       23
1005
6ED
  0
CIRCLE
  5
6EE
330
2
100
AcDbEntity
  8
0
  6
Continuous
370
    25
100
AcDbCircle
 10
1553.896566032897
 20
-3116.567365426407
 30
0.0
 40
3.5
1001
AcDbBlockRepETag
1070
     1
1071
       24
1005
6EE
  0
CIRCLE
  5
6EF
330
2
100
AcDbEntity
  8
0
100
AcDbCircle
 10
945.7289944719523
 20
-4544.700412542112
 30
0.0
 40
11.0
1001
AcDbBlockRepETag
1070
     1
1071
       25
1005
6EF
  0
CIRCLE
  5
6F0
330
2
100
AcDbEntity
  8
0
100
AcDbCircle
 10
945.7289944719523
 20
-4426.679151783621
 30
0.0
 40
11.0
1001
AcDbBlockRepETag
1070
     1
1071
       26
1005
6F0
  0
LWPOLYLINE
  5
6F1
330
2
100
AcDbEntity
  8
0
  6
Continuous
370
    25
100
AcDbPolyline
 90
        4
 70
     1
 43
0.0
 10
1813.341284325346
 20
4188.647297750089
 10
1813.341284325346
 20
4200.647297750089
 10
1815.341284325346
 20
4200.647297750089
 10
1815.341284325346
 20
4188.647297750089
1001
AcDbBlockRepETag
1070
     1
1071
       27
1005
6F1
  0
LWPOLYLINE
  5
6F2
330
2
100
AcDbEntity
  8
0
  6
Continuous
370
    25
100
AcDbPolyline
 90
        4
 70
     1
 43
0.0
 10
1813.341284325346
 20
4214.147297749971
 10
1813.341284325346
 20
4226.147297749974
 10
1815.341284325346
 20
4226.147297749974
 10
1815.341284325346
 20
4214.147297749971
1001
AcDbBlockRepETag
1070
     1
1071
       28
1005
6F2
  0
LWPOLYLINE
  5
6F3
330
2
100
AcDbEntity
  8
0
  6
Continuous
370
    25
100
AcDbPolyline
 90
        4
 70
     1
 43
0.0
 10
1793.341284325346
 20
3973.746043062165
 10
1793.341284325346
 20
3985.746043062165
 10
1791.341284325346
 20
3985.746043062165
 10
1791.341284325346
 20
3973.746043062165
1001
AcDbBlockRepETag
1070
     1
1071
       29
1005
6F3
  0
LWPOLYLINE
  5
6F4
330
2
100
AcDbEntity
  8
0
  6
Continuous
370
    25
100
AcDbPolyline
 90
        4
 70
     1
 43
0.0
 10
1793.341284325346
 20
4121.612343062159
 10
1793.341284325346
 20
4133.612343062159
 10
1791.341284325346
 20
4133.612343062159
 10
1791.341284325346
 20
4121.612343062159
1001
AcDbBlockRepETag
1070
     1
1071
       30
1005
6F4
  0
LINE
  5
6F5
330
2
100
AcDbEntity
  8
0
100
AcDbLine
 10
1851.341284325346
 20
4275.84790575793
 30
0.0
 11
1845.341284325346
 21
4275.84790575793
 31
0.0
1001
AcDbBlockRepETag
1070
     1
1071
       31
1005
6F5
  0
LINE
  5
6F6
330
2
100
AcDbEntity
  8
0
100
AcDbLine
 10
1815.091284325346
 20
4238.71416708592
 30
0.0
 11
1809.091284325346
 21
4238.71416708592
 31
0.0
1001
AcDbBlockRepETag
1070
     1
1071
       32
1005
6F6
  0
LINE
  5
6F7
330
2
100
AcDbEntity
  8
0
100
AcDbLine
 10
1812.841284325346
 20
4176.080428413908
 30
0.0
 11
1810.841284325346
 21
4176.080428413908
 31
0.0
1001
AcDbBlockRepETag
1070
     1
1071
       33
1005
6F7
  0
LINE
  5
6F8
330
2
100
AcDbEntity
  8
0
100
AcDbLine
 10
1802.091284325346
 20
4164.446689742012
 30
0.0
 11
1800.091284325346
 21
4164.446689742012
 31
0.0
1001
AcDbBlockRepETag
1070
     1
1071
       34
1005
6F8
  0
LINE
  5
6F9
330
2
100
AcDbEntity
  8
0
100
AcDbLine
 10
1799.841284325346
 20
4153.81295107
 30
0.0
 11
1793.841284325346
 21
4153.81295107
 31
0.0
1001
AcDbBlockRepETag
1070
     1
1071
       35
1005
6F9
  0
LINE
  5
6FA
330
2
100
AcDbEntity
  8
0
100
AcDbLine
 10
1793.091284325346
 20
4146.179212398108
 30
0.0
 11
1787.091284325346
 21
4146.179212398108
 31
0.0
1001
AcDbBlockRepETag
1070
     1
1071
       36
1005
6FA
  0
LINE
  5
6FB
330
2
100
AcDbEntity
  8
0
100
AcDbLine
 10
1793.091284325346
 20
3961.179173726101
 30
0.0
 11
1787.091284325346
 21
3961.179173726101
 31
0.0
1001
AcDbBlockRepETag
1070
     1
1071
       37
1005
6FB
  0
LINE
  5
6FC
330
2
100
AcDbEntity
  8
0
100
AcDbLine
 10
1851.341284325346
 20
3902.045435054206
 30
0.0
 11
1845.341284325346
 21
3902.045435054206
 31
0.0
1001
AcDbBlockRepETag
1070
     1
1071
       38
1005
6FC
  0
LWPOLYLINE
  5
6FD
330
2
100
AcDbEntity
  8
0
  6
Continuous
370
    25
100
AcDbPolyline
 90
        4
 70
     1
 43
0.0
 10
815.8412843253461
 20
4188.647297750089
 10
815.8412843253461
 20
4200.647297750089
 10
813.8412843253464
 20
4200.647297750089
 10
813.8412843253464
 20
4188.647297750089
1001
AcDbBlockRepETag
1070
     1
1071
       39
1005
6FD
  0
LWPOLYLINE
  5
6FE
330
2
100
AcDbEntity
  8
0
  6
Continuous
370
    25
100
AcDbPolyline
 90
        4
 70
     1
 43
0.0
 10
815.8412843253461
 20
4214.147297749971
 10
815.8412843253461
 20
4226.147297749974
 10
813.8412843253464
 20
4226.147297749974
 10
813.8412843253464
 20
4214.147297749971
1001
AcDbBlockRepETag
1070
     1
1071
       40
1005
6FE
  0
LWPOLYLINE
  5
6FF
330
2
100
AcDbEntity
  8
0
  6
Continuous
370
    25
100
AcDbPolyline
 90
        4
 70
     1
 43
0.0
 10
835.8412843253463
 20
3973.746043062165
 10
835.8412843253463
 20
3985.746043062165
 10
837.8412843253464
 20
3985.746043062165
 10
837.8412843253464
 20
3973.746043062165
1001
AcDbBlockRepETag
1070
     1
1071
       41
1005
6FF
  0
LWPOLYLINE
  5
700
330
2
100
AcDbEntity
  8
0
  6
Continuous
370
    25
100
AcDbPolyline
 90
        4
 70
     1
 43
0.0
 10
835.8412843253463
 20
4121.612343062159
 10
835.8412843253463
 20
4133.612343062159
 10
837.8412843253464
 20
4133.612343062159
 10
837.8412843253464
 20
4121.612343062159
1001
AcDbBlockRepETag
1070
     1
1071
       42
1005
700
  0
LINE
  5
701
330
2
100
AcDbEntity
  8
0
100
AcDbLine
 10
814.0912843253461
 20
4238.71416708592
 30
0.0
 11
820.0912843253464
 21
4238.71416708592
 31
0.0
1001
AcDbBlockRepETag
1070
     1
1071
       43
1005
701
  0
LINE
  5
702
330
2
100
AcDbEntity
  8
0
100
AcDbLine
 10
816.3412843253464
 20
4176.080428413908
 30
0.0
 11
818.3412843253464
 21
4176.080428413908
 31
0.0
1001
AcDbBlockRepETag
1070
     1
1071
       44
1005
702
  0
LINE
  5
703
330
2
100
AcDbEntity
  8
0
100
AcDbLine
 10
827.0912843253464
 20
4164.446689742012
 30
0.0
 11
829.0912843253464
 21
4164.446689742012
 31
0.0
1001
AcDbBlockRepETag
1070
     1
1071
       45
1005
703
  0
LINE
  5
704
330
2
100
AcDbEntity
  8
0
100
AcDbLine
 10
829.3412843253461
 20
4153.81295107
 30
0.0
 11
835.3412843253464
 21
4153.81295107
 31
0.0
1001
AcDbBlockRepETag
1070
     1
1071
       46
1005
704
  0
LINE
  5
705
330
2
100
AcDbEntity
  8
0
100
AcDbLine
 10
836.0912843253464
 20
4146.179212398108
 30
0.0
 11
842.0912843253463
 21
4146.179212398108
 31
0.0
1001
AcDbBlockRepETag
1070
     1
1071
       47
1005
705
  0
LINE
  5
706
330
2
100
AcDbEntity
  8
0
100
AcDbLine
 10
836.0912843253464
 20
3961.179173726101
 30
0.0
 11
842.0912843253463
 21
3961.179173726101
 31
0.0
1001
AcDbBlockRepETag
1070
     1
1071
       48
1005
706
  0
LWPOLYLINE
  5
707
330
2
100
AcDbEntity
  8
0
  6
Continuous
370
    25
100
AcDbPolyline
 90
       24
 70
     1
 43
0.0
 10
826.8412843253463
 20
3798.589113645351
 10
836.8412843253462
 20
3798.589113645351
 10
836.8412843253462
 20
3801.08911364535
 10
846.8412843253464
 20
3801.08911364535
 10
846.8412843253464
 20
3804.08911364535
 10
1782.341284325346
 20
3804.08911364535
 10
1782.341284325346
 20
3801.08911364535
 10
1792.341284325346
 20
3801.08911364535
 10
1792.341284325346
 20
3798.589113645351
 10
1802.341284325346
 20
3798.589113645351
 10
1805.341284325345
 20
3795.589113645351
 10
1805.341284325345
 20
3791.589113645351
 10
1802.341284325346
 20
3788.58911364535
 10
1792.341284325346
 20
3788.58911364535
 10
1792.341284325346
 20
3786.08911364535
 10
1782.341284325346
 20
3786.08911364535
 10
1782.341284325346
 20
3769.955374973339
 10
846.8412843253464
 20
3769.955374973339
 10
846.8412843253464
 20
3786.08911364535
 10
836.8412843253462
 20
3786.08911364535
 10
836.8412843253462
 20
3788.58911364535
 10
826.8412843253463
 20
3788.58911364535
 10
823.8412843253462
 20
3791.589113645351
 10
823.8412843253462
 20
3795.589113645351
1001
AcDbBlockRepETag
1070
     1
1071
       49
1005
707
  0
LWPOLYLINE
  5
708
330
2
100
AcDbEntity
  8
0
  6
Continuous
370
    25
100
AcDbPolyline
 90
       24
 70
     1
 43
0.0
 10
804.8412843253464
 20
3757.455374973339
 10
814.8412843253462
 20
3757.455374973339
 10
814.8412843253462
 20
3754.955374973338
 10
824.8412843253461
 20
3754.955374973338
 10
824.8412843253461
 20
3738.95537497334
 10
846.8412843253464
 20
3738.95537497334
 10
846.8412843253464
 20
3713.821636301327
 10
1782.341284325346
 20
3713.821636301327
 10
1782.341284325346
 20
3738.95537497334
 10
1804.341284325346
 20
3738.95537497334
 10
1804.341284325346
 20
3754.955374973338
 10
1814.341284325346
 20
3754.955374973338
 10
1814.341284325346
 20
3757.455374973339
 10
1824.341284325346
 20
3757.455374973339
 10
1827.341284325346
 20
3760.455374973338
 10
1827.341284325346
 20
3764.455374973339
 10
1824.341284325346
 20
3767.455374973339
 10
1814.341284325346
 20
3767.455374973339
 10
1814.341284325346
 20
3769.955374973339
 10
814.8412843253462
 20
3769.955374973339
 10
814.8412843253462
 20
3767.455374973339
 10
804.8412843253464
 20
3767.455374973339
 10
801.8412843253463
 20
3764.455374973339
 10
801.8412843253463
 20
3760.455374973338
1001
AcDbBlockRepETag
1070
     1
1071
       50
1005
708
  0
LWPOLYLINE
  5
709
330
2
100
AcDbEntity
  8
0
100
AcDbPolyline
 90
       44
 70
     1
 43
0.0
 10
1852.091284325346
 20
4289.414775093879
 10
777.0912843253462
 20
4289.414775093879
 10
777.0912843253462
 20
4277.41477509388
 10
778.5912843253464
 20
4274.281036421984
 10
812.5912843253463
 20
4240.281036421984
 10
815.5912843253464
 20
4237.147297749973
 10
805.5912843253462
 20
4227.147297749971
 10
805.5912843253462
 20
4187.647297749971
 10
815.5912843253464
 20
4177.647297749973
 10
817.0912843253463
 20
4174.513559078078
 10
825.5912843253462
 20
4166.013559078076
 10
828.5912843253463
 20
4162.879820406065
 10
828.5912843253463
 20
4155.379820406066
 10
830.0912843253462
 20
4152.246081734171
 10
834.5912843253461
 20
4147.746081734171
 10
837.5912843253463
 20
4144.612343062159
 10
827.5912843253461
 20
4132.694807136293
 10
827.5912843253461
 20
3972.746043062165
 10
837.5912843253463
 20
3962.746043062167
 10
834.5912843253461
 20
3959.612304390154
 10
778.5912843253464
 20
3903.612304390153
 10
777.0912843253462
 20
3900.478565718259
 10
777.0912843253462
 20
3888.478565718259
 10
1852.091284325346
 20
3888.478565718259
 10
1852.091284325346
 20
3900.478565718259
 10
1850.591284325346
 20
3903.612304390153
 10
1794.591284325346
 20
3959.612304390154
 10
1791.591284325346
 20
3962.746043062167
 10
1801.591284325346
 20
3972.746043062165
 10
1801.591284325346
 20
4132.694807136293
 10
1791.591284325346
 20
4144.612343062159
 10
1794.591284325346
 20
4147.746081734171
 10
1799.091284325346
 20
4152.246081734171
 10
1800.591284325346
 20
4155.379820406066
 10
1800.591284325346
 20
4162.879820406065
 10
1803.591284325346
 20
4166.013559078076
 10
1812.091284325346
 20
4174.513559078078
 10
1813.591284325346
 20
4177.647297749973
 10
1823.591284325346
 20
4187.647297749971
 10
1823.591284325346
 20
4227.147297749971
 10
1813.591284325346
 20
4237.147297749973
 10
1816.591284325346
 20
4240.281036421984
 10
1850.591284325346
 20
4274.281036421984
 10
1852.091284325346
 20
4277.41477509388
1001
AcDbBlockRepETag
1070
     1
1071
       51
1005
709
  0
LINE
  5
70A
330
2
100
AcDbEntity
  8
0
100
AcDbLine
 10
976.6517480519592
 20
3.0
 30
0.0
 11
976.6517480519592
 21
0.0
 31
0.0
1001
AcDbBlockRepETag
1070
     1
1071
       52
1005
70A
  0
LINE
  5
70B
330
2
100
AcDbEntity
  8
0
100
AcDbLine
 10
1161.651786723965
 20
3.0
 30
0.0
 11
1161.651786723965
 21
0.0
 31
0.0
1001
AcDbBlockRepETag
1070
     1
1071
       53
1005
70B
  0
LINE
  5
70C
330
2
100
AcDbEntity
  8
0
100
AcDbLine
 10
969.0180093798312
 20
3.0
 30
0.0
 11
969.0180093798312
 21
0.0
 31
0.0
1001
AcDbBlockRepETag
1070
     1
1071
       54
1005
70C
  0
LINE
  5
70D
330
2
100
AcDbEntity
  8
0
100
AcDbLine
 10
884.1167933641457
 20
3.0
 30
0.0
 11
884.1167933641457
 21
0.0
 31
0.0
1001
AcDbBlockRepETag
1070
     1
1071
       55
1005
70D
  0
LINE
  5
70E
330
2
100
AcDbEntity
  8
0
100
AcDbLine
 10
1220.78552539586
 20
3.0
 30
0.0
 11
1220.78552539586
 21
0.0
 31
0.0
1001
AcDbBlockRepETag
1070
     1
1071
       56
1005
70E
  0
LINE
  5
70F
330
2
100
AcDbEntity
  8
0
100
AcDbLine
 10
846.9830546922507
 20
3.0
 30
0.0
 11
846.9830546922507
 21
0.0
 31
0.0
1001
AcDbBlockRepETag
1070
     1
1071
       57
1005
70F
  0
LINE
  5
710
330
2
100
AcDbEntity
  8
0
100
AcDbLine
 10
958.3842707079359
 20
1.0
 30
0.0
 11
958.3842707079359
 21
0.0
 31
0.0
1001
AcDbBlockRepETag
1070
     1
1071
       58
1005
710
  0
LINE
  5
711
330
2
100
AcDbEntity
  8
0
100
AcDbLine
 10
946.7505320360412
 20
1.047160253394394
 30
0.0
 11
946.7505320360412
 21
0.0471602533943951
 31
0.0
1001
AcDbBlockRepETag
1070
     1
1071
       59
1005
711
  0
LINE
  5
712
330
2
100
AcDbEntity
  8
0
100
AcDbLine
 10
884.1167933641457
 20
2125.0
 30
0.0
 11
884.1167933641457
 21
2122.0
 31
0.0
1001
AcDbBlockRepETag
1070
     1
1071
       60
1005
712
  0
LINE
  5
713
330
2
100
AcDbEntity
  8
0
100
AcDbLine
 10
946.7505320360412
 20
2122.75
 30
0.0
 11
946.7505320360412
 21
2121.75
 31
0.0
1001
AcDbBlockRepETag
1070
     1
1071
       61
1005
713
  0
LINE
  5
714
330
2
100
AcDbEntity
  8
0
100
AcDbLine
 10
958.3842707079359
 20
2112.0
 30
0.0
 11
958.3842707079359
 21
2111.0
 31
0.0
1001
AcDbBlockRepETag
1070
     1
1071
       62
1005
714
  0
LINE
  5
715
330
2
100
AcDbEntity
  8
0
100
AcDbLine
 10
969.0180093798312
 20
2109.75
 30
0.0
 11
969.0180093798312
 21
2106.75
 31
0.0
1001
AcDbBlockRepETag
1070
     1
1071
       63
1005
715
  0
LINE
  5
716
330
2
100
AcDbEntity
  8
0
100
AcDbLine
 10
976.6517480519592
 20
2103.0
 30
0.0
 11
976.6517480519592
 21
2100.0
 31
0.0
1001
AcDbBlockRepETag
1070
     1
1071
       64
1005
716
  0
LINE
  5
717
330
2
100
AcDbEntity
  8
0
100
AcDbLine
 10
1161.651786723965
 20
2103.0
 30
0.0
 11
1161.651786723965
 21
2100.0
 31
0.0
1001
AcDbBlockRepETag
1070
     1
1071
       65
1005
717
  0
LINE
  5
718
330
2
100
AcDbEntity
  8
0
100
AcDbLine
 10
1220.78552539586
 20
2161.25
 30
0.0
 11
1220.78552539586
 21
2158.25
 31
0.0
1001
AcDbBlockRepETag
1070
     1
1071
       66
1005
718
  0
LINE
  5
719
330
2
100
AcDbEntity
  8
0
100
AcDbLine
 10
846.9830546922507
 20
2161.25
 30
0.0
 11
846.9830546922507
 21
2158.25
 31
0.0
1001
AcDbBlockRepETag
1070
     1
1071
       67
1005
719
  0
LWPOLYLINE
  5
71A
330
2
100
AcDbEntity
  8
0
  6
Continuous
370
    25
100
AcDbPolyline
 90
       44
 70
     1
 43
0.0
 10
975.0848787160116
 20
2104.5
 10
970.5848787160116
 20
2109.0
 10
967.4511400441163
 20
2110.5
 10
959.9511400441166
 20
2110.5
 10
956.8174013719886
 20
2113.5
 10
948.3174013719883
 20
2122.0
 10
945.1836627000933
 20
2123.5
 10
933.1836627000937
 20
2123.5
 10
933.1836627000937
 20
2132.5
 10
930.1836627000934
 20
2135.5
 10
926.1836627000937
 20
2135.5
 10
923.1836627000934
 20
2132.5
 10
923.1836627000934
 20
2123.5
 10
907.6836627000933
 20
2123.5
 10
907.6836627000933
 20
2132.5
 10
904.6836627000937
 20
2135.5
 10
900.6836627000934
 20
2135.5
 10
897.6836627000935
 20
2132.5
 10
897.6836627000935
 20
2123.5
 10
885.6836627000934
 20
2123.5
 10
882.5499240279654
 20
2126.5
 10
848.5499240284312
 20
2160.5
 10
845.4161853560702
 20
2162.0
 10
833.4161546922747
 20
2162.0
 10
833.4161546922747
 20
0.0
 10
1234.352394731807
 20
0.0
 10
1234.35239473204
 20
2162.0
 10
1222.352394731808
 20
2162.0
 10
1219.218656059912
 20
2160.5
 10
1163.218656059912
 20
2104.5
 10
1160.084917387784
 20
2101.5
 10
1148.084917388017
 20
2101.5
 10
1148.084917388017
 20
2110.5
 10
1145.084917388017
 20
2113.5
 10
1141.084917388017
 20
2113.5
 10
1138.084917388017
 20
2110.5
 10
1138.084917388017
 20
2101.5
 10
1000.218617387907
 20
2101.5
 10
1000.218617387907
 20
2110.5
 10
997.2186173879068
 20
2113.5
 10
993.2186173879067
 20
2113.5
 10
990.2186173879067
 20
2110.5
 10
990.2186173879067
 20
2101.5
 10
978.2186173879066
 20
2101.5
1001
AcDbBlockRepETag
1070
     1
1071
       68
1005
71A
  0
LWPOLYLINE
  5
71B
330
2
100
AcDbEntity
  8
0
100
AcDbPolyline
 90
        4
 70
     1
 43
0.0
 10
882.3167933640991
 20
1973.5
 10
912.8167933640993
 20
1973.5
 10
912.8167933640993
 20
1871.5
 10
882.3167933640991
 20
1871.5
1001
AcDbBlockRepETag
1070
     1
1071
       69
1005
71B
  0
LINE
  5
71C
330
2
100
AcDbEntity
  8
0
100
AcDbLine
 10
976.6517480519592
 20
3.0
 30
0.0
 11
976.6517480519592
 21
0.0
 31
0.0
1001
AcDbBlockRepETag
1070
     1
1071
       70
1005
71C
  0
LINE
  5
71D
330
2
100
AcDbEntity
  8
0
100
AcDbLine
 10
1161.651786723965
 20
3.0
 30
0.0
 11
1161.651786723965
 21
0.0
 31
0.0
1001
AcDbBlockRepETag
1070
     1
1071
       71
1005
71D
  0
LINE
  5
71E
330
2
100
AcDbEntity
  8
0
100
AcDbLine
 10
969.0180093798312
 20
3.0
 30
0.0
 11
969.0180093798312
 21
0.0
 31
0.0
1001
AcDbBlockRepETag
1070
     1
1071
       72
1005
71E
  0
LINE
  5
71F
330
2
100
AcDbEntity
  8
0
100
AcDbLine
 10
884.1167933641457
 20
3.0
 30
0.0
 11
884.1167933641457
 21
0.0
 31
0.0
1001
AcDbBlockRepETag
1070
     1
1071
       73
1005
71F
  0
LINE
  5
720
330
2
100
AcDbEntity
  8
0
100
AcDbLine
 10
1220.78552539586
 20
3.0
 30
0.0
 11
1220.78552539586
 21
0.0
 31
0.0
1001
AcDbBlockRepETag
1070
     1
1071
       74
1005
720
  0
LINE
  5
721
330
2
100
AcDbEntity
  8
0
100
AcDbLine
 10
846.9830546922507
 20
3.0
 30
0.0
 11
846.9830546922507
 21
0.0
 31
0.0
1001
AcDbBlockRepETag
1070
     1
1071
       75
1005
721
  0
LINE
  5
722
330
2
100
AcDbEntity
  8
0
100
AcDbLine
 10
958.3842707079359
 20
1.0
 30
0.0
 11
958.3842707079359
 21
0.0
 31
0.0
1001
AcDbBlockRepETag
1070
     1
1071
       76
1005
722
  0
LINE
  5
723
330
2
100
AcDbEntity
  8
0
100
AcDbLine
 10
946.7505320360412
 20
1.047160253394394
 30
0.0
 11
946.7505320360412
 21
0.0471602533943951
 31
0.0
1001
AcDbBlockRepETag
1070
     1
1071
       77
1005
723
  0
LINE
  5
724
330
2
100
AcDbEntity
  8
0
100
AcDbLine
 10
884.1167933641457
 20
2125.0
 30
0.0
 11
884.1167933641457
 21
2122.0
 31
0.0
1001
AcDbBlockRepETag
1070
     1
1071
       78
1005
724
  0
LINE
  5
725
330
2
100
AcDbEntity
  8
0
100
AcDbLine
 10
946.7505320360412
 20
2122.75
 30
0.0
 11
946.7505320360412
 21
2121.75
 31
0.0
1001
AcDbBlockRepETag
1070
     1
1071
       79
1005
725
  0
LINE
  5
726
330
2
100
AcDbEntity
  8
0
100
AcDbLine
 10
958.3842707079359
 20
2112.0
 30
0.0
 11
958.3842707079359
 21
2111.0
 31
0.0
1001
AcDbBlockRepETag
1070
     1
1071
       80
1005
726
  0
LINE
  5
727
330
2
100
AcDbEntity
  8
0
100
AcDbLine
 10
969.0180093798312
 20
2109.75
 30
0.0
 11
969.0180093798312
 21
2106.75
 31
0.0
1001
AcDbBlockRepETag
1070
     1
1071
       81
1005
727
  0
LINE
  5
728
330
2
100
AcDbEntity
  8
0
100
AcDbLine
 10
976.6517480519592
 20
2103.0
 30
0.0
 11
976.6517480519592
 21
2100.0
 31
0.0
1001
AcDbBlockRepETag
1070
     1
1071
       82
1005
728
  0
LINE
  5
729
330
2
100
AcDbEntity
  8
0
100
AcDbLine
 10
1161.651786723965
 20
2103.0
 30
0.0
 11
1161.651786723965
 21
2100.0
 31
0.0
1001
AcDbBlockRepETag
1070
     1
1071
       83
1005
729
  0
LINE
  5
72A
330
2
100
AcDbEntity
  8
0
100
AcDbLine
 10
1220.78552539586
 20
2161.25
 30
0.0
 11
1220.78552539586
 21
2158.25
 31
0.0
1001
AcDbBlockRepETag
1070
     1
1071
       84
1005
72A
  0
LINE
  5
72B
330
2
100
AcDbEntity
  8
0
100
AcDbLine
 10
846.9830546922507
 20
2161.25
 30
0.0
 11
846.9830546922507
 21
2158.25
 31
0.0
1001
AcDbBlockRepETag
1070
     1
1071
       85
1005
72B
  0
LWPOLYLINE
  5
72C
330
2
100
AcDbEntity
  8
0
100
AcDbPolyline
 90
        4
 70
     1
 43
0.0
 10
882.3167933640991
 20
1973.5
 10
912.8167933640993
 20
1973.5
 10
912.8167933640993
 20
1871.5
 10
882.3167933640991
 20
1871.5
1001
AcDbBlockRepETag
1070
     1
1071
       86
1005
72C
  0
LINE
  5
72D
330
2
100
AcDbEntity
  8
0
100
AcDbLine
 10
976.6517480519592
 20
3.0
 30
0.0
 11
976.6517480519592
 21
0.0
 31
0.0
1001
AcDbBlockRepETag
1070
     1
1071
       87
1005
72D
  0
LINE
  5
72E
330
2
100
AcDbEntity
  8
0
100
AcDbLine
 10
1161.651786723965
 20
3.0
 30
0.0
 11
1161.651786723965
 21
0.0
 31
0.0
1001
AcDbBlockRepETag
1070
     1
1071
       88
1005
72E
  0
LINE
  5
72F
330
2
100
AcDbEntity
  8
0
100
AcDbLine
 10
969.0180093798312
 20
3.0
 30
0.0
 11
969.0180093798312
 21
0.0
 31
0.0
1001
AcDbBlockRepETag
1070
     1
1071
       89
1005
72F
  0
LINE
  5
730
330
2
100
AcDbEntity
  8
0
100
AcDbLine
 10
884.1167933641457
 20
3.0
 30
0.0
 11
884.1167933641457
 21
0.0
 31
0.0
1001
AcDbBlockRepETag
1070
     1
1071
       90
1005
730
  0
LINE
  5
731
330
2
100
AcDbEntity
  8
0
100
AcDbLine
 10
1220.78552539586
 20
3.0
 30
0.0
 11
1220.78552539586
 21
0.0
 31
0.0
1001
AcDbBlockRepETag
1070
     1
1071
       91
1005
731
  0
LINE
  5
732
330
2
100
AcDbEntity
  8
0
100
AcDbLine
 10
846.9830546922507
 20
3.0
 30
0.0
 11
846.9830546922507
 21
0.0
 31
0.0
1001
AcDbBlockRepETag
1070
     1
1071
       92
1005
732
  0
LINE
  5
733
330
2
100
AcDbEntity
  8
0
100
AcDbLine
 10
958.3842707079359
 20
1.0
 30
0.0
 11
958.3842707079359
 21
0.0
 31
0.0
1001
AcDbBlockRepETag
1070
     1
1071
       93
1005
733
  0
LINE
  5
734
330
2
100
AcDbEntity
  8
0
100
AcDbLine
 10
946.7505320360412
 20
1.047160253394394
 30
0.0
 11
946.7505320360412
 21
0.0471602533943951
 31
0.0
1001
AcDbBlockRepETag
1070
     1
1071
       94
1005
734
  0
LINE
  5
735
330
2
100
AcDbEntity
  8
0
100
AcDbLine
 10
884.1167933641457
 20
2125.0
 30
0.0
 11
884.1167933641457
 21
2122.0
 31
0.0
1001
AcDbBlockRepETag
1070
     1
1071
       95
1005
735
  0
LINE
  5
736
330
2
100
AcDbEntity
  8
0
100
AcDbLine
 10
946.7505320360412
 20
2122.75
 30
0.0
 11
946.7505320360412
 21
2121.75
 31
0.0
1001
AcDbBlockRepETag
1070
     1
1071
       96
1005
736
  0
LINE
  5
737
330
2
100
AcDbEntity
  8
0
100
AcDbLine
 10
958.3842707079359
 20
2112.0
 30
0.0
 11
958.3842707079359
 21
2111.0
 31
0.0
1001
AcDbBlockRepETag
1070
     1
1071
       97
1005
737
  0
LINE
  5
738
330
2
100
AcDbEntity
  8
0
100
AcDbLine
 10
969.0180093798312
 20
2109.75
 30
0.0
 11
969.0180093798312
 21
2106.75
 31
0.0
1001
AcDbBlockRepETag
1070
     1
1071
       98
1005
738
  0
LINE
  5
739
330
2
100
AcDbEntity
  8
0
100
AcDbLine
 10
976.6517480519592
 20
2103.0
 30
0.0
 11
976.6517480519592
 21
2100.0
 31
0.0
1001
AcDbBlockRepETag
1070
     1
1071
       99
1005
739
  0
LINE
  5
73A
330
2
100
AcDbEntity
  8
0
100
AcDbLine
 10
1161.651786723965
 20
2103.0
 30
0.0
 11
1161.651786723965
 21
2100.0
 31
0.0
1001
AcDbBlockRepETag
1070
     1
1071
      100
1005
73A
  0
LINE
  5
73B
330
2
100
AcDbEntity
  8
0
100
AcDbLine
 10
1220.78552539586
 20
2161.25
 30
0.0
 11
1220.78552539586
 21
2158.25
 31
0.0
1001
AcDbBlockRepETag
1070
     1
1071
      101
1005
73B
  0
LINE
  5
73C
330
2
100
AcDbEntity
  8
0
100
AcDbLine
 10
846.9830546922507
 20
2161.25
 30
0.0
 11
846.9830546922507
 21
2158.25
 31
0.0
1001
AcDbBlockRepETag
1070
     1
1071
      102
1005
73C
  0
LWPOLYLINE
  5
73D
330
2
100
AcDbEntity
  8
0
100
AcDbPolyline
 90
        4
 70
     1
 43
0.0
 10
882.3167933640991
 20
1973.5
 10
912.8167933640993
 20
1973.5
 10
912.8167933640993
 20
1871.5
 10
882.3167933640991
 20
1871.5
1001
AcDbBlockRepETag
1070
     1
1071
      103
1005
73D
  0
LINE
  5
73E
330
2
100
AcDbEntity
  8
0
100
AcDbLine
 10
976.6517480519592
 20
3.0
 30
0.0
 11
976.6517480519592
 21
0.0
 31
0.0
1001
AcDbBlockRepETag
1070
     1
1071
      104
1005
73E
  0
LINE
  5
73F
330
2
100
AcDbEntity
  8
0
100
AcDbLine
 10
1161.651786723965
 20
3.0
 30
0.0
 11
1161.651786723965
 21
0.0
 31
0.0
1001
AcDbBlockRepETag
1070
     1
1071
      105
1005
73F
  0
LINE
  5
740
330
2
100
AcDbEntity
  8
0
100
AcDbLine
 10
969.0180093798312
 20
3.0
 30
0.0
 11
969.0180093798312
 21
0.0
 31
0.0
1001
AcDbBlockRepETag
1070
     1
1071
      106
1005
740
  0
LINE
  5
741
330
2
100
AcDbEntity
  8
0
100
AcDbLine
 10
884.1167933641457
 20
3.0
 30
0.0
 11
884.1167933641457
 21
0.0
 31
0.0
1001
AcDbBlockRepETag
1070
     1
1071
      107
1005
741
  0
LINE
  5
742
330
2
100
AcDbEntity
  8
0
100
AcDbLine
 10
1220.78552539586
 20
3.0
 30
0.0
 11
1220.78552539586
 21
0.0
 31
0.0
1001
AcDbBlockRepETag
1070
     1
1071
      108
1005
742
  0
LINE
  5
743
330
2
100
AcDbEntity
  8
0
100
AcDbLine
 10
846.9830546922507
 20
3.0
 30
0.0
 11
846.9830546922507
 21
0.0
 31
0.0
1001
AcDbBlockRepETag
1070
     1
1071
      109
1005
743
  0
LINE
  5
744
330
2
100
AcDbEntity
  8
0
100
AcDbLine
 10
958.3842707079359
 20
1.0
 30
0.0
 11
958.3842707079359
 21
0.0
 31
0.0
1001
AcDbBlockRepETag
1070
     1
1071
      110
1005
744
  0
LINE
  5
745
330
2
100
AcDbEntity
  8
0
100
AcDbLine
 10
946.7505320360412
 20
1.047160253394394
 30
0.0
 11
946.7505320360412
 21
0.0471602533943951
 31
0.0
1001
AcDbBlockRepETag
1070
     1
1071
      111
1005
745
  0
LINE
  5
746
330
2
100
AcDbEntity
  8
0
100
AcDbLine
 10
884.1167933641457
 20
2125.0
 30
0.0
 11
884.1167933641457
 21
2122.0
 31
0.0
1001
AcDbBlockRepETag
1070
     1
1071
      112
1005
746
  0
LINE
  5
747
330
2
100
AcDbEntity
  8
0
100
AcDbLine
 10
946.7505320360412
 20
2122.75
 30
0.0
 11
946.7505320360412
 21
2121.75
 31
0.0
1001
AcDbBlockRepETag
1070
     1
1071
      113
1005
747
  0
LINE
  5
748
330
2
100
AcDbEntity
  8
0
100
AcDbLine
 10
958.3842707079359
 20
2112.0
 30
0.0
 11
958.3842707079359
 21
2111.0
 31
0.0
1001
AcDbBlockRepETag
1070
     1
1071
      114
1005
748
  0
LINE
  5
749
330
2
100
AcDbEntity
  8
0
100
AcDbLine
 10
969.0180093798312
 20
2109.75
 30
0.0
 11
969.0180093798312
 21
2106.75
 31
0.0
1001
AcDbBlockRepETag
1070
     1
1071
      115
1005
749
  0
LINE
  5
74A
330
2
100
AcDbEntity
  8
0
100
AcDbLine
 10
976.6517480519592
 20
2103.0
 30
0.0
 11
976.6517480519592
 21
2100.0
 31
0.0
1001
AcDbBlockRepETag
1070
     1
1071
      116
1005
74A
  0
LINE
  5
74B
330
2
100
AcDbEntity
  8
0
100
AcDbLine
 10
1161.651786723965
 20
2103.0
 30
0.0
 11
1161.651786723965
 21
2100.0
 31
0.0
1001
AcDbBlockRepETag
1070
     1
1071
      117
1005
74B
  0
LINE
  5
74C
330
2
100
AcDbEntity
  8
0
100
AcDbLine
 10
1220.78552539586
 20
2161.25
 30
0.0
 11
1220.78552539586
 21
2158.25
 31
0.0
1001
AcDbBlockRepETag
1070
     1
1071
      118
1005
74C
  0
LINE
  5
74D
330
2
100
AcDbEntity
  8
0
100
AcDbLine
 10
846.9830546922507
 20
2161.25
 30
0.0
 11
846.9830546922507
 21
2158.25
 31
0.0
1001
AcDbBlockRepETag
1070
     1
1071
      119
1005
74D
  0
LWPOLYLINE
  5
74E
330
2
100
AcDbEntity
  8
0
100
AcDbPolyline
 90
        4
 70
     1
 43
0.0
 10
882.3167933640991
 20
1973.5
 10
912.8167933640993
 20
1973.5
 10
912.8167933640993
 20
1871.5
 10
882.3167933640991
 20
1871.5
1001
AcDbBlockRepETag
1070
     1
1071
      120
1005
74E
  0
LWPOLYLINE
  5
74F
330
2
100
AcDbEntity
  8
0
100
AcDbPolyline
 90
        4
 70
     1
 43
0.0
 10
882.3167933638664
 20
252.0
 10
912.8167933638664
 20
252.0
 10
912.8167933638664
 20
150.0
 10
882.3167933638664
 20
150.0
1001
AcDbBlockRepETag
1070
     1
1071
      121
1005
74F
  0
LWPOLYLINE
  5
750
330
2
100
AcDbEntity
  8
0
100
AcDbPolyline
 90
        4
 70
     1
 43
0.0
 10
882.3167933638664
 20
252.0
 10
912.8167933638664
 20
252.0
 10
912.8167933638664
 20
150.0
 10
882.3167933638664
 20
150.0
1001
AcDbBlockRepETag
1070
     1
1071
      122
1005
750
  0
LWPOLYLINE
  5
751
330
2
100
AcDbEntity
  8
0
100
AcDbPolyline
 90
        4
 70
     1
 43
0.0
 10
882.3167933638664
 20
252.0
 10
912.8167933638664
 20
252.0
 10
912.8167933638664
 20
150.0
 10
882.3167933638664
 20
150.0
1001
AcDbBlockRepETag
1070
     1
1071
      123
1005
751
  0
LWPOLYLINE
  5
752
330
2
100
AcDbEntity
  8
0
100
AcDbPolyline
 90
        4
 70
     1
 43
0.0
 10
882.3167933638664
 20
252.0
 10
912.8167933638664
 20
252.0
 10
912.8167933638664
 20
150.0
 10
882.3167933638664
 20
150.0
1001
AcDbBlockRepETag
1070
     1
1071
      124
1005
752
  0
LWPOLYLINE
  5
753
330
2
100
AcDbEntity
  8
0
100
AcDbPolyline
 90
        4
 70
     1
 43
0.0
 10
882.3167933640991
 20
1771.5
 10
912.8167933640993
 20
1771.5
 10
912.8167933640993
 20
1669.5
 10
882.3167933640991
 20
1669.5
1001
AcDbBlockRepETag
1070
     1
1071
      125
1005
753
  0
LWPOLYLINE
  5
754
330
2
100
AcDbEntity
  8
0
100
AcDbPolyline
 90
        4
 70
     1
 43
0.0
 10
882.3167933637503
 20
1011.75
 10
912.8167933637499
 20
1011.75
 10
912.8167933637499
 20
909.75
 10
882.3167933637503
 20
909.75
1001
AcDbBlockRepETag
1070
     1
1071
      126
1005
754
  0
LWPOLYLINE
  5
755
330
2
100
AcDbEntity
  8
0
  6
Continuous
370
    25
100
AcDbPolyline
 90
        4
 70
     1
 43
0.0
 10
911.049962700204
 20
6.0
 10
899.0499627002042
 20
6.0
 10
899.0499627002042
 20
4.0
 10
911.049962700204
 20
4.0
1001
AcDbBlockRepETag
1070
     1
1071
      127
1005
755
  0
LWPOLYLINE
  5
756
330
2
100
AcDbEntity
  8
0
  6
Continuous
370
    25
100
AcDbPolyline
 90
        4
 70
     1
 43
0.0
 10
1134.718617387674
 20
11.0
 10
1146.718617387674
 20
11.0
 10
1146.718617387674
 20
9.0
 10
1134.718617387674
 20
9.0
1001
AcDbBlockRepETag
1070
     1
1071
      128
1005
756
  0
LWPOLYLINE
  5
757
330
2
100
AcDbEntity
  8
0
100
AcDbPolyline
 90
       18
 70
     0
 43
0.0
 10
2443.151767394132
 20
2431.356514497544
 10
2460.151767394132
 20
2431.356514497544
 42
-0.4142135623730951
 91
        3
 10
2463.151767394132
 20
2428.356514497544
 91
        4
 10
2463.151767394132
 20
2372.356514497544
 42
-0.4142135623730951
 91
        5
 10
2460.151767394132
 20
2369.356514497544
 10
2278.151767394132
 20
2369.356514497544
 42
-0.4142135623730951
 10
2275.151767394132
 20
2372.356514497544
 10
2275.151767394132
 20
2376.856514497544
 42
-0.4142135623730951
 10
2278.151767394132
 20
2379.856514497544
 10
2285.651767394132
 20
2379.856514497544
 42
0.4142135623730951
 10
2287.151767394132
 20
2381.356514497544
 10
2287.151767394132
 20
2389.856514497544
 42
0.4142135623730951
 10
2285.651767394132
 20
2391.356514497545
 10
2226.151767394132
 20
2391.356514497545
 42
-0.4142135623730951
 10
2223.151767394132
 20
2394.356514497544
 91
        1
 10
2223.151767394132
 20
2428.356514497544
 42
-0.4142135623730951
 91
        2
 10
2226.151767394132
 20
2431.356514497544
 10
2243.151767394132
 20
2431.356514497544
1001
AcDbBlockRepETag
1070
     1
1071
      129
1005
757
  0
LWPOLYLINE
  5
758
330
2
100
AcDbEntity
  8
0
100
AcDbPolyline
 90
       18
 70
     0
 43
0.0
 10
2443.151767394132
 20
2429.856514497544
 10
2460.151767394132
 20
2429.856514497544
 42
-0.4142135623730951
 10
2461.651767394132
 20
2428.356514497544
 10
2461.651767394132
 20
2372.356514497544
 42
-0.4142135623730951
 10
2460.151767394132
 20
2370.856514497544
 10
2278.151767394132
 20
2370.856514497544
 42
-0.4142135623730951
 10
2276.651767394132
 20
2372.356514497544
 10
2276.651767394132
 20
2376.856514497544
 42
-0.4142135623730951
 10
2278.151767394132
 20
2378.356514497544
 10
2285.651767394132
 20
2378.356514497544
 42
0.4142135623730951
 10
2288.651767394132
 20
2381.356514497544
 10
2288.651767394132
 20
2389.856514497544
 42
0.4142135623730951
 10
2285.651767394132
 20
2392.856514497544
 10
2226.151767394132
 20
2392.856514497544
 42
-0.4142135623730951
 10
2224.651767394132
 20
2394.356514497544
 10
2224.651767394132
 20
2428.356514497544
 42
-0.4142135623730951
 10
2226.151767394132
 20
2429.856514497544
 10
2243.151767394132
 20
2429.856514497544
1001
AcDbBlockRepETag
1070
     1
1071
      130
1005
758
  0
LINE
  5
759
330
2
100
AcDbEntity
  8
0
100
AcDbLine
 10
2443.151767394132
 20
2431.356514497544
 30
0.0
 11
2443.151767394132
 21
2429.856514497544
 31
0.0
1001
AcDbBlockRepETag
1070
     1
1071
      131
1005
759
  0
LINE
  5
75A
330
2
100
AcDbEntity
  8
0
100
AcDbLine
 10
2243.151767394132
 20
2431.356514497544
 30
0.0
 11
2243.151767394132
 21
2429.856514497544
 31
0.0
1001
AcDbBlockRepETag
1070
     1
1071
      132
1005
75A
  0
LINE
  5
75B
330
2
100
AcDbEntity
  8
0
100
AcDbLine
 10
1652.530820598514
 20
3.0
 30
0.0
 11
1652.530820598514
 21
0.0
 31
0.0
1001
AcDbBlockRepETag
1070
     1
1071
      133
1005
75B
  0
LINE
  5
75C
330
2
100
AcDbEntity
  8
0
100
AcDbLine
 10
1467.530781926741
 20
3.0
 30
0.0
 11
1467.530781926741
 21
0.0
 31
0.0
1001
AcDbBlockRepETag
1070
     1
1071
      134
1005
75C
  0
LINE
  5
75D
330
2
100
AcDbEntity
  8
0
100
AcDbLine
 10
1660.164559270409
 20
3.0
 30
0.0
 11
1660.164559270409
 21
0.0
 31
0.0
1001
AcDbBlockRepETag
1070
     1
1071
      135
1005
75D
  0
LINE
  5
75E
330
2
100
AcDbEntity
  8
0
100
AcDbLine
 10
1745.06577528656
 20
3.0
 30
0.0
 11
1745.06577528656
 21
0.0
 31
0.0
1001
AcDbBlockRepETag
1070
     1
1071
      136
1005
75E
  0
LINE
  5
75F
330
2
100
AcDbEntity
  8
0
100
AcDbLine
 10
1408.397043254613
 20
3.0
 30
0.0
 11
1408.397043254613
 21
0.0
 31
0.0
1001
AcDbBlockRepETag
1070
     1
1071
      137
1005
75F
  0
LINE
  5
760
330
2
100
AcDbEntity
  8
0
100
AcDbLine
 10
1782.199513958454
 20
3.0
 30
0.0
 11
1782.199513958454
 21
0.0
 31
0.0
1001
AcDbBlockRepETag
1070
     1
1071
      138
1005
760
  0
LINE
  5
761
330
2
100
AcDbEntity
  8
0
100
AcDbLine
 10
1670.798297942537
 20
1.0
 30
0.0
 11
1670.798297942537
 21
0.0
 31
0.0
1001
AcDbBlockRepETag
1070
     1
1071
      139
1005
761
  0
LINE
  5
762
330
2
100
AcDbEntity
  8
0
100
AcDbLine
 10
1682.4320366142
 20
1.047160253394394
 30
0.0
 11
1682.4320366142
 21
0.0471602533943951
 31
0.0
1001
AcDbBlockRepETag
1070
     1
1071
      140
1005
762
  0
LINE
  5
763
330
2
100
AcDbEntity
  8
0
100
AcDbLine
 10
1745.06577528656
 20
2125.0
 30
0.0
 11
1745.06577528656
 21
2119.0
 31
0.0
1001
AcDbBlockRepETag
1070
     1
1071
      141
1005
763
  0
LINE
  5
764
330
2
100
AcDbEntity
  8
0
100
AcDbLine
 10
1682.4320366142
 20
2122.75
 30
0.0
 11
1682.4320366142
 21
2121.75
 31
0.0
1001
AcDbBlockRepETag
1070
     1
1071
      142
1005
764
  0
LINE
  5
765
330
2
100
AcDbEntity
  8
0
100
AcDbLine
 10
1670.798297942537
 20
2112.0
 30
0.0
 11
1670.798297942537
 21
2111.0
 31
0.0
1001
AcDbBlockRepETag
1070
     1
1071
      143
1005
765
  0
LINE
  5
766
330
2
100
AcDbEntity
  8
0
100
AcDbLine
 10
1660.164559270409
 20
2109.75
 30
0.0
 11
1660.164559270409
 21
2106.75
 31
0.0
1001
AcDbBlockRepETag
1070
     1
1071
      144
1005
766
  0
LINE
  5
767
330
2
100
AcDbEntity
  8
0
100
AcDbLine
 10
1652.530820598514
 20
2103.0
 30
0.0
 11
1652.530820598514
 21
2100.0
 31
0.0
1001
AcDbBlockRepETag
1070
     1
1071
      145
1005
767
  0
LINE
  5
768
330
2
100
AcDbEntity
  8
0
100
AcDbLine
 10
1467.530781926741
 20
2103.0
 30
0.0
 11
1467.530781926741
 21
2100.0
 31
0.0
1001
AcDbBlockRepETag
1070
     1
1071
      146
1005
768
  0
LINE
  5
769
330
2
100
AcDbEntity
  8
0
100
AcDbLine
 10
1408.397043254613
 20
2161.25
 30
0.0
 11
1408.397043254613
 21
2158.25
 31
0.0
1001
AcDbBlockRepETag
1070
     1
1071
      147
1005
769
  0
LINE
  5
76A
330
2
100
AcDbEntity
  8
0
100
AcDbLine
 10
1782.199513958454
 20
2161.25
 30
0.0
 11
1782.199513958454
 21
2158.25
 31
0.0
1001
AcDbBlockRepETag
1070
     1
1071
      148
1005
76A
  0
LWPOLYLINE
  5
76B
330
2
100
AcDbEntity
  8
0
  6
Continuous
370
    25
100
AcDbPolyline
 90
       44
 70
     1
 43
0.0
 10
1654.097689934695
 20
2104.5
 10
1658.597689934694
 20
2109.0
 10
1661.73142860659
 20
2110.5
 10
1669.23142860659
 20
2110.5
 10
1672.365167278485
 20
2113.5
 10
1680.865167278485
 20
2122.0
 10
1683.99890595038
 20
2123.5
 10
1695.99890595038
 20
2123.5
 10
1695.99890595038
 20
2132.5
 10
1698.99890595038
 20
2135.5
 10
1702.99890595038
 20
2135.5
 10
1705.99890595038
 20
2132.5
 10
1705.99890595038
 20
2123.5
 10
1721.49890595038
 20
2123.5
 10
1721.49890595038
 20
2132.5
 10
1724.49890595038
 20
2135.5
 10
1728.49890595038
 20
2135.5
 10
1731.49890595038
 20
2132.5
 10
1731.49890595038
 20
2123.5
 10
1743.49890595038
 20
2123.5
 10
1746.632644622275
 20
2126.5
 10
1780.632644622275
 20
2160.5
 10
1783.766383294169
 20
2162.0
 10
1795.766413958199
 20
2162.0
 10
1795.766413958431
 20
0.0
 10
1394.830173918666
 20
0.0
 10
1394.830173918666
 20
2162.0
 10
1406.830173918666
 20
2162.0
 10
1409.963912590561
 20
2160.5
 10
1465.963912590561
 20
2104.5
 10
1469.097651262456
 20
2101.5
 10
1481.097651262456
 20
2101.5
 10
1481.097651262456
 20
2110.5
 10
1484.097651262456
 20
2113.5
 10
1488.097651262456
 20
2113.5
 10
1491.097651262456
 20
2110.5
 10
1491.097651262456
 20
2101.5
 10
1628.963951262334
 20
2101.5
 10
1628.963951262334
 20
2110.5
 10
1631.963951262334
 20
2113.5
 10
1635.963951262334
 20
2113.5
 10
1638.963951262334
 20
2110.5
 10
1638.963951262334
 20
2101.5
 10
1650.963951262567
 20
2101.5
1001
AcDbBlockRepETag
1070
     1
1071
      149
1005
76B
  0
LINE
  5
76C
330
2
100
AcDbEntity
  8
0
100
AcDbLine
 10
1652.530820598514
 20
3.0
 30
0.0
 11
1652.530820598514
 21
0.0
 31
0.0
1001
AcDbBlockRepETag
1070
     1
1071
      150
1005
76C
  0
LINE
  5
76D
330
2
100
AcDbEntity
  8
0
100
AcDbLine
 10
1467.530781926741
 20
3.0
 30
0.0
 11
1467.530781926741
 21
0.0
 31
0.0
1001
AcDbBlockRepETag
1070
     1
1071
      151
1005
76D
  0
LINE
  5
76E
330
2
100
AcDbEntity
  8
0
100
AcDbLine
 10
1660.164559270409
 20
3.0
 30
0.0
 11
1660.164559270409
 21
0.0
 31
0.0
1001
AcDbBlockRepETag
1070
     1
1071
      152
1005
76E
  0
LINE
  5
76F
330
2
100
AcDbEntity
  8
0
100
AcDbLine
 10
1745.06577528656
 20
3.0
 30
0.0
 11
1745.06577528656
 21
0.0
 31
0.0
1001
AcDbBlockRepETag
1070
     1
1071
      153
1005
76F
  0
LINE
  5
770
330
2
100
AcDbEntity
  8
0
100
AcDbLine
 10
1408.397043254613
 20
3.0
 30
0.0
 11
1408.397043254613
 21
0.0
 31
0.0
1001
AcDbBlockRepETag
1070
     1
1071
      154
1005
770
  0
LINE
  5
771
330
2
100
AcDbEntity
  8
0
100
AcDbLine
 10
1782.199513958454
 20
3.0
 30
0.0
 11
1782.199513958454
 21
0.0
 31
0.0
1001
AcDbBlockRepETag
1070
     1
1071
      155
1005
771
  0
LINE
  5
772
330
2
100
AcDbEntity
  8
0
100
AcDbLine
 10
1670.798297942537
 20
1.0
 30
0.0
 11
1670.798297942537
 21
0.0
 31
0.0
1001
AcDbBlockRepETag
1070
     1
1071
      156
1005
772
  0
LINE
  5
773
330
2
100
AcDbEntity
  8
0
100
AcDbLine
 10
1682.4320366142
 20
1.047160253394394
 30
0.0
 11
1682.4320366142
 21
0.0471602533943951
 31
0.0
1001
AcDbBlockRepETag
1070
     1
1071
      157
1005
773
  0
LINE
  5
774
330
2
100
AcDbEntity
  8
0
100
AcDbLine
 10
1745.06577528656
 20
2125.0
 30
0.0
 11
1745.06577528656
 21
2119.0
 31
0.0
1001
AcDbBlockRepETag
1070
     1
1071
      158
1005
774
  0
LINE
  5
775
330
2
100
AcDbEntity
  8
0
100
AcDbLine
 10
1682.4320366142
 20
2122.75
 30
0.0
 11
1682.4320366142
 21
2121.75
 31
0.0
1001
AcDbBlockRepETag
1070
     1
1071
      159
1005
775
  0
LINE
  5
776
330
2
100
AcDbEntity
  8
0
100
AcDbLine
 10
1670.798297942537
 20
2112.0
 30
0.0
 11
1670.798297942537
 21
2111.0
 31
0.0
1001
AcDbBlockRepETag
1070
     1
1071
      160
1005
776
  0
LINE
  5
777
330
2
100
AcDbEntity
  8
0
100
AcDbLine
 10
1660.164559270409
 20
2109.75
 30
0.0
 11
1660.164559270409
 21
2106.75
 31
0.0
1001
AcDbBlockRepETag
1070
     1
1071
      161
1005
777
  0
LINE
  5
778
330
2
100
AcDbEntity
  8
0
100
AcDbLine
 10
1652.530820598514
 20
2103.0
 30
0.0
 11
1652.530820598514
 21
2100.0
 31
0.0
1001
AcDbBlockRepETag
1070
     1
1071
      162
1005
778
  0
LINE
  5
779
330
2
100
AcDbEntity
  8
0
100
AcDbLine
 10
1467.530781926741
 20
2103.0
 30
0.0
 11
1467.530781926741
 21
2100.0
 31
0.0
1001
AcDbBlockRepETag
1070
     1
1071
      163
1005
779
  0
LINE
  5
77A
330
2
100
AcDbEntity
  8
0
100
AcDbLine
 10
1408.397043254613
 20
2161.25
 30
0.0
 11
1408.397043254613
 21
2158.25
 31
0.0
1001
AcDbBlockRepETag
1070
     1
1071
      164
1005
77A
  0
LINE
  5
77B
330
2
100
AcDbEntity
  8
0
100
AcDbLine
 10
1782.199513958454
 20
2161.25
 30
0.0
 11
1782.199513958454
 21
2158.25
 31
0.0
1001
AcDbBlockRepETag
1070
     1
1071
      165
1005
77B
  0
LINE
  5
77C
330
2
100
AcDbEntity
  8
0
100
AcDbLine
 10
1652.530820598514
 20
3.0
 30
0.0
 11
1652.530820598514
 21
0.0
 31
0.0
1001
AcDbBlockRepETag
1070
     1
1071
      166
1005
77C
  0
LINE
  5
77D
330
2
100
AcDbEntity
  8
0
100
AcDbLine
 10
1467.530781926741
 20
3.0
 30
0.0
 11
1467.530781926741
 21
0.0
 31
0.0
1001
AcDbBlockRepETag
1070
     1
1071
      167
1005
77D
  0
LINE
  5
77E
330
2
100
AcDbEntity
  8
0
100
AcDbLine
 10
1660.164559270409
 20
3.0
 30
0.0
 11
1660.164559270409
 21
0.0
 31
0.0
1001
AcDbBlockRepETag
1070
     1
1071
      168
1005
77E
  0
LINE
  5
77F
330
2
100
AcDbEntity
  8
0
100
AcDbLine
 10
1745.06577528656
 20
3.0
 30
0.0
 11
1745.06577528656
 21
0.0
 31
0.0
1001
AcDbBlockRepETag
1070
     1
1071
      169
1005
77F
  0
LINE
  5
780
330
2
100
AcDbEntity
  8
0
100
AcDbLine
 10
1408.397043254613
 20
3.0
 30
0.0
 11
1408.397043254613
 21
0.0
 31
0.0
1001
AcDbBlockRepETag
1070
     1
1071
      170
1005
780
  0
LINE
  5
781
330
2
100
AcDbEntity
  8
0
100
AcDbLine
 10
1782.199513958454
 20
3.0
 30
0.0
 11
1782.199513958454
 21
0.0
 31
0.0
1001
AcDbBlockRepETag
1070
     1
1071
      171
1005
781
  0
LINE
  5
782
330
2
100
AcDbEntity
  8
0
100
AcDbLine
 10
1670.798297942537
 20
1.0
 30
0.0
 11
1670.798297942537
 21
0.0
 31
0.0
1001
AcDbBlockRepETag
1070
     1
1071
      172
1005
782
  0
LINE
  5
783
330
2
100
AcDbEntity
  8
0
100
AcDbLine
 10
1682.4320366142
 20
1.047160253394394
 30
0.0
 11
1682.4320366142
 21
0.0471602533943951
 31
0.0
1001
AcDbBlockRepETag
1070
     1
1071
      173
1005
783
  0
LINE
  5
784
330
2
100
AcDbEntity
  8
0
100
AcDbLine
 10
1745.06577528656
 20
2125.0
 30
0.0
 11
1745.06577528656
 21
2119.0
 31
0.0
1001
AcDbBlockRepETag
1070
     1
1071
      174
1005
784
  0
LINE
  5
785
330
2
100
AcDbEntity
  8
0
100
AcDbLine
 10
1682.4320366142
 20
2122.75
 30
0.0
 11
1682.4320366142
 21
2121.75
 31
0.0
1001
AcDbBlockRepETag
1070
     1
1071
      175
1005
785
  0
LINE
  5
786
330
2
100
AcDbEntity
  8
0
100
AcDbLine
 10
1670.798297942537
 20
2112.0
 30
0.0
 11
1670.798297942537
 21
2111.0
 31
0.0
1001
AcDbBlockRepETag
1070
     1
1071
      176
1005
786
  0
LINE
  5
787
330
2
100
AcDbEntity
  8
0
100
AcDbLine
 10
1660.164559270409
 20
2109.75
 30
0.0
 11
1660.164559270409
 21
2106.75
 31
0.0
1001
AcDbBlockRepETag
1070
     1
1071
      177
1005
787
  0
LINE
  5
788
330
2
100
AcDbEntity
  8
0
100
AcDbLine
 10
1652.530820598514
 20
2103.0
 30
0.0
 11
1652.530820598514
 21
2100.0
 31
0.0
1001
AcDbBlockRepETag
1070
     1
1071
      178
1005
788
  0
LINE
  5
789
330
2
100
AcDbEntity
  8
0
100
AcDbLine
 10
1467.530781926741
 20
2103.0
 30
0.0
 11
1467.530781926741
 21
2100.0
 31
0.0
1001
AcDbBlockRepETag
1070
     1
1071
      179
1005
789
  0
LINE
  5
78A
330
2
100
AcDbEntity
  8
0
100
AcDbLine
 10
1408.397043254613
 20
2161.25
 30
0.0
 11
1408.397043254613
 21
2158.25
 31
0.0
1001
AcDbBlockRepETag
1070
     1
1071
      180
1005
78A
  0
LINE
  5
78B
330
2
100
AcDbEntity
  8
0
100
AcDbLine
 10
1782.199513958454
 20
2161.25
 30
0.0
 11
1782.199513958454
 21
2158.25
 31
0.0
1001
AcDbBlockRepETag
1070
     1
1071
      181
1005
78B
  0
LINE
  5
78C
330
2
100
AcDbEntity
  8
0
100
AcDbLine
 10
1652.530820598514
 20
3.0
 30
0.0
 11
1652.530820598514
 21
0.0
 31
0.0
1001
AcDbBlockRepETag
1070
     1
1071
      182
1005
78C
  0
LINE
  5
78D
330
2
100
AcDbEntity
  8
0
100
AcDbLine
 10
1467.530781926741
 20
3.0
 30
0.0
 11
1467.530781926741
 21
0.0
 31
0.0
1001
AcDbBlockRepETag
1070
     1
1071
      183
1005
78D
  0
LINE
  5
78E
330
2
100
AcDbEntity
  8
0
100
AcDbLine
 10
1660.164559270409
 20
3.0
 30
0.0
 11
1660.164559270409
 21
0.0
 31
0.0
1001
AcDbBlockRepETag
1070
     1
1071
      184
1005
78E
  0
LINE
  5
78F
330
2
100
AcDbEntity
  8
0
100
AcDbLine
 10
1745.06577528656
 20
3.0
 30
0.0
 11
1745.06577528656
 21
0.0
 31
0.0
1001
AcDbBlockRepETag
1070
     1
1071
      185
1005
78F
  0
LINE
  5
790
330
2
100
AcDbEntity
  8
0
100
AcDbLine
 10
1408.397043254613
 20
3.0
 30
0.0
 11
1408.397043254613
 21
0.0
 31
0.0
1001
AcDbBlockRepETag
1070
     1
1071
      186
1005
790
  0
LINE
  5
791
330
2
100
AcDbEntity
  8
0
100
AcDbLine
 10
1782.199513958454
 20
3.0
 30
0.0
 11
1782.199513958454
 21
0.0
 31
0.0
1001
AcDbBlockRepETag
1070
     1
1071
      187
1005
791
  0
LINE
  5
792
330
2
100
AcDbEntity
  8
0
100
AcDbLine
 10
1670.798297942537
 20
1.0
 30
0.0
 11
1670.798297942537
 21
0.0
 31
0.0
1001
AcDbBlockRepETag
1070
     1
1071
      188
1005
792
  0
LINE
  5
793
330
2
100
AcDbEntity
  8
0
100
AcDbLine
 10
1682.4320366142
 20
1.047160253394394
 30
0.0
 11
1682.4320366142
 21
0.0471602533943951
 31
0.0
1001
AcDbBlockRepETag
1070
     1
1071
      189
1005
793
  0
LINE
  5
794
330
2
100
AcDbEntity
  8
0
100
AcDbLine
 10
1745.06577528656
 20
2125.0
 30
0.0
 11
1745.06577528656
 21
2119.0
 31
0.0
1001
AcDbBlockRepETag
1070
     1
1071
      190
1005
794
  0
LINE
  5
795
330
2
100
AcDbEntity
  8
0
100
AcDbLine
 10
1682.4320366142
 20
2122.75
 30
0.0
 11
1682.4320366142
 21
2121.75
 31
0.0
1001
AcDbBlockRepETag
1070
     1
1071
      191
1005
795
  0
LINE
  5
796
330
2
100
AcDbEntity
  8
0
100
AcDbLine
 10
1670.798297942537
 20
2112.0
 30
0.0
 11
1670.798297942537
 21
2111.0
 31
0.0
1001
AcDbBlockRepETag
1070
     1
1071
      192
1005
796
  0
LINE
  5
797
330
2
100
AcDbEntity
  8
0
100
AcDbLine
 10
1660.164559270409
 20
2109.75
 30
0.0
 11
1660.164559270409
 21
2106.75
 31
0.0
1001
AcDbBlockRepETag
1070
     1
1071
      193
1005
797
  0
LINE
  5
798
330
2
100
AcDbEntity
  8
0
100
AcDbLine
 10
1652.530820598514
 20
2103.0
 30
0.0
 11
1652.530820598514
 21
2100.0
 31
0.0
1001
AcDbBlockRepETag
1070
     1
1071
      194
1005
798
  0
LINE
  5
799
330
2
100
AcDbEntity
  8
0
100
AcDbLine
 10
1467.530781926741
 20
2103.0
 30
0.0
 11
1467.530781926741
 21
2100.0
 31
0.0
1001
AcDbBlockRepETag
1070
     1
1071
      195
1005
799
  0
LINE
  5
79A
330
2
100
AcDbEntity
  8
0
100
AcDbLine
 10
1408.397043254613
 20
2161.25
 30
0.0
 11
1408.397043254613
 21
2158.25
 31
0.0
1001
AcDbBlockRepETag
1070
     1
1071
      196
1005
79A
  0
LINE
  5
79B
330
2
100
AcDbEntity
  8
0
100
AcDbLine
 10
1782.199513958454
 20
2161.25
 30
0.0
 11
1782.199513958454
 21
2158.25
 31
0.0
1001
AcDbBlockRepETag
1070
     1
1071
      197
1005
79B
  0
LWPOLYLINE
  5
79C
330
2
100
AcDbEntity
  8
0
  6
Continuous
370
    25
100
AcDbPolyline
 90
        4
 70
     1
 43
0.0
 10
1718.132605950502
 20
6.0
 10
1730.132605950502
 20
6.0
 10
1730.132605950502
 20
4.0
 10
1718.132605950502
 20
4.0
1001
AcDbBlockRepETag
1070
     1
1071
      198
1005
79C
  0
LWPOLYLINE
  5
79D
330
2
100
AcDbEntity
  8
0
  6
Continuous
370
    25
100
AcDbPolyline
 90
        4
 70
     1
 43
0.0
 10
1494.463951262799
 20
11.0
 10
1482.463951262799
 20
11.0
 10
1482.463951262799
 20
9.0
 10
1494.463951262799
 20
9.0
1001
AcDbBlockRepETag
1070
     1
1071
      199
1005
79D
  0
LWPOLYLINE
  5
79E
330
2
100
AcDbEntity
  8
0
100
AcDbPolyline
 90
        8
 70
     1
 43
0.0
 10
1737.33845239311
 20
1044.5
 10
1737.33845239311
 20
952.25
 10
1712.83845239311
 20
952.25
 10
1712.83845239311
 20
1122.75
 10
1737.33845239311
 20
1122.75
 10
1737.33845239311
 20
1110.5
 10
1745.66577528642
 20
1110.5
 10
1745.66577528642
 20
1044.5
1001
AcDbBlockRepETag
1070
     1
1071
      200
1005
79E
  0
CIRCLE
  5
79F
330
2
100
AcDbEntity
  8
0
100
AcDbCircle
 10
905.6836320360647
 20
1581.0
 30
0.0
 40
2.0
1001
AcDbBlockRepETag
1070
     1
1071
      201
1005
79F
  0
CIRCLE
  5
7A0
330
2
100
AcDbEntity
  8
0
100
AcDbCircle
 10
905.6836320360647
 20
1511.0
 30
0.0
 40
2.0
1001
AcDbBlockRepETag
1070
     1
1071
      202
1005
7A0
  0
LINE
  5
7A1
330
2
100
AcDbEntity
  8
0
100
AcDbLine
 10
783.8412843253462
 20
4275.84790575793
 30
0.0
 11
777.8412843253462
 21
4275.84790575793
 31
0.0
1001
AcDbBlockRepETag
1070
     1
1071
      203
1005
7A1
  0
LINE
  5
7A2
330
2
100
AcDbEntity
  8
0
100
AcDbLine
 10
783.8412843253462
 20
3902.045435054206
 30
0.0
 11
777.8412843253462
 21
3902.045435054206
 31
0.0
1001
AcDbBlockRepETag
1070
     1
1071
      204
1005
7A2
  0
CIRCLE
  5
7A3
330
2
100
AcDbEntity
  8
0
 62
     0
100
AcDbCircle
 10
1560.030801262275
 20
149.9999999999963
 30
0.0
 40
3.25
1001
AcDbBlockRepETag
1070
     1
1071
      205
1005
7A3
  0
CIRCLE
  5
7A4
330
2
100
AcDbEntity
  8
0
 62
     0
100
AcDbCircle
 10
1560.030801262314
 20
750.4999999999961
 30
0.0
 40
3.25
1001
AcDbBlockRepETag
1070
     1
1071
      206
1005
7A4
  0
CIRCLE
  5
7A5
330
2
100
AcDbEntity
  8
0
 62
     0
100
AcDbCircle
 10
1560.030801262352
 20
1350.999999999996
 30
0.0
 40
3.25
1001
AcDbBlockRepETag
1070
     1
1071
      207
1005
7A5
  0
CIRCLE
  5
7A6
330
2
100
AcDbEntity
  8
0
 62
     0
100
AcDbCircle
 10
1560.030801262391
 20
1951.499999999996
 30
0.0
 40
3.25
1001
AcDbBlockRepETag
1070
     1
1071
      208
1005
7A6
  0
CIRCLE
  5
7A7
330
2
100
AcDbEntity
  8
0
 62
     0
100
AcDbCircle
 10
1069.151767388431
 20
149.9999999999963
 30
0.0
 40
3.25
1001
AcDbBlockRepETag
1070
     1
1071
      209
1005
7A7
  0
CIRCLE
  5
7A8
330
2
100
AcDbEntity
  8
0
 62
     0
100
AcDbCircle
 10
1069.151767388392
 20
750.4999999999961
 30
0.0
 40
3.25
1001
AcDbBlockRepETag
1070
     1
1071
      210
1005
7A8
  0
CIRCLE
  5
7A9
330
2
100
AcDbEntity
  8
0
 62
     0
100
AcDbCircle
 10
1069.151767388354
 20
1350.999999999996
 30
0.0
 40
3.25
1001
AcDbBlockRepETag
1070
     1
1071
      211
1005
7A9
  0
CIRCLE
  5
7AA
330
2
100
AcDbEntity
  8
0
 62
     0
100
AcDbCircle
 10
1069.151767388315
 20
1951.499999999996
 30
0.0
 40
3.25
1001
AcDbBlockRepETag
1070
     1
1071
      212
1005
7AA
  0
LWPOLYLINE
  5
7AB
330
2
100
AcDbEntity
  8
0
 60
     1
100
AcDbPolyline
 90
       12
 70
     1
 43
0.0
 10
1735.846383294711
 20
1114.5
 10
1735.846383294711
 20
1144.0
 10
1711.346383294711
 20
1144.0
 10
1711.346383294711
 20
1114.5
 10
1702.346383294711
 20
1114.5
 10
1702.346383294711
 20
1040.5
 10
1711.346383294711
 20
1040.5
 10
1711.346383294711
 20
941.5
 10
1735.846383294711
 20
941.5
 10
1735.846383294711
 20
1040.5
 10
1745.665775286887
 20
1040.5
 10
1745.665775286887
 20
1114.5
1001
AcDbBlockRepETag
1070
     1
1071
      213
1005
7AB
  0
LINE
  5
7AC
330
2
100
AcDbEntity
  8
0
100
AcDbLine
 10
1084.921156449243
 20
-4159.567365426407
 30
0.0
 11
1084.921156449243
 21
-4159.567365426407
 31
0.0
1001
AcDbBlockRepETag
1070
     1
1071
      214
1005
7AC
  0
LINE
  5
7AD
330
2
100
AcDbEntity
  8
0
100
AcDbLine
 10
1069.921156449243
 20
-4159.567365426407
 30
0.0
 11
1069.921156449243
 21
-4159.567365426407
 31
0.0
1001
AcDbBlockRepETag
1070
     1
1071
      215
1005
7AD
  0
LINE
  5
7AE
330
2
100
AcDbEntity
  8
0
  6
CENTERX2
100
AcDbLine
 10
11.74466795101761
 20
-4156.567365426407
 30
0.0
 11
11.74466795101761
 21
-4159.567365426407
 31
0.0
1001
AcDbBlockRepETag
1070
     1
1071
      216
1005
7AE
  0
LINE
  5
7AF
330
2
100
AcDbEntity
  8
0
  6
CENTERX2
100
AcDbLine
 10
71.26319617545231
 20
-4156.567365426407
 30
0.0
 11
71.26319617545231
 21
-4159.567365426407
 31
0.0
1001
AcDbBlockRepETag
1070
     1
1071
      217
1005
7AF
  0
LINE
  5
7B0
330
2
100
AcDbEntity
  8
0
  6
CENTERX2
100
AcDbLine
 10
33.74728932650761
 20
-4156.567365426407
 30
0.0
 11
33.74728932650761
 21
-4159.567365426407
 31
0.0
1001
AcDbBlockRepETag
1070
     1
1071
      218
1005
7B0
  0
LWPOLYLINE
  5
7B1
330
2
100
AcDbEntity
  8
0
  6
Continuous
370
    25
100
AcDbPolyline
 90
       14
 70
     1
 43
0.0
 10
95.71319960057735
 20
-4337.120371316475
 10
95.71319960057735
 20
-4318.587318479349
 42
0.4142135623730951
 10
93.71319960057736
 20
-4316.587318479348
 10
72.46319960057737
 20
-4316.587318479348
 10
72.46319960057737
 20
-4283.087318479348
 10
73.51319960039109
 20
-4283.087318479348
 10
73.51319960039109
 20
-4265.054265641989
 10
1056.413199600763
 20
-4265.054265641989
 10
1056.413199600763
 20
-4283.087318479348
 10
1057.463199600577
 20
-4283.087318479348
 10
1057.463199600577
 20
-4316.587318479348
 10
1036.213199600577
 20
-4316.587318479348
 42
0.4142135623730951
 10
1034.213199600577
 20
-4318.587318479349
 10
1034.213199600577
 20
-4337.120371316475
1001
AcDbBlockRepETag
1070
     1
1071
      219
1005
7B1
  0
LWPOLYLINE
  5
7B2
330
2
100
AcDbEntity
  8
0
  6
Continuous
370
    25
100
AcDbPolyline
 90
       14
 70
     1
 43
0.0
 10
95.71319960057735
 20
-4462.712204620632
 10
95.71319960057735
 20
-4444.179151783504
 42
0.4142135623730951
 10
93.71319960057736
 20
-4442.179151783505
 10
72.46319960057737
 20
-4442.179151783505
 10
72.46319960057737
 20
-4408.679151783505
 10
73.51319960039109
 20
-4408.679151783505
 10
73.51319960039109
 20
-4390.646098946143
 10
1056.413199600763
 20
-4390.646098946143
 10
1056.413199600763
 20
-4408.679151783505
 10
1057.463199600577
 20
-4408.679151783505
 10
1057.463199600577
 20
-4442.179151783505
 10
1036.213199600577
 20
-4442.179151783505
 42
0.4142135623730951
 10
1034.213199600577
 20
-4444.179151783504
 10
1034.213199600577
 20
-4462.712204620632
1001
AcDbBlockRepETag
1070
     1
1071
      220
1005
7B2
  0
LWPOLYLINE
  5
7B3
330
2
100
AcDbEntity
  8
0
  6
Continuous
370
    25
100
AcDbPolyline
 90
       14
 70
     1
 43
0.0
 10
95.71319960057735
 20
-4580.733465379121
 10
95.71319960057735
 20
-4562.200412541995
 42
0.4142135623730951
 10
93.71319960057736
 20
-4560.200412541995
 10
72.46319960057737
 20
-4560.200412541995
 10
72.46319960057737
 20
-4526.700412541995
 10
73.51319960039109
 20
-4526.700412541995
 10
73.51319960039109
 20
-4508.667359704634
 10
1056.413199600763
 20
-4508.667359704634
 10
1056.413199600763
 20
-4526.700412541995
 10
1057.463199600577
 20
-4526.700412541995
 10
1057.463199600577
 20
-4560.200412541995
 10
1036.213199600577
 20
-4560.200412541995
 42
0.4142135623730951
 10
1034.213199600577
 20
-4562.200412541995
 10
1034.213199600577
 20
-4580.733465379121
1001
AcDbBlockRepETag
1070
     1
1071
      221
1005
7B3
  0
LWPOLYLINE
  5
7B4
330
2
100
AcDbEntity
  8
0
100
AcDbPolyline
 90
        4
 70
     1
 43
0.0
 10
0.0
 20
-2046.067365426407
 10
1129.926399200223
 20
-2046.067365426407
 10
1129.926399200223
 20
-4159.567365426407
 10
0.0
 20
-4159.567365426407
1001
AcDbBlockRepETag
1070
     1
1071
      222
1005
7B4
  0
LWPOLYLINE
  5
7B5
330
2
100
AcDbEntity
  8
0
 60
     1
100
AcDbPolyline
 90
       24
 70
     1
 43
0.0
 10
1735.06577528656
 20
1124.125000000081
 42
-0.4142135623737884
 10
1735.615775286551
 20
1123.575000000081
 10
1735.615775286551
 20
1099.853776297679
 42
0.2392499996180965
 10
1735.800131915501
 20
1099.490549647471
 10
1745.440450517839
 20
1092.44016738607
 42
-0.2392499996180235
 10
1745.66577528655
 20
1091.996223702492
 10
1745.665775286559
 20
1055.20377629768
 42
-0.2392499996184368
 10
1745.440450517839
 20
1054.759832614101
 10
1735.80013191551
 20
1047.709450352691
 42
0.2392499996180462
 10
1735.615775286551
 20
1047.346223702492
 10
1735.615775286551
 20
935.6250000000818
 42
-0.4142135623737769
 10
1735.06577528656
 20
935.0750000000807
 10
1713.06577528655
 20
935.0750000000807
 42
-0.4142135623737733
 10
1712.515775286551
 20
935.6250000000818
 10
1712.515775286551
 20
1047.346223702492
 42
0.2392499996185795
 10
1712.331418657601
 20
1047.709450352691
 10
1702.691100055272
 20
1054.759832614101
 42
-0.2392499996184618
 10
1702.465775286549
 20
1055.20377629768
 10
1702.465775286549
 20
1091.996223702492
 42
-0.2392499996180227
 10
1702.691100055272
 20
1092.44016738607
 10
1712.331418657601
 20
1099.490549647471
 42
0.2392499996180768
 10
1712.515775286551
 20
1099.853776297679
 10
1712.515775286551
 20
1123.575000000081
 42
-0.4142135623723201
 10
1713.06577528655
 20
1124.125000000081
1001
AcDbBlockRepETag
1070
     1
1071
      223
1005
7B5
  0
LWPOLYLINE
  5
7B6
330
2
100
AcDbEntity
  8
0
 60
     1
100
AcDbPolyline
 90
       14
 70
     1
 43
0.0
 10
1740.565775286327
 20
1005.600000000035
 42
0.4142135623730951
 10
1740.065775286328
 20
1005.100000000035
 10
1740.065775286328
 20
988.2500000000582
 42
-0.4142135623730951
 10
1738.815775286327
 20
987.000000000058
 10
1709.315775286327
 20
987.000000000058
 42
-0.4142135623730951
 10
1708.065775286328
 20
988.2500000000582
 10
1708.065775286328
 20
1109.750000000058
 42
-0.4142135623730951
 10
1709.315775286327
 20
1111.000000000058
 10
1738.815775286327
 20
1111.000000000058
 42
-0.4142135623730951
 10
1740.065775286328
 20
1109.750000000058
 10
1740.065775286328
 20
1092.900000000081
 42
0.4142135623730951
 10
1740.565775286327
 20
1092.400000000081
 10
1747.665775286537
 20
1092.400000000081
 10
1747.665775286537
 20
1005.600000000035
1001
AcDbBlockRepETag
1070
     1
1071
      224
1005
7B6
  0
LWPOLYLINE
  5
7B7
330
2
100
AcDbEntity
  8
0
 60
     1
100
AcDbPolyline
 90
        8
 70
     1
 43
0.0
 10
1710.065775286327
 20
935.5499999999883
 10
1710.065775286327
 20
1120.549999999988
 10
1735.065775286328
 20
1120.549999999988
 10
1735.065775286328
 20
1108.350000000005
 10
1745.665775286537
 20
1108.350000000005
 10
1745.665775286537
 20
1051.649999999994
 10
1735.065775286328
 20
1051.649999999994
 10
1735.065775286328
 20
935.5499999999883
1001
AcDbBlockRepETag
1070
     1
1071
      225
1005
7B7
  0
LWPOLYLINE
  5
7B8
330
2
100
AcDbEntity
  8
0
  6
Continuous
 60
     1
370
    25
100
AcDbPolyline
 90
       10
 70
     1
 43
0.0
 10
1746.397025173452
 20
1104.600000000035
 10
1746.397025173452
 20
969.2000000000698
 10
1740.934525399623
 20
969.2000000000698
 42
0.4142135623730951
 10
1735.08452539953
 20
963.3500000000347
 10
1735.08452539953
 20
946.7500000000583
 10
1710.784525399484
 20
946.7500000000583
 10
1710.784525399484
 20
1127.050000000046
 10
1735.08452539953
 20
1127.050000000046
 10
1735.08452539953
 20
1110.45000000007
 42
0.4142135623730951
 10
1740.934525399623
 20
1104.600000000035
1001
AcDbBlockRepETag
1070
     1
1071
      226
1005
7B8
  0
CIRCLE
  5
7B9
330
2
100
AcDbEntity
  8
0
100
AcDbCircle
 10
999.9652495998887
 20
-3116.567365426407
 30
0.0
 40
11.0
1001
AcDbBlockRepETag
1070
     1
1071
      227
1005
7B9
  0
CIRCLE
  5
7BA
330
2
100
AcDbEntity
  8
0
100
AcDbCircle
 10
1572.896566032897
 20
-3116.567365426407
 30
0.0
 40
11.0
1001
AcDbBlockRepETag
1070
     1
1071
      228
1005
7BA
  0
LWPOLYLINE
  5
7BB
330
2
100
AcDbEntity
  8
0
100
AcDbPolyline
 90
        4
 70
     1
 43
0.0
 10
992.4652495998888
 20
-3197.185322954564
 10
992.4652495998888
 20
-3208.638584484825
 42
0.9999999999999998
 10
1007.465249599889
 20
-3208.638584484825
 10
1007.465249599889
 20
-3197.185322954564
 42
2.539565129295556
1001
AcDbBlockRepETag
1070
     1
1071
      229
1005
7BB
  0
LWPOLYLINE
  5
7BC
330
2
100
AcDbEntity
  8
0
100
AcDbPolyline
 90
        4
 70
     1
 43
0.0
 10
1565.396566032897
 20
-3197.185322954564
 10
1565.396566032897
 20
-3208.638584484823
 42
0.9999999999999998
 10
1580.396566032897
 20
-3208.638584484823
 10
1580.396566032897
 20
-3197.185322954564
 42
2.539565129295556
1001
AcDbBlockRepETag
1070
     1
1071
      230
1005
7BC
  0
LWPOLYLINE
  5
7BD
330
2
100
AcDbEntity
  8
0
 60
     1
100
AcDbPolyline
 90
        4
 70
     1
 43
0.0
 10
997.4052496000661
 20
-3197.185322954564
 10
997.4052496000661
 20
-3208.638584484823
 42
0.9999999999999998
 10
1012.405249600066
 20
-3208.638584484823
 10
1012.405249600066
 20
-3197.185322954564
 42
2.539565129295556
1001
AcDbBlockRepETag
1070
     1
1071
      231
1005
7BD
  0
LWPOLYLINE
  5
7BE
330
2
100
AcDbEntity
  8
0
 60
     1
100
AcDbPolyline
 90
        4
 70
     1
 43
0.0
 10
1560.226566032972
 20
-3197.185322954564
 10
1560.226566032972
 20
-3208.638584484823
 42
0.9999999999999998
 10
1575.226566032972
 20
-3208.638584484823
 10
1575.226566032972
 20
-3197.185322954564
 42
2.539565129295556
1001
AcDbBlockRepETag
1070
     1
1071
      232
1005
7BE
  0
LWPOLYLINE
  5
7BF
330
2
100
AcDbEntity
  8
0
100
AcDbPolyline
 90
        4
 70
     1
 43
0.0
 10
45.00524275097996
 20
-4159.567365426407
 10
60.00524275097996
 20
-4159.567365426407
 10
60.00524275097996
 20
-4129.567365426406
 10
45.00524275097996
 20
-4129.567365426406
1001
AcDbBlockRepETag
1070
     1
1071
      233
1005
7BF
  0
LWPOLYLINE
  5
7C0
330
2
100
AcDbEntity
  8
0
100
AcDbPolyline
 90
        4
 70
     1
 43
0.0
 10
1084.921156449243
 20
-4159.567365426407
 10
1069.921156449243
 20
-4159.567365426407
 10
1069.921156449243
 20
-4129.567365426406
 10
1084.921156449243
 20
-4129.567365426406
1001
AcDbBlockRepETag
1070
     1
1071
      234
1005
7C0
  0
LWPOLYLINE
  5
7C1
102
{ACAD_REACTORS
330
7C5
330
7C8
102
}
330
2
100
AcDbEntity
  8
0
 60
     1
100
AcDbPolyline
 90
        4
 70
     1
 43
0.0
 10
2510.509121255644
 20
1441.835837790113
 10
2550.509121255644
 20
1441.835837790113
 10
2550.509121255644
 20
1481.835837790113
 10
2510.509121255644
 20
1481.835837790113
1001
AcDbBlockRepETag
1070
     1
1071
      235
1005
7C1
  0
LWPOLYLINE
  5
7C2
102
{ACAD_REACTORS
330
7CB
102
}
330
2
100
AcDbEntity
  8
0
 60
     1
100
AcDbPolyline
 90
        4
 70
     1
 43
0.0
 10
2713.707697420876
 20
1441.835837790113
 10
2753.707697420876
 20
1441.835837790113
 10
2753.707697420876
 20
1481.835837790113
 10
2713.707697420876
 20
1481.835837790113
1001
AcDbBlockRepETag
1070
     1
1071
      236
1005
7C2
  0
DIMENSION
  5
7C3
102
{ACAD_XDICTIONARY
360
7C4
102
}
102
{ACAD_REACTORS
330
7C5
102
}
330
2
100
AcDbEntity
  8
A-DIMS-INSD
 60
     1
100
AcDbDimension
280
     0
  2
*D14
 10
2510.509121255644
 20
1504.273579389614
 30
0.0
 11
2236.009121255644
 21
1504.273579389614
 31
0.0
 70
    32
 71
     5
 42
40.0
 73
     0
 74
     0
 75
     0
  3
Standard
100
AcDbAlignedDimension
 13
2550.509121255644
 23
1481.835837790113
 33
0.0
 14
2510.509121255644
 24
1481.835837790113
 34
0.0
100
AcDbRotatedDimension
1001
AcDbBlockRepETag
1070
     1
1071
      237
1005
7C3
  0
DIMENSION
  5
7C6
102
{ACAD_XDICTIONARY
360
7C7
102
}
102
{ACAD_REACTORS
330
7C8
102
}
330
2
100
AcDbEntity
  8
A-DIMS-INSD
 60
     1
100
AcDbDimension
280
     0
  2
*D13
 10
2571.854398758711
 20
1481.835837790113
 30
0.0
 11
2792.354398758711
 21
1589.835837790112
 31
0.0
 70
    32
 71
     5
 42
40.0
 73
     0
 74
     0
 75
     0
  3
Standard
100
AcDbAlignedDimension
 13
2550.509121255644
 23
1441.835837790113
 33
0.0
 14
2550.509121255644
 24
1481.835837790113
 34
0.0
 50
90.0
100
AcDbRotatedDimension
1001
AcDbBlockRepETag
1070
     1
1071
      238
1005
7C6
  0
DIMENSION
  5
7C9
102
{ACAD_XDICTIONARY
360
7CA
102
}
102
{ACAD_REACTORS
330
7CB
102
}
330
2
100
AcDbEntity
  8
A-DIMS-INSD
 60
     1
100
AcDbDimension
280
     0
  2
*D15
 10
2713.707697420876
 20
1495.648894911283
 30
0.0
 11
2439.207697420876
 21
1495.648894911283
 31
0.0
 70
    32
 71
     5
 42
40.0
 73
     0
 74
     0
 75
     0
  3
Standard
100
AcDbAlignedDimension
 13
2753.707697420876
 23
1481.835837790113
 33
0.0
 14
2713.707697420876
 24
1481.835837790113
 34
0.0
100
AcDbRotatedDimension
1001
AcDbBlockRepETag
1070
     1
1071
      239
1005
7C9
  0
LWPOLYLINE
  5
7CC
330
2
100
AcDbEntity
  8
0
 60
     1
100
AcDbPolyline
 90
        4
 70
     1
 43
0.0
 10
2510.509121255644
 20
1179.835483347579
 10
2572.509121255644
 20
1179.835483347579
 10
2572.509121255644
 20
1241.835483347579
 10
2510.509121255644
 20
1241.835483347579
1001
AcDbBlockRepETag
1070
     1
1071
      240
1005
7CC
  0
LWPOLYLINE
  5
7CD
330
2
100
AcDbEntity
  8
0
 60
     1
100
AcDbPolyline
 90
        4
 70
     1
 43
0.0
 10
2764.057158627591
 20
1179.835483347579
 10
2826.057158627591
 20
1179.835483347579
 10
2826.057158627591
 20
1241.835483347579
 10
2764.057158627591
 20
1241.835483347579
1001
AcDbBlockRepETag
1070
     1
1071
      241
1005
7CD
  0
LINE
  5
7CE
330
2
100
AcDbEntity
  8
0
 60
     1
100
AcDbLine
 10
2668.942136938538
 20
806.5098301701471
 30
0.0
 11
2668.942136938538
 21
756.5098301701472
 31
0.0
1001
AcDbBlockRepETag
1070
     1
1071
      242
1005
7CE
  0
ENDSEC
  0
SECTION
  2
OBJECTS
  0
DICTIONARY
  5
9
330
0
100
AcDbDictionary
281
     1
  3
ACAD_ASSOCNETWORK
350
25B
  3
ACAD_CIP_PREVIOUS_PRODUCT_INFO
350
27E
  3
ACAD_COLOR
350
45
  3
ACAD_DETAILVIEWSTYLE
350
279
  3
ACAD_GROUP
350
32
  3
ACAD_LAYOUT
350
16
  3
ACAD_MATERIAL
350
B
  3
ACAD_MLEADERSTYLE
350
48
  3
ACAD_MLINESTYLE
350
33
  3
ACAD_PLOTSETTINGS
350
34
  3
ACAD_PLOTSTYLENAME
350
8
  3
ACAD_SCALELIST
350
46
  3
ACAD_SECTIONVIEWSTYLE
350
277
  3
ACAD_TABLESTYLE
350
47
  3
ACAD_VISUALSTYLE
350
29
  3
ACDB_RECOMPOSE_DATA
350
AC8
  3
ACDBVARIABLEDICTIONARY
350
49
  0
DICTIONARY
  5
1C
330
1B
100
AcDbDictionary
280
     1
281
     1
  3
ACAD_LAYERSTATES
360
1D
  0
DICTIONARY
  5
7D2
330
2
100
AcDbDictionary
280
     1
281
     1
  3
ACAD_ENHANCEDBLOCK
360
7D3
  3
ACAD_SORTENTS
360
85D
  0
DICTIONARY
  5
640
330
27F
100
AcDbDictionary
280
     1
281
     1
  3
ACAD_ENHANCEDBLOCK
360
641
  3
ACAD_SORTENTS
360
6CB
  0
DICTIONARY
  5
A3B
330
6D3
100
AcDbDictionary
280
     1
281
     1
  3
ACAD_ENHANCEDBLOCK
360
A3C
  3
ACAD_SORTENTS
360
AC6
  0
DICTIONARY
  5
632
330
631
100
AcDbDictionary
280
     1
281
     1
  3
ACAD_DIMASSOC
360
633
  0
DICTIONARY
  5
635
330
634
100
AcDbDictionary
280
     1
281
     1
  3
ACAD_DIMASSOC
360
636
  0
DICTIONARY
  5
638
330
637
100
AcDbDictionary
280
     1
281
     1
  3
ACAD_DIMASSOC
360
639
  0
DICTIONARY
  5
63E
330
63D
100
AcDbDictionary
280
     1
281
     1
  3
ACAD_DIMASSOC
360
63F
  0
DICTIONARY
  5
A30
330
A2F
100
AcDbDictionary
280
     1
281
     1
  3
ACAD_DIMASSOC
360
A31
  0
DICTIONARY
  5
A33
330
A32
100
AcDbDictionary
280
     1
281
     1
  3
ACAD_DIMASSOC
360
A34
  0
DICTIONARY
  5
A36
330
A35
100
AcDbDictionary
280
     1
281
     1
  3
ACAD_DIMASSOC
360
A37
  0
DICTIONARY
  5
7C4
330
7C3
100
AcDbDictionary
280
     1
281
     1
  3
ACAD_DIMASSOC
360
7C5
  0
DICTIONARY
  5
7C7
330
7C6
100
AcDbDictionary
280
     1
281
     1
  3
ACAD_DIMASSOC
360
7C8
  0
DICTIONARY
  5
7CA
330
7C9
100
AcDbDictionary
280
     1
281
     1
  3
ACAD_DIMASSOC
360
7CB
  0
DICTIONARY
  5
25B
102
{ACAD_REACTORS
330
9
102
}
330
9
100
AcDbDictionary
281
     1
  3
ACAD_ASSOCNETWORK
350
25C
  0
XRECORD
  5
27E
102
{ACAD_REACTORS
330
9
102
}
330
9
100
AcDbXrecord
280
     1
300
ACD
300
2022
300

  0
DICTIONARY
  5
45
102
{ACAD_REACTORS
330
9
102
}
330
9
100
AcDbDictionary
281
     1
  0
DICTIONARY
  5
279
102
{ACAD_REACTORS
330
9
102
}
330
9
100
AcDbDictionary
281
     1
  3
Imperial24
350
27A
  0
DICTIONARY
  5
32
102
{ACAD_REACTORS
330
9
102
}
330
9
100
AcDbDictionary
281
     1
  0
DICTIONARY
  5
16
102
{ACAD_REACTORS
330
9
102
}
330
9
100
AcDbDictionary
281
     1
  3
Layout1
350
1A
  3
Model
350
15
  0
DICTIONARY
  5
B
102
{ACAD_REACTORS
330
9
102
}
330
9
100
AcDbDictionary
281
     1
  3
ByBlock
350
3D
  3
ByLayer
350
35
  3
Global
350
A
  0
DICTIONARY
  5
48
102
{ACAD_REACTORS
330
9
102
}
330
9
100
AcDbDictionary
281
     1
  3
Standard
350
276
  0
DICTIONARY
  5
33
102
{ACAD_REACTORS
330
9
102
}
330
9
100
AcDbDictionary
281
     1
  3
Standard
350
67
  0
DICTIONARY
  5
34
102
{ACAD_REACTORS
330
9
102
}
330
9
100
AcDbDictionary
281
     1
  0
ACDBDICTIONARYWDFLT
  5
8
102
{ACAD_REACTORS
330
9
102
}
330
9
100
AcDbDictionary
281
     1
  3
Normal
350
7
100
AcDbDictionaryWithDefault
340
7
  0
DICTIONARY
  5
46
102
{ACAD_REACTORS
330
9
102
}
330
9
100
AcDbDictionary
281
     1
  3
A0
350
6B
  3
A1
350
6C
  3
A2
350
6D
  3
A3
350
6E
  3
A4
350
6F
  3
A5
350
70
  3
A6
350
71
  3
A7
350
72
  3
A8
350
73
  3
A9
350
74
  3
B0
350
75
  3
B1
350
76
  3
B2
350
77
  3
B3
350
78
  3
B4
350
79
  3
B5
350
7A
  3
B6
350
7B
  0
DICTIONARY
  5
277
102
{ACAD_REACTORS
330
9
102
}
330
9
100
AcDbDictionary
281
     1
  3
Imperial24
350
278
  0
DICTIONARY
  5
47
102
{ACAD_REACTORS
330
9
102
}
330
9
100
AcDbDictionary
281
     1
  3
Standard
350
68
  0
DICTIONARY
  5
29
102
{ACAD_REACTORS
330
9
102
}
330
9
100
AcDbDictionary
281
     1
  3
2dWireframe
350
28
  3
Basic
350
266
  3
Brighten
350
26A
  3
ColorChange
350
26E
  3
Conceptual
350
268
  3
Dim
350
269
  3
EdgeColorOff
350
15B
  3
Facepattern
350
26D
  3
Flat
350
262
  3
FlatWithEdges
350
263
  3
Gouraud
350
264
  3
GouraudWithEdges
350
265
  3
Hidden
350
267
  3
JitterOff
350
274
  3
Linepattern
350
26C
  3
OverhangOff
350
275
  3
Realistic
350
69
  3
Shaded
350
273
  3
Shaded with edges
350
272
  3
Shades of Gray
350
26F
  3
Sketchy
350
270
  3
Thicken
350
26B
  3
Wireframe
350
6A
  3
X-Ray
350
271
  0
XRECORD
  5
AC8
102
{ACAD_REACTORS
330
9
102
}
330
9
100
AcDbXrecord
280
     1
 90
        1
330
68
  0
DICTIONARY
  5
49
102
{ACAD_REACTORS
330
9
102
}
330
9
100
AcDbDictionary
281
     2
  3
#COMPAREDIFFTOTAL
350
4A
  3
#REVCLOUDAPPROXARCLEN
350
4B
  3
ANNOALLVISIBLE
350
4C
  3
CANNOSCALE
350
4D
  3
CMLEADERSTYLE
350
4E
  3
CTABLESTYLE
350
4F
  3
CVIEWDETAILSTYLE
350
50
  3
CVIEWSECTIONSTYLE
350
51
  3
DIMADEC
350
52
  3
DIMASSOC
350
53
  3
DIMLAYER
350
54
  3
EXPORTPAPERSPACE
350
55
  3
HIDETEXT
350
56
  3
HPCOLOR
350
57
  3
HPINHERIT
350
58
  3
HPLAYER
350
59
  3
HPORIGIN
350
5A
  3
HPTRANSPARENCY
350
5B
  3
INDEXCTL
350
5C
  3
LAYEREVAL
350
5D
  3
LAYERNOTIFY
350
5E
  3
LIGHTINGUNITS
350
5F
  3
MLEADERSCALE
350
60
  3
MSLTSCALE
350
61
  3
OLEFRAME
350
62
  3
PDFFRAME
350
63
  3
SOLIDHIST
350
64
  3
SORTENTS
350
65
  3
TEXTLAYER
350
66
  0
DICTIONARY
  5
1D
102
{ACAD_REACTORS
330
1C
102
}
330
1C
100
AcDbDictionary
281
     1
  0
ACAD_EVALUATION_GRAPH
  5
7D3
102
{ACAD_REACTORS
330
7D2
102
}
330
7D2
100
AcDbEvalGraph
 96
      392
 97
      392
 91
        0
 93
       32
 95
      132
360
7D4
 92
        0
 92
        0
 92
        1
 92
        2
 91
        1
 93
       32
 95
      133
360
7D5
 92
       -1
 92
       -1
 92
        0
 92
        0
 91
        2
 93
       32
 95
      134
360
7D6
 92
        1
 92
        1
 92
       -1
 92
       -1
 91
        3
 93
       32
 95
      135
360
7D7
 92
        2
 92
        2
 92
       -1
 92
       -1
 91
        4
 93
       32
 95
      149
360
7D8
 92
        5
 92
        5
 92
        3
 92
       60
 91
        5
 93
       32
 95
      150
360
7D9
 92
       -1
 92
       -1
 92
        5
 92
        5
 91
        6
 93
       32
 95
      151
360
7DA
 92
        3
 92
        3
 92
       -1
 92
       -1
 91
        7
 93
       32
 95
      152
360
7DB
 92
        4
 92
        4
 92
       -1
 92
       -1
 91
        8
 93
       32
 95
      154
360
7DC
 92
        6
 92
        6
 92
       -1
 92
       -1
 91
        9
 93
       32
 95
      155
360
7DD
 92
        7
 92
        7
 92
       -1
 92
       -1
 91
       10
 93
       32
 95
      157
360
7DE
 92
       10
 92
       10
 92
        8
 92
       11
 91
       11
 93
       32
 95
      158
360
7DF
 92
       -1
 92
       -1
 92
       10
 92
       10
 91
       12
 93
       32
 95
      159
360
7E0
 92
        8
 92
        8
 92
       -1
 92
       -1
 91
       13
 93
       32
 95
      160
360
7E1
 92
        9
 92
        9
 92
       -1
 92
       -1
 91
       14
 93
       32
 95
      163
360
7E2
 92
       11
 92
       11
 92
       -1
 92
       -1
 91
       15
 93
       32
 95
      165
360
7E3
 92
       14
 92
       14
 92
       12
 92
       63
 91
       16
 93
       32
 95
      166
360
7E4
 92
       -1
 92
       -1
 92
       14
 92
       14
 91
       17
 93
       32
 95
      167
360
7E5
 92
       12
 92
       12
 92
       -1
 92
       -1
 91
       18
 93
       32
 95
      168
360
7E6
 92
       13
 92
       13
 92
       -1
 92
       -1
 91
       19
 93
       32
 95
      170
360
7E7
 92
       15
 92
       15
 92
       -1
 92
       -1
 91
       20
 93
       32
 95
      173
360
7E8
 92
       18
 92
       18
 92
       16
 92
       19
 91
       21
 93
       32
 95
      174
360
7E9
 92
       -1
 92
       -1
 92
       18
 92
       18
 91
       22
 93
       32
 95
      175
360
7EA
 92
       16
 92
       16
 92
       -1
 92
       -1
 91
       23
 93
       32
 95
      176
360
7EB
 92
       17
 92
       17
 92
       -1
 92
       -1
 91
       24
 93
       32
 95
      180
360
7EC
 92
       19
 92
       19
 92
       -1
 92
       -1
 91
       25
 93
       32
 95
      183
360
7ED
 92
       22
 92
       22
 92
       20
 92
       24
 91
       26
 93
       32
 95
      184
360
7EE
 92
       -1
 92
       -1
 92
       22
 92
       22
 91
       27
 93
       32
 95
      185
360
7EF
 92
       20
 92
       20
 92
       -1
 92
       -1
 91
       28
 93
       32
 95
      186
360
7F0
 92
       21
 92
       21
 92
       -1
 92
       -1
 91
       29
 93
       32
 95
      189
360
7F1
 92
       23
 92
       23
 92
       -1
 92
       -1
 91
       30
 93
       32
 95
      190
360
7F2
 92
       24
 92
       24
 92
       -1
 92
       -1
 91
       31
 93
       32
 95
      201
360
7F3
 92
       27
 92
       27
 92
       25
 92
       28
 91
       32
 93
       32
 95
      202
360
7F4
 92
       -1
 92
       -1
 92
       27
 92
       27
 91
       33
 93
       32
 95
      203
360
7F5
 92
       25
 92
       25
 92
       -1
 92
       -1
 91
       34
 93
       32
 95
      204
360
7F6
 92
       26
 92
       26
 92
       -1
 92
       -1
 91
       35
 93
       32
 95
      206
360
7F7
 92
       28
 92
       28
 92
       -1
 92
       -1
 91
       36
 93
       32
 95
      208
360
7F8
 92
       31
 92
       31
 92
       29
 92
       61
 91
       37
 93
       32
 95
      209
360
7F9
 92
       -1
 92
       -1
 92
       31
 92
       31
 91
       38
 93
       32
 95
      210
360
7FA
 92
       29
 92
       29
 92
       -1
 92
       -1
 91
       39
 93
       32
 95
      211
360
7FB
 92
       30
 92
       30
 92
       -1
 92
       -1
 91
       40
 93
       32
 95
      215
360
7FC
 92
       34
 92
       34
 92
       32
 92
       36
 91
       41
 93
       32
 95
      216
360
7FD
 92
       -1
 92
       -1
 92
       34
 92
       34
 91
       42
 93
       32
 95
      217
360
7FE
 92
       32
 92
       32
 92
       -1
 92
       -1
 91
       43
 93
       32
 95
      218
360
7FF
 92
       33
 92
       33
 92
       -1
 92
       -1
 91
       44
 93
       32
 95
      220
360
800
 92
       35
 92
       35
 92
       -1
 92
       -1
 91
       45
 93
       32
 95
      221
360
801
 92
       36
 92
       36
 92
       -1
 92
       -1
 91
       46
 93
       32
 95
      228
360
802
 92
       37
 92
       58
 92
       38
 92
       59
 91
       47
 93
       32
 95
      229
360
803
 92
       -1
 92
       -1
 92
       37
 92
       37
 91
       48
 93
       32
 95
      230
360
804
 92
       38
 92
       38
 92
       -1
 92
       -1
 91
       49
 93
       32
 95
      231
360
805
 92
       39
 92
       39
 92
       -1
 92
       -1
 91
       50
 93
       32
 95
      243
360
806
 92
       42
 92
       57
 92
       40
 92
       56
 91
       51
 93
       32
 95
      244
360
807
 92
       -1
 92
       -1
 92
       42
 92
       42
 91
       52
 93
       32
 95
      245
360
808
 92
       40
 92
       40
 92
       -1
 92
       -1
 91
       53
 93
       32
 95
      246
360
809
 92
       41
 92
       41
 92
       -1
 92
       -1
 91
       54
 93
       32
 95
      247
360
80A
 92
       -1
 92
       -1
 92
       45
 92
       45
 91
       55
 93
       32
 95
      248
360
80B
 92
       43
 92
       43
 92
       -1
 92
       -1
 91
       56
 93
       32
 95
      249
360
80C
 92
       44
 92
       44
 92
       -1
 92
       -1
 91
       57
 93
       32
 95
      250
360
80D
 92
       -1
 92
       -1
 92
       48
 92
       48
 91
       58
 93
       32
 95
      251
360
80E
 92
       46
 92
       46
 92
       -1
 92
       -1
 91
       59
 93
       32
 95
      252
360
80F
 92
       47
 92
       47
 92
       -1
 92
       -1
 91
       60
 93
       32
 95
      253
360
810
 92
       -1
 92
       -1
 92
       51
 92
       51
 91
       61
 93
       32
 95
      254
360
811
 92
       49
 92
       49
 92
       -1
 92
       -1
 91
       62
 93
       32
 95
      255
360
812
 92
       50
 92
       50
 92
       -1
 92
       -1
 91
       63
 93
       32
 95
      258
360
813
 92
       56
 92
       59
 92
       57
 92
       58
 91
       64
 93
       32
 95
      259
360
814
 92
       52
 92
       52
 92
       -1
 92
       -1
 91
       65
 93
       32
 95
      260
360
815
 92
       53
 92
       53
 92
       -1
 92
       -1
 91
       66
 93
       32
 95
      261
360
816
 92
       54
 92
       54
 92
       -1
 92
       -1
 91
       67
 93
       32
 95
      262
360
817
 92
       55
 92
       55
 92
       -1
 92
       -1
 91
       68
 93
       32
 95
      264
360
818
 92
       60
 92
       60
 92
       -1
 92
       -1
 91
       69
 93
       32
 95
      265
360
819
 92
       61
 92
       61
 92
       -1
 92
       -1
 91
       70
 93
       32
 95
      267
360
81A
 92
       62
 92
       62
 92
       -1
 92
       -1
 91
       71
 93
       32
 95
      269
360
81B
 92
       63
 92
       63
 92
       -1
 92
       -1
 91
       72
 93
       32
 95
      286
360
81C
 92
       67
 92
       67
 92
       64
 92
       68
 91
       73
 93
       32
 95
      287
360
81D
 92
       -1
 92
       -1
 92
       67
 92
       67
 91
       74
 93
       32
 95
      288
360
81E
 92
       66
 92
       66
 92
       -1
 92
       -1
 91
       75
 93
       32
 95
      289
360
81F
 92
       64
 92
       64
 92
       -1
 92
       -1
 91
       76
 93
       32
 95
      290
360
820
 92
       65
 92
       65
 92
       -1
 92
       -1
 91
       77
 93
       32
 95
      291
360
821
 92
       68
 92
       68
 92
       -1
 92
       -1
 91
       78
 93
       32
 95
      292
360
822
 92
       71
 92
       71
 92
       69
 92
       81
 91
       79
 93
       32
 95
      293
360
823
 92
       -1
 92
       -1
 92
       71
 92
       71
 91
       80
 93
       32
 95
      294
360
824
 92
       69
 92
       69
 92
       -1
 92
       -1
 91
       81
 93
       32
 95
      295
360
825
 92
       70
 92
       70
 92
       -1
 92
       -1
 91
       82
 93
       32
 95
      297
360
826
 92
       74
 92
       74
 92
       72
 92
       80
 91
       83
 93
       32
 95
      298
360
827
 92
       -1
 92
       -1
 92
       74
 92
       74
 91
       84
 93
       32
 95
      299
360
828
 92
       72
 92
       72
 92
       -1
 92
       -1
 91
       85
 93
       32
 95
      300
360
829
 92
       73
 92
       73
 92
       -1
 92
       -1
 91
       86
 93
       32
 95
      304
360
82A
 92
       75
 92
       75
 92
       -1
 92
       -1
 91
       87
 93
       32
 95
      305
360
82B
 92
       76
 92
       76
 92
       -1
 92
       -1
 91
       88
 93
       32
 95
      306
360
82C
 92
       77
 92
       77
 92
       -1
 92
       -1
 91
       89
 93
       32
 95
      307
360
82D
 92
       78
 92
       78
 92
       -1
 92
       -1
 91
       90
 93
       32
 95
      310
360
82E
 92
       79
 92
       79
 92
       -1
 92
       -1
 91
       91
 93
       32
 95
      311
360
82F
 92
       80
 92
       80
 92
       -1
 92
       -1
 91
       92
 93
       32
 95
      313
360
830
 92
       81
 92
       81
 92
       -1
 92
       -1
 91
       93
 93
       32
 95
      320
360
831
 92
       84
 92
       84
 92
       82
 92
       87
 91
       94
 93
       32
 95
      321
360
832
 92
       -1
 92
       -1
 92
       84
 92
       84
 91
       95
 93
       32
 95
      322
360
833
 92
       82
 92
       82
 92
       -1
 92
       -1
 91
       96
 93
       32
 95
      323
360
834
 92
       83
 92
       83
 92
       -1
 92
       -1
 91
       97
 93
       32
 95
      327
360
835
 92
       85
 92
       85
 92
       -1
 92
       -1
 91
       98
 93
       32
 95
      329
360
836
 92
       86
 92
       86
 92
       -1
 92
       -1
 91
       99
 93
       32
 95
      330
360
837
 92
       87
 92
       87
 92
       -1
 92
       -1
 91
      100
 93
       32
 95
      332
360
838
 92
       90
 92
       90
 92
       88
 92
       91
 91
      101
 93
       32
 95
      333
360
839
 92
       -1
 92
       -1
 92
       90
 92
       90
 91
      102
 93
       32
 95
      334
360
83A
 92
       88
 92
       88
 92
       -1
 92
       -1
 91
      103
 93
       32
 95
      335
360
83B
 92
       89
 92
       89
 92
       -1
 92
       -1
 91
      104
 93
       32
 95
      342
360
83C
 92
       91
 92
       91
 92
       -1
 92
       -1
 91
      105
 93
       32
 95
      345
360
83D
 92
       94
 92
       94
 92
       92
 92
      110
 91
      106
 93
       32
 95
      346
360
83E
 92
       -1
 92
       -1
 92
       94
 92
       94
 91
      107
 93
       32
 95
      347
360
83F
 92
       92
 92
       92
 92
       -1
 92
       -1
 91
      108
 93
       32
 95
      348
360
840
 92
       93
 92
       93
 92
       -1
 92
       -1
 91
      109
 93
       32
 95
      350
360
841
 92
       97
 92
       97
 92
       95
 92
      102
 91
      110
 93
       32
 95
      351
360
842
 92
       -1
 92
       -1
 92
       97
 92
       97
 91
      111
 93
       32
 95
      352
360
843
 92
       95
 92
       95
 92
       -1
 92
       -1
 91
      112
 93
       32
 95
      353
360
844
 92
       96
 92
       96
 92
       -1
 92
       -1
 91
      113
 93
       32
 95
      355
360
845
 92
      100
 92
      100
 92
       98
 92
      109
 91
      114
 93
       32
 95
      356
360
846
 92
       -1
 92
       -1
 92
      100
 92
      100
 91
      115
 93
       32
 95
      357
360
847
 92
       98
 92
       98
 92
       -1
 92
       -1
 91
      116
 93
       32
 95
      358
360
848
 92
       99
 92
       99
 92
       -1
 92
       -1
 91
      117
 93
       32
 95
      365
360
849
 92
      101
 92
      101
 92
       -1
 92
       -1
 91
      118
 93
       32
 95
      366
360
84A
 92
      102
 92
      102
 92
       -1
 92
       -1
 91
      119
 93
       32
 95
      368
360
84B
 92
      103
 92
      103
 92
       -1
 92
       -1
 91
      120
 93
       32
 95
      371
360
84C
 92
      106
 92
      106
 92
      104
 92
      112
 91
      121
 93
       32
 95
      372
360
84D
 92
       -1
 92
       -1
 92
      106
 92
      106
 91
      122
 93
       32
 95
      373
360
84E
 92
      104
 92
      104
 92
       -1
 92
       -1
 91
      123
 93
       32
 95
      374
360
84F
 92
      105
 92
      105
 92
       -1
 92
       -1
 91
      124
 93
       32
 95
      376
360
850
 92
      107
 92
      107
 92
       -1
 92
       -1
 91
      125
 93
       32
 95
      377
360
851
 92
      108
 92
      108
 92
       -1
 92
       -1
 91
      126
 93
       32
 95
      378
360
852
 92
      109
 92
      109
 92
       -1
 92
       -1
 91
      127
 93
       32
 95
      379
360
853
 92
      110
 92
      110
 92
       -1
 92
       -1
 91
      128
 93
       32
 95
      380
360
854
 92
      111
 92
      111
 92
       -1
 92
       -1
 91
      129
 93
       32
 95
      381
360
855
 92
      112
 92
      112
 92
       -1
 92
       -1
 91
      130
 93
       32
 95
      382
360
856
 92
      115
 92
      115
 92
      113
 92
      117
 91
      131
 93
       32
 95
      383
360
857
 92
       -1
 92
       -1
 92
      115
 92
      115
 91
      132
 93
       32
 95
      384
360
858
 92
      113
 92
      113
 92
       -1
 92
       -1
 91
      133
 93
       32
 95
      385
360
859
 92
      114
 92
      114
 92
       -1
 92
       -1
 91
      134
 93
       32
 95
      388
360
85A
 92
      116
 92
      116
 92
       -1
 92
       -1
 91
      135
 93
       32
 95
      389
360
85B
 92
      117
 92
      117
 92
       -1
 92
       -1
 91
      136
 93
       32
 95
      391
360
85C
 92
       -1
 92
       -1
 92
       -1
 92
       -1
 92
        0
 93
        0
 94
        1
 91
        1
 91
        0
 92
       -1
 92
       -1
 92
       -1
 92
       -1
 92
       -1
 92
        1
 93
        0
 94
        1
 91
        0
 91
        2
 92
       -1
 92
       -1
 92
       -1
 92
        2
 92
       -1
 92
        2
 93
        0
 94
        1
 91
        0
 91
        3
 92
       -1
 92
       -1
 92
        1
 92
       -1
 92
       -1
 92
        3
 93
        0
 94
        1
 91
        4
 91
        6
 92
       -1
 92
       -1
 92
       -1
 92
        4
 92
       -1
 92
        4
 93
        0
 94
        1
 91
        4
 91
        7
 92
       -1
 92
       -1
 92
        3
 92
        6
 92
       -1
 92
        5
 93
        0
 94
        2
 91
        5
 91
        4
 92
       -1
 92
       -1
 92
       -1
 92
       -1
 92
       -1
 92
        6
 93
        0
 94
        2
 91
        4
 91
        8
 92
       -1
 92
       -1
 92
        4
 92
        7
 92
       -1
 92
        7
 93
        0
 94
        2
 91
        4
 91
        9
 92
       -1
 92
       -1
 92
        6
 92
       60
 92
       -1
 92
        8
 93
        0
 94
        1
 91
       10
 91
       12
 92
       -1
 92
       -1
 92
       -1
 92
        9
 92
       -1
 92
        9
 93
        0
 94
        1
 91
       10
 91
       13
 92
       -1
 92
       -1
 92
        8
 92
       11
 92
       -1
 92
       10
 93
        0
 94
        2
 91
       11
 91
       10
 92
       -1
 92
       -1
 92
       -1
 92
       -1
 92
       -1
 92
       11
 93
        0
 94
        2
 91
       10
 91
       14
 92
       -1
 92
       -1
 92
        9
 92
       -1
 92
       -1
 92
       12
 93
        0
 94
        1
 91
       15
 91
       17
 92
       -1
 92
       -1
 92
       -1
 92
       13
 92
       -1
 92
       13
 93
        0
 94
        1
 91
       15
 91
       18
 92
       -1
 92
       -1
 92
       12
 92
       15
 92
       -1
 92
       14
 93
        0
 94
        2
 91
       16
 91
       15
 92
       -1
 92
       -1
 92
       -1
 92
       -1
 92
       -1
 92
       15
 93
        0
 94
        2
 91
       15
 91
       19
 92
       -1
 92
       -1
 92
       13
 92
       62
 92
       -1
 92
       16
 93
        0
 94
        1
 91
       20
 91
       22
 92
       -1
 92
       -1
 92
       -1
 92
       17
 92
       -1
 92
       17
 93
        0
 94
        1
 91
       20
 91
       23
 92
       -1
 92
       -1
 92
       16
 92
       19
 92
       -1
 92
       18
 93
        0
 94
        2
 91
       21
 91
       20
 92
       -1
 92
       -1
 92
       -1
 92
       -1
 92
       -1
 92
       19
 93
        0
 94
        2
 91
       20
 91
       24
 92
       -1
 92
       -1
 92
       17
 92
       -1
 92
       -1
 92
       20
 93
        0
 94
        1
 91
       25
 91
       27
 92
       -1
 92
       -1
 92
       -1
 92
       21
 92
       -1
 92
       21
 93
        0
 94
        1
 91
       25
 91
       28
 92
       -1
 92
       -1
 92
       20
 92
       23
 92
       -1
 92
       22
 93
        0
 94
        2
 91
       26
 91
       25
 92
       -1
 92
       -1
 92
       -1
 92
       -1
 92
       -1
 92
       23
 93
        0
 94
        2
 91
       25
 91
       29
 92
       -1
 92
       -1
 92
       21
 92
       24
 92
       -1
 92
       24
 93
        0
 94
        2
 91
       25
 91
       30
 92
       -1
 92
       -1
 92
       23
 92
       -1
 92
       -1
 92
       25
 93
        0
 94
        1
 91
       31
 91
       33
 92
       -1
 92
       -1
 92
       -1
 92
       26
 92
       -1
 92
       26
 93
        0
 94
        1
 91
       31
 91
       34
 92
       -1
 92
       -1
 92
       25
 92
       28
 92
       -1
 92
       27
 93
        0
 94
        2
 91
       32
 91
       31
 92
       -1
 92
       -1
 92
       -1
 92
       -1
 92
       -1
 92
       28
 93
        0
 94
        2
 91
       31
 91
       35
 92
       -1
 92
       -1
 92
       26
 92
       -1
 92
       -1
 92
       29
 93
        0
 94
        1
 91
       36
 91
       38
 92
       -1
 92
       -1
 92
       -1
 92
       30
 92
       -1
 92
       30
 93
        0
 94
        1
 91
       36
 91
       39
 92
       -1
 92
       -1
 92
       29
 92
       61
 92
       -1
 92
       31
 93
        0
 94
        2
 91
       37
 91
       36
 92
       -1
 92
       -1
 92
       -1
 92
       -1
 92
       -1
 92
       32
 93
        0
 94
        1
 91
       40
 91
       42
 92
       -1
 92
       -1
 92
       -1
 92
       33
 92
       -1
 92
       33
 93
        0
 94
        1
 91
       40
 91
       43
 92
       -1
 92
       -1
 92
       32
 92
       35
 92
       -1
 92
       34
 93
        0
 94
        2
 91
       41
 91
       40
 92
       -1
 92
       -1
 92
       -1
 92
       -1
 92
       -1
 92
       35
 93
        0
 94
        2
 91
       40
 91
       44
 92
       -1
 92
       -1
 92
       33
 92
       36
 92
       -1
 92
       36
 93
        0
 94
        2
 91
       40
 91
       45
 92
       -1
 92
       -1
 92
       35
 92
       -1
 92
       -1
 92
       37
 93
        0
 94
        1
 91
       47
 91
       46
 92
       -1
 92
       58
 92
       -1
 92
       -1
 92
       -1
 92
       38
 93
        0
 94
        1
 91
       46
 91
       48
 92
       -1
 92
       -1
 92
       -1
 92
       39
 92
       -1
 92
       39
 93
        0
 94
        1
 91
       46
 91
       49
 92
       -1
 92
       -1
 92
       38
 92
       59
 92
       -1
 92
       40
 93
        0
 94
        1
 91
       50
 91
       52
 92
       -1
 92
       -1
 92
       -1
 92
       41
 92
       -1
 92
       41
 93
        0
 94
        1
 91
       50
 91
       53
 92
       -1
 92
       -1
 92
       40
 92
       43
 92
       -1
 92
       42
 93
        0
 94
        2
 91
       51
 91
       50
 92
       -1
 92
       45
 92
       -1
 92
       -1
 92
       -1
 92
       43
 93
        0
 94
        1
 91
       50
 91
       55
 92
       -1
 92
       -1
 92
       41
 92
       44
 92
       -1
 92
       44
 93
        0
 94
        1
 91
       50
 91
       56
 92
       -1
 92
       -1
 92
       43
 92
       46
 92
       -1
 92
       45
 93
        0
 94
        2
 91
       54
 91
       50
 92
       42
 92
       48
 92
       -1
 92
       -1
 92
       -1
 92
       46
 93
        0
 94
        1
 91
       50
 91
       58
 92
       -1
 92
       -1
 92
       44
 92
       47
 92
       -1
 92
       47
 93
        0
 94
        1
 91
       50
 91
       59
 92
       -1
 92
       -1
 92
       46
 92
       49
 92
       -1
 92
       48
 93
        0
 94
        2
 91
       57
 91
       50
 92
       45
 92
       51
 92
       -1
 92
       -1
 92
       -1
 92
       49
 93
        0
 94
        1
 91
       50
 91
       61
 92
       -1
 92
       -1
 92
       47
 92
       50
 92
       -1
 92
       50
 93
        0
 94
        1
 91
       50
 91
       62
 92
       -1
 92
       -1
 92
       49
 92
       52
 92
       -1
 92
       51
 93
        0
 94
        2
 91
       60
 91
       50
 92
       48
 92
       57
 92
       -1
 92
       -1
 92
       -1
 92
       52
 93
        0
 94
        2
 91
       50
 91
       64
 92
       -1
 92
       -1
 92
       50
 92
       53
 92
       -1
 92
       53
 93
        0
 94
        2
 91
       50
 91
       65
 92
       -1
 92
       -1
 92
       52
 92
       54
 92
       -1
 92
       54
 93
        0
 94
        2
 91
       50
 91
       66
 92
       -1
 92
       -1
 92
       53
 92
       55
 92
       -1
 92
       55
 93
        0
 94
        2
 91
       50
 91
       67
 92
       -1
 92
       -1
 92
       54
 92
       56
 92
       -1
 92
       56
 93
        4
 94
        2
 91
       50
 91
       63
 92
       -1
 92
       59
 92
       55
 92
       -1
 92
       57
 92
       57
 93
        4
 94
        2
 91
       63
 91
       50
 92
       51
 92
       -1
 92
       -1
 92
       58
 92
       56
 92
       58
 93
        4
 94
        1
 91
       63
 91
       46
 92
       37
 92
       -1
 92
       57
 92
       -1
 92
       59
 92
       59
 93
        4
 94
        1
 91
       46
 91
       63
 92
       56
 92
       -1
 92
       39
 92
       -1
 92
       58
 92
       60
 93
        0
 94
        2
 91
        4
 91
       68
 92
       -1
 92
       -1
 92
        7
 92
       -1
 92
       -1
 92
       61
 93
        0
 94
        2
 91
       36
 91
       69
 92
       -1
 92
       -1
 92
       30
 92
       -1
 92
       -1
 92
       62
 93
        0
 94
        2
 91
       15
 91
       70
 92
       -1
 92
       -1
 92
       15
 92
       63
 92
       -1
 92
       63
 93
        0
 94
        2
 91
       15
 91
       71
 92
       -1
 92
       -1
 92
       62
 92
       -1
 92
       -1
 92
       64
 93
        0
 94
        1
 91
       72
 91
       75
 92
       -1
 92
       -1
 92
       -1
 92
       65
 92
       -1
 92
       65
 93
        0
 94
        1
 91
       72
 91
       76
 92
       -1
 92
       -1
 92
       64
 92
       66
 92
       -1
 92
       66
 93
        0
 94
        1
 91
       72
 91
       74
 92
       -1
 92
       -1
 92
       65
 92
       68
 92
       -1
 92
       67
 93
        0
 94
        1
 91
       73
 91
       72
 92
       -1
 92
       -1
 92
       -1
 92
       -1
 92
       -1
 92
       68
 93
        0
 94
        4
 91
       72
 91
       77
 92
       -1
 92
       -1
 92
       66
 92
       -1
 92
       -1
 92
       69
 93
        0
 94
        1
 91
       78
 91
       80
 92
       -1
 92
       -1
 92
       -1
 92
       70
 92
       -1
 92
       70
 93
        0
 94
        1
 91
       78
 91
       81
 92
       -1
 92
       -1
 92
       69
 92
       75
 92
       -1
 92
       71
 93
        0
 94
        2
 91
       79
 91
       78
 92
       -1
 92
       -1
 92
       -1
 92
       -1
 92
       -1
 92
       72
 93
        0
 94
        1
 91
       82
 91
       84
 92
       -1
 92
       -1
 92
       -1
 92
       73
 92
       -1
 92
       73
 93
        0
 94
        1
 91
       82
 91
       85
 92
       -1
 92
       -1
 92
       72
 92
       78
 92
       -1
 92
       74
 93
        0
 94
        2
 91
       83
 91
       82
 92
       -1
 92
       -1
 92
       -1
 92
       -1
 92
       -1
 92
       75
 93
        0
 94
        2
 91
       78
 91
       86
 92
       -1
 92
       -1
 92
       70
 92
       76
 92
       -1
 92
       76
 93
        0
 94
        2
 91
       78
 91
       87
 92
       -1
 92
       -1
 92
       75
 92
       77
 92
       -1
 92
       77
 93
        0
 94
        2
 91
       78
 91
       88
 92
       -1
 92
       -1
 92
       76
 92
       81
 92
       -1
 92
       78
 93
        0
 94
        2
 91
       82
 91
       89
 92
       -1
 92
       -1
 92
       73
 92
       79
 92
       -1
 92
       79
 93
        0
 94
        2
 91
       82
 91
       90
 92
       -1
 92
       -1
 92
       78
 92
       80
 92
       -1
 92
       80
 93
        0
 94
        2
 91
       82
 91
       91
 92
       -1
 92
       -1
 92
       79
 92
       -1
 92
       -1
 92
       81
 93
        0
 94
        2
 91
       78
 91
       92
 92
       -1
 92
       -1
 92
       77
 92
       -1
 92
       -1
 92
       82
 93
        0
 94
        1
 91
       93
 91
       95
 92
       -1
 92
       -1
 92
       -1
 92
       83
 92
       -1
 92
       83
 93
        0
 94
        1
 91
       93
 91
       96
 92
       -1
 92
       -1
 92
       82
 92
       85
 92
       -1
 92
       84
 93
        0
 94
        2
 91
       94
 91
       93
 92
       -1
 92
       -1
 92
       -1
 92
       -1
 92
       -1
 92
       85
 93
        0
 94
        2
 91
       93
 91
       97
 92
       -1
 92
       -1
 92
       83
 92
       86
 92
       -1
 92
       86
 93
        0
 94
        2
 91
       93
 91
       98
 92
       -1
 92
       -1
 92
       85
 92
       87
 92
       -1
 92
       87
 93
        0
 94
        2
 91
       93
 91
       99
 92
       -1
 92
       -1
 92
       86
 92
       -1
 92
       -1
 92
       88
 93
        0
 94
        1
 91
      100
 91
      102
 92
       -1
 92
       -1
 92
       -1
 92
       89
 92
       -1
 92
       89
 93
        0
 94
        1
 91
      100
 91
      103
 92
       -1
 92
       -1
 92
       88
 92
       91
 92
       -1
 92
       90
 93
        0
 94
        2
 91
      101
 91
      100
 92
       -1
 92
       -1
 92
       -1
 92
       -1
 92
       -1
 92
       91
 93
        0
 94
        2
 91
      100
 91
      104
 92
       -1
 92
       -1
 92
       89
 92
       -1
 92
       -1
 92
       92
 93
        0
 94
        1
 91
      105
 91
      107
 92
       -1
 92
       -1
 92
       -1
 92
       93
 92
       -1
 92
       93
 93
        0
 94
        1
 91
      105
 91
      108
 92
       -1
 92
       -1
 92
       92
 92
      103
 92
       -1
 92
       94
 93
        0
 94
        2
 91
      106
 91
      105
 92
       -1
 92
       -1
 92
       -1
 92
       -1
 92
       -1
 92
       95
 93
        0
 94
        1
 91
      109
 91
      111
 92
       -1
 92
       -1
 92
       -1
 92
       96
 92
       -1
 92
       96
 93
        0
 94
        1
 91
      109
 91
      112
 92
       -1
 92
       -1
 92
       95
 92
      101
 92
       -1
 92
       97
 93
        0
 94
        2
 91
      110
 91
      109
 92
       -1
 92
       -1
 92
       -1
 92
       -1
 92
       -1
 92
       98
 93
        0
 94
        1
 91
      113
 91
      115
 92
       -1
 92
       -1
 92
       -1
 92
       99
 92
       -1
 92
       99
 93
        0
 94
        1
 91
      113
 91
      116
 92
       -1
 92
       -1
 92
       98
 92
      107
 92
       -1
 92
      100
 93
        0
 94
        2
 91
      114
 91
      113
 92
       -1
 92
       -1
 92
       -1
 92
       -1
 92
       -1
 92
      101
 93
        0
 94
        2
 91
      109
 91
      117
 92
       -1
 92
       -1
 92
       96
 92
      102
 92
       -1
 92
      102
 93
        0
 94
        2
 91
      109
 91
      118
 92
       -1
 92
       -1
 92
      101
 92
       -1
 92
       -1
 92
      103
 93
        0
 94
        2
 91
      105
 91
      119
 92
       -1
 92
       -1
 92
       93
 92
      110
 92
       -1
 92
      104
 93
        0
 94
        1
 91
      120
 91
      122
 92
       -1
 92
       -1
 92
       -1
 92
      105
 92
       -1
 92
      105
 93
        0
 94
        1
 91
      120
 91
      123
 92
       -1
 92
       -1
 92
      104
 92
      111
 92
       -1
 92
      106
 93
        0
 94
        2
 91
      121
 91
      120
 92
       -1
 92
       -1
 92
       -1
 92
       -1
 92
       -1
 92
      107
 93
        0
 94
        2
 91
      113
 91
      124
 92
       -1
 92
       -1
 92
       99
 92
      108
 92
       -1
 92
      108
 93
        0
 94
        2
 91
      113
 91
      125
 92
       -1
 92
       -1
 92
      107
 92
      109
 92
       -1
 92
      109
 93
        0
 94
        2
 91
      113
 91
      126
 92
       -1
 92
       -1
 92
      108
 92
       -1
 92
       -1
 92
      110
 93
        0
 94
        2
 91
      105
 91
      127
 92
       -1
 92
       -1
 92
      103
 92
       -1
 92
       -1
 92
      111
 93
        0
 94
        2
 91
      120
 91
      128
 92
       -1
 92
       -1
 92
      105
 92
      112
 92
       -1
 92
      112
 93
        0
 94
        2
 91
      120
 91
      129
 92
       -1
 92
       -1
 92
      111
 92
       -1
 92
       -1
 92
      113
 93
        0
 94
        1
 91
      130
 91
      132
 92
       -1
 92
       -1
 92
       -1
 92
      114
 92
       -1
 92
      114
 93
        0
 94
        1
 91
      130
 91
      133
 92
       -1
 92
       -1
 92
      113
 92
      116
 92
       -1
 92
      115
 93
        0
 94
        2
 91
      131
 91
      130
 92
       -1
 92
       -1
 92
       -1
 92
       -1
 92
       -1
 92
      116
 93
        0
 94
        2
 91
      130
 91
      134
 92
       -1
 92
       -1
 92
      114
 92
      117
 92
       -1
 92
      117
 93
        0
 94
        2
 91
      130
 91
      135
 92
       -1
 92
       -1
 92
      116
 92
       -1
 92
       -1
  0
SORTENTSTABLE
  5
85D
102
{ACAD_REACTORS
330
7D2
102
}
330
7D2
100
AcDbSortentsTable
330
2
331
6E9
  5
6EB
331
6EA
  5
6EC
331
6EB
  5
6ED
331
6EC
  5
6EE
331
6ED
  5
6EF
331
6EE
  5
6F0
331
6EF
  5
6F1
331
6F0
  5
6F2
331
6F1
  5
6F3
331
6F2
  5
6F4
331
6F3
  5
6F5
331
6F4
  5
6F6
331
6F5
  5
6F7
331
6F6
  5
6F8
331
6F7
  5
6F9
331
6F8
  5
6FA
331
6F9
  5
6FB
331
6FA
  5
6FC
331
6FB
  5
6FD
331
6FC
  5
6FE
331
6FD
  5
6FF
331
6FE
  5
700
331
6FF
  5
701
331
700
  5
702
331
701
  5
703
331
702
  5
704
331
703
  5
705
331
704
  5
706
331
705
  5
707
331
706
  5
708
331
707
  5
709
331
708
  5
70A
331
709
  5
70B
331
70A
  5
70C
331
70B
  5
70D
331
70C
  5
70E
331
70D
  5
70F
331
70E
  5
710
331
70F
  5
711
331
710
  5
712
331
711
  5
713
331
712
  5
714
331
713
  5
715
331
714
  5
716
331
715
  5
717
331
716
  5
718
331
717
  5
719
331
718
  5
71A
331
719
  5
71B
331
71A
  5
71C
331
71B
  5
71D
331
71C
  5
71E
331
71D
  5
71F
331
71E
  5
720
331
71F
  5
721
331
720
  5
722
331
721
  5
723
331
722
  5
724
331
723
  5
725
331
724
  5
726
331
725
  5
727
331
726
  5
728
331
727
  5
729
331
728
  5
72A
331
729
  5
72B
331
72A
  5
72C
331
72B
  5
72D
331
72C
  5
72E
331
72D
  5
72F
331
72E
  5
730
331
72F
  5
731
331
730
  5
732
331
731
  5
733
331
732
  5
734
331
733
  5
735
331
734
  5
736
331
735
  5
737
331
736
  5
738
331
737
  5
739
331
738
  5
73A
331
739
  5
73B
331
73A
  5
73C
331
73B
  5
73D
331
73C
  5
73E
331
73D
  5
73F
331
73E
  5
740
331
73F
  5
741
331
740
  5
742
331
741
  5
743
331
742
  5
744
331
743
  5
745
331
744
  5
746
331
745
  5
747
331
746
  5
748
331
747
  5
749
331
748
  5
74A
331
749
  5
74B
331
74A
  5
74C
331
74B
  5
74D
331
74C
  5
74E
331
74D
  5
74F
331
74E
  5
750
331
74F
  5
751
331
750
  5
752
331
751
  5
753
331
752
  5
754
331
753
  5
755
331
754
  5
756
331
755
  5
757
331
756
  5
758
331
757
  5
759
331
758
  5
75A
331
759
  5
75B
331
75A
  5
75C
331
75B
  5
75D
331
75C
  5
75E
331
75D
  5
75F
331
75E
  5
760
331
75F
  5
761
331
760
  5
762
331
761
  5
763
331
762
  5
764
331
763
  5
765
331
764
  5
766
331
765
  5
767
331
766
  5
768
331
767
  5
769
331
768
  5
76A
331
769
  5
76B
331
76A
  5
76C
331
76B
  5
76D
331
76C
  5
76E
331
76D
  5
76F
331
76E
  5
770
331
76F
  5
771
331
770
  5
772
331
771
  5
773
331
772
  5
774
331
773
  5
775
331
774
  5
776
331
775
  5
777
331
776
  5
778
331
777
  5
779
331
778
  5
77A
331
779
  5
77B
331
77A
  5
77C
331
77B
  5
77D
331
77C
  5
77E
331
77D
  5
77F
331
77E
  5
780
331
77F
  5
781
331
780
  5
782
331
781
  5
783
331
782
  5
784
331
783
  5
785
331
784
  5
786
331
785
  5
787
331
786
  5
788
331
787
  5
789
331
788
  5
78A
331
789
  5
78B
331
78A
  5
78C
331
78B
  5
78D
331
78C
  5
78E
331
78D
  5
78F
331
78E
  5
790
331
78F
  5
791
331
790
  5
792
331
791
  5
793
331
792
  5
794
331
793
  5
795
331
794
  5
796
331
795
  5
797
331
796
  5
798
331
797
  5
799
331
798
  5
79A
331
799
  5
79B
331
79A
  5
79C
331
79B
  5
79D
331
79C
  5
79E
331
79D
  5
79F
331
79E
  5
7A0
331
79F
  5
7A1
331
7A0
  5
7A2
331
7A1
  5
7A3
331
7A2
  5
7A4
331
7A3
  5
7A5
331
7A4
  5
7A6
331
7A5
  5
7A7
331
7A6
  5
7A8
331
7A7
  5
7A9
331
7A8
  5
7AA
331
7A9
  5
7AB
331
7AA
  5
7AC
331
7AB
  5
7AD
331
7AC
  5
6E9
331
7AD
  5
6EA
  0
ACAD_EVALUATION_GRAPH
  5
641
102
{ACAD_REACTORS
330
640
102
}
330
640
100
AcDbEvalGraph
 96
      392
 97
      392
 91
        0
 93
       32
 95
      132
360
642
 92
        0
 92
        0
 92
        1
 92
        2
 91
        1
 93
       32
 95
      133
360
643
 92
       -1
 92
       -1
 92
        0
 92
        0
 91
        2
 93
       32
 95
      134
360
644
 92
        1
 92
        1
 92
       -1
 92
       -1
 91
        3
 93
       32
 95
      135
360
645
 92
        2
 92
        2
 92
       -1
 92
       -1
 91
        4
 93
       32
 95
      149
360
646
 92
        5
 92
        5
 92
        3
 92
       60
 91
        5
 93
       32
 95
      150
360
647
 92
       -1
 92
       -1
 92
        5
 92
        5
 91
        6
 93
       32
 95
      151
360
648
 92
        3
 92
        3
 92
       -1
 92
       -1
 91
        7
 93
       32
 95
      152
360
649
 92
        4
 92
        4
 92
       -1
 92
       -1
 91
        8
 93
       32
 95
      154
360
64A
 92
        6
 92
        6
 92
       -1
 92
       -1
 91
        9
 93
       32
 95
      155
360
64B
 92
        7
 92
        7
 92
       -1
 92
       -1
 91
       10
 93
       32
 95
      157
360
64C
 92
       10
 92
       10
 92
        8
 92
       11
 91
       11
 93
       32
 95
      158
360
64D
 92
       -1
 92
       -1
 92
       10
 92
       10
 91
       12
 93
       32
 95
      159
360
64E
 92
        8
 92
        8
 92
       -1
 92
       -1
 91
       13
 93
       32
 95
      160
360
64F
 92
        9
 92
        9
 92
       -1
 92
       -1
 91
       14
 93
       32
 95
      163
360
650
 92
       11
 92
       11
 92
       -1
 92
       -1
 91
       15
 93
       32
 95
      165
360
651
 92
       14
 92
       14
 92
       12
 92
       63
 91
       16
 93
       32
 95
      166
360
652
 92
       -1
 92
       -1
 92
       14
 92
       14
 91
       17
 93
       32
 95
      167
360
653
 92
       12
 92
       12
 92
       -1
 92
       -1
 91
       18
 93
       32
 95
      168
360
654
 92
       13
 92
       13
 92
       -1
 92
       -1
 91
       19
 93
       32
 95
      170
360
655
 92
       15
 92
       15
 92
       -1
 92
       -1
 91
       20
 93
       32
 95
      173
360
656
 92
       18
 92
       18
 92
       16
 92
       19
 91
       21
 93
       32
 95
      174
360
657
 92
       -1
 92
       -1
 92
       18
 92
       18
 91
       22
 93
       32
 95
      175
360
658
 92
       16
 92
       16
 92
       -1
 92
       -1
 91
       23
 93
       32
 95
      176
360
659
 92
       17
 92
       17
 92
       -1
 92
       -1
 91
       24
 93
       32
 95
      180
360
65A
 92
       19
 92
       19
 92
       -1
 92
       -1
 91
       25
 93
       32
 95
      183
360
65B
 92
       22
 92
       22
 92
       20
 92
       24
 91
       26
 93
       32
 95
      184
360
65C
 92
       -1
 92
       -1
 92
       22
 92
       22
 91
       27
 93
       32
 95
      185
360
65D
 92
       20
 92
       20
 92
       -1
 92
       -1
 91
       28
 93
       32
 95
      186
360
65E
 92
       21
 92
       21
 92
       -1
 92
       -1
 91
       29
 93
       32
 95
      189
360
65F
 92
       23
 92
       23
 92
       -1
 92
       -1
 91
       30
 93
       32
 95
      190
360
660
 92
       24
 92
       24
 92
       -1
 92
       -1
 91
       31
 93
       32
 95
      201
360
661
 92
       27
 92
       27
 92
       25
 92
       28
 91
       32
 93
       32
 95
      202
360
662
 92
       -1
 92
       -1
 92
       27
 92
       27
 91
       33
 93
       32
 95
      203
360
663
 92
       25
 92
       25
 92
       -1
 92
       -1
 91
       34
 93
       32
 95
      204
360
664
 92
       26
 92
       26
 92
       -1
 92
       -1
 91
       35
 93
       32
 95
      206
360
665
 92
       28
 92
       28
 92
       -1
 92
       -1
 91
       36
 93
       32
 95
      208
360
666
 92
       31
 92
       31
 92
       29
 92
       61
 91
       37
 93
       32
 95
      209
360
667
 92
       -1
 92
       -1
 92
       31
 92
       31
 91
       38
 93
       32
 95
      210
360
668
 92
       29
 92
       29
 92
       -1
 92
       -1
 91
       39
 93
       32
 95
      211
360
669
 92
       30
 92
       30
 92
       -1
 92
       -1
 91
       40
 93
       32
 95
      215
360
66A
 92
       34
 92
       34
 92
       32
 92
       36
 91
       41
 93
       32
 95
      216
360
66B
 92
       -1
 92
       -1
 92
       34
 92
       34
 91
       42
 93
       32
 95
      217
360
66C
 92
       32
 92
       32
 92
       -1
 92
       -1
 91
       43
 93
       32
 95
      218
360
66D
 92
       33
 92
       33
 92
       -1
 92
       -1
 91
       44
 93
       32
 95
      220
360
66E
 92
       35
 92
       35
 92
       -1
 92
       -1
 91
       45
 93
       32
 95
      221
360
66F
 92
       36
 92
       36
 92
       -1
 92
       -1
 91
       46
 93
       32
 95
      228
360
670
 92
       37
 92
       58
 92
       38
 92
       59
 91
       47
 93
       32
 95
      229
360
671
 92
       -1
 92
       -1
 92
       37
 92
       37
 91
       48
 93
       32
 95
      230
360
672
 92
       38
 92
       38
 92
       -1
 92
       -1
 91
       49
 93
       32
 95
      231
360
673
 92
       39
 92
       39
 92
       -1
 92
       -1
 91
       50
 93
       32
 95
      243
360
674
 92
       42
 92
       57
 92
       40
 92
       56
 91
       51
 93
       32
 95
      244
360
675
 92
       -1
 92
       -1
 92
       42
 92
       42
 91
       52
 93
       32
 95
      245
360
676
 92
       40
 92
       40
 92
       -1
 92
       -1
 91
       53
 93
       32
 95
      246
360
677
 92
       41
 92
       41
 92
       -1
 92
       -1
 91
       54
 93
       32
 95
      247
360
678
 92
       -1
 92
       -1
 92
       45
 92
       45
 91
       55
 93
       32
 95
      248
360
679
 92
       43
 92
       43
 92
       -1
 92
       -1
 91
       56
 93
       32
 95
      249
360
67A
 92
       44
 92
       44
 92
       -1
 92
       -1
 91
       57
 93
       32
 95
      250
360
67B
 92
       -1
 92
       -1
 92
       48
 92
       48
 91
       58
 93
       32
 95
      251
360
67C
 92
       46
 92
       46
 92
       -1
 92
       -1
 91
       59
 93
       32
 95
      252
360
67D
 92
       47
 92
       47
 92
       -1
 92
       -1
 91
       60
 93
       32
 95
      253
360
67E
 92
       -1
 92
       -1
 92
       51
 92
       51
 91
       61
 93
       32
 95
      254
360
67F
 92
       49
 92
       49
 92
       -1
 92
       -1
 91
       62
 93
       32
 95
      255
360
680
 92
       50
 92
       50
 92
       -1
 92
       -1
 91
       63
 93
       32
 95
      258
360
681
 92
       56
 92
       59
 92
       57
 92
       58
 91
       64
 93
       32
 95
      259
360
682
 92
       52
 92
       52
 92
       -1
 92
       -1
 91
       65
 93
       32
 95
      260
360
683
 92
       53
 92
       53
 92
       -1
 92
       -1
 91
       66
 93
       32
 95
      261
360
684
 92
       54
 92
       54
 92
       -1
 92
       -1
 91
       67
 93
       32
 95
      262
360
685
 92
       55
 92
       55
 92
       -1
 92
       -1
 91
       68
 93
       32
 95
      264
360
686
 92
       60
 92
       60
 92
       -1
 92
       -1
 91
       69
 93
       32
 95
      265
360
687
 92
       61
 92
       61
 92
       -1
 92
       -1
 91
       70
 93
       32
 95
      267
360
688
 92
       62
 92
       62
 92
       -1
 92
       -1
 91
       71
 93
       32
 95
      269
360
689
 92
       63
 92
       63
 92
       -1
 92
       -1
 91
       72
 93
       32
 95
      286
360
68A
 92
       67
 92
       67
 92
       64
 92
       68
 91
       73
 93
       32
 95
      287
360
68B
 92
       -1
 92
       -1
 92
       67
 92
       67
 91
       74
 93
       32
 95
      288
360
68C
 92
       66
 92
       66
 92
       -1
 92
       -1
 91
       75
 93
       32
 95
      289
360
68D
 92
       64
 92
       64
 92
       -1
 92
       -1
 91
       76
 93
       32
 95
      290
360
68E
 92
       65
 92
       65
 92
       -1
 92
       -1
 91
       77
 93
       32
 95
      291
360
68F
 92
       68
 92
       68
 92
       -1
 92
       -1
 91
       78
 93
       32
 95
      292
360
690
 92
       71
 92
       71
 92
       69
 92
       81
 91
       79
 93
       32
 95
      293
360
691
 92
       -1
 92
       -1
 92
       71
 92
       71
 91
       80
 93
       32
 95
      294
360
692
 92
       69
 92
       69
 92
       -1
 92
       -1
 91
       81
 93
       32
 95
      295
360
693
 92
       70
 92
       70
 92
       -1
 92
       -1
 91
       82
 93
       32
 95
      297
360
694
 92
       74
 92
       74
 92
       72
 92
       80
 91
       83
 93
       32
 95
      298
360
695
 92
       -1
 92
       -1
 92
       74
 92
       74
 91
       84
 93
       32
 95
      299
360
696
 92
       72
 92
       72
 92
       -1
 92
       -1
 91
       85
 93
       32
 95
      300
360
697
 92
       73
 92
       73
 92
       -1
 92
       -1
 91
       86
 93
       32
 95
      304
360
698
 92
       75
 92
       75
 92
       -1
 92
       -1
 91
       87
 93
       32
 95
      305
360
699
 92
       76
 92
       76
 92
       -1
 92
       -1
 91
       88
 93
       32
 95
      306
360
69A
 92
       77
 92
       77
 92
       -1
 92
       -1
 91
       89
 93
       32
 95
      307
360
69B
 92
       78
 92
       78
 92
       -1
 92
       -1
 91
       90
 93
       32
 95
      310
360
69C
 92
       79
 92
       79
 92
       -1
 92
       -1
 91
       91
 93
       32
 95
      311
360
69D
 92
       80
 92
       80
 92
       -1
 92
       -1
 91
       92
 93
       32
 95
      313
360
69E
 92
       81
 92
       81
 92
       -1
 92
       -1
 91
       93
 93
       32
 95
      320
360
69F
 92
       84
 92
       84
 92
       82
 92
       87
 91
       94
 93
       32
 95
      321
360
6A0
 92
       -1
 92
       -1
 92
       84
 92
       84
 91
       95
 93
       32
 95
      322
360
6A1
 92
       82
 92
       82
 92
       -1
 92
       -1
 91
       96
 93
       32
 95
      323
360
6A2
 92
       83
 92
       83
 92
       -1
 92
       -1
 91
       97
 93
       32
 95
      327
360
6A3
 92
       85
 92
       85
 92
       -1
 92
       -1
 91
       98
 93
       32
 95
      329
360
6A4
 92
       86
 92
       86
 92
       -1
 92
       -1
 91
       99
 93
       32
 95
      330
360
6A5
 92
       87
 92
       87
 92
       -1
 92
       -1
 91
      100
 93
       32
 95
      332
360
6A6
 92
       90
 92
       90
 92
       88
 92
       91
 91
      101
 93
       32
 95
      333
360
6A7
 92
       -1
 92
       -1
 92
       90
 92
       90
 91
      102
 93
       32
 95
      334
360
6A8
 92
       88
 92
       88
 92
       -1
 92
       -1
 91
      103
 93
       32
 95
      335
360
6A9
 92
       89
 92
       89
 92
       -1
 92
       -1
 91
      104
 93
       32
 95
      342
360
6AA
 92
       91
 92
       91
 92
       -1
 92
       -1
 91
      105
 93
       32
 95
      345
360
6AB
 92
       94
 92
       94
 92
       92
 92
      110
 91
      106
 93
       32
 95
      346
360
6AC
 92
       -1
 92
       -1
 92
       94
 92
       94
 91
      107
 93
       32
 95
      347
360
6AD
 92
       92
 92
       92
 92
       -1
 92
       -1
 91
      108
 93
       32
 95
      348
360
6AE
 92
       93
 92
       93
 92
       -1
 92
       -1
 91
      109
 93
       32
 95
      350
360
6AF
 92
       97
 92
       97
 92
       95
 92
      102
 91
      110
 93
       32
 95
      351
360
6B0
 92
       -1
 92
       -1
 92
       97
 92
       97
 91
      111
 93
       32
 95
      352
360
6B1
 92
       95
 92
       95
 92
       -1
 92
       -1
 91
      112
 93
       32
 95
      353
360
6B2
 92
       96
 92
       96
 92
       -1
 92
       -1
 91
      113
 93
       32
 95
      355
360
6B3
 92
      100
 92
      100
 92
       98
 92
      109
 91
      114
 93
       32
 95
      356
360
6B4
 92
       -1
 92
       -1
 92
      100
 92
      100
 91
      115
 93
       32
 95
      357
360
6B5
 92
       98
 92
       98
 92
       -1
 92
       -1
 91
      116
 93
       32
 95
      358
360
6B6
 92
       99
 92
       99
 92
       -1
 92
       -1
 91
      117
 93
       32
 95
      365
360
6B7
 92
      101
 92
      101
 92
       -1
 92
       -1
 91
      118
 93
       32
 95
      366
360
6B8
 92
      102
 92
      102
 92
       -1
 92
       -1
 91
      119
 93
       32
 95
      368
360
6B9
 92
      103
 92
      103
 92
       -1
 92
       -1
 91
      120
 93
       32
 95
      371
360
6BA
 92
      106
 92
      106
 92
      104
 92
      112
 91
      121
 93
       32
 95
      372
360
6BB
 92
       -1
 92
       -1
 92
      106
 92
      106
 91
      122
 93
       32
 95
      373
360
6BC
 92
      104
 92
      104
 92
       -1
 92
       -1
 91
      123
 93
       32
 95
      374
360
6BD
 92
      105
 92
      105
 92
       -1
 92
       -1
 91
      124
 93
       32
 95
      376
360
6BE
 92
      107
 92
      107
 92
       -1
 92
       -1
 91
      125
 93
       32
 95
      377
360
6BF
 92
      108
 92
      108
 92
       -1
 92
       -1
 91
      126
 93
       32
 95
      378
360
6C0
 92
      109
 92
      109
 92
       -1
 92
       -1
 91
      127
 93
       32
 95
      379
360
6C1
 92
      110
 92
      110
 92
       -1
 92
       -1
 91
      128
 93
       32
 95
      380
360
6C2
 92
      111
 92
      111
 92
       -1
 92
       -1
 91
      129
 93
       32
 95
      381
360
6C3
 92
      112
 92
      112
 92
       -1
 92
       -1
 91
      130
 93
       32
 95
      382
360
6C4
 92
      115
 92
      115
 92
      113
 92
      117
 91
      131
 93
       32
 95
      383
360
6C5
 92
       -1
 92
       -1
 92
      115
 92
      115
 91
      132
 93
       32
 95
      384
360
6C6
 92
      113
 92
      113
 92
       -1
 92
       -1
 91
      133
 93
       32
 95
      385
360
6C7
 92
      114
 92
      114
 92
       -1
 92
       -1
 91
      134
 93
       32
 95
      388
360
6C8
 92
      116
 92
      116
 92
       -1
 92
       -1
 91
      135
 93
       32
 95
      389
360
6C9
 92
      117
 92
      117
 92
       -1
 92
       -1
 91
      136
 93
       32
 95
      391
360
6CA
 92
       -1
 92
       -1
 92
       -1
 92
       -1
 92
        0
 93
        0
 94
        1
 91
        1
 91
        0
 92
       -1
 92
       -1
 92
       -1
 92
       -1
 92
       -1
 92
        1
 93
        0
 94
        1
 91
        0
 91
        2
 92
       -1
 92
       -1
 92
       -1
 92
        2
 92
       -1
 92
        2
 93
        0
 94
        1
 91
        0
 91
        3
 92
       -1
 92
       -1
 92
        1
 92
       -1
 92
       -1
 92
        3
 93
        0
 94
        1
 91
        4
 91
        6
 92
       -1
 92
       -1
 92
       -1
 92
        4
 92
       -1
 92
        4
 93
        0
 94
        1
 91
        4
 91
        7
 92
       -1
 92
       -1
 92
        3
 92
        6
 92
       -1
 92
        5
 93
        0
 94
        2
 91
        5
 91
        4
 92
       -1
 92
       -1
 92
       -1
 92
       -1
 92
       -1
 92
        6
 93
        0
 94
        2
 91
        4
 91
        8
 92
       -1
 92
       -1
 92
        4
 92
        7
 92
       -1
 92
        7
 93
        0
 94
        2
 91
        4
 91
        9
 92
       -1
 92
       -1
 92
        6
 92
       60
 92
       -1
 92
        8
 93
        0
 94
        1
 91
       10
 91
       12
 92
       -1
 92
       -1
 92
       -1
 92
        9
 92
       -1
 92
        9
 93
        0
 94
        1
 91
       10
 91
       13
 92
       -1
 92
       -1
 92
        8
 92
       11
 92
       -1
 92
       10
 93
        0
 94
        2
 91
       11
 91
       10
 92
       -1
 92
       -1
 92
       -1
 92
       -1
 92
       -1
 92
       11
 93
        0
 94
        2
 91
       10
 91
       14
 92
       -1
 92
       -1
 92
        9
 92
       -1
 92
       -1
 92
       12
 93
        0
 94
        1
 91
       15
 91
       17
 92
       -1
 92
       -1
 92
       -1
 92
       13
 92
       -1
 92
       13
 93
        0
 94
        1
 91
       15
 91
       18
 92
       -1
 92
       -1
 92
       12
 92
       15
 92
       -1
 92
       14
 93
        0
 94
        2
 91
       16
 91
       15
 92
       -1
 92
       -1
 92
       -1
 92
       -1
 92
       -1
 92
       15
 93
        0
 94
        2
 91
       15
 91
       19
 92
       -1
 92
       -1
 92
       13
 92
       62
 92
       -1
 92
       16
 93
        0
 94
        1
 91
       20
 91
       22
 92
       -1
 92
       -1
 92
       -1
 92
       17
 92
       -1
 92
       17
 93
        0
 94
        1
 91
       20
 91
       23
 92
       -1
 92
       -1
 92
       16
 92
       19
 92
       -1
 92
       18
 93
        0
 94
        2
 91
       21
 91
       20
 92
       -1
 92
       -1
 92
       -1
 92
       -1
 92
       -1
 92
       19
 93
        0
 94
        2
 91
       20
 91
       24
 92
       -1
 92
       -1
 92
       17
 92
       -1
 92
       -1
 92
       20
 93
        0
 94
        1
 91
       25
 91
       27
 92
       -1
 92
       -1
 92
       -1
 92
       21
 92
       -1
 92
       21
 93
        0
 94
        1
 91
       25
 91
       28
 92
       -1
 92
       -1
 92
       20
 92
       23
 92
       -1
 92
       22
 93
        0
 94
        2
 91
       26
 91
       25
 92
       -1
 92
       -1
 92
       -1
 92
       -1
 92
       -1
 92
       23
 93
        0
 94
        2
 91
       25
 91
       29
 92
       -1
 92
       -1
 92
       21
 92
       24
 92
       -1
 92
       24
 93
        0
 94
        2
 91
       25
 91
       30
 92
       -1
 92
       -1
 92
       23
 92
       -1
 92
       -1
 92
       25
 93
        0
 94
        1
 91
       31
 91
       33
 92
       -1
 92
       -1
 92
       -1
 92
       26
 92
       -1
 92
       26
 93
        0
 94
        1
 91
       31
 91
       34
 92
       -1
 92
       -1
 92
       25
 92
       28
 92
       -1
 92
       27
 93
        0
 94
        2
 91
       32
 91
       31
 92
       -1
 92
       -1
 92
       -1
 92
       -1
 92
       -1
 92
       28
 93
        0
 94
        2
 91
       31
 91
       35
 92
       -1
 92
       -1
 92
       26
 92
       -1
 92
       -1
 92
       29
 93
        0
 94
        1
 91
       36
 91
       38
 92
       -1
 92
       -1
 92
       -1
 92
       30
 92
       -1
 92
       30
 93
        0
 94
        1
 91
       36
 91
       39
 92
       -1
 92
       -1
 92
       29
 92
       61
 92
       -1
 92
       31
 93
        0
 94
        2
 91
       37
 91
       36
 92
       -1
 92
       -1
 92
       -1
 92
       -1
 92
       -1
 92
       32
 93
        0
 94
        1
 91
       40
 91
       42
 92
       -1
 92
       -1
 92
       -1
 92
       33
 92
       -1
 92
       33
 93
        0
 94
        1
 91
       40
 91
       43
 92
       -1
 92
       -1
 92
       32
 92
       35
 92
       -1
 92
       34
 93
        0
 94
        2
 91
       41
 91
       40
 92
       -1
 92
       -1
 92
       -1
 92
       -1
 92
       -1
 92
       35
 93
        0
 94
        2
 91
       40
 91
       44
 92
       -1
 92
       -1
 92
       33
 92
       36
 92
       -1
 92
       36
 93
        0
 94
        2
 91
       40
 91
       45
 92
       -1
 92
       -1
 92
       35
 92
       -1
 92
       -1
 92
       37
 93
        0
 94
        1
 91
       47
 91
       46
 92
       -1
 92
       58
 92
       -1
 92
       -1
 92
       -1
 92
       38
 93
        0
 94
        1
 91
       46
 91
       48
 92
       -1
 92
       -1
 92
       -1
 92
       39
 92
       -1
 92
       39
 93
        0
 94
        1
 91
       46
 91
       49
 92
       -1
 92
       -1
 92
       38
 92
       59
 92
       -1
 92
       40
 93
        0
 94
        1
 91
       50
 91
       52
 92
       -1
 92
       -1
 92
       -1
 92
       41
 92
       -1
 92
       41
 93
        0
 94
        1
 91
       50
 91
       53
 92
       -1
 92
       -1
 92
       40
 92
       43
 92
       -1
 92
       42
 93
        0
 94
        2
 91
       51
 91
       50
 92
       -1
 92
       45
 92
       -1
 92
       -1
 92
       -1
 92
       43
 93
        0
 94
        1
 91
       50
 91
       55
 92
       -1
 92
       -1
 92
       41
 92
       44
 92
       -1
 92
       44
 93
        0
 94
        1
 91
       50
 91
       56
 92
       -1
 92
       -1
 92
       43
 92
       46
 92
       -1
 92
       45
 93
        0
 94
        2
 91
       54
 91
       50
 92
       42
 92
       48
 92
       -1
 92
       -1
 92
       -1
 92
       46
 93
        0
 94
        1
 91
       50
 91
       58
 92
       -1
 92
       -1
 92
       44
 92
       47
 92
       -1
 92
       47
 93
        0
 94
        1
 91
       50
 91
       59
 92
       -1
 92
       -1
 92
       46
 92
       49
 92
       -1
 92
       48
 93
        0
 94
        2
 91
       57
 91
       50
 92
       45
 92
       51
 92
       -1
 92
       -1
 92
       -1
 92
       49
 93
        0
 94
        1
 91
       50
 91
       61
 92
       -1
 92
       -1
 92
       47
 92
       50
 92
       -1
 92
       50
 93
        0
 94
        1
 91
       50
 91
       62
 92
       -1
 92
       -1
 92
       49
 92
       52
 92
       -1
 92
       51
 93
        0
 94
        2
 91
       60
 91
       50
 92
       48
 92
       57
 92
       -1
 92
       -1
 92
       -1
 92
       52
 93
        0
 94
        2
 91
       50
 91
       64
 92
       -1
 92
       -1
 92
       50
 92
       53
 92
       -1
 92
       53
 93
        0
 94
        2
 91
       50
 91
       65
 92
       -1
 92
       -1
 92
       52
 92
       54
 92
       -1
 92
       54
 93
        0
 94
        2
 91
       50
 91
       66
 92
       -1
 92
       -1
 92
       53
 92
       55
 92
       -1
 92
       55
 93
        0
 94
        2
 91
       50
 91
       67
 92
       -1
 92
       -1
 92
       54
 92
       56
 92
       -1
 92
       56
 93
        4
 94
        2
 91
       50
 91
       63
 92
       -1
 92
       59
 92
       55
 92
       -1
 92
       57
 92
       57
 93
        4
 94
        2
 91
       63
 91
       50
 92
       51
 92
       -1
 92
       -1
 92
       58
 92
       56
 92
       58
 93
        4
 94
        1
 91
       63
 91
       46
 92
       37
 92
       -1
 92
       57
 92
       -1
 92
       59
 92
       59
 93
        4
 94
        1
 91
       46
 91
       63
 92
       56
 92
       -1
 92
       39
 92
       -1
 92
       58
 92
       60
 93
        0
 94
        2
 91
        4
 91
       68
 92
       -1
 92
       -1
 92
        7
 92
       -1
 92
       -1
 92
       61
 93
        0
 94
        2
 91
       36
 91
       69
 92
       -1
 92
       -1
 92
       30
 92
       -1
 92
       -1
 92
       62
 93
        0
 94
        2
 91
       15
 91
       70
 92
       -1
 92
       -1
 92
       15
 92
       63
 92
       -1
 92
       63
 93
        0
 94
        2
 91
       15
 91
       71
 92
       -1
 92
       -1
 92
       62
 92
       -1
 92
       -1
 92
       64
 93
        0
 94
        1
 91
       72
 91
       75
 92
       -1
 92
       -1
 92
       -1
 92
       65
 92
       -1
 92
       65
 93
        0
 94
        1
 91
       72
 91
       76
 92
       -1
 92
       -1
 92
       64
 92
       66
 92
       -1
 92
       66
 93
        0
 94
        1
 91
       72
 91
       74
 92
       -1
 92
       -1
 92
       65
 92
       68
 92
       -1
 92
       67
 93
        0
 94
        1
 91
       73
 91
       72
 92
       -1
 92
       -1
 92
       -1
 92
       -1
 92
       -1
 92
       68
 93
        0
 94
        4
 91
       72
 91
       77
 92
       -1
 92
       -1
 92
       66
 92
       -1
 92
       -1
 92
       69
 93
        0
 94
        1
 91
       78
 91
       80
 92
       -1
 92
       -1
 92
       -1
 92
       70
 92
       -1
 92
       70
 93
        0
 94
        1
 91
       78
 91
       81
 92
       -1
 92
       -1
 92
       69
 92
       75
 92
       -1
 92
       71
 93
        0
 94
        2
 91
       79
 91
       78
 92
       -1
 92
       -1
 92
       -1
 92
       -1
 92
       -1
 92
       72
 93
        0
 94
        1
 91
       82
 91
       84
 92
       -1
 92
       -1
 92
       -1
 92
       73
 92
       -1
 92
       73
 93
        0
 94
        1
 91
       82
 91
       85
 92
       -1
 92
       -1
 92
       72
 92
       78
 92
       -1
 92
       74
 93
        0
 94
        2
 91
       83
 91
       82
 92
       -1
 92
       -1
 92
       -1
 92
       -1
 92
       -1
 92
       75
 93
        0
 94
        2
 91
       78
 91
       86
 92
       -1
 92
       -1
 92
       70
 92
       76
 92
       -1
 92
       76
 93
        0
 94
        2
 91
       78
 91
       87
 92
       -1
 92
       -1
 92
       75
 92
       77
 92
       -1
 92
       77
 93
        0
 94
        2
 91
       78
 91
       88
 92
       -1
 92
       -1
 92
       76
 92
       81
 92
       -1
 92
       78
 93
        0
 94
        2
 91
       82
 91
       89
 92
       -1
 92
       -1
 92
       73
 92
       79
 92
       -1
 92
       79
 93
        0
 94
        2
 91
       82
 91
       90
 92
       -1
 92
       -1
 92
       78
 92
       80
 92
       -1
 92
       80
 93
        0
 94
        2
 91
       82
 91
       91
 92
       -1
 92
       -1
 92
       79
 92
       -1
 92
       -1
 92
       81
 93
        0
 94
        2
 91
       78
 91
       92
 92
       -1
 92
       -1
 92
       77
 92
       -1
 92
       -1
 92
       82
 93
        0
 94
        1
 91
       93
 91
       95
 92
       -1
 92
       -1
 92
       -1
 92
       83
 92
       -1
 92
       83
 93
        0
 94
        1
 91
       93
 91
       96
 92
       -1
 92
       -1
 92
       82
 92
       85
 92
       -1
 92
       84
 93
        0
 94
        2
 91
       94
 91
       93
 92
       -1
 92
       -1
 92
       -1
 92
       -1
 92
       -1
 92
       85
 93
        0
 94
        2
 91
       93
 91
       97
 92
       -1
 92
       -1
 92
       83
 92
       86
 92
       -1
 92
       86
 93
        0
 94
        2
 91
       93
 91
       98
 92
       -1
 92
       -1
 92
       85
 92
       87
 92
       -1
 92
       87
 93
        0
 94
        2
 91
       93
 91
       99
 92
       -1
 92
       -1
 92
       86
 92
       -1
 92
       -1
 92
       88
 93
        0
 94
        1
 91
      100
 91
      102
 92
       -1
 92
       -1
 92
       -1
 92
       89
 92
       -1
 92
       89
 93
        0
 94
        1
 91
      100
 91
      103
 92
       -1
 92
       -1
 92
       88
 92
       91
 92
       -1
 92
       90
 93
        0
 94
        2
 91
      101
 91
      100
 92
       -1
 92
       -1
 92
       -1
 92
       -1
 92
       -1
 92
       91
 93
        0
 94
        2
 91
      100
 91
      104
 92
       -1
 92
       -1
 92
       89
 92
       -1
 92
       -1
 92
       92
 93
        0
 94
        1
 91
      105
 91
      107
 92
       -1
 92
       -1
 92
       -1
 92
       93
 92
       -1
 92
       93
 93
        0
 94
        1
 91
      105
 91
      108
 92
       -1
 92
       -1
 92
       92
 92
      103
 92
       -1
 92
       94
 93
        0
 94
        2
 91
      106
 91
      105
 92
       -1
 92
       -1
 92
       -1
 92
       -1
 92
       -1
 92
       95
 93
        0
 94
        1
 91
      109
 91
      111
 92
       -1
 92
       -1
 92
       -1
 92
       96
 92
       -1
 92
       96
 93
        0
 94
        1
 91
      109
 91
      112
 92
       -1
 92
       -1
 92
       95
 92
      101
 92
       -1
 92
       97
 93
        0
 94
        2
 91
      110
 91
      109
 92
       -1
 92
       -1
 92
       -1
 92
       -1
 92
       -1
 92
       98
 93
        0
 94
        1
 91
      113
 91
      115
 92
       -1
 92
       -1
 92
       -1
 92
       99
 92
       -1
 92
       99
 93
        0
 94
        1
 91
      113
 91
      116
 92
       -1
 92
       -1
 92
       98
 92
      107
 92
       -1
 92
      100
 93
        0
 94
        2
 91
      114
 91
      113
 92
       -1
 92
       -1
 92
       -1
 92
       -1
 92
       -1
 92
      101
 93
        0
 94
        2
 91
      109
 91
      117
 92
       -1
 92
       -1
 92
       96
 92
      102
 92
       -1
 92
      102
 93
        0
 94
        2
 91
      109
 91
      118
 92
       -1
 92
       -1
 92
      101
 92
       -1
 92
       -1
 92
      103
 93
        0
 94
        2
 91
      105
 91
      119
 92
       -1
 92
       -1
 92
       93
 92
      110
 92
       -1
 92
      104
 93
        0
 94
        1
 91
      120
 91
      122
 92
       -1
 92
       -1
 92
       -1
 92
      105
 92
       -1
 92
      105
 93
        0
 94
        1
 91
      120
 91
      123
 92
       -1
 92
       -1
 92
      104
 92
      111
 92
       -1
 92
      106
 93
        0
 94
        2
 91
      121
 91
      120
 92
       -1
 92
       -1
 92
       -1
 92
       -1
 92
       -1
 92
      107
 93
        0
 94
        2
 91
      113
 91
      124
 92
       -1
 92
       -1
 92
       99
 92
      108
 92
       -1
 92
      108
 93
        0
 94
        2
 91
      113
 91
      125
 92
       -1
 92
       -1
 92
      107
 92
      109
 92
       -1
 92
      109
 93
        0
 94
        2
 91
      113
 91
      126
 92
       -1
 92
       -1
 92
      108
 92
       -1
 92
       -1
 92
      110
 93
        0
 94
        2
 91
      105
 91
      127
 92
       -1
 92
       -1
 92
      103
 92
       -1
 92
       -1
 92
      111
 93
        0
 94
        2
 91
      120
 91
      128
 92
       -1
 92
       -1
 92
      105
 92
      112
 92
       -1
 92
      112
 93
        0
 94
        2
 91
      120
 91
      129
 92
       -1
 92
       -1
 92
      111
 92
       -1
 92
       -1
 92
      113
 93
        0
 94
        1
 91
      130
 91
      132
 92
       -1
 92
       -1
 92
       -1
 92
      114
 92
       -1
 92
      114
 93
        0
 94
        1
 91
      130
 91
      133
 92
       -1
 92
       -1
 92
      113
 92
      116
 92
       -1
 92
      115
 93
        0
 94
        2
 91
      131
 91
      130
 92
       -1
 92
       -1
 92
       -1
 92
       -1
 92
       -1
 92
      116
 93
        0
 94
        2
 91
      130
 91
      134
 92
       -1
 92
       -1
 92
      114
 92
      117
 92
       -1
 92
      117
 93
        0
 94
        2
 91
      130
 91
      135
 92
       -1
 92
       -1
 92
      116
 92
       -1
 92
       -1
  0
SORTENTSTABLE
  5
6CB
102
{ACAD_REACTORS
330
640
102
}
330
640
100
AcDbSortentsTable
330
27F
331
557
  5
559
331
558
  5
55A
331
559
  5
55B
331
55A
  5
55C
331
55B
  5
55D
331
55C
  5
55E
331
55D
  5
55F
331
55E
  5
560
331
55F
  5
561
331
560
  5
562
331
561
  5
563
331
562
  5
564
331
563
  5
565
331
564
  5
566
331
565
  5
567
331
566
  5
568
331
567
  5
569
331
568
  5
56A
331
569
  5
56B
331
56A
  5
56C
331
56B
  5
56D
331
56C
  5
56E
331
56D
  5
56F
331
56E
  5
570
331
56F
  5
571
331
570
  5
572
331
571
  5
573
331
572
  5
574
331
573
  5
575
331
574
  5
576
331
575
  5
577
331
576
  5
578
331
577
  5
579
331
578
  5
57A
331
579
  5
57B
331
57A
  5
57C
331
57B
  5
57D
331
57C
  5
57E
331
57D
  5
57F
331
57E
  5
580
331
57F
  5
581
331
580
  5
582
331
581
  5
583
331
582
  5
584
331
583
  5
585
331
584
  5
586
331
585
  5
587
331
586
  5
588
331
587
  5
589
331
588
  5
58A
331
589
  5
58B
331
58A
  5
58C
331
58B
  5
58D
331
58C
  5
58E
331
58D
  5
58F
331
58E
  5
590
331
58F
  5
591
331
590
  5
592
331
591
  5
593
331
592
  5
594
331
593
  5
595
331
594
  5
596
331
595
  5
597
331
596
  5
598
331
597
  5
599
331
598
  5
59A
331
599
  5
59B
331
59A
  5
59C
331
59B
  5
59D
331
59C
  5
59E
331
59D
  5
59F
331
59E
  5
5A0
331
59F
  5
5A1
331
5A0
  5
5A2
331
5A1
  5
5A3
331
5A2
  5
5A4
331
5A3
  5
5A5
331
5A4
  5
5A6
331
5A5
  5
5A7
331
5A6
  5
5A8
331
5A7
  5
5A9
331
5A8
  5
5AA
331
5A9
  5
5AB
331
5AA
  5
5AC
331
5AB
  5
5AD
331
5AC
  5
5AE
331
5AD
  5
5AF
331
5AE
  5
5B0
331
5AF
  5
5B1
331
5B0
  5
5B2
331
5B1
  5
5B3
331
5B2
  5
5B4
331
5B3
  5
5B5
331
5B4
  5
5B6
331
5B5
  5
5B7
331
5B6
  5
5B8
331
5B7
  5
5B9
331
5B8
  5
5BA
331
5B9
  5
5BB
331
5BA
  5
5BC
331
5BB
  5
5BD
331
5BC
  5
5BE
331
5BD
  5
5BF
331
5BE
  5
5C0
331
5BF
  5
5C1
331
5C0
  5
5C2
331
5C1
  5
5C3
331
5C2
  5
5C4
331
5C3
  5
5C5
331
5C4
  5
5C6
331
5C5
  5
5C7
331
5C6
  5
5C8
331
5C7
  5
5C9
331
5C8
  5
5CA
331
5C9
  5
5CB
331
5CA
  5
5CC
331
5CB
  5
5CD
331
5CC
  5
5CE
331
5CD
  5
5CF
331
5CE
  5
5D0
331
5CF
  5
5D1
331
5D0
  5
5D2
331
5D1
  5
5D3
331
5D2
  5
5D4
331
5D3
  5
5D5
331
5D4
  5
5D6
331
5D5
  5
5D7
331
5D6
  5
5D8
331
5D7
  5
5D9
331
5D8
  5
5DA
331
5D9
  5
5DB
331
5DA
  5
5DC
331
5DB
  5
5DD
331
5DC
  5
5DE
331
5DD
  5
5DF
331
5DE
  5
5E0
331
5DF
  5
5E1
331
5E0
  5
5E2
331
5E1
  5
5E3
331
5E2
  5
5E4
331
5E3
  5
5E5
331
5E4
  5
5E6
331
5E5
  5
5E7
331
5E6
  5
5E8
331
5E7
  5
5E9
331
5E8
  5
5EA
331
5E9
  5
5EB
331
5EA
  5
5EC
331
5EB
  5
5ED
331
5EC
  5
5EE
331
5ED
  5
5EF
331
5EE
  5
5F0
331
5EF
  5
5F1
331
5F0
  5
5F2
331
5F1
  5
5F3
331
5F2
  5
5F4
331
5F3
  5
5F5
331
5F4
  5
5F6
331
5F5
  5
5F7
331
5F6
  5
5F8
331
5F7
  5
5F9
331
5F8
  5
5FA
331
5F9
  5
5FB
331
5FA
  5
5FC
331
5FB
  5
5FD
331
5FC
  5
5FE
331
5FD
  5
5FF
331
5FE
  5
600
331
5FF
  5
601
331
600
  5
602
331
601
  5
603
331
602
  5
604
331
603
  5
605
331
604
  5
606
331
605
  5
607
331
606
  5
608
331
607
  5
609
331
608
  5
60A
331
609
  5
60B
331
60A
  5
60C
331
60B
  5
60D
331
60C
  5
60E
331
60D
  5
60F
331
60E
  5
610
331
60F
  5
611
331
610
  5
612
331
611
  5
613
331
612
  5
614
331
613
  5
615
331
614
  5
616
331
615
  5
617
331
616
  5
618
331
617
  5
619
331
618
  5
61A
331
619
  5
61B
331
61A
  5
557
331
61B
  5
558
  0
ACAD_EVALUATION_GRAPH
  5
A3C
102
{ACAD_REACTORS
330
A3B
102
}
330
A3B
100
AcDbEvalGraph
 96
      392
 97
      392
 91
        0
 93
       32
 95
      132
360
A3D
 92
        0
 92
        0
 92
        1
 92
        2
 91
        1
 93
       32
 95
      133
360
A3E
 92
       -1
 92
       -1
 92
        0
 92
        0
 91
        2
 93
       32
 95
      134
360
A3F
 92
        1
 92
        1
 92
       -1
 92
       -1
 91
        3
 93
       32
 95
      135
360
A40
 92
        2
 92
        2
 92
       -1
 92
       -1
 91
        4
 93
       32
 95
      149
360
A41
 92
        5
 92
        5
 92
        3
 92
       60
 91
        5
 93
       32
 95
      150
360
A42
 92
       -1
 92
       -1
 92
        5
 92
        5
 91
        6
 93
       32
 95
      151
360
A43
 92
        3
 92
        3
 92
       -1
 92
       -1
 91
        7
 93
       32
 95
      152
360
A44
 92
        4
 92
        4
 92
       -1
 92
       -1
 91
        8
 93
       32
 95
      154
360
A45
 92
        6
 92
        6
 92
       -1
 92
       -1
 91
        9
 93
       32
 95
      155
360
A46
 92
        7
 92
        7
 92
       -1
 92
       -1
 91
       10
 93
       32
 95
      157
360
A47
 92
       10
 92
       10
 92
        8
 92
       11
 91
       11
 93
       32
 95
      158
360
A48
 92
       -1
 92
       -1
 92
       10
 92
       10
 91
       12
 93
       32
 95
      159
360
A49
 92
        8
 92
        8
 92
       -1
 92
       -1
 91
       13
 93
       32
 95
      160
360
A4A
 92
        9
 92
        9
 92
       -1
 92
       -1
 91
       14
 93
       32
 95
      163
360
A4B
 92
       11
 92
       11
 92
       -1
 92
       -1
 91
       15
 93
       32
 95
      165
360
A4C
 92
       14
 92
       14
 92
       12
 92
       63
 91
       16
 93
       32
 95
      166
360
A4D
 92
       -1
 92
       -1
 92
       14
 92
       14
 91
       17
 93
       32
 95
      167
360
A4E
 92
       12
 92
       12
 92
       -1
 92
       -1
 91
       18
 93
       32
 95
      168
360
A4F
 92
       13
 92
       13
 92
       -1
 92
       -1
 91
       19
 93
       32
 95
      170
360
A50
 92
       15
 92
       15
 92
       -1
 92
       -1
 91
       20
 93
       32
 95
      173
360
A51
 92
       18
 92
       18
 92
       16
 92
       19
 91
       21
 93
       32
 95
      174
360
A52
 92
       -1
 92
       -1
 92
       18
 92
       18
 91
       22
 93
       32
 95
      175
360
A53
 92
       16
 92
       16
 92
       -1
 92
       -1
 91
       23
 93
       32
 95
      176
360
A54
 92
       17
 92
       17
 92
       -1
 92
       -1
 91
       24
 93
       32
 95
      180
360
A55
 92
       19
 92
       19
 92
       -1
 92
       -1
 91
       25
 93
       32
 95
      183
360
A56
 92
       22
 92
       22
 92
       20
 92
       24
 91
       26
 93
       32
 95
      184
360
A57
 92
       -1
 92
       -1
 92
       22
 92
       22
 91
       27
 93
       32
 95
      185
360
A58
 92
       20
 92
       20
 92
       -1
 92
       -1
 91
       28
 93
       32
 95
      186
360
A59
 92
       21
 92
       21
 92
       -1
 92
       -1
 91
       29
 93
       32
 95
      189
360
A5A
 92
       23
 92
       23
 92
       -1
 92
       -1
 91
       30
 93
       32
 95
      190
360
A5B
 92
       24
 92
       24
 92
       -1
 92
       -1
 91
       31
 93
       32
 95
      201
360
A5C
 92
       27
 92
       27
 92
       25
 92
       28
 91
       32
 93
       32
 95
      202
360
A5D
 92
       -1
 92
       -1
 92
       27
 92
       27
 91
       33
 93
       32
 95
      203
360
A5E
 92
       25
 92
       25
 92
       -1
 92
       -1
 91
       34
 93
       32
 95
      204
360
A5F
 92
       26
 92
       26
 92
       -1
 92
       -1
 91
       35
 93
       32
 95
      206
360
A60
 92
       28
 92
       28
 92
       -1
 92
       -1
 91
       36
 93
       32
 95
      208
360
A61
 92
       31
 92
       31
 92
       29
 92
       61
 91
       37
 93
       32
 95
      209
360
A62
 92
       -1
 92
       -1
 92
       31
 92
       31
 91
       38
 93
       32
 95
      210
360
A63
 92
       29
 92
       29
 92
       -1
 92
       -1
 91
       39
 93
       32
 95
      211
360
A64
 92
       30
 92
       30
 92
       -1
 92
       -1
 91
       40
 93
       32
 95
      215
360
A65
 92
       34
 92
       34
 92
       32
 92
       36
 91
       41
 93
       32
 95
      216
360
A66
 92
       -1
 92
       -1
 92
       34
 92
       34
 91
       42
 93
       32
 95
      217
360
A67
 92
       32
 92
       32
 92
       -1
 92
       -1
 91
       43
 93
       32
 95
      218
360
A68
 92
       33
 92
       33
 92
       -1
 92
       -1
 91
       44
 93
       32
 95
      220
360
A69
 92
       35
 92
       35
 92
       -1
 92
       -1
 91
       45
 93
       32
 95
      221
360
A6A
 92
       36
 92
       36
 92
       -1
 92
       -1
 91
       46
 93
       32
 95
      228
360
A6B
 92
       37
 92
       58
 92
       38
 92
       59
 91
       47
 93
       32
 95
      229
360
A6C
 92
       -1
 92
       -1
 92
       37
 92
       37
 91
       48
 93
       32
 95
      230
360
A6D
 92
       38
 92
       38
 92
       -1
 92
       -1
 91
       49
 93
       32
 95
      231
360
A6E
 92
       39
 92
       39
 92
       -1
 92
       -1
 91
       50
 93
       32
 95
      243
360
A6F
 92
       42
 92
       57
 92
       40
 92
       56
 91
       51
 93
       32
 95
      244
360
A70
 92
       -1
 92
       -1
 92
       42
 92
       42
 91
       52
 93
       32
 95
      245
360
A71
 92
       40
 92
       40
 92
       -1
 92
       -1
 91
       53
 93
       32
 95
      246
360
A72
 92
       41
 92
       41
 92
       -1
 92
       -1
 91
       54
 93
       32
 95
      247
360
A73
 92
       -1
 92
       -1
 92
       45
 92
       45
 91
       55
 93
       32
 95
      248
360
A74
 92
       43
 92
       43
 92
       -1
 92
       -1
 91
       56
 93
       32
 95
      249
360
A75
 92
       44
 92
       44
 92
       -1
 92
       -1
 91
       57
 93
       32
 95
      250
360
A76
 92
       -1
 92
       -1
 92
       48
 92
       48
 91
       58
 93
       32
 95
      251
360
A77
 92
       46
 92
       46
 92
       -1
 92
       -1
 91
       59
 93
       32
 95
      252
360
A78
 92
       47
 92
       47
 92
       -1
 92
       -1
 91
       60
 93
       32
 95
      253
360
A79
 92
       -1
 92
       -1
 92
       51
 92
       51
 91
       61
 93
       32
 95
      254
360
A7A
 92
       49
 92
       49
 92
       -1
 92
       -1
 91
       62
 93
       32
 95
      255
360
A7B
 92
       50
 92
       50
 92
       -1
 92
       -1
 91
       63
 93
       32
 95
      258
360
A7C
 92
       56
 92
       59
 92
       57
 92
       58
 91
       64
 93
       32
 95
      259
360
A7D
 92
       52
 92
       52
 92
       -1
 92
       -1
 91
       65
 93
       32
 95
      260
360
A7E
 92
       53
 92
       53
 92
       -1
 92
       -1
 91
       66
 93
       32
 95
      261
360
A7F
 92
       54
 92
       54
 92
       -1
 92
       -1
 91
       67
 93
       32
 95
      262
360
A80
 92
       55
 92
       55
 92
       -1
 92
       -1
 91
       68
 93
       32
 95
      264
360
A81
 92
       60
 92
       60
 92
       -1
 92
       -1
 91
       69
 93
       32
 95
      265
360
A82
 92
       61
 92
       61
 92
       -1
 92
       -1
 91
       70
 93
       32
 95
      267
360
A83
 92
       62
 92
       62
 92
       -1
 92
       -1
 91
       71
 93
       32
 95
      269
360
A84
 92
       63
 92
       63
 92
       -1
 92
       -1
 91
       72
 93
       32
 95
      286
360
A85
 92
       67
 92
       67
 92
       64
 92
       68
 91
       73
 93
       32
 95
      287
360
A86
 92
       -1
 92
       -1
 92
       67
 92
       67
 91
       74
 93
       32
 95
      288
360
A87
 92
       66
 92
       66
 92
       -1
 92
       -1
 91
       75
 93
       32
 95
      289
360
A88
 92
       64
 92
       64
 92
       -1
 92
       -1
 91
       76
 93
       32
 95
      290
360
A89
 92
       65
 92
       65
 92
       -1
 92
       -1
 91
       77
 93
       32
 95
      291
360
A8A
 92
       68
 92
       68
 92
       -1
 92
       -1
 91
       78
 93
       32
 95
      292
360
A8B
 92
       71
 92
       71
 92
       69
 92
       81
 91
       79
 93
       32
 95
      293
360
A8C
 92
       -1
 92
       -1
 92
       71
 92
       71
 91
       80
 93
       32
 95
      294
360
A8D
 92
       69
 92
       69
 92
       -1
 92
       -1
 91
       81
 93
       32
 95
      295
360
A8E
 92
       70
 92
       70
 92
       -1
 92
       -1
 91
       82
 93
       32
 95
      297
360
A8F
 92
       74
 92
       74
 92
       72
 92
       80
 91
       83
 93
       32
 95
      298
360
A90
 92
       -1
 92
       -1
 92
       74
 92
       74
 91
       84
 93
       32
 95
      299
360
A91
 92
       72
 92
       72
 92
       -1
 92
       -1
 91
       85
 93
       32
 95
      300
360
A92
 92
       73
 92
       73
 92
       -1
 92
       -1
 91
       86
 93
       32
 95
      304
360
A93
 92
       75
 92
       75
 92
       -1
 92
       -1
 91
       87
 93
       32
 95
      305
360
A94
 92
       76
 92
       76
 92
       -1
 92
       -1
 91
       88
 93
       32
 95
      306
360
A95
 92
       77
 92
       77
 92
       -1
 92
       -1
 91
       89
 93
       32
 95
      307
360
A96
 92
       78
 92
       78
 92
       -1
 92
       -1
 91
       90
 93
       32
 95
      310
360
A97
 92
       79
 92
       79
 92
       -1
 92
       -1
 91
       91
 93
       32
 95
      311
360
A98
 92
       80
 92
       80
 92
       -1
 92
       -1
 91
       92
 93
       32
 95
      313
360
A99
 92
       81
 92
       81
 92
       -1
 92
       -1
 91
       93
 93
       32
 95
      320
360
A9A
 92
       84
 92
       84
 92
       82
 92
       87
 91
       94
 93
       32
 95
      321
360
A9B
 92
       -1
 92
       -1
 92
       84
 92
       84
 91
       95
 93
       32
 95
      322
360
A9C
 92
       82
 92
       82
 92
       -1
 92
       -1
 91
       96
 93
       32
 95
      323
360
A9D
 92
       83
 92
       83
 92
       -1
 92
       -1
 91
       97
 93
       32
 95
      327
360
A9E
 92
       85
 92
       85
 92
       -1
 92
       -1
 91
       98
 93
       32
 95
      329
360
A9F
 92
       86
 92
       86
 92
       -1
 92
       -1
 91
       99
 93
       32
 95
      330
360
AA0
 92
       87
 92
       87
 92
       -1
 92
       -1
 91
      100
 93
       32
 95
      332
360
AA1
 92
       90
 92
       90
 92
       88
 92
       91
 91
      101
 93
       32
 95
      333
360
AA2
 92
       -1
 92
       -1
 92
       90
 92
       90
 91
      102
 93
       32
 95
      334
360
AA3
 92
       88
 92
       88
 92
       -1
 92
       -1
 91
      103
 93
       32
 95
      335
360
AA4
 92
       89
 92
       89
 92
       -1
 92
       -1
 91
      104
 93
       32
 95
      342
360
AA5
 92
       91
 92
       91
 92
       -1
 92
       -1
 91
      105
 93
       32
 95
      345
360
AA6
 92
       94
 92
       94
 92
       92
 92
      110
 91
      106
 93
       32
 95
      346
360
AA7
 92
       -1
 92
       -1
 92
       94
 92
       94
 91
      107
 93
       32
 95
      347
360
AA8
 92
       92
 92
       92
 92
       -1
 92
       -1
 91
      108
 93
       32
 95
      348
360
AA9
 92
       93
 92
       93
 92
       -1
 92
       -1
 91
      109
 93
       32
 95
      350
360
AAA
 92
       97
 92
       97
 92
       95
 92
      102
 91
      110
 93
       32
 95
      351
360
AAB
 92
       -1
 92
       -1
 92
       97
 92
       97
 91
      111
 93
       32
 95
      352
360
AAC
 92
       95
 92
       95
 92
       -1
 92
       -1
 91
      112
 93
       32
 95
      353
360
AAD
 92
       96
 92
       96
 92
       -1
 92
       -1
 91
      113
 93
       32
 95
      355
360
AAE
 92
      100
 92
      100
 92
       98
 92
      109
 91
      114
 93
       32
 95
      356
360
AAF
 92
       -1
 92
       -1
 92
      100
 92
      100
 91
      115
 93
       32
 95
      357
360
AB0
 92
       98
 92
       98
 92
       -1
 92
       -1
 91
      116
 93
       32
 95
      358
360
AB1
 92
       99
 92
       99
 92
       -1
 92
       -1
 91
      117
 93
       32
 95
      365
360
AB2
 92
      101
 92
      101
 92
       -1
 92
       -1
 91
      118
 93
       32
 95
      366
360
AB3
 92
      102
 92
      102
 92
       -1
 92
       -1
 91
      119
 93
       32
 95
      368
360
AB4
 92
      103
 92
      103
 92
       -1
 92
       -1
 91
      120
 93
       32
 95
      371
360
AB5
 92
      106
 92
      106
 92
      104
 92
      112
 91
      121
 93
       32
 95
      372
360
AB6
 92
       -1
 92
       -1
 92
      106
 92
      106
 91
      122
 93
       32
 95
      373
360
AB7
 92
      104
 92
      104
 92
       -1
 92
       -1
 91
      123
 93
       32
 95
      374
360
AB8
 92
      105
 92
      105
 92
       -1
 92
       -1
 91
      124
 93
       32
 95
      376
360
AB9
 92
      107
 92
      107
 92
       -1
 92
       -1
 91
      125
 93
       32
 95
      377
360
ABA
 92
      108
 92
      108
 92
       -1
 92
       -1
 91
      126
 93
       32
 95
      378
360
ABB
 92
      109
 92
      109
 92
       -1
 92
       -1
 91
      127
 93
       32
 95
      379
360
ABC
 92
      110
 92
      110
 92
       -1
 92
       -1
 91
      128
 93
       32
 95
      380
360
ABD
 92
      111
 92
      111
 92
       -1
 92
       -1
 91
      129
 93
       32
 95
      381
360
ABE
 92
      112
 92
      112
 92
       -1
 92
       -1
 91
      130
 93
       32
 95
      382
360
ABF
 92
      115
 92
      115
 92
      113
 92
      117
 91
      131
 93
       32
 95
      383
360
AC0
 92
       -1
 92
       -1
 92
      115
 92
      115
 91
      132
 93
       32
 95
      384
360
AC1
 92
      113
 92
      113
 92
       -1
 92
       -1
 91
      133
 93
       32
 95
      385
360
AC2
 92
      114
 92
      114
 92
       -1
 92
       -1
 91
      134
 93
       32
 95
      388
360
AC3
 92
      116
 92
      116
 92
       -1
 92
       -1
 91
      135
 93
       32
 95
      389
360
AC4
 92
      117
 92
      117
 92
       -1
 92
       -1
 91
      136
 93
       32
 95
      391
360
AC5
 92
       -1
 92
       -1
 92
       -1
 92
       -1
 92
        0
 93
        0
 94
        1
 91
        1
 91
        0
 92
       -1
 92
       -1
 92
       -1
 92
       -1
 92
       -1
 92
        1
 93
        0
 94
        1
 91
        0
 91
        2
 92
       -1
 92
       -1
 92
       -1
 92
        2
 92
       -1
 92
        2
 93
        0
 94
        1
 91
        0
 91
        3
 92
       -1
 92
       -1
 92
        1
 92
       -1
 92
       -1
 92
        3
 93
        0
 94
        1
 91
        4
 91
        6
 92
       -1
 92
       -1
 92
       -1
 92
        4
 92
       -1
 92
        4
 93
        0
 94
        1
 91
        4
 91
        7
 92
       -1
 92
       -1
 92
        3
 92
        6
 92
       -1
 92
        5
 93
        0
 94
        2
 91
        5
 91
        4
 92
       -1
 92
       -1
 92
       -1
 92
       -1
 92
       -1
 92
        6
 93
        0
 94
        2
 91
        4
 91
        8
 92
       -1
 92
       -1
 92
        4
 92
        7
 92
       -1
 92
        7
 93
        0
 94
        2
 91
        4
 91
        9
 92
       -1
 92
       -1
 92
        6
 92
       60
 92
       -1
 92
        8
 93
        0
 94
        1
 91
       10
 91
       12
 92
       -1
 92
       -1
 92
       -1
 92
        9
 92
       -1
 92
        9
 93
        0
 94
        1
 91
       10
 91
       13
 92
       -1
 92
       -1
 92
        8
 92
       11
 92
       -1
 92
       10
 93
        0
 94
        2
 91
       11
 91
       10
 92
       -1
 92
       -1
 92
       -1
 92
       -1
 92
       -1
 92
       11
 93
        0
 94
        2
 91
       10
 91
       14
 92
       -1
 92
       -1
 92
        9
 92
       -1
 92
       -1
 92
       12
 93
        0
 94
        1
 91
       15
 91
       17
 92
       -1
 92
       -1
 92
       -1
 92
       13
 92
       -1
 92
       13
 93
        0
 94
        1
 91
       15
 91
       18
 92
       -1
 92
       -1
 92
       12
 92
       15
 92
       -1
 92
       14
 93
        0
 94
        2
 91
       16
 91
       15
 92
       -1
 92
       -1
 92
       -1
 92
       -1
 92
       -1
 92
       15
 93
        0
 94
        2
 91
       15
 91
       19
 92
       -1
 92
       -1
 92
       13
 92
       62
 92
       -1
 92
       16
 93
        0
 94
        1
 91
       20
 91
       22
 92
       -1
 92
       -1
 92
       -1
 92
       17
 92
       -1
 92
       17
 93
        0
 94
        1
 91
       20
 91
       23
 92
       -1
 92
       -1
 92
       16
 92
       19
 92
       -1
 92
       18
 93
        0
 94
        2
 91
       21
 91
       20
 92
       -1
 92
       -1
 92
       -1
 92
       -1
 92
       -1
 92
       19
 93
        0
 94
        2
 91
       20
 91
       24
 92
       -1
 92
       -1
 92
       17
 92
       -1
 92
       -1
 92
       20
 93
        0
 94
        1
 91
       25
 91
       27
 92
       -1
 92
       -1
 92
       -1
 92
       21
 92
       -1
 92
       21
 93
        0
 94
        1
 91
       25
 91
       28
 92
       -1
 92
       -1
 92
       20
 92
       23
 92
       -1
 92
       22
 93
        0
 94
        2
 91
       26
 91
       25
 92
       -1
 92
       -1
 92
       -1
 92
       -1
 92
       -1
 92
       23
 93
        0
 94
        2
 91
       25
 91
       29
 92
       -1
 92
       -1
 92
       21
 92
       24
 92
       -1
 92
       24
 93
        0
 94
        2
 91
       25
 91
       30
 92
       -1
 92
       -1
 92
       23
 92
       -1
 92
       -1
 92
       25
 93
        0
 94
        1
 91
       31
 91
       33
 92
       -1
 92
       -1
 92
       -1
 92
       26
 92
       -1
 92
       26
 93
        0
 94
        1
 91
       31
 91
       34
 92
       -1
 92
       -1
 92
       25
 92
       28
 92
       -1
 92
       27
 93
        0
 94
        2
 91
       32
 91
       31
 92
       -1
 92
       -1
 92
       -1
 92
       -1
 92
       -1
 92
       28
 93
        0
 94
        2
 91
       31
 91
       35
 92
       -1
 92
       -1
 92
       26
 92
       -1
 92
       -1
 92
       29
 93
        0
 94
        1
 91
       36
 91
       38
 92
       -1
 92
       -1
 92
       -1
 92
       30
 92
       -1
 92
       30
 93
        0
 94
        1
 91
       36
 91
       39
 92
       -1
 92
       -1
 92
       29
 92
       61
 92
       -1
 92
       31
 93
        0
 94
        2
 91
       37
 91
       36
 92
       -1
 92
       -1
 92
       -1
 92
       -1
 92
       -1
 92
       32
 93
        0
 94
        1
 91
       40
 91
       42
 92
       -1
 92
       -1
 92
       -1
 92
       33
 92
       -1
 92
       33
 93
        0
 94
        1
 91
       40
 91
       43
 92
       -1
 92
       -1
 92
       32
 92
       35
 92
       -1
 92
       34
 93
        0
 94
        2
 91
       41
 91
       40
 92
       -1
 92
       -1
 92
       -1
 92
       -1
 92
       -1
 92
       35
 93
        0
 94
        2
 91
       40
 91
       44
 92
       -1
 92
       -1
 92
       33
 92
       36
 92
       -1
 92
       36
 93
        0
 94
        2
 91
       40
 91
       45
 92
       -1
 92
       -1
 92
       35
 92
       -1
 92
       -1
 92
       37
 93
        0
 94
        1
 91
       47
 91
       46
 92
       -1
 92
       58
 92
       -1
 92
       -1
 92
       -1
 92
       38
 93
        0
 94
        1
 91
       46
 91
       48
 92
       -1
 92
       -1
 92
       -1
 92
       39
 92
       -1
 92
       39
 93
        0
 94
        1
 91
       46
 91
       49
 92
       -1
 92
       -1
 92
       38
 92
       59
 92
       -1
 92
       40
 93
        0
 94
        1
 91
       50
 91
       52
 92
       -1
 92
       -1
 92
       -1
 92
       41
 92
       -1
 92
       41
 93
        0
 94
        1
 91
       50
 91
       53
 92
       -1
 92
       -1
 92
       40
 92
       43
 92
       -1
 92
       42
 93
        0
 94
        2
 91
       51
 91
       50
 92
       -1
 92
       45
 92
       -1
 92
       -1
 92
       -1
 92
       43
 93
        0
 94
        1
 91
       50
 91
       55
 92
       -1
 92
       -1
 92
       41
 92
       44
 92
       -1
 92
       44
 93
        0
 94
        1
 91
       50
 91
       56
 92
       -1
 92
       -1
 92
       43
 92
       46
 92
       -1
 92
       45
 93
        0
 94
        2
 91
       54
 91
       50
 92
       42
 92
       48
 92
       -1
 92
       -1
 92
       -1
 92
       46
 93
        0
 94
        1
 91
       50
 91
       58
 92
       -1
 92
       -1
 92
       44
 92
       47
 92
       -1
 92
       47
 93
        0
 94
        1
 91
       50
 91
       59
 92
       -1
 92
       -1
 92
       46
 92
       49
 92
       -1
 92
       48
 93
        0
 94
        2
 91
       57
 91
       50
 92
       45
 92
       51
 92
       -1
 92
       -1
 92
       -1
 92
       49
 93
        0
 94
        1
 91
       50
 91
       61
 92
       -1
 92
       -1
 92
       47
 92
       50
 92
       -1
 92
       50
 93
        0
 94
        1
 91
       50
 91
       62
 92
       -1
 92
       -1
 92
       49
 92
       52
 92
       -1
 92
       51
 93
        0
 94
        2
 91
       60
 91
       50
 92
       48
 92
       57
 92
       -1
 92
       -1
 92
       -1
 92
       52
 93
        0
 94
        2
 91
       50
 91
       64
 92
       -1
 92
       -1
 92
       50
 92
       53
 92
       -1
 92
       53
 93
        0
 94
        2
 91
       50
 91
       65
 92
       -1
 92
       -1
 92
       52
 92
       54
 92
       -1
 92
       54
 93
        0
 94
        2
 91
       50
 91
       66
 92
       -1
 92
       -1
 92
       53
 92
       55
 92
       -1
 92
       55
 93
        0
 94
        2
 91
       50
 91
       67
 92
       -1
 92
       -1
 92
       54
 92
       56
 92
       -1
 92
       56
 93
        4
 94
        2
 91
       50
 91
       63
 92
       -1
 92
       59
 92
       55
 92
       -1
 92
       57
 92
       57
 93
        4
 94
        2
 91
       63
 91
       50
 92
       51
 92
       -1
 92
       -1
 92
       58
 92
       56
 92
       58
 93
        4
 94
        1
 91
       63
 91
       46
 92
       37
 92
       -1
 92
       57
 92
       -1
 92
       59
 92
       59
 93
        4
 94
        1
 91
       46
 91
       63
 92
       56
 92
       -1
 92
       39
 92
       -1
 92
       58
 92
       60
 93
        0
 94
        2
 91
        4
 91
       68
 92
       -1
 92
       -1
 92
        7
 92
       -1
 92
       -1
 92
       61
 93
        0
 94
        2
 91
       36
 91
       69
 92
       -1
 92
       -1
 92
       30
 92
       -1
 92
       -1
 92
       62
 93
        0
 94
        2
 91
       15
 91
       70
 92
       -1
 92
       -1
 92
       15
 92
       63
 92
       -1
 92
       63
 93
        0
 94
        2
 91
       15
 91
       71
 92
       -1
 92
       -1
 92
       62
 92
       -1
 92
       -1
 92
       64
 93
        0
 94
        1
 91
       72
 91
       75
 92
       -1
 92
       -1
 92
       -1
 92
       65
 92
       -1
 92
       65
 93
        0
 94
        1
 91
       72
 91
       76
 92
       -1
 92
       -1
 92
       64
 92
       66
 92
       -1
 92
       66
 93
        0
 94
        1
 91
       72
 91
       74
 92
       -1
 92
       -1
 92
       65
 92
       68
 92
       -1
 92
       67
 93
        0
 94
        1
 91
       73
 91
       72
 92
       -1
 92
       -1
 92
       -1
 92
       -1
 92
       -1
 92
       68
 93
        0
 94
        4
 91
       72
 91
       77
 92
       -1
 92
       -1
 92
       66
 92
       -1
 92
       -1
 92
       69
 93
        0
 94
        1
 91
       78
 91
       80
 92
       -1
 92
       -1
 92
       -1
 92
       70
 92
       -1
 92
       70
 93
        0
 94
        1
 91
       78
 91
       81
 92
       -1
 92
       -1
 92
       69
 92
       75
 92
       -1
 92
       71
 93
        0
 94
        2
 91
       79
 91
       78
 92
       -1
 92
       -1
 92
       -1
 92
       -1
 92
       -1
 92
       72
 93
        0
 94
        1
 91
       82
 91
       84
 92
       -1
 92
       -1
 92
       -1
 92
       73
 92
       -1
 92
       73
 93
        0
 94
        1
 91
       82
 91
       85
 92
       -1
 92
       -1
 92
       72
 92
       78
 92
       -1
 92
       74
 93
        0
 94
        2
 91
       83
 91
       82
 92
       -1
 92
       -1
 92
       -1
 92
       -1
 92
       -1
 92
       75
 93
        0
 94
        2
 91
       78
 91
       86
 92
       -1
 92
       -1
 92
       70
 92
       76
 92
       -1
 92
       76
 93
        0
 94
        2
 91
       78
 91
       87
 92
       -1
 92
       -1
 92
       75
 92
       77
 92
       -1
 92
       77
 93
        0
 94
        2
 91
       78
 91
       88
 92
       -1
 92
       -1
 92
       76
 92
       81
 92
       -1
 92
       78
 93
        0
 94
        2
 91
       82
 91
       89
 92
       -1
 92
       -1
 92
       73
 92
       79
 92
       -1
 92
       79
 93
        0
 94
        2
 91
       82
 91
       90
 92
       -1
 92
       -1
 92
       78
 92
       80
 92
       -1
 92
       80
 93
        0
 94
        2
 91
       82
 91
       91
 92
       -1
 92
       -1
 92
       79
 92
       -1
 92
       -1
 92
       81
 93
        0
 94
        2
 91
       78
 91
       92
 92
       -1
 92
       -1
 92
       77
 92
       -1
 92
       -1
 92
       82
 93
        0
 94
        1
 91
       93
 91
       95
 92
       -1
 92
       -1
 92
       -1
 92
       83
 92
       -1
 92
       83
 93
        0
 94
        1
 91
       93
 91
       96
 92
       -1
 92
       -1
 92
       82
 92
       85
 92
       -1
 92
       84
 93
        0
 94
        2
 91
       94
 91
       93
 92
       -1
 92
       -1
 92
       -1
 92
       -1
 92
       -1
 92
       85
 93
        0
 94
        2
 91
       93
 91
       97
 92
       -1
 92
       -1
 92
       83
 92
       86
 92
       -1
 92
       86
 93
        0
 94
        2
 91
       93
 91
       98
 92
       -1
 92
       -1
 92
       85
 92
       87
 92
       -1
 92
       87
 93
        0
 94
        2
 91
       93
 91
       99
 92
       -1
 92
       -1
 92
       86
 92
       -1
 92
       -1
 92
       88
 93
        0
 94
        1
 91
      100
 91
      102
 92
       -1
 92
       -1
 92
       -1
 92
       89
 92
       -1
 92
       89
 93
        0
 94
        1
 91
      100
 91
      103
 92
       -1
 92
       -1
 92
       88
 92
       91
 92
       -1
 92
       90
 93
        0
 94
        2
 91
      101
 91
      100
 92
       -1
 92
       -1
 92
       -1
 92
       -1
 92
       -1
 92
       91
 93
        0
 94
        2
 91
      100
 91
      104
 92
       -1
 92
       -1
 92
       89
 92
       -1
 92
       -1
 92
       92
 93
        0
 94
        1
 91
      105
 91
      107
 92
       -1
 92
       -1
 92
       -1
 92
       93
 92
       -1
 92
       93
 93
        0
 94
        1
 91
      105
 91
      108
 92
       -1
 92
       -1
 92
       92
 92
      103
 92
       -1
 92
       94
 93
        0
 94
        2
 91
      106
 91
      105
 92
       -1
 92
       -1
 92
       -1
 92
       -1
 92
       -1
 92
       95
 93
        0
 94
        1
 91
      109
 91
      111
 92
       -1
 92
       -1
 92
       -1
 92
       96
 92
       -1
 92
       96
 93
        0
 94
        1
 91
      109
 91
      112
 92
       -1
 92
       -1
 92
       95
 92
      101
 92
       -1
 92
       97
 93
        0
 94
        2
 91
      110
 91
      109
 92
       -1
 92
       -1
 92
       -1
 92
       -1
 92
       -1
 92
       98
 93
        0
 94
        1
 91
      113
 91
      115
 92
       -1
 92
       -1
 92
       -1
 92
       99
 92
       -1
 92
       99
 93
        0
 94
        1
 91
      113
 91
      116
 92
       -1
 92
       -1
 92
       98
 92
      107
 92
       -1
 92
      100
 93
        0
 94
        2
 91
      114
 91
      113
 92
       -1
 92
       -1
 92
       -1
 92
       -1
 92
       -1
 92
      101
 93
        0
 94
        2
 91
      109
 91
      117
 92
       -1
 92
       -1
 92
       96
 92
      102
 92
       -1
 92
      102
 93
        0
 94
        2
 91
      109
 91
      118
 92
       -1
 92
       -1
 92
      101
 92
       -1
 92
       -1
 92
      103
 93
        0
 94
        2
 91
      105
 91
      119
 92
       -1
 92
       -1
 92
       93
 92
      110
 92
       -1
 92
      104
 93
        0
 94
        1
 91
      120
 91
      122
 92
       -1
 92
       -1
 92
       -1
 92
      105
 92
       -1
 92
      105
 93
        0
 94
        1
 91
      120
 91
      123
 92
       -1
 92
       -1
 92
      104
 92
      111
 92
       -1
 92
      106
 93
        0
 94
        2
 91
      121
 91
      120
 92
       -1
 92
       -1
 92
       -1
 92
       -1
 92
       -1
 92
      107
 93
        0
 94
        2
 91
      113
 91
      124
 92
       -1
 92
       -1
 92
       99
 92
      108
 92
       -1
 92
      108
 93
        0
 94
        2
 91
      113
 91
      125
 92
       -1
 92
       -1
 92
      107
 92
      109
 92
       -1
 92
      109
 93
        0
 94
        2
 91
      113
 91
      126
 92
       -1
 92
       -1
 92
      108
 92
       -1
 92
       -1
 92
      110
 93
        0
 94
        2
 91
      105
 91
      127
 92
       -1
 92
       -1
 92
      103
 92
       -1
 92
       -1
 92
      111
 93
        0
 94
        2
 91
      120
 91
      128
 92
       -1
 92
       -1
 92
      105
 92
      112
 92
       -1
 92
      112
 93
        0
 94
        2
 91
      120
 91
      129
 92
       -1
 92
       -1
 92
      111
 92
       -1
 92
       -1
 92
      113
 93
        0
 94
        1
 91
      130
 91
      132
 92
       -1
 92
       -1
 92
       -1
 92
      114
 92
       -1
 92
      114
 93
        0
 94
        1
 91
      130
 91
      133
 92
       -1
 92
       -1
 92
      113
 92
      116
 92
       -1
 92
      115
 93
        0
 94
        2
 91
      131
 91
      130
 92
       -1
 92
       -1
 92
       -1
 92
       -1
 92
       -1
 92
      116
 93
        0
 94
        2
 91
      130
 91
      134
 92
       -1
 92
       -1
 92
      114
 92
      117
 92
       -1
 92
      117
 93
        0
 94
        2
 91
      130
 91
      135
 92
       -1
 92
       -1
 92
      116
 92
       -1
 92
       -1
  0
SORTENTSTABLE
  5
AC6
102
{ACAD_REACTORS
330
A3B
102
}
330
A3B
100
AcDbSortentsTable
330
6D3
331
955
  5
957
331
956
  5
958
331
957
  5
959
331
958
  5
95A
331
959
  5
95B
331
95A
  5
95C
331
95B
  5
95D
331
95C
  5
95E
331
95D
  5
95F
331
95E
  5
960
331
95F
  5
961
331
960
  5
962
331
961
  5
963
331
962
  5
964
331
963
  5
965
331
964
  5
966
331
965
  5
967
331
966
  5
968
331
967
  5
969
331
968
  5
96A
331
969
  5
96B
331
96A
  5
96C
331
96B
  5
96D
331
96C
  5
96E
331
96D
  5
96F
331
96E
  5
970
331
96F
  5
971
331
970
  5
972
331
971
  5
973
331
972
  5
974
331
973
  5
975
331
974
  5
976
331
975
  5
977
331
976
  5
978
331
977
  5
979
331
978
  5
97A
331
979
  5
97B
331
97A
  5
97C
331
97B
  5
97D
331
97C
  5
97E
331
97D
  5
97F
331
97E
  5
980
331
97F
  5
981
331
980
  5
982
331
981
  5
983
331
982
  5
984
331
983
  5
985
331
984
  5
986
331
985
  5
987
331
986
  5
988
331
987
  5
989
331
988
  5
98A
331
989
  5
98B
331
98A
  5
98C
331
98B
  5
98D
331
98C
  5
98E
331
98D
  5
98F
331
98E
  5
990
331
98F
  5
991
331
990
  5
992
331
991
  5
993
331
992
  5
994
331
993
  5
995
331
994
  5
996
331
995
  5
997
331
996
  5
998
331
997
  5
999
331
998
  5
99A
331
999
  5
99B
331
99A
  5
99C
331
99B
  5
99D
331
99C
  5
99E
331
99D
  5
99F
331
99E
  5
9A0
331
99F
  5
9A1
331
9A0
  5
9A2
331
9A1
  5
9A3
331
9A2
  5
9A4
331
9A3
  5
9A5
331
9A4
  5
9A6
331
9A5
  5
9A7
331
9A6
  5
9A8
331
9A7
  5
9A9
331
9A8
  5
9AA
331
9A9
  5
9AB
331
9AA
  5
9AC
331
9AB
  5
9AD
331
9AC
  5
9AE
331
9AD
  5
9AF
331
9AE
  5
9B0
331
9AF
  5
9B1
331
9B0
  5
9B2
331
9B1
  5
9B3
331
9B2
  5
9B4
331
9B3
  5
9B5
331
9B4
  5
9B6
331
9B5
  5
9B7
331
9B6
  5
9B8
331
9B7
  5
9B9
331
9B8
  5
9BA
331
9B9
  5
9BB
331
9BA
  5
9BC
331
9BB
  5
9BD
331
9BC
  5
9BE
331
9BD
  5
9BF
331
9BE
  5
9C0
331
9BF
  5
9C1
331
9C0
  5
9C2
331
9C1
  5
9C3
331
9C2
  5
9C4
331
9C3
  5
9C5
331
9C4
  5
9C6
331
9C5
  5
9C7
331
9C6
  5
9C8
331
9C7
  5
9C9
331
9C8
  5
9CA
331
9C9
  5
9CB
331
9CA
  5
9CC
331
9CB
  5
9CD
331
9CC
  5
9CE
331
9CD
  5
9CF
331
9CE
  5
9D0
331
9CF
  5
9D1
331
9D0
  5
9D2
331
9D1
  5
9D3
331
9D2
  5
9D4
331
9D3
  5
9D5
331
9D4
  5
9D6
331
9D5
  5
9D7
331
9D6
  5
9D8
331
9D7
  5
9D9
331
9D8
  5
9DA
331
9D9
  5
9DB
331
9DA
  5
9DC
331
9DB
  5
9DD
331
9DC
  5
9DE
331
9DD
  5
9DF
331
9DE
  5
9E0
331
9DF
  5
9E1
331
9E0
  5
9E2
331
9E1
  5
9E3
331
9E2
  5
9E4
331
9E3
  5
9E5
331
9E4
  5
9E6
331
9E5
  5
9E7
331
9E6
  5
9E8
331
9E7
  5
9E9
331
9E8
  5
9EA
331
9E9
  5
9EB
331
9EA
  5
9EC
331
9EB
  5
9ED
331
9EC
  5
9EE
331
9ED
  5
9EF
331
9EE
  5
9F0
331
9EF
  5
9F1
331
9F0
  5
9F2
331
9F1
  5
9F3
331
9F2
  5
9F4
331
9F3
  5
9F5
331
9F4
  5
9F6
331
9F5
  5
9F7
331
9F6
  5
9F8
331
9F7
  5
9F9
331
9F8
  5
9FA
331
9F9
  5
9FB
331
9FA
  5
9FC
331
9FB
  5
9FD
331
9FC
  5
9FE
331
9FD
  5
9FF
331
9FE
  5
A00
331
9FF
  5
A01
331
A00
  5
A02
331
A01
  5
A03
331
A02
  5
A04
331
A03
  5
A05
331
A04
  5
A06
331
A05
  5
A07
331
A06
  5
A08
331
A07
  5
A09
331
A08
  5
A0A
331
A09
  5
A0B
331
A0A
  5
A0C
331
A0B
  5
A0D
331
A0C
  5
A0E
331
A0D
  5
A0F
331
A0E
  5
A10
331
A0F
  5
A11
331
A10
  5
A12
331
A11
  5
A13
331
A12
  5
A14
331
A13
  5
A15
331
A14
  5
A16
331
A15
  5
A17
331
A16
  5
A18
331
A17
  5
A19
331
A18
  5
955
331
A19
  5
956
  0
DIMASSOC
  5
633
102
{ACAD_REACTORS
330
632
102
}
330
632
100
AcDbDimAssoc
330
631
 90
        3
 70
     0
 71
     0
  1
AcDbOsnapPointRef
 72
    13
331
62F
 73
     2
 91
        3
 40
0.0
 10
2550.509121255644
 20
1481.835837790113
 30
0.0
 75
     0
  1
AcDbOsnapPointRef
 72
     1
331
62F
 73
     2
 91
        3
 40
1.0
 10
2510.509121255644
 20
1481.835837790113
 30
0.0
 75
     0
  0
DIMASSOC
  5
636
102
{ACAD_REACTORS
330
635
102
}
330
635
100
AcDbDimAssoc
330
634
 90
        3
 70
     0
 71
     0
  1
AcDbOsnapPointRef
 72
    13
331
62F
 73
     2
 91
        2
 40
0.0
 10
2550.509121255644
 20
1441.835837790113
 30
0.0
 75
     0
  1
AcDbOsnapPointRef
 72
     1
331
62F
 73
     2
 91
        2
 40
1.0
 10
2550.509121255644
 20
1481.835837790113
 30
0.0
 75
     0
  0
DIMASSOC
  5
639
102
{ACAD_REACTORS
330
638
102
}
330
638
100
AcDbDimAssoc
330
637
 90
        3
 70
     0
 71
     0
  1
AcDbOsnapPointRef
 72
    13
331
630
 73
     2
 91
        3
 40
0.0
 10
2753.707697420876
 20
1481.835837790113
 30
0.0
 75
     0
  1
AcDbOsnapPointRef
 72
     1
331
630
 73
     2
 91
        3
 40
1.0
 10
2713.707697420876
 20
1481.835837790113
 30
0.0
 75
     0
  0
DIMASSOC
  5
63F
102
{ACAD_REACTORS
330
63E
102
}
330
63E
100
AcDbDimAssoc
330
63D
 90
        3
 70
     0
 71
     0
  1
AcDbOsnapPointRef
 72
    13
331
5D9
 73
     2
 91
       24
 40
0.0
 10
1795.766413958199
 20
2162.0
 30
0.0
 75
     0
  1
AcDbOsnapPointRef
 72
     1
331
5D9
 73
     2
 91
       24
 40
1.0
 10
1795.766413958431
 20
0.0
 30
0.0
 75
     0
  0
DIMASSOC
  5
A31
102
{ACAD_REACTORS
330
A30
102
}
330
A30
100
AcDbDimAssoc
330
A2F
 90
        3
 70
     0
 71
     0
  1
AcDbOsnapPointRef
 72
    13
331
A2D
 73
     2
 91
        3
 40
0.0
 10
2550.509121255644
 20
1481.835837790113
 30
0.0
 75
     0
  1
AcDbOsnapPointRef
 72
     1
331
A2D
 73
     2
 91
        3
 40
1.0
 10
2510.509121255644
 20
1481.835837790113
 30
0.0
 75
     0
  0
DIMASSOC
  5
A34
102
{ACAD_REACTORS
330
A33
102
}
330
A33
100
AcDbDimAssoc
330
A32
 90
        3
 70
     0
 71
     0
  1
AcDbOsnapPointRef
 72
    13
331
A2D
 73
     2
 91
        2
 40
0.0
 10
2550.509121255644
 20
1441.835837790113
 30
0.0
 75
     0
  1
AcDbOsnapPointRef
 72
     1
331
A2D
 73
     2
 91
        2
 40
1.0
 10
2550.509121255644
 20
1481.835837790113
 30
0.0
 75
     0
  0
DIMASSOC
  5
A37
102
{ACAD_REACTORS
330
A36
102
}
330
A36
100
AcDbDimAssoc
330
A35
 90
        3
 70
     0
 71
     0
  1
AcDbOsnapPointRef
 72
    13
331
A2E
 73
     2
 91
        3
 40
0.0
 10
2753.707697420876
 20
1481.835837790113
 30
0.0
 75
     0
  1
AcDbOsnapPointRef
 72
     1
331
A2E
 73
     2
 91
        3
 40
1.0
 10
2713.707697420876
 20
1481.835837790113
 30
0.0
 75
     0
  0
DIMASSOC
  5
7C5
102
{ACAD_REACTORS
330
7C4
102
}
330
7C4
100
AcDbDimAssoc
330
7C3
 90
        3
 70
     0
 71
     0
  1
AcDbOsnapPointRef
 72
    13
331
7C1
 73
     2
 91
        3
 40
0.0
 10
2550.509121255644
 20
1481.835837790113
 30
0.0
 75
     0
  1
AcDbOsnapPointRef
 72
     1
331
7C1
 73
     2
 91
        3
 40
1.0
 10
2510.509121255644
 20
1481.835837790113
 30
0.0
 75
     0
  0
DIMASSOC
  5
7C8
102
{ACAD_REACTORS
330
7C7
102
}
330
7C7
100
AcDbDimAssoc
330
7C6
 90
        3
 70
     0
 71
     0
  1
AcDbOsnapPointRef
 72
    13
331
7C1
 73
     2
 91
        2
 40
0.0
 10
2550.509121255644
 20
1441.835837790113
 30
0.0
 75
     0
  1
AcDbOsnapPointRef
 72
     1
331
7C1
 73
     2
 91
        2
 40
1.0
 10
2550.509121255644
 20
1481.835837790113
 30
0.0
 75
     0
  0
DIMASSOC
  5
7CB
102
{ACAD_REACTORS
330
7CA
102
}
330
7CA
100
AcDbDimAssoc
330
7C9
 90
        3
 70
     0
 71
     0
  1
AcDbOsnapPointRef
 72
    13
331
7C2
 73
     2
 91
        3
 40
0.0
 10
2753.707697420876
 20
1481.835837790113
 30
0.0
 75
     0
  1
AcDbOsnapPointRef
 72
     1
331
7C2
 73
     2
 91
        3
 40
1.0
 10
2713.707697420876
 20
1481.835837790113
 30
0.0
 75
     0
  0
ACDBASSOCNETWORK
  5
25C
102
{ACAD_REACTORS
330
25B
102
}
330
25B
100
AcDbAssocAction
 90
        2
 90
        0
330
0
360
0
 90
        0
 90
        0
 90
        0
 90
        0
 90
        0
 90
        0
 90
        0
100
AcDbAssocNetwork
 90
        0
 90
        2
 90
        0
 90
        0
  0
ACDBDETAILVIEWSTYLE
  5
27A
102
{ACAD_REACTORS
330
279
102
}
330
279
100
AcDbModelDocViewStyle
 70
     0
  3
Imperial24
290
     0
300
Imperial24
 90
        0
100
AcDbDetailViewStyle
 70
     0
 71
     0
 90
        3
 71
     1
340
1F
 62
   256
 40
0.24
340
0
 62
   256
 40
0.24
300

 40
0.36
280
     3
 71
     2
340
13
 90
       25
 62
   256
 71
     3
340
1F
 62
   256
 40
0.24
 90
        1
 40
0.75
 90
        1
300
%<\AcVar ViewType \f "%tc1">% %<\AcVar ViewDetailId>%\PSCALE %<\AcVar ViewScale \f "%sn">%
 71
     4
340
13
 90
       25
 62
   256
340
13
 90
       25
 62
   256
280
     0
  0
LAYOUT
  5
1A
102
{ACAD_REACTORS
330
16
102
}
330
16
100
AcDbPlotSettings
  1

  2
RICOH MP C2004ex
  4

  6

 40
0.0
 41
0.0
 42
0.0
 43
0.0
 44
0.0
 45
0.0
 46
0.0
 47
0.0
 48
0.0
 49
0.0
140
0.0
141
0.0
142
1.0
143
1.0
 70
   688
 72
     0
 73
     0
 74
     5
  7

 75
    16
147
1.0
 76
     0
 77
     2
 78
   300
148
0.0
149
0.0
100
AcDbLayout
  1
Layout1
 70
     1
 71
     1
 10
0.0
 20
0.0
 11
12.0
 21
9.0
 12
0.0
 22
0.0
 32
0.0
 14
1.000000000000000E+20
 24
1.000000000000000E+20
 34
1.000000000000000E+20
 15
-1.000000000000000E+20
 25
-1.000000000000000E+20
 35
-1.000000000000000E+20
146
0.0
 13
0.0
 23
0.0
 33
0.0
 16
1.0
 26
0.0
 36
0.0
 17
0.0
 27
1.0
 37
0.0
 76
     0
330
17
  0
LAYOUT
  5
15
102
{ACAD_REACTORS
330
16
102
}
330
16
100
AcDbPlotSettings
  1

  2
RICOH MP C2004ex
  4

  6

 40
0.0
 41
0.0
 42
0.0
 43
0.0
 44
0.0
 45
0.0
 46
0.0
 47
0.0
 48
0.0
 49
0.0
140
0.0
141
0.0
142
1.0
143
1.0
 70
  1712
 72
     0
 73
     0
 74
     0
  7

 75
     0
147
1.0
 76
     0
 77
     2
 78
   300
148
0.0
149
0.0
100
AcDbLayout
  1
Model
 70
     1
 71
     0
 10
0.0
 20
0.0
 11
12.0
 21
9.0
 12
0.0
 22
0.0
 32
0.0
 14
0.0
 24
0.0
 34
0.0
 15
0.0
 25
0.0
 35
0.0
146
0.0
 13
0.0
 23
0.0
 33
0.0
 16
1.0
 26
0.0
 36
0.0
 17
0.0
 27
1.0
 37
0.0
 76
     0
330
2
331
27
  0
MATERIAL
  5
3D
102
{ACAD_XDICTIONARY
360
3E
102
}
102
{ACAD_REACTORS
330
B
102
}
330
B
100
AcDbMaterial
  1
ByBlock
 72
     0
 43
0.0208333333333333
 43
0.0
 43
0.0
 43
0.0
 43
0.0
 43
0.0208333333333333
 43
0.0
 43
0.0
 43
0.0
 43
0.0
 43
1.0
 43
0.0
 43
0.0
 43
0.0
 43
0.0
 43
1.0
 77
     0
 47
0.0208333333333333
 47
0.0
 47
0.0
 47
0.0
 47
0.0
 47
0.0208333333333333
 47
0.0
 47
0.0
 47
0.0
 47
0.0
 47
1.0
 47
0.0
 47
0.0
 47
0.0
 47
0.0
 47
1.0
171
     0
 49
0.0208333333333333
 49
0.0
 49
0.0
 49
0.0
 49
0.0
 49
0.0208333333333333
 49
0.0
 49
0.0
 49
0.0
 49
0.0
 49
1.0
 49
0.0
 49
0.0
 49
0.0
 49
0.0
 49
1.0
175
     0
142
0.0208333333333333
142
0.0
142
0.0
142
0.0
142
0.0
142
0.0208333333333333
142
0.0
142
0.0
142
0.0
142
0.0
142
1.0
142
0.0
142
0.0
142
0.0
142
0.0
142
1.0
179
     0
144
0.0208333333333333
144
0.0
144
0.0
144
0.0
144
0.0
144
0.0208333333333333
144
0.0
144
0.0
144
0.0
144
0.0
144
1.0
144
0.0
144
0.0
144
0.0
144
0.0
144
1.0
147
0.0208333333333333
147
0.0
147
0.0
147
0.0
147
0.0
147
0.0208333333333333
147
0.0
147
0.0
147
0.0
147
0.0
147
1.0
147
0.0
147
0.0
147
0.0
147
0.0
147
1.0
  0
MATERIAL
  5
35
102
{ACAD_XDICTIONARY
360
36
102
}
102
{ACAD_REACTORS
330
B
102
}
330
B
100
AcDbMaterial
  1
ByLayer
 72
     0
 43
0.0208333333333333
 43
0.0
 43
0.0
 43
0.0
 43
0.0
 43
0.0208333333333333
 43
0.0
 43
0.0
 43
0.0
 43
0.0
 43
1.0
 43
0.0
 43
0.0
 43
0.0
 43
0.0
 43
1.0
 77
     0
 47
0.0208333333333333
 47
0.0
 47
0.0
 47
0.0
 47
0.0
 47
0.0208333333333333
 47
0.0
 47
0.0
 47
0.0
 47
0.0
 47
1.0
 47
0.0
 47
0.0
 47
0.0
 47
0.0
 47
1.0
171
     0
 49
0.0208333333333333
 49
0.0
 49
0.0
 49
0.0
 49
0.0
 49
0.0208333333333333
 49
0.0
 49
0.0
 49
0.0
 49
0.0
 49
1.0
 49
0.0
 49
0.0
 49
0.0
 49
0.0
 49
1.0
175
     0
142
0.0208333333333333
142
0.0
142
0.0
142
0.0
142
0.0
142
0.0208333333333333
142
0.0
142
0.0
142
0.0
142
0.0
142
1.0
142
0.0
142
0.0
142
0.0
142
0.0
142
1.0
179
     0
144
0.0208333333333333
144
0.0
144
0.0
144
0.0
144
0.0
144
0.0208333333333333
144
0.0
144
0.0
144
0.0
144
0.0
144
1.0
144
0.0
144
0.0
144
0.0
144
0.0
144
1.0
147
0.0208333333333333
147
0.0
147
0.0
147
0.0
147
0.0
147
0.0208333333333333
147
0.0
147
0.0
147
0.0
147
0.0
147
1.0
147
0.0
147
0.0
147
0.0
147
0.0
147
1.0
  0
MATERIAL
  5
A
102
{ACAD_XDICTIONARY
360
C
102
}
102
{ACAD_REACTORS
330
B
102
}
330
B
100
AcDbMaterial
  1
Global
 72
     0
 43
0.0208333333333333
 43
0.0
 43
0.0
 43
0.0
 43
0.0
 43
0.0208333333333333
 43
0.0
 43
0.0
 43
0.0
 43
0.0
 43
1.0
 43
0.0
 43
0.0
 43
0.0
 43
0.0
 43
1.0
 77
     0
 47
0.0208333333333333
 47
0.0
 47
0.0
 47
0.0
 47
0.0
 47
0.0208333333333333
 47
0.0
 47
0.0
 47
0.0
 47
0.0
 47
1.0
 47
0.0
 47
0.0
 47
0.0
 47
0.0
 47
1.0
171
     0
 49
0.0208333333333333
 49
0.0
 49
0.0
 49
0.0
 49
0.0
 49
0.0208333333333333
 49
0.0
 49
0.0
 49
0.0
 49
0.0
 49
1.0
 49
0.0
 49
0.0
 49
0.0
 49
0.0
 49
1.0
175
     0
142
0.0208333333333333
142
0.0
142
0.0
142
0.0
142
0.0
142
0.0208333333333333
142
0.0
142
0.0
142
0.0
142
0.0
142
1.0
142
0.0
142
0.0
142
0.0
142
0.0
142
1.0
179
     0
144
0.0208333333333333
144
0.0
144
0.0
144
0.0
144
0.0
144
0.0208333333333333
144
0.0
144
0.0
144
0.0
144
0.0
144
1.0
144
0.0
144
0.0
144
0.0
144
0.0
144
1.0
147
0.0208333333333333
147
0.0
147
0.0
147
0.0
147
0.0
147
0.0208333333333333
147
0.0
147
0.0
147
0.0
147
0.0
147
1.0
147
0.0
147
0.0
147
0.0
147
0.0
147
1.0
  0
MLEADERSTYLE
  5
276
102
{ACAD_REACTORS
330
48
102
}
330
48
100
AcDbMLeaderStyle
179
     2
170
     2
171
     1
172
     0
 90
        2
 40
0.0
 41
0.0
173
     1
 91
-1056964608
340
22
 92
       -2
290
     1
 42
0.09
291
     1
 43
0.36
  3
Standard
 44
0.18
300

342
1F
174
     1
178
     6
175
     1
176
     0
 93
-1056964608
 45
0.18
292
     0
297
     0
 46
0.18
 94
-1056964608
 47
1.0
 49
1.0
140
1.0
293
     1
141
0.0
294
     1
177
     0
142
1.0
295
     0
296
     0
143
0.125
271
     0
272
     9
273
     9
298
     1
  0
MLINESTYLE
  5
67
102
{ACAD_REACTORS
330
33
102
}
330
33
100
AcDbMlineStyle
  2
STANDARD
 70
     0
  3

 62
   256
 51
90.0
 52
90.0
 71
     2
 49
0.5
 62
   256
  6
BYLAYER
 49
-0.5
 62
   256
  6
BYLAYER
  0
ACDBPLACEHOLDER
  5
7
102
{ACAD_REACTORS
330
8
102
}
330
8
  0
SCALE
  5
6B
102
{ACAD_REACTORS
330
46
102
}
330
46
100
AcDbScale
 70
     0
300
1:1
140
1.0
141
1.0
290
     1
  0
SCALE
  5
6C
102
{ACAD_REACTORS
330
46
102
}
330
46
100
AcDbScale
 70
     0
300
1/128" = 1'-0"
140
0.0078125
141
12.0
290
     0
  0
SCALE
  5
6D
102
{ACAD_REACTORS
330
46
102
}
330
46
100
AcDbScale
 70
     0
300
1/64" = 1'-0"
140
0.015625
141
12.0
290
     0
  0
SCALE
  5
6E
102
{ACAD_REACTORS
330
46
102
}
330
46
100
AcDbScale
 70
     0
300
1/32" = 1'-0"
140
0.03125
141
12.0
290
     0
  0
SCALE
  5
6F
102
{ACAD_REACTORS
330
46
102
}
330
46
100
AcDbScale
 70
     0
300
1/16" = 1'-0"
140
0.0625
141
12.0
290
     0
  0
SCALE
  5
70
102
{ACAD_REACTORS
330
46
102
}
330
46
100
AcDbScale
 70
     0
300
3/32" = 1'-0"
140
0.09375
141
12.0
290
     0
  0
SCALE
  5
71
102
{ACAD_REACTORS
330
46
102
}
330
46
100
AcDbScale
 70
     0
300
1/8" = 1'-0"
140
0.125
141
12.0
290
     0
  0
SCALE
  5
72
102
{ACAD_REACTORS
330
46
102
}
330
46
100
AcDbScale
 70
     0
300
3/16" = 1'-0"
140
0.1875
141
12.0
290
     0
  0
SCALE
  5
73
102
{ACAD_REACTORS
330
46
102
}
330
46
100
AcDbScale
 70
     0
300
1/4" = 1'-0"
140
0.25
141
12.0
290
     0
  0
SCALE
  5
74
102
{ACAD_REACTORS
330
46
102
}
330
46
100
AcDbScale
 70
     0
300
3/8" = 1'-0"
140
0.375
141
12.0
290
     0
  0
SCALE
  5
75
102
{ACAD_REACTORS
330
46
102
}
330
46
100
AcDbScale
 70
     0
300
1/2" = 1'-0"
140
0.5
141
12.0
290
     0
  0
SCALE
  5
76
102
{ACAD_REACTORS
330
46
102
}
330
46
100
AcDbScale
 70
     0
300
3/4" = 1'-0"
140
0.75
141
12.0
290
     0
  0
SCALE
  5
77
102
{ACAD_REACTORS
330
46
102
}
330
46
100
AcDbScale
 70
     0
300
1" = 1'-0"
140
1.0
141
12.0
290
     0
  0
SCALE
  5
78
102
{ACAD_REACTORS
330
46
102
}
330
46
100
AcDbScale
 70
     0
300
1-1/2" = 1'-0"
140
1.5
141
12.0
290
     0
  0
SCALE
  5
79
102
{ACAD_REACTORS
330
46
102
}
330
46
100
AcDbScale
 70
     0
300
3" = 1'-0"
140
3.0
141
12.0
290
     0
  0
SCALE
  5
7A
102
{ACAD_REACTORS
330
46
102
}
330
46
100
AcDbScale
 70
     0
300
6" = 1'-0"
140
6.0
141
12.0
290
     0
  0
SCALE
  5
7B
102
{ACAD_REACTORS
330
46
102
}
330
46
100
AcDbScale
 70
     0
300
1'-0" = 1'-0"
140
12.0
141
12.0
290
     0
  0
ACDBSECTIONVIEWSTYLE
  5
278
102
{ACAD_REACTORS
330
277
102
}
330
277
100
AcDbModelDocViewStyle
 70
     0
  3
Imperial24
290
     0
300
Imperial24
 90
        0
100
AcDbSectionViewStyle
 70
     0
 71
     0
 90
       78
 71
     1
340
1F
 62
   256
 40
0.24
340
0
340
0
 62
   256
 40
0.24
300
I, O, Q, S, X, Z
 40
0.48
 90
        3
 40
0.18
 90
        1
 71
     2
340
13
 90
       25
 62
   256
340
13
 90
       50
 62
   256
 40
0.24
 40
0.0
 40
0.24
 71
     3
340
1F
 62
   256
 40
0.24
 90
        1
 40
0.75
 90
        1
300
%<\AcVar ViewType \f "%tc1">% %<\AcVar ViewSectionStartId>%-%<\AcVar ViewSectionEndId>%\PSCALE %<\AcVar ViewScale \f "%sn">%
 71
     4
 62
   256
 62
   257
300
ANSI31
 40
1.0
 90
        0
290
     0
290
     0
 90
        6
 40
0.0
 40
1.570796326794896
 40
0.2617993877991494
 40
1.308996938995747
 40
-0.2617993877991494
 40
1.832595714594045
  0
TABLESTYLE
  5
68
102
{ACAD_XDICTIONARY
360
6CC
102
}
102
{ACAD_REACTORS
330
47
102
}
330
47
100
AcDbTableStyle
280
     0
  3
Standard
 70
     0
 71
     0
 40
0.06
 41
0.06
280
     0
281
     0
  7
Standard
140
0.18
170
     2
 62
     0
 63
     7
283
     0
 90
      512
 91
        0
  1

274
    -2
284
     1
 64
     0
275
    -2
285
     1
 65
     0
276
    -2
286
     1
 66
     0
277
    -2
287
     1
 67
     0
278
    -2
288
     1
 68
     0
279
    -2
289
     1
 69
     0
  7
Standard
140
0.25
170
     5
 62
     0
 63
     7
283
     0
 90
      512
 91
        0
  1

274
    -2
284
     1
 64
     0
275
    -2
285
     1
 65
     0
276
    -2
286
     1
 66
     0
277
    -2
287
     1
 67
     0
278
    -2
288
     1
 68
     0
279
    -2
289
     1
 69
     0
  7
Standard
140
0.18
170
     5
 62
     0
 63
     7
283
     0
 90
      512
 91
        0
  1

274
    -2
284
     1
 64
     0
275
    -2
285
     1
 65
     0
276
    -2
286
     1
 66
     0
277
    -2
287
     1
 67
     0
278
    -2
288
     1
 68
     0
279
    -2
289
     1
 69
     0
  0
VISUALSTYLE
  5
28
102
{ACAD_REACTORS
330
29
102
}
330
29
100
AcDbVisualStyle
  2
2dWireframe
 70
     4
177
     3
291
     0
 70
    58
 90
        0
176
     1
 90
        2
176
     1
 90
        0
176
     1
 90
        0
176
     1
 40
0.6
176
     1
 40
30.0
176
     1
 62
     7
420
 16777215
176
     1
 90
        1
176
     1
 90
        4
176
     1
 62
     7
176
     1
 62
   257
176
     1
 90
        1
176
     1
 90
        1
176
     1
 40
1.0
176
     1
 90
        0
176
     1
 62
   257
176
     1
 40
1.0
176
     1
 90
        1
176
     1
 90
        6
176
     1
 90
        2
176
     1
 62
     7
176
     1
 90
        5
176
     1
 90
        0
176
     1
 90
        0
176
     1
290
     0
176
     1
 90
        1
176
     1
 40
0.0
176
     1
 90
        0
176
     1
290
     1
176
     1
290
     1
176
     1
290
     0
176
     1
290
     0
176
     1
290
     0
176
     1
290
     0
176
     1
290
     0
176
     1
290
     0
176
     1
290
     0
176
     1
 90
       50
176
     1
 40
0.0
176
     1
 40
1.0
176
     1
 90
        0
176
     1
 62
    18
176
     1
 90
       50
176
     1
 90
        3
176
     1
 62
     5
420
      255
176
     1
290
     0
176
     1
 90
       50
176
     1
 90
       50
176
     1
 90
       50
176
     1
290
     0
176
     1
 90
       50
176
     1
 62
   256
176
     0
 40
1.0
176
     0
 90
        2
176
     1
  1
strokes_ogs.tif
176
     1
290
     0
176
     1
 40
1.0
176
     1
 40
1.0
176
     1
  0
VISUALSTYLE
  5
266
102
{ACAD_REACTORS
330
29
102
}
330
29
100
AcDbVisualStyle
  2
Basic
 70
     7
177
     3
291
     1
 70
    58
 90
        1
176
     1
 90
        0
176
     1
 90
        1
176
     1
 90
        0
176
     1
 40
0.6
176
     1
 40
30.0
176
     1
 62
     7
420
 16777215
176
     1
 90
        0
176
     1
 90
        4
176
     1
 62
     7
176
     1
 62
   257
176
     1
 90
        1
176
     1
 90
        1
176
     1
 40
1.0
176
     1
 90
        8
176
     1
 62
     7
176
     1
 40
1.0
176
     1
 90
        1
176
     1
 90
        6
176
     1
 90
        2
176
     1
 62
     7
176
     1
 90
        5
176
     1
 90
        0
176
     1
 90
        0
176
     1
290
     0
176
     1
 90
        1
176
     1
 40
0.0
176
     1
 90
        0
176
     1
290
     0
176
     1
290
     1
176
     1
290
     1
176
     1
290
     0
176
     1
290
     0
176
     1
290
     0
176
     1
290
     0
176
     1
290
     0
176
     1
290
     0
176
     1
 90
       50
176
     1
 40
0.0
176
     1
 40
1.0
176
     1
 90
        0
176
     1
 62
    18
176
     1
 90
       50
176
     1
 90
        3
176
     1
 62
     5
420
      255
176
     1
290
     0
176
     1
 90
       50
176
     1
 90
       50
176
     1
 90
       50
176
     1
290
     0
176
     1
 90
       50
176
     1
 62
   256
176
     0
 40
1.0
176
     0
 90
        2
176
     1
  1
strokes_ogs.tif
176
     1
290
     0
176
     1
 40
1.0
176
     1
 40
1.0
176
     1
  0
VISUALSTYLE
  5
26A
102
{ACAD_REACTORS
330
29
102
}
330
29
100
AcDbVisualStyle
  2
Brighten
 70
    12
177
     3
291
     1
 70
    58
 90
        2
176
     1
 90
        2
176
     1
 90
        0
176
     1
 90
        0
176
     1
 40
0.6
176
     1
 40
30.0
176
     1
 62
     7
420
 16777215
176
     1
 90
        1
176
     1
 90
        4
176
     1
 62
     7
176
     1
 62
   257
176
     1
 90
        1
176
     1
 90
        1
176
     1
 40
1.0
176
     1
 90
        8
176
     1
 62
     7
176
     1
 40
1.0
176
     1
 90
        1
176
     1
 90
        6
176
     1
 90
        2
176
     1
 62
     7
176
     1
 90
        5
176
     1
 90
        0
176
     1
 90
        0
176
     1
290
     0
176
     1
 90
        1
176
     1
 40
50.0
176
     1
 90
        0
176
     1
290
     0
176
     1
290
     1
176
     1
290
     1
176
     1
290
     0
176
     1
290
     0
176
     1
290
     0
176
     1
290
     0
176
     1
290
     0
176
     1
290
     0
176
     1
 90
       50
176
     1
 40
0.0
176
     1
 40
1.0
176
     1
 90
        0
176
     1
 62
    18
176
     1
 90
       50
176
     1
 90
        3
176
     1
 62
     5
420
      255
176
     1
290
     0
176
     1
 90
       50
176
     1
 90
       50
176
     1
 90
       50
176
     1
290
     0
176
     1
 90
       50
176
     1
 62
   256
176
     0
 40
1.0
176
     0
 90
        2
176
     1
  1
strokes_ogs.tif
176
     1
290
     0
176
     1
 40
1.0
176
     1
 40
1.0
176
     1
  0
VISUALSTYLE
  5
26E
102
{ACAD_REACTORS
330
29
102
}
330
29
100
AcDbVisualStyle
  2
ColorChange
 70
    16
177
     3
291
     1
 70
    58
 90
        2
176
     1
 90
        2
176
     1
 90
        3
176
     1
 90
        0
176
     1
 40
0.6
176
     1
 40
30.0
176
     1
 62
     8
420
  8421504
176
     1
 90
        1
176
     1
 90
        4
176
     1
 62
     7
176
     1
 62
   257
176
     1
 90
        1
176
     1
 90
        1
176
     1
 40
1.0
176
     1
 90
        8
176
     1
 62
     8
420
  8421504
176
     1
 40
1.0
176
     1
 90
        1
176
     1
 90
        6
176
     1
 90
        2
176
     1
 62
     7
176
     1
 90
        5
176
     1
 90
        0
176
     1
 90
        0
176
     1
290
     0
176
     1
 90
        1
176
     1
 40
0.0
176
     1
 90
        0
176
     1
290
     0
176
     1
290
     1
176
     1
290
     1
176
     1
290
     0
176
     1
290
     0
176
     1
290
     0
176
     1
290
     0
176
     1
290
     0
176
     1
290
     0
176
     1
 90
       50
176
     1
 40
0.0
176
     1
 40
1.0
176
     1
 90
        0
176
     1
 62
    18
176
     1
 90
       50
176
     1
 90
        3
176
     1
 62
     5
420
      255
176
     1
290
     0
176
     1
 90
       50
176
     1
 90
       50
176
     1
 90
       50
176
     1
290
     0
176
     1
 90
       50
176
     1
 62
   256
176
     0
 40
1.0
176
     0
 90
        2
176
     1
  1
strokes_ogs.tif
176
     1
290
     0
176
     1
 40
1.0
176
     1
 40
1.0
176
     1
  0
VISUALSTYLE
  5
268
102
{ACAD_REACTORS
330
29
102
}
330
29
100
AcDbVisualStyle
  2
Conceptual
 70
     9
177
     3
291
     0
 70
    58
 90
        3
176
     1
 90
        2
176
     1
 90
        0
176
     1
 90
        0
176
     1
 40
0.6
176
     1
 40
30.0
176
     1
 62
     7
420
 16777215
176
     1
 90
        2
176
     1
 90
        2
176
     1
 62
     7
176
     1
 62
   257
176
     1
 90
        1
176
     1
 90
        1
176
     1
 40
179.0
176
     1
 90
        8
176
     1
 62
     7
176
     1
 40
1.0
176
     1
 90
        1
176
     1
 90
        6
176
     1
 90
        2
176
     1
 62
     7
176
     1
 90
        3
176
     1
 90
        0
176
     1
 90
        0
176
     1
290
     0
176
     1
 90
        1
176
     1
 40
0.0
176
     1
 90
        0
176
     1
290
     0
176
     1
290
     1
176
     1
290
     1
176
     1
290
     0
176
     1
290
     0
176
     1
290
     0
176
     1
290
     0
176
     1
290
     0
176
     1
290
     0
176
     1
 90
       50
176
     1
 40
0.0
176
     1
 40
1.0
176
     1
 90
        0
176
     1
 62
    18
176
     1
 90
       50
176
     1
 90
        3
176
     1
 62
     5
420
      255
176
     1
290
     0
176
     1
 90
       50
176
     1
 90
       50
176
     1
 90
       50
176
     1
290
     0
176
     1
 90
       50
176
     1
 62
   256
176
     0
 40
1.0
176
     0
 90
        2
176
     1
  1
strokes_ogs.tif
176
     1
290
     0
176
     1
 40
1.0
176
     1
 40
1.0
176
     1
  0
VISUALSTYLE
  5
269
102
{ACAD_REACTORS
330
29
102
}
330
29
100
AcDbVisualStyle
  2
Dim
 70
    11
177
     3
291
     1
 70
    58
 90
        2
176
     1
 90
        2
176
     1
 90
        0
176
     1
 90
        0
176
     1
 40
0.6
176
     1
 40
30.0
176
     1
 62
     7
420
 16777215
176
     1
 90
        1
176
     1
 90
        4
176
     1
 62
     7
176
     1
 62
   257
176
     1
 90
        1
176
     1
 90
        1
176
     1
 40
1.0
176
     1
 90
        8
176
     1
 62
     7
176
     1
 40
1.0
176
     1
 90
        1
176
     1
 90
        6
176
     1
 90
        2
176
     1
 62
     7
176
     1
 90
        5
176
     1
 90
        0
176
     1
 90
        0
176
     1
290
     0
176
     1
 90
        1
176
     1
 40
-50.0
176
     1
 90
        0
176
     1
290
     0
176
     1
290
     1
176
     1
290
     1
176
     1
290
     0
176
     1
290
     0
176
     1
290
     0
176
     1
290
     0
176
     1
290
     0
176
     1
290
     0
176
     1
 90
       50
176
     1
 40
0.0
176
     1
 40
1.0
176
     1
 90
        0
176
     1
 62
    18
176
     1
 90
       50
176
     1
 90
        3
176
     1
 62
     5
420
      255
176
     1
290
     0
176
     1
 90
       50
176
     1
 90
       50
176
     1
 90
       50
176
     1
290
     0
176
     1
 90
       50
176
     1
 62
   256
176
     0
 40
1.0
176
     0
 90
        2
176
     1
  1
strokes_ogs.tif
176
     1
290
     0
176
     1
 40
1.0
176
     1
 40
1.0
176
     1
  0
VISUALSTYLE
  5
15B
102
{ACAD_REACTORS
330
29
102
}
330
29
100
AcDbVisualStyle
  2
EdgeColorOff
 70
    22
177
     3
291
     1
 70
    58
 90
        2
176
     0
 90
        2
176
     0
 90
        0
176
     0
 90
        0
176
     0
 40
0.6
176
     0
 40
30.0
176
     0
 62
     7
420
 16777215
176
     0
 90
        1
176
     0
 90
        4
176
     0
 62
     7
176
     0
 62
   257
176
     0
 90
        1
176
     0
 90
        1
176
     0
 40
1.0
176
     0
 90
        8
176
     2
 62
     7
176
     0
 40
1.0
176
     0
 90
        1
176
     0
 90
        6
176
     0
 90
        2
176
     0
 62
     7
176
     0
 90
        5
176
     0
 90
        0
176
     0
 90
        0
176
     0
290
     0
176
     0
 90
        1
176
     0
 40
0.0
176
     0
 90
        0
176
     0
290
     0
176
     0
290
     1
176
     0
290
     1
176
     0
290
     0
176
     0
290
     0
176
     0
290
     0
176
     0
290
     0
176
     0
290
     0
176
     0
290
     0
176
     0
 90
       50
176
     0
 40
0.0
176
     0
 40
1.0
176
     0
 90
        0
176
     0
 62
    18
176
     0
 90
       50
176
     0
 90
        3
176
     0
 62
     5
420
      255
176
     0
290
     0
176
     0
 90
       50
176
     0
 90
       50
176
     0
 90
       50
176
     0
290
     0
176
     0
 90
       50
176
     0
 62
   256
176
     0
 40
1.0
176
     0
 90
        2
176
     0
  1
strokes_ogs.tif
176
     0
290
     0
176
     0
 40
1.0
176
     0
 40
1.0
176
     0
  0
VISUALSTYLE
  5
26D
102
{ACAD_REACTORS
330
29
102
}
330
29
100
AcDbVisualStyle
  2
Facepattern
 70
    15
177
     3
291
     1
 70
    58
 90
        2
176
     1
 90
        2
176
     1
 90
        0
176
     1
 90
        0
176
     1
 40
0.6
176
     1
 40
30.0
176
     1
 62
     7
420
 16777215
176
     1
 90
        1
176
     1
 90
        4
176
     1
 62
     7
176
     1
 62
   257
176
     1
 90
        1
176
     1
 90
        1
176
     1
 40
1.0
176
     1
 90
        8
176
     1
 62
     7
176
     1
 40
1.0
176
     1
 90
        1
176
     1
 90
        6
176
     1
 90
        2
176
     1
 62
     7
176
     1
 90
        5
176
     1
 90
        0
176
     1
 90
        0
176
     1
290
     0
176
     1
 90
        1
176
     1
 40
0.0
176
     1
 90
        0
176
     1
290
     0
176
     1
290
     1
176
     1
290
     1
176
     1
290
     0
176
     1
290
     0
176
     1
290
     0
176
     1
290
     0
176
     1
290
     0
176
     1
290
     0
176
     1
 90
       50
176
     1
 40
0.0
176
     1
 40
1.0
176
     1
 90
        0
176
     1
 62
    18
176
     1
 90
       50
176
     1
 90
        3
176
     1
 62
     5
420
      255
176
     1
290
     0
176
     1
 90
       50
176
     1
 90
       50
176
     1
 90
       50
176
     1
290
     0
176
     1
 90
       50
176
     1
 62
   256
176
     0
 40
1.0
176
     0
 90
        2
176
     1
  1
strokes_ogs.tif
176
     1
290
     0
176
     1
 40
1.0
176
     1
 40
1.0
176
     1
  0
VISUALSTYLE
  5
262
102
{ACAD_REACTORS
330
29
102
}
330
29
100
AcDbVisualStyle
  2
Flat
 70
     0
177
     3
291
     1
 70
    58
 90
        2
176
     1
 90
        1
176
     1
 90
        1
176
     1
 90
        2
176
     1
 40
0.6
176
     1
 40
30.0
176
     1
 62
     7
420
 16777215
176
     1
 90
        0
176
     1
 90
        0
176
     1
 62
     7
176
     1
 62
   257
176
     1
 90
        1
176
     1
 90
        1
176
     1
 40
1.0
176
     1
 90
        8
176
     1
 62
     7
176
     1
 40
1.0
176
     1
 90
        1
176
     1
 90
        6
176
     1
 90
        2
176
     1
 62
     7
176
     1
 90
        5
176
     1
 90
        0
176
     1
 90
        0
176
     1
290
     0
176
     1
 90
       13
176
     1
 40
0.0
176
     1
 90
        0
176
     1
290
     0
176
     1
290
     1
176
     1
290
     1
176
     1
290
     0
176
     1
290
     0
176
     1
290
     0
176
     1
290
     0
176
     1
290
     0
176
     1
290
     0
176
     1
 90
       50
176
     1
 40
0.0
176
     1
 40
1.0
176
     1
 90
        0
176
     1
 62
    18
176
     1
 90
       50
176
     1
 90
        3
176
     1
 62
     5
420
      255
176
     1
290
     0
176
     1
 90
       50
176
     1
 90
       50
176
     1
 90
       50
176
     1
290
     0
176
     1
 90
       50
176
     1
 62
   256
176
     0
 40
1.0
176
     0
 90
        2
176
     1
  1
strokes_ogs.tif
176
     1
290
     0
176
     1
 40
1.0
176
     1
 40
1.0
176
     1
  0
VISUALSTYLE
  5
263
102
{ACAD_REACTORS
330
29
102
}
330
29
100
AcDbVisualStyle
  2
FlatWithEdges
 70
     1
177
     3
291
     1
 70
    58
 90
        2
176
     1
 90
        1
176
     1
 90
        1
176
     1
 90
        2
176
     1
 40
0.6
176
     1
 40
30.0
176
     1
 62
     7
420
 16777215
176
     1
 90
        1
176
     1
 90
        0
176
     1
 62
     7
176
     1
 62
   257
176
     1
 90
        1
176
     1
 90
        1
176
     1
 40
1.0
176
     1
 90
        0
176
     1
 62
   257
176
     1
 40
1.0
176
     1
 90
        1
176
     1
 90
        6
176
     1
 90
        2
176
     1
 62
     7
176
     1
 90
        5
176
     1
 90
        0
176
     1
 90
        0
176
     1
290
     0
176
     1
 90
       13
176
     1
 40
0.0
176
     1
 90
        0
176
     1
290
     0
176
     1
290
     1
176
     1
290
     1
176
     1
290
     0
176
     1
290
     0
176
     1
290
     0
176
     1
290
     0
176
     1
290
     0
176
     1
290
     0
176
     1
 90
       50
176
     1
 40
0.0
176
     1
 40
1.0
176
     1
 90
        0
176
     1
 62
    18
176
     1
 90
       50
176
     1
 90
        3
176
     1
 62
     5
420
      255
176
     1
290
     0
176
     1
 90
       50
176
     1
 90
       50
176
     1
 90
       50
176
     1
290
     0
176
     1
 90
       50
176
     1
 62
   256
176
     0
 40
1.0
176
     0
 90
        2
176
     1
  1
strokes_ogs.tif
176
     1
290
     0
176
     1
 40
1.0
176
     1
 40
1.0
176
     1
  0
VISUALSTYLE
  5
264
102
{ACAD_REACTORS
330
29
102
}
330
29
100
AcDbVisualStyle
  2
Gouraud
 70
     2
177
     3
291
     1
 70
    58
 90
        2
176
     1
 90
        2
176
     1
 90
        1
176
     1
 90
        2
176
     1
 40
0.6
176
     1
 40
30.0
176
     1
 62
     7
420
 16777215
176
     1
 90
        0
176
     1
 90
        0
176
     1
 62
     7
176
     1
 62
   257
176
     1
 90
        1
176
     1
 90
        1
176
     1
 40
1.0
176
     1
 90
        0
176
     1
 62
     7
176
     1
 40
1.0
176
     1
 90
        1
176
     1
 90
        6
176
     1
 90
        2
176
     1
 62
     7
176
     1
 90
        5
176
     1
 90
        0
176
     1
 90
        0
176
     1
290
     0
176
     1
 90
       13
176
     1
 40
0.0
176
     1
 90
        0
176
     1
290
     0
176
     1
290
     1
176
     1
290
     1
176
     1
290
     0
176
     1
290
     0
176
     1
290
     0
176
     1
290
     0
176
     1
290
     0
176
     1
290
     0
176
     1
 90
       50
176
     1
 40
0.0
176
     1
 40
1.0
176
     1
 90
        0
176
     1
 62
    18
176
     1
 90
       50
176
     1
 90
        3
176
     1
 62
     5
420
      255
176
     1
290
     0
176
     1
 90
       50
176
     1
 90
       50
176
     1
 90
       50
176
     1
290
     0
176
     1
 90
       50
176
     1
 62
   256
176
     0
 40
1.0
176
     0
 90
        2
176
     1
  1
strokes_ogs.tif
176
     1
290
     0
176
     1
 40
1.0
176
     1
 40
1.0
176
     1
  0
VISUALSTYLE
  5
265
102
{ACAD_REACTORS
330
29
102
}
330
29
100
AcDbVisualStyle
  2
GouraudWithEdges
 70
     3
177
     3
291
     1
 70
    58
 90
        2
176
     1
 90
        2
176
     1
 90
        1
176
     1
 90
        2
176
     1
 40
0.6
176
     1
 40
30.0
176
     1
 62
     7
420
 16777215
176
     1
 90
        1
176
     1
 90
        0
176
     1
 62
     7
176
     1
 62
   257
176
     1
 90
        1
176
     1
 90
        1
176
     1
 40
1.0
176
     1
 90
        0
176
     1
 62
   257
176
     1
 40
1.0
176
     1
 90
        1
176
     1
 90
        6
176
     1
 90
        2
176
     1
 62
     7
176
     1
 90
        5
176
     1
 90
        0
176
     1
 90
        0
176
     1
290
     0
176
     1
 90
       13
176
     1
 40
0.0
176
     1
 90
        0
176
     1
290
     0
176
     1
290
     1
176
     1
290
     1
176
     1
290
     0
176
     1
290
     0
176
     1
290
     0
176
     1
290
     0
176
     1
290
     0
176
     1
290
     0
176
     1
 90
       50
176
     1
 40
0.0
176
     1
 40
1.0
176
     1
 90
        0
176
     1
 62
    18
176
     1
 90
       50
176
     1
 90
        3
176
     1
 62
     5
420
      255
176
     1
290
     0
176
     1
 90
       50
176
     1
 90
       50
176
     1
 90
       50
176
     1
290
     0
176
     1
 90
       50
176
     1
 62
   256
176
     0
 40
1.0
176
     0
 90
        2
176
     1
  1
strokes_ogs.tif
176
     1
290
     0
176
     1
 40
1.0
176
     1
 40
1.0
176
     1
  0
VISUALSTYLE
  5
267
102
{ACAD_REACTORS
330
29
102
}
330
29
100
AcDbVisualStyle
  2
Hidden
 70
     6
177
     3
291
     0
 70
    58
 90
        1
176
     1
 90
        2
176
     1
 90
        2
176
     1
 90
        0
176
     1
 40
0.6
176
     1
 40
30.0
176
     1
 62
     7
420
 16777215
176
     1
 90
        2
176
     1
 90
        2
176
     1
 62
     7
176
     1
 62
   257
176
     1
 90
        2
176
     1
 90
        1
176
     1
 40
40.0
176
     1
 90
        0
176
     1
 62
   257
176
     1
 40
1.0
176
     1
 90
        1
176
     1
 90
        6
176
     1
 90
        2
176
     1
 62
     7
176
     1
 90
        3
176
     1
 90
        0
176
     1
 90
        0
176
     1
290
     0
176
     1
 90
        1
176
     1
 40
0.0
176
     1
 90
        0
176
     1
290
     0
176
     1
290
     1
176
     1
290
     1
176
     1
290
     0
176
     1
290
     0
176
     1
290
     0
176
     1
290
     0
176
     1
290
     0
176
     1
290
     0
176
     1
 90
       50
176
     1
 40
0.0
176
     1
 40
1.0
176
     1
 90
        0
176
     1
 62
    18
176
     1
 90
       50
176
     1
 90
        3
176
     1
 62
     5
420
      255
176
     1
290
     0
176
     1
 90
       50
176
     1
 90
       50
176
     1
 90
       50
176
     1
290
     0
176
     1
 90
       50
176
     1
 62
   256
176
     0
 40
1.0
176
     0
 90
        2
176
     1
  1
strokes_ogs.tif
176
     1
290
     0
176
     1
 40
1.0
176
     1
 40
1.0
176
     1
  0
VISUALSTYLE
  5
274
102
{ACAD_REACTORS
330
29
102
}
330
29
100
AcDbVisualStyle
  2
JitterOff
 70
    20
177
     3
291
     1
 70
    58
 90
        2
176
     0
 90
        2
176
     0
 90
        0
176
     0
 90
        0
176
     0
 40
0.6
176
     0
 40
30.0
176
     0
 62
     7
420
 16777215
176
     0
 90
        1
176
     0
 90
        4
176
     0
 62
     7
176
     0
 62
   257
176
     0
 90
        1
176
     0
 90
        1
176
     0
 40
1.0
176
     0
 90
       10
176
     2
 62
     7
176
     0
 40
1.0
176
     0
 90
        1
176
     0
 90
        6
176
     0
 90
        2
176
     0
 62
     7
176
     0
 90
        5
176
     0
 90
        0
176
     0
 90
        0
176
     0
290
     0
176
     0
 90
        1
176
     0
 40
0.0
176
     0
 90
        0
176
     0
290
     0
176
     0
290
     1
176
     0
290
     1
176
     0
290
     0
176
     0
290
     0
176
     0
290
     0
176
     0
290
     0
176
     0
290
     0
176
     0
290
     0
176
     0
 90
       50
176
     0
 40
0.0
176
     0
 40
1.0
176
     0
 90
        0
176
     0
 62
    18
176
     0
 90
       50
176
     0
 90
        3
176
     0
 62
     5
420
      255
176
     0
290
     0
176
     0
 90
       50
176
     0
 90
       50
176
     0
 90
       50
176
     0
290
     0
176
     0
 90
       50
176
     0
 62
   256
176
     0
 40
1.0
176
     0
 90
        2
176
     0
  1
strokes_ogs.tif
176
     0
290
     0
176
     0
 40
1.0
176
     0
 40
1.0
176
     0
  0
VISUALSTYLE
  5
26C
102
{ACAD_REACTORS
330
29
102
}
330
29
100
AcDbVisualStyle
  2
Linepattern
 70
    14
177
     3
291
     1
 70
    58
 90
        2
176
     1
 90
        2
176
     1
 90
        0
176
     1
 90
        0
176
     1
 40
0.6
176
     1
 40
30.0
176
     1
 62
     7
420
 16777215
176
     1
 90
        1
176
     1
 90
        4
176
     1
 62
     7
176
     1
 62
   257
176
     1
 90
        7
176
     1
 90
        7
176
     1
 40
1.0
176
     1
 90
        8
176
     1
 62
     7
176
     1
 40
1.0
176
     1
 90
        1
176
     1
 90
        6
176
     1
 90
        2
176
     1
 62
     7
176
     1
 90
        5
176
     1
 90
        0
176
     1
 90
        0
176
     1
290
     0
176
     1
 90
        1
176
     1
 40
0.0
176
     1
 90
        0
176
     1
290
     0
176
     1
290
     1
176
     1
290
     1
176
     1
290
     0
176
     1
290
     0
176
     1
290
     0
176
     1
290
     0
176
     1
290
     0
176
     1
290
     0
176
     1
 90
       50
176
     1
 40
0.0
176
     1
 40
1.0
176
     1
 90
        0
176
     1
 62
    18
176
     1
 90
       50
176
     1
 90
        3
176
     1
 62
     5
420
      255
176
     1
290
     0
176
     1
 90
       50
176
     1
 90
       50
176
     1
 90
       50
176
     1
290
     0
176
     1
 90
       50
176
     1
 62
   256
176
     0
 40
1.0
176
     0
 90
        2
176
     1
  1
strokes_ogs.tif
176
     1
290
     0
176
     1
 40
1.0
176
     1
 40
1.0
176
     1
  0
VISUALSTYLE
  5
275
102
{ACAD_REACTORS
330
29
102
}
330
29
100
AcDbVisualStyle
  2
OverhangOff
 70
    21
177
     3
291
     1
 70
    58
 90
        2
176
     0
 90
        2
176
     0
 90
        0
176
     0
 90
        0
176
     0
 40
0.6
176
     0
 40
30.0
176
     0
 62
     7
420
 16777215
176
     0
 90
        1
176
     0
 90
        4
176
     0
 62
     7
176
     0
 62
   257
176
     0
 90
        1
176
     0
 90
        1
176
     0
 40
1.0
176
     0
 90
        9
176
     2
 62
     7
176
     0
 40
1.0
176
     0
 90
        1
176
     0
 90
        6
176
     0
 90
        2
176
     0
 62
     7
176
     0
 90
        5
176
     0
 90
        0
176
     0
 90
        0
176
     0
290
     0
176
     0
 90
        1
176
     0
 40
0.0
176
     0
 90
        0
176
     0
290
     0
176
     0
290
     1
176
     0
290
     1
176
     0
290
     0
176
     0
290
     0
176
     0
290
     0
176
     0
290
     0
176
     0
290
     0
176
     0
290
     0
176
     0
 90
       50
176
     0
 40
0.0
176
     0
 40
1.0
176
     0
 90
        0
176
     0
 62
    18
176
     0
 90
       50
176
     0
 90
        3
176
     0
 62
     5
420
      255
176
     0
290
     0
176
     0
 90
       50
176
     0
 90
       50
176
     0
 90
       50
176
     0
290
     0
176
     0
 90
       50
176
     0
 62
   256
176
     0
 40
1.0
176
     0
 90
        2
176
     0
  1
strokes_ogs.tif
176
     0
290
     0
176
     0
 40
1.0
176
     0
 40
1.0
176
     0
  0
VISUALSTYLE
  5
69
102
{ACAD_REACTORS
330
29
102
}
330
29
100
AcDbVisualStyle
  2
Realistic
 70
     8
177
     3
291
     0
 70
    58
 90
        2
176
     1
 90
        3
176
     1
 90
        0
176
     1
 90
        2
176
     1
 40
0.6
176
     1
 40
30.0
176
     1
 62
     7
420
 16777215
176
     1
 90
        0
176
     1
 90
        0
176
     1
 62
     7
176
     1
 62
   257
176
     1
 90
        1
176
     1
 90
        1
176
     1
 40
1.0
176
     1
 90
        8
176
     1
 62
   257
176
     1
 40
1.0
176
     1
 90
        1
176
     1
 90
        6
176
     1
 90
        2
176
     1
 62
     7
176
     1
 90
        3
176
     1
 90
        0
176
     1
 90
        0
176
     1
290
     0
176
     1
 90
       13
176
     1
 40
0.0
176
     1
 90
        0
176
     1
290
     0
176
     1
290
     1
176
     1
290
     1
176
     1
290
     0
176
     1
290
     0
176
     1
290
     0
176
     1
290
     0
176
     1
290
     0
176
     1
290
     0
176
     1
 90
       50
176
     1
 40
0.0
176
     1
 40
1.0
176
     1
 90
        0
176
     1
 62
    18
176
     1
 90
       50
176
     1
 90
        3
176
     1
 62
     5
420
      255
176
     1
290
     0
176
     1
 90
       50
176
     1
 90
       50
176
     1
 90
       50
176
     1
290
     0
176
     1
 90
       50
176
     1
 62
   256
176
     0
 40
1.0
176
     0
 90
        2
176
     1
  1
strokes_ogs.tif
176
     1
290
     0
176
     1
 40
1.0
176
     1
 40
1.0
176
     1
  0
VISUALSTYLE
  5
273
102
{ACAD_REACTORS
330
29
102
}
330
29
100
AcDbVisualStyle
  2
Shaded
 70
    27
177
     3
291
     0
 70
    58
 90
        2
176
     1
 90
        2
176
     1
 90
        1
176
     1
 90
        2
176
     1
 40
0.6
176
     1
 40
30.0
176
     1
 62
     7
420
 16777215
176
     1
 90
        0
176
     1
 90
        4
176
     1
 62
     7
176
     1
 62
   257
176
     1
 90
        1
176
     1
 90
        1
176
     1
 40
1.0
176
     1
 90
        8
176
     1
 62
   257
176
     1
 40
1.0
176
     1
 90
        1
176
     1
 90
        6
176
     1
 90
        2
176
     1
 62
     8
420
  7895160
176
     1
 90
        3
176
     1
 90
        0
176
     1
 90
        0
176
     1
290
     0
176
     1
 90
        5
176
     1
 40
0.0
176
     1
 90
        0
176
     1
290
     0
176
     1
290
     1
176
     1
290
     1
176
     1
290
     0
176
     1
290
     0
176
     1
290
     0
176
     1
290
     0
176
     1
290
     0
176
     1
290
     0
176
     1
 90
       50
176
     1
 40
0.0
176
     1
 40
1.0
176
     1
 90
        0
176
     1
 62
    18
176
     1
 90
       50
176
     1
 90
        3
176
     1
 62
     5
420
      255
176
     1
290
     0
176
     1
 90
       50
176
     1
 90
       50
176
     1
 90
       50
176
     1
290
     0
176
     1
 90
       50
176
     1
 62
   256
176
     0
 40
1.0
176
     0
 90
        2
176
     1
  1
strokes_ogs.tif
176
     1
290
     0
176
     1
 40
1.0
176
     1
 40
1.0
176
     1
  0
VISUALSTYLE
  5
272
102
{ACAD_REACTORS
330
29
102
}
330
29
100
AcDbVisualStyle
  2
Shaded with edges
 70
    26
177
     3
291
     0
 70
    58
 90
        2
176
     1
 90
        2
176
     1
 90
        1
176
     1
 90
        2
176
     1
 40
0.6
176
     1
 40
30.0
176
     1
 62
     7
420
 16777215
176
     1
 90
        1
176
     1
 90
        2
176
     1
 62
     7
176
     1
 62
   257
176
     1
 90
        2
176
     1
 90
        1
176
     1
 40
1.0
176
     1
 90
        8
176
     1
 62
   257
176
     1
 40
1.0
176
     1
 90
        1
176
     1
 90
        6
176
     1
 90
        2
176
     1
 62
     7
176
     1
 90
        3
176
     1
 90
        0
176
     1
 90
        0
176
     1
290
     0
176
     1
 90
        5
176
     1
 40
0.0
176
     1
 90
        0
176
     1
290
     0
176
     1
290
     1
176
     1
290
     1
176
     1
290
     0
176
     1
290
     0
176
     1
290
     0
176
     1
290
     0
176
     1
290
     0
176
     1
290
     0
176
     1
 90
       50
176
     1
 40
0.0
176
     1
 40
1.0
176
     1
 90
        0
176
     1
 62
    18
176
     1
 90
       50
176
     1
 90
        3
176
     1
 62
     5
420
      255
176
     1
290
     0
176
     1
 90
       50
176
     1
 90
       50
176
     1
 90
       50
176
     1
290
     0
176
     1
 90
       50
176
     1
 62
   256
176
     0
 40
1.0
176
     0
 90
        2
176
     1
  1
strokes_ogs.tif
176
     1
290
     0
176
     1
 40
1.0
176
     1
 40
1.0
176
     1
  0
VISUALSTYLE
  5
26F
102
{ACAD_REACTORS
330
29
102
}
330
29
100
AcDbVisualStyle
  2
Shades of Gray
 70
    23
177
     3
291
     0
 70
    58
 90
        2
176
     1
 90
        2
176
     1
 90
        3
176
     1
 90
        0
176
     1
 40
0.6
176
     1
 40
30.0
176
     1
 62
     7
420
 16777215
176
     1
 90
        2
176
     1
 90
        2
176
     1
 62
     7
176
     1
 62
     7
176
     1
 90
        1
176
     1
 90
        1
176
     1
 40
40.0
176
     1
 90
        8
176
     1
 62
     7
176
     1
 40
1.0
176
     1
 90
        1
176
     1
 90
        6
176
     1
 90
        2
176
     1
 62
     7
176
     1
 90
        3
176
     1
 90
        0
176
     1
 90
        0
176
     1
290
     0
176
     1
 90
        1
176
     1
 40
0.0
176
     1
 90
        0
176
     1
290
     0
176
     1
290
     1
176
     1
290
     1
176
     1
290
     0
176
     1
290
     0
176
     1
290
     0
176
     1
290
     0
176
     1
290
     0
176
     1
290
     0
176
     1
 90
       50
176
     1
 40
0.0
176
     1
 40
1.0
176
     1
 90
        0
176
     1
 62
    18
176
     1
 90
       50
176
     1
 90
        3
176
     1
 62
     5
420
      255
176
     1
290
     0
176
     1
 90
       50
176
     1
 90
       50
176
     1
 90
       50
176
     1
290
     0
176
     1
 90
       50
176
     1
 62
   256
176
     0
 40
1.0
176
     0
 90
        2
176
     1
  1
strokes_ogs.tif
176
     1
290
     0
176
     1
 40
1.0
176
     1
 40
1.0
176
     1
  0
VISUALSTYLE
  5
270
102
{ACAD_REACTORS
330
29
102
}
330
29
100
AcDbVisualStyle
  2
Sketchy
 70
    24
177
     3
291
     0
 70
    58
 90
        1
176
     1
 90
        2
176
     1
 90
        2
176
     1
 90
        0
176
     1
 40
0.6
176
     1
 40
30.0
176
     1
 62
     7
420
 16777215
176
     1
 90
        2
176
     1
 90
        2
176
     1
 62
     7
176
     1
 62
     7
176
     1
 90
        1
176
     1
 90
        1
176
     1
 40
40.0
176
     1
 90
       11
176
     1
 62
     7
176
     1
 40
1.0
176
     1
 90
        1
176
     1
 90
        6
176
     1
 90
        2
176
     1
 62
     7
176
     1
 90
        6
176
     1
 90
        0
176
     1
 90
        0
176
     1
290
     0
176
     1
 90
        1
176
     1
 40
0.0
176
     1
 90
        0
176
     1
290
     0
176
     1
290
     1
176
     1
290
     1
176
     1
290
     0
176
     1
290
     0
176
     1
290
     0
176
     1
290
     0
176
     1
290
     0
176
     1
290
     0
176
     1
 90
       50
176
     1
 40
0.0
176
     1
 40
1.0
176
     1
 90
        0
176
     1
 62
    18
176
     1
 90
       50
176
     1
 90
        3
176
     1
 62
     5
420
      255
176
     1
290
     0
176
     1
 90
       50
176
     1
 90
       50
176
     1
 90
       50
176
     1
290
     0
176
     1
 90
       50
176
     1
 62
   256
176
     0
 40
1.0
176
     0
 90
        2
176
     1
  1
strokes_ogs.tif
176
     1
290
     0
176
     1
 40
1.0
176
     1
 40
1.0
176
     1
  0
VISUALSTYLE
  5
26B
102
{ACAD_REACTORS
330
29
102
}
330
29
100
AcDbVisualStyle
  2
Thicken
 70
    13
177
     3
291
     1
 70
    58
 90
        2
176
     1
 90
        2
176
     1
 90
        0
176
     1
 90
        0
176
     1
 40
0.6
176
     1
 40
30.0
176
     1
 62
     7
420
 16777215
176
     1
 90
        1
176
     1
 90
        4
176
     1
 62
     7
176
     1
 62
   257
176
     1
 90
        1
176
     1
 90
        1
176
     1
 40
1.0
176
     1
 90
       12
176
     1
 62
     7
176
     1
 40
1.0
176
     1
 90
        1
176
     1
 90
        6
176
     1
 90
        2
176
     1
 62
     7
176
     1
 90
        5
176
     1
 90
        0
176
     1
 90
        0
176
     1
290
     0
176
     1
 90
        1
176
     1
 40
0.0
176
     1
 90
        0
176
     1
290
     0
176
     1
290
     1
176
     1
290
     1
176
     1
290
     0
176
     1
290
     0
176
     1
290
     0
176
     1
290
     0
176
     1
290
     0
176
     1
290
     0
176
     1
 90
       50
176
     1
 40
0.0
176
     1
 40
1.0
176
     1
 90
        0
176
     1
 62
    18
176
     1
 90
       50
176
     1
 90
        3
176
     1
 62
     5
420
      255
176
     1
290
     0
176
     1
 90
       50
176
     1
 90
       50
176
     1
 90
       50
176
     1
290
     0
176
     1
 90
       50
176
     1
 62
   256
176
     0
 40
1.0
176
     0
 90
        2
176
     1
  1
strokes_ogs.tif
176
     1
290
     0
176
     1
 40
1.0
176
     1
 40
1.0
176
     1
  0
VISUALSTYLE
  5
6A
102
{ACAD_REACTORS
330
29
102
}
330
29
100
AcDbVisualStyle
  2
Wireframe
 70
     5
177
     3
291
     0
 70
    58
 90
        0
176
     1
 90
        2
176
     1
 90
        0
176
     1
 90
        0
176
     1
 40
0.6
176
     1
 40
30.0
176
     1
 62
     7
420
 16777215
176
     1
 90
        1
176
     1
 90
        4
176
     1
 62
     7
176
     1
 62
   257
176
     1
 90
        1
176
     1
 90
        1
176
     1
 40
1.0
176
     1
 90
        0
176
     1
 62
   257
176
     1
 40
1.0
176
     1
 90
        1
176
     1
 90
        6
176
     1
 90
        2
176
     1
 62
     7
176
     1
 90
        3
176
     1
 90
        0
176
     1
 90
        0
176
     1
290
     0
176
     1
 90
        1
176
     1
 40
0.0
176
     1
 90
        0
176
     1
290
     0
176
     1
290
     1
176
     1
290
     1
176
     1
290
     0
176
     1
290
     0
176
     1
290
     0
176
     1
290
     0
176
     1
290
     0
176
     1
290
     0
176
     1
 90
       50
176
     1
 40
0.0
176
     1
 40
1.0
176
     1
 90
        0
176
     1
 62
    18
176
     1
 90
       50
176
     1
 90
        3
176
     1
 62
     5
420
      255
176
     1
290
     0
176
     1
 90
       50
176
     1
 90
       50
176
     1
 90
       50
176
     1
290
     0
176
     1
 90
       50
176
     1
 62
   256
176
     0
 40
1.0
176
     0
 90
        2
176
     1
  1
strokes_ogs.tif
176
     1
290
     0
176
     1
 40
1.0
176
     1
 40
1.0
176
     1
  0
VISUALSTYLE
  5
271
102
{ACAD_REACTORS
330
29
102
}
330
29
100
AcDbVisualStyle
  2
X-Ray
 70
    25
177
     3
291
     0
 70
    58
 90
        2
176
     1
 90
        2
176
     1
 90
        1
176
     1
 90
        1
176
     1
 40
0.5
176
     1
 40
30.0
176
     1
 62
     7
420
 16777215
176
     1
 90
        1
176
     1
 90
        0
176
     1
 62
     7
176
     1
 62
   257
176
     1
 90
        1
176
     1
 90
        1
176
     1
 40
1.0
176
     1
 90
        8
176
     1
 62
     7
176
     1
 40
1.0
176
     1
 90
        1
176
     1
 90
        6
176
     1
 90
        2
176
     1
 62
     7
176
     1
 90
        3
176
     1
 90
        0
176
     1
 90
        0
176
     1
290
     0
176
     1
 90
       13
176
     1
 40
0.0
176
     1
 90
        0
176
     1
290
     0
176
     1
290
     1
176
     1
290
     1
176
     1
290
     0
176
     1
290
     0
176
     1
290
     0
176
     1
290
     0
176
     1
290
     0
176
     1
290
     0
176
     1
 90
       50
176
     1
 40
0.0
176
     1
 40
1.0
176
     1
 90
        0
176
     1
 62
    18
176
     1
 90
       50
176
     1
 90
        3
176
     1
 62
     5
420
      255
176
     1
290
     0
176
     1
 90
       50
176
     1
 90
       50
176
     1
 90
       50
176
     1
290
     0
176
     1
 90
       50
176
     1
 62
   256
176
     0
 40
1.0
176
     0
 90
        2
176
     1
  1
strokes_ogs.tif
176
     1
290
     0
176
     1
 40
1.0
176
     1
 40
1.0
176
     1
  0
DICTIONARYVAR
  5
4A
102
{ACAD_REACTORS
330
49
102
}
330
49
100
DictionaryVariables
280
     0
  1
1
  0
DICTIONARYVAR
  5
4B
102
{ACAD_REACTORS
330
49
102
}
330
49
100
DictionaryVariables
280
     0
  1
0.200000
  0
DICTIONARYVAR
  5
4C
102
{ACAD_REACTORS
330
49
102
}
330
49
100
DictionaryVariables
280
     0
  1
1
  0
DICTIONARYVAR
  5
4D
102
{ACAD_REACTORS
330
49
102
}
330
49
100
DictionaryVariables
280
     0
  1
1:1
  0
DICTIONARYVAR
  5
4E
102
{ACAD_REACTORS
330
49
102
}
330
49
100
DictionaryVariables
280
     0
  1
STANDARD
  0
DICTIONARYVAR
  5
4F
102
{ACAD_REACTORS
330
49
102
}
330
49
100
DictionaryVariables
280
     0
  1
STANDARD
  0
DICTIONARYVAR
  5
50
102
{ACAD_REACTORS
330
49
102
}
330
49
100
DictionaryVariables
280
     0
  1
Imperial24
  0
DICTIONARYVAR
  5
51
102
{ACAD_REACTORS
330
49
102
}
330
49
100
DictionaryVariables
280
     0
  1
Imperial24
  0
DICTIONARYVAR
  5
52
102
{ACAD_REACTORS
330
49
102
}
330
49
100
DictionaryVariables
280
     0
  1
0
  0
DICTIONARYVAR
  5
53
102
{ACAD_REACTORS
330
49
102
}
330
49
100
DictionaryVariables
280
     0
  1
2
  0
DICTIONARYVAR
  5
54
102
{ACAD_REACTORS
330
49
102
}
330
49
100
DictionaryVariables
280
     0
  1
A-DIMS-INSD
  0
DICTIONARYVAR
  5
55
102
{ACAD_REACTORS
330
49
102
}
330
49
100
DictionaryVariables
280
     0
  1
1
  0
DICTIONARYVAR
  5
56
102
{ACAD_REACTORS
330
49
102
}
330
49
100
DictionaryVariables
280
     0
  1
1
  0
DICTIONARYVAR
  5
57
102
{ACAD_REACTORS
330
49
102
}
330
49
100
DictionaryVariables
280
     0
  1
BYLAYER
  0
DICTIONARYVAR
  5
58
102
{ACAD_REACTORS
330
49
102
}
330
49
100
DictionaryVariables
280
     0
  1
0
  0
DICTIONARYVAR
  5
59
102
{ACAD_REACTORS
330
49
102
}
330
49
100
DictionaryVariables
280
     0
  1
G-G-DIMENSION
  0
DICTIONARYVAR
  5
5A
102
{ACAD_REACTORS
330
49
102
}
330
49
100
DictionaryVariables
280
     0
  1
0.000000;0.000000
  0
DICTIONARYVAR
  5
5B
102
{ACAD_REACTORS
330
49
102
}
330
49
100
DictionaryVariables
280
     0
  1
ByLayer
  0
DICTIONARYVAR
  5
5C
102
{ACAD_REACTORS
330
49
102
}
330
49
100
DictionaryVariables
280
     0
  1
0
  0
DICTIONARYVAR
  5
5D
102
{ACAD_REACTORS
330
49
102
}
330
49
100
DictionaryVariables
280
     0
  1
0
  0
DICTIONARYVAR
  5
5E
102
{ACAD_REACTORS
330
49
102
}
330
49
100
DictionaryVariables
280
     0
  1
0
  0
DICTIONARYVAR
  5
5F
102
{ACAD_REACTORS
330
49
102
}
330
49
100
DictionaryVariables
280
     0
  1
2
  0
DICTIONARYVAR
  5
60
102
{ACAD_REACTORS
330
49
102
}
330
49
100
DictionaryVariables
280
     0
  1
1.000000
  0
DICTIONARYVAR
  5
61
102
{ACAD_REACTORS
330
49
102
}
330
49
100
DictionaryVariables
280
     0
  1
1
  0
DICTIONARYVAR
  5
62
102
{ACAD_REACTORS
330
49
102
}
330
49
100
DictionaryVariables
280
     0
  1
2
  0
DICTIONARYVAR
  5
63
102
{ACAD_REACTORS
330
49
102
}
330
49
100
DictionaryVariables
280
     0
  1
1
  0
DICTIONARYVAR
  5
64
102
{ACAD_REACTORS
330
49
102
}
330
49
100
DictionaryVariables
280
     0
  1
0
  0
DICTIONARYVAR
  5
65
102
{ACAD_REACTORS
330
49
102
}
330
49
100
DictionaryVariables
280
     0
  1
127
  0
DICTIONARYVAR
  5
66
102
{ACAD_REACTORS
330
49
102
}
330
49
100
DictionaryVariables
280
     0
  1
TEXT
  0
BLOCKVISIBILITYPARAMETER
  5
7D4
330
7D3
100
AcDbEvalExpr
 90
      132
 98
       33
 99
      197
100
AcDbBlockElement
300
Visibility State
 98
       33
 99
      197
1071
        0
100
AcDbBlockParameter
280
     1
281
     0
100
AcDbBlock1PtParameter
1010
1842.436118330865
1020
1171.803542846199
1030
0.0
 93
      133
170
     0
171
     0
100
AcDbBlockVisibilityParameter
281
     1
301
ACCESSORY
302

 91
        0
 93
      243
331
7A4
331
712
331
723
331
77F
331
78B
331
727
331
754
331
7A7
331
72E
331
74D
331
730
331
79C
331
725
331
756
331
72B
331
750
331
7AA
331
777
331
704
331
798
331
73A
331
7B9
331
783
331
71B
331
770
331
6EA
331
764
331
6F7
331
6F2
331
769
331
6F9
331
7C6
331
6DB
331
714
331
733
331
7A2
331
793
331
780
331
787
331
707
331
7B2
331
735
331
73B
331
7B8
331
736
331
7B4
331
73F
331
7AB
331
734
331
73D
331
749
331
713
331
72A
331
751
331
794
331
700
331
796
331
706
331
716
331
731
331
6FD
331
776
331
7B1
331
742
331
6FB
331
747
331
73C
331
7C0
331
753
331
728
331
7B6
331
7AD
331
7AF
331
79E
331
718
331
7A5
331
711
331
785
331
705
331
799
331
726
331
755
331
70F
331
7A6
331
72F
331
74C
331
79D
331
7C3
331
724
331
757
331
72D
331
74E
331
771
331
739
331
792
331
70E
331
7A8
331
77E
331
6DC
331
75F
331
7CD
331
6D8
331
7BE
331
6F1
331
7B5
331
73E
331
737
331
7AE
331
6E5
331
75E
331
7CC
331
7BC
331
740
331
7C1
331
79F
331
752
331
729
331
6D7
331
744
331
7BB
331
74A
331
6EE
331
7C9
331
71A
331
78A
331
71F
331
77B
331
78F
331
741
331
6E4
331
763
331
7C2
331
743
331
7B0
331
7BA
331
745
331
6F5
331
74B
331
6EF
331
7AC
331
6D6
331
6E3
331
7CE
331
766
331
6ED
331
746
331
738
331
732
331
7A3
331
748
331
74F
331
72C
331
6F3
331
7BD
331
6FA
331
773
331
7A9
331
6EC
331
79A
331
70A
331
71E
331
77A
331
78E
331
7A0
331
77D
331
71D
331
70D
331
791
331
786
331
71C
331
7B3
331
7BF
331
6F0
331
70C
331
795
331
715
331
7A1
331
782
331
702
331
6D9
331
76D
331
76E
331
7B7
331
797
331
717
331
790
331
6FC
331
722
331
76B
331
784
331
703
331
6F8
331
760
331
76F
331
6E7
331
77C
331
70B
331
79B
331
762
331
774
331
720
331
765
331
6DA
331
76A
331
6DD
331
6E8
331
6F4
331
75C
331
6EB
331
78D
331
6FE
331
775
331
709
331
779
331
75B
331
788
331
6F6
331
6E9
331
6DE
331
758
331
721
331
6FF
331
761
331
76C
331
789
331
708
331
78C
331
701
331
768
331
778
331
759
331
6E2
331
781
331
710
331
719
331
75A
331
6E1
331
767
331
6E6
331
75D
331
6DF
331
772
331
6E0
 92
        7
303
Devon
 94
      228
332
765
332
75D
332
759
332
761
332
726
332
755
332
72A
332
751
332
74D
332
72E
332
6E2
332
6E6
332
6EE
332
6DE
332
6DA
332
76E
332
76A
332
7AC
332
6D6
332
7A8
332
766
332
75E
332
762
332
725
332
756
332
74A
332
752
332
729
332
74E
332
72D
332
6E5
332
6ED
332
6DD
332
6D9
332
79A
332
7C0
332
771
332
769
332
76D
332
775
332
6F2
332
6F6
332
6FA
332
6FE
332
745
332
7BA
332
6F5
332
6F1
332
796
332
706
332
702
332
70A
332
70E
332
71D
332
77D
332
716
332
71E
332
731
332
786
332
77A
332
782
332
774
332
778
332
747
332
6FF
332
6FB
332
753
332
728
332
7BC
332
713
332
6E8
332
6E0
332
6DC
332
75F
332
76B
332
6DB
332
6F4
332
711
332
7A5
332
70D
332
79D
332
724
332
757
332
709
332
742
332
7B1
332
73E
332
6FD
332
776
332
734
332
71C
332
791
332
74C
332
72F
332
7BB
332
744
332
754
332
727
332
6E7
332
6EF
332
74B
332
6EB
332
79F
332
7A6
332
773
332
6EC
332
76F
332
760
332
6FC
332
722
332
7A2
332
733
332
714
332
6F8
332
75C
332
7BF
332
6F0
332
735
332
7B3
332
73F
332
7B4
332
7AD
332
73C
332
738
332
73B
332
737
332
7B2
332
7AE
332
790
332
794
332
700
332
797
332
717
332
78B
332
723
332
77F
332
707
332
787
332
743
332
7B0
332
73A
332
7B9
332
7AA
332
72B
332
750
332
704
332
798
332
77C
332
732
332
7A3
332
70B
332
79B
332
73D
332
736
332
740
332
748
332
7AF
332
79E
332
718
332
7A7
332
79C
332
785
332
705
332
799
332
7A9
332
71A
332
78A
332
71F
332
77B
332
78F
332
75B
332
764
332
6F7
332
770
332
6EA
332
779
332
795
332
715
332
7A1
332
792
332
712
332
7A4
332
77E
332
70C
332
784
332
703
332
788
332
78C
332
71B
332
783
332
708
332
70F
332
780
332
793
332
6E3
332
781
332
789
332
710
332
720
332
78E
332
78D
332
730
332
777
332
6E1
332
75A
332
6DF
332
6D7
332
6E4
332
763
332
6D8
332
74F
332
72C
332
6F3
332
767
332
749
332
6E9
332
739
332
6F9
332
76C
332
741
332
721
332
701
332
768
332
746
332
719
332
7A0
332
758
332
772
 95
       67
333
821
333
819
333
81D
333
815
333
7ED
333
7E9
333
7F1
333
7FD
333
7F9
333
7DD
333
7D9
333
854
333
850
333
7E2
333
7EE
333
7DE
333
84B
333
853
333
85A
333
7E3
333
7E7
333
855
333
851
333
849
333
7D8
333
7DC
333
82A
333
82E
333
836
333
852
333
84A
333
7DF
333
7E8
333
7E4
333
7EC
333
810
333
814
333
81C
333
818
333
7F4
333
7FC
333
7F8
333
80A
333
806
333
802
333
81A
333
816
333
7F2
333
803
333
807
333
813
333
817
333
81B
333
7F3
333
7F7
333
82F
333
82B
333
837
333
801
333
80D
333
82D
333
835
333
800
333
830
333
82C
333
83C
333
85B
303
Euroart roller
 94
      222
332
733
332
737
332
736
332
73B
332
73F
332
73E
332
73A
332
7AD
332
6D6
332
7AC
332
7B4
332
74E
332
72D
332
752
332
729
332
756
332
725
332
721
332
71A
332
716
332
712
332
731
332
7A4
332
79C
332
798
332
714
332
7A2
332
7A6
332
79A
332
754
332
727
332
750
332
72B
332
74C
332
72F
332
723
332
7AA
332
704
332
6FC
332
711
332
71D
332
7A5
332
79D
332
753
332
728
332
757
332
724
332
70D
332
709
332
70F
332
755
332
726
332
751
332
72A
332
74D
332
72E
332
722
332
713
332
7A7
332
79F
332
70A
332
706
332
78A
332
792
332
796
332
6FA
332
6FE
332
773
332
777
332
77F
332
78D
332
77D
332
779
332
771
332
775
332
7BD
332
7B2
332
7AE
332
735
332
739
332
73D
332
7AB
332
734
332
7B3
332
7BF
332
6F0
332
747
332
6FB
332
7BE
332
6F1
332
79B
332
70B
332
7A0
332
7A8
332
70E
332
71F
332
77B
332
78F
332
797
332
717
332
78B
332
718
332
790
332
794
332
700
332
77A
332
71E
332
78E
332
7A3
332
732
332
6FD
332
776
332
730
332
72C
332
74F
332
738
332
73C
332
740
332
6F3
332
748
332
7B1
332
742
332
749
332
785
332
705
332
799
332
791
332
766
332
786
332
71C
332
7AF
332
7A9
332
719
332
795
332
715
332
7A1
332
77E
332
787
332
707
332
780
332
703
332
784
332
6F9
332
793
332
710
332
74A
332
782
332
702
332
6D9
332
76D
332
6F5
332
745
332
76E
332
70C
332
783
332
71B
332
770
332
6EA
332
764
332
6F7
332
6F2
332
769
332
76B
332
6DB
332
781
332
720
332
6D7
332
744
332
774
332
788
332
7C0
332
74B
332
6EF
332
7B0
332
743
332
77C
332
76C
332
6FF
332
761
332
6E5
332
75E
332
6F8
332
760
332
76F
332
6E7
332
762
332
76A
332
6DA
332
6DC
332
75F
332
6E3
332
78C
332
708
332
6E8
332
6F4
332
75C
332
701
332
6F6
332
768
332
778
332
759
332
6E2
332
6E4
332
763
332
6DF
332
6DD
332
75D
332
6E6
332
75B
332
6E9
332
765
332
6E0
332
741
332
789
332
746
332
758
332
75A
332
6E1
332
767
332
6D8
332
6DE
332
772
 95
       20
333
803
333
806
333
802
333
7FC
333
7F8
333
7F4
333
81C
333
7D8
333
7E4
333
7E3
333
7DF
333
7D9
333
7DE
333
7E9
333
7ED
333
7F9
333
7FD
333
81D
333
7F3
333
7EE
303
Euroart
 94
      228
332
74D
332
72E
332
72A
332
751
332
726
332
755
332
71B
332
713
332
717
332
732
332
736
332
7A3
332
70F
332
7A2
332
79A
332
714
332
733
332
737
332
750
332
72B
332
7AA
332
7AE
332
73C
332
738
332
740
332
734
332
7AF
332
7B3
332
7B8
332
7B4
332
7B0
332
73B
332
73F
332
743
332
747
332
6D6
332
7AC
332
7A8
332
7AD
332
742
332
73A
332
73E
332
7B1
332
7B9
332
7B2
332
73D
332
739
332
735
332
731
332
6EF
332
74B
332
6FB
332
71E
332
716
332
712
332
77A
332
782
332
77E
332
786
332
776
332
70A
332
702
332
706
332
70E
332
792
332
796
332
7A4
332
6FD
332
6ED
332
749
332
7BA
332
6F5
332
745
332
790
332
798
332
704
332
794
332
700
332
707
332
70B
332
79B
332
797
332
783
332
77F
332
723
332
787
332
7BB
332
744
332
7BF
332
6F0
332
766
332
6D9
332
76D
332
74E
332
72D
332
7BC
332
74A
332
6EE
332
7C0
332
753
332
728
332
746
332
77C
332
70D
332
77D
332
71D
332
79D
332
724
332
757
332
771
332
7A6
332
72F
332
74C
332
71C
332
701
332
791
332
71A
332
78A
332
718
332
7A7
332
725
332
756
332
79C
332
7A5
332
711
332
785
332
705
332
799
332
6F9
332
76A
332
6DA
332
6F1
332
779
332
775
332
6FE
332
76E
332
6FA
332
762
332
6F6
332
6E9
332
75E
332
6E5
332
6DC
332
75F
332
765
332
774
332
6EA
332
770
332
77B
332
71F
332
70C
332
6FF
332
761
332
703
332
784
332
793
332
780
332
764
332
6F7
332
6F2
332
769
332
778
332
759
332
6E2
332
6F3
332
74F
332
72C
332
6F8
332
760
332
6EC
332
76F
332
754
332
727
332
6E7
332
6FC
332
722
332
76B
332
6DB
332
6DD
332
6D7
332
6D8
332
6E4
332
763
332
6E8
332
76C
332
75B
332
6E6
332
75D
332
6E0
332
729
332
752
332
730
332
777
332
78B
332
708
332
78F
332
78C
332
789
332
781
332
710
332
795
332
715
332
7A1
332
78D
332
6E1
332
75A
332
6DF
332
78E
332
709
332
788
332
79F
332
773
332
7A9
332
748
332
7A0
332
741
332
719
332
721
332
6EB
332
75C
332
6F4
332
6DE
332
6E3
332
720
332
768
332
767
332
758
332
772
 95
       31
333
81C
333
7F4
333
7F8
333
7FC
333
7F7
333
7F3
333
800
333
7E8
333
7E4
333
7EC
333
7DC
333
7D8
333
7F2
333
7EE
333
7E2
333
7DF
333
7E3
333
7E7
333
7DE
333
801
333
7FD
333
7F9
333
7F1
333
7ED
333
7E9
333
81D
333
7DD
333
7D9
333
806
333
802
333
803
303
Consort
 94
      185
332
765
332
761
332
759
332
75D
332
717
332
713
332
71F
332
723
332
750
332
72B
332
74C
332
72F
332
77B
332
783
332
77F
332
787
332
751
332
72A
332
74D
332
72E
332
755
332
726
332
7A7
332
79F
332
70F
332
707
332
703
332
6FF
332
6F7
332
6FB
332
797
332
78B
332
771
332
76D
332
769
332
775
332
6F6
332
6F2
332
6FA
332
6FE
332
770
332
76C
332
764
332
747
332
714
332
7A2
332
7A6
332
733
332
70C
332
7AA
332
7A9
332
711
332
71D
332
7A5
332
79D
332
757
332
724
332
753
332
728
332
70D
332
79C
332
72D
332
74E
332
752
332
729
332
725
332
756
332
716
332
735
332
731
332
77D
332
779
332
73D
332
739
332
785
332
705
332
799
332
76A
332
76E
332
766
332
6F1
332
6F5
332
745
332
708
332
704
332
798
332
784
332
73A
332
736
332
773
332
71B
332
78F
332
706
332
796
332
786
332
77A
332
71E
332
70A
332
79A
332
782
332
702
332
7A8
332
70E
332
7A4
332
712
332
71A
332
78A
332
718
332
71C
332
790
332
794
332
700
332
795
332
715
332
7A1
332
791
332
709
332
77E
332
744
332
748
332
73B
332
737
332
792
332
73F
332
73E
332
742
332
73C
332
734
332
6FD
332
776
332
730
332
727
332
754
332
79B
332
70B
332
72C
332
74F
332
78E
332
7A3
332
732
332
777
332
722
332
6FC
332
721
332
76B
332
738
332
6F8
332
760
332
76F
332
77C
332
720
332
78C
332
780
332
793
332
788
332
719
332
78D
332
768
332
701
332
774
332
6F3
332
789
332
6F9
332
749
332
7A0
332
762
332
781
332
710
332
758
332
6F4
332
75C
332
75A
332
75E
332
75F
332
743
332
778
332
75B
332
74B
332
763
332
746
332
740
332
772
332
767
332
74A
332
741
 95
       31
333
801
333
7F7
333
7F3
333
7FD
333
7F9
333
7F1
333
81D
333
7ED
333
7E9
333
7DD
333
7D9
333
7F2
333
7EE
333
7E2
333
7DF
333
7E3
333
7E7
333
7DE
333
7DC
333
7D8
333
7E4
333
7E8
333
7EC
333
800
333
7F8
333
7FC
333
7F4
333
81C
333
806
333
802
333
803
303
Tesa
 94
      186
332
71D
332
711
332
799
332
7A5
332
79D
332
709
332
705
332
70D
332
7A9
332
74F
332
72C
332
753
332
728
332
757
332
724
332
730
332
734
332
7A0
332
7A4
332
79C
332
798
332
712
332
71A
332
716
332
71E
332
7A8
332
70E
332
70A
332
706
332
702
332
756
332
725
332
74E
332
72D
332
731
332
735
332
700
332
704
332
794
332
790
332
718
332
71C
332
750
332
72B
332
74C
332
72F
332
7AA
332
7A6
332
79A
332
796
332
792
332
78E
332
78A
332
786
332
77A
332
77E
332
782
332
776
332
785
332
77D
332
781
332
779
332
791
332
6FD
332
6F6
332
6FA
332
739
332
73D
332
771
332
76D
332
738
332
762
332
6F5
332
745
332
76E
332
73A
332
726
332
755
332
70F
332
723
332
77F
332
79F
332
7A7
332
72E
332
74D
332
727
332
754
332
773
332
777
332
73F
332
73B
332
737
332
733
332
7A2
332
714
332
78B
332
744
332
73C
332
7A3
332
732
332
72A
332
751
332
713
332
6FB
332
747
332
79B
332
70B
332
748
332
736
332
77C
332
742
332
73E
332
70C
332
77B
332
71F
332
703
332
784
332
774
332
7A1
332
715
332
795
332
722
332
6FC
332
78D
332
729
332
752
332
6FE
332
775
332
780
332
787
332
707
332
793
332
788
332
710
332
76B
332
783
332
71B
332
770
332
764
332
6F7
332
6F2
332
769
332
6F8
332
760
332
76F
332
720
332
717
332
797
332
7B7
332
78F
332
766
332
78C
332
708
332
76A
332
6F1
332
768
332
701
332
6F3
332
721
332
719
332
6FF
332
761
332
6F9
332
749
332
76C
332
789
332
6F4
332
75C
332
75A
332
75E
332
75F
332
743
332
778
332
759
332
765
332
75D
332
75B
332
746
332
74A
332
74B
332
758
332
763
332
740
332
772
332
767
332
741
 95
       31
333
81C
333
7F4
333
7F8
333
7FC
333
7F7
333
7F3
333
800
333
7E8
333
7E4
333
7EC
333
7DC
333
7D8
333
7F2
333
7EE
333
7E2
333
7DF
333
7E3
333
7E7
333
7DE
333
801
333
7FD
333
7F9
333
7F1
333
7ED
333
7E9
333
81D
333
7DD
333
7D9
333
806
333
802
333
803
303
Miller Roller
 94
      186
332
6FD
332
6F9
332
6F1
332
6F5
332
745
332
6FA
332
6F6
332
771
332
76D
332
765
332
761
332
76E
332
76A
332
716
332
712
332
731
332
735
332
74E
332
72D
332
756
332
725
332
79C
332
7A4
332
7A0
332
70E
332
7A8
332
7A9
332
7A5
332
79D
332
799
332
711
332
71D
332
757
332
724
332
74F
332
72C
332
753
332
728
332
730
332
70D
332
709
332
705
332
77D
332
779
332
785
332
747
332
73F
332
73B
332
6FB
332
6FF
332
737
332
733
332
73E
332
7B5
332
7A2
332
7A6
332
714
332
718
332
7AA
332
72B
332
750
332
754
332
727
332
74C
332
72F
332
72E
332
74D
332
72A
332
751
332
713
332
7A3
332
79F
332
7A7
332
732
332
739
332
73D
332
776
332
782
332
77A
332
71E
332
77E
332
706
332
796
332
702
332
70A
332
79A
332
786
332
734
332
798
332
704
332
790
332
71C
332
792
332
78E
332
71A
332
78A
332
791
332
73A
332
726
332
755
332
70F
332
749
332
777
332
773
332
78F
332
71F
332
77B
332
77F
332
723
332
78B
332
73C
332
738
332
740
332
748
332
742
332
736
332
79B
332
70B
332
783
332
71B
332
70C
332
710
332
707
332
787
332
794
332
700
332
780
332
793
332
797
332
717
332
721
332
78D
332
729
332
752
332
6FE
332
775
332
722
332
6FC
332
703
332
784
332
76C
332
764
332
6F7
332
6F2
332
769
332
770
332
766
332
76B
332
6F4
332
75C
332
760
332
6F8
332
788
332
781
332
744
332
715
332
7A1
332
795
332
719
332
720
332
78C
332
708
332
701
332
774
332
6F3
332
768
332
76F
332
77C
332
789
332
762
332
759
332
75D
332
758
332
75A
332
75E
332
75F
332
743
332
778
332
75B
332
74B
332
763
332
746
332
772
332
767
332
74A
332
741
 95
       31
333
801
333
7F7
333
7F3
333
7FD
333
7F9
333
7F1
333
81D
333
7ED
333
7E9
333
7DD
333
7D9
333
7F2
333
7EE
333
7E2
333
7DF
333
7E3
333
7E7
333
7DE
333
7DC
333
7D8
333
7E4
333
7E8
333
7EC
333
800
333
7F8
333
7FC
333
7F4
333
81C
333
806
333
802
333
803
303
Dourma
 94
      186
332
7A3
332
7A7
332
79F
332
79B
332
70F
332
70B
332
707
332
703
332
747
332
73F
332
73B
332
6FB
332
6FF
332
783
332
77F
332
787
332
723
332
74C
332
72F
332
754
332
727
332
750
332
72B
332
777
332
78B
332
793
332
7A6
332
7A2
332
710
332
714
332
71C
332
7AA
332
733
332
737
332
755
332
726
332
74D
332
72E
332
751
332
72A
332
732
332
71B
332
713
332
788
332
794
332
784
332
780
332
798
332
7A0
332
7A4
332
79C
332
704
332
700
332
73A
332
761
332
77A
332
71E
332
712
332
716
332
78E
332
796
332
706
332
70E
332
7A8
332
72D
332
74E
332
725
332
756
332
731
332
728
332
753
332
70D
332
79D
332
724
332
757
332
72C
332
74F
332
730
332
73D
332
739
332
735
332
745
332
6F5
332
749
332
6FA
332
77D
332
71D
332
779
332
771
332
773
332
73C
332
738
332
734
332
7B6
332
6FD
332
776
332
786
332
77E
332
748
332
785
332
705
332
799
332
7A5
332
711
332
7A9
332
742
332
77C
332
736
332
709
332
791
332
781
332
6F9
332
722
332
79A
332
70A
332
76C
332
764
332
6F7
332
6F2
332
769
332
770
332
792
332
6FC
332
76B
332
6F8
332
760
332
76F
332
762
332
782
332
702
332
76E
332
76D
332
6F6
332
715
332
7A1
332
795
332
744
332
720
332
717
332
797
332
78D
332
729
332
752
332
6FE
332
775
332
766
332
6F4
332
75C
332
71A
332
78A
332
718
332
77B
332
71F
332
70C
332
78F
332
774
332
78C
332
708
332
76A
332
6F1
332
73E
332
790
332
768
332
701
332
6F3
332
721
332
719
332
789
332
75E
332
75A
332
75F
332
743
332
778
332
759
332
765
332
75D
332
75B
332
74B
332
758
332
763
332
746
332
740
332
772
332
767
332
74A
332
741
 95
       31
333
81C
333
7F4
333
7F8
333
7FC
333
7F7
333
7F3
333
800
333
7E8
333
7E4
333
7EC
333
7DC
333
7D8
333
7F2
333
7EE
333
7E2
333
7DF
333
7E3
333
7E7
333
7DE
333
801
333
7FD
333
7F9
333
7F1
333
7ED
333
7E9
333
81D
333
7DD
333
7D9
333
806
333
802
333
803
  0
BLOCKVISIBILITYGRIP
  5
7D5
330
7D3
100
AcDbEvalExpr
 90
      133
 98
       33
 99
      197
100
AcDbBlockElement
300
Grip
 98
       33
 99
      197
1071
        0
100
AcDbBlockGrip
 91
      134
 92
      135
1010
1842.436118330865
1020
1171.803542846199
1030
0.0
280
     0
 93
       -1
100
AcDbBlockVisibilityGrip
  0
BLOCKGRIPLOCATIONCOMPONENT
  5
7D6
330
7D3
100
AcDbEvalExpr
 90
      134
 98
       33
 99
      197
  1

 70
    40
140
0.0
100
AcDbBlockGripExpr
 91
      132
300
UpdatedX
  0
BLOCKGRIPLOCATIONCOMPONENT
  5
7D7
330
7D3
100
AcDbEvalExpr
 90
      135
 98
       33
 99
      197
  1

 70
    40
140
0.0
100
AcDbBlockGripExpr
 91
      132
300
UpdatedY
  0
BLOCKLINEARPARAMETER
  5
7D8
330
7D3
100
AcDbEvalExpr
 90
      149
 98
       33
 99
      197
100
AcDbBlockElement
300
Linear1
 98
       33
 99
      197
1071
        0
100
AcDbBlockParameter
280
     1
281
     0
100
AcDbBlock2PtParameter
1010
775.5912843253462
1020
4289.414775093879
1030
0.0
1011
1853.591284325346
1021
4289.414775093879
1031
0.0
170
     4
 91
        0
 91
      150
 91
        0
 91
        0
171
     0
172
     0
173
     1
 94
      150
303
DisplacementX
174
     1
 95
      150
304
DisplacementY
177
     0
100
AcDbBlockLinearParameter
305
Width
306

140
182.2487233162319
307

 96
        1
141
0.0
142
0.0
143
0.0
175
     0
1001
ACAUTHENVIRON
1010
1864.863483999046
1020
4460.39129873641
1030
0.0
  0
BLOCKLINEARGRIP
  5
7D9
330
7D3
100
AcDbEvalExpr
 90
      150
 98
       33
 99
      197
100
AcDbBlockElement
300
End Grip
 98
       33
 99
      197
1071
        0
100
AcDbBlockGrip
 91
      151
 92
      152
1010
1853.591284325346
1020
4289.414775093879
1030
0.0
280
     1
 93
       -1
100
AcDbBlockLinearGrip
140
1077.999999999999
141
0.0
142
0.0
  0
BLOCKGRIPLOCATIONCOMPONENT
  5
7DA
330
7D3
100
AcDbEvalExpr
 90
      151
 98
       33
 99
      197
  1

 70
    40
140
1.797693134862313E+99
100
AcDbBlockGripExpr
 91
      149
300
UpdatedEndX
  0
BLOCKGRIPLOCATIONCOMPONENT
  5
7DB
330
7D3
100
AcDbEvalExpr
 90
      152
 98
       33
 99
      197
  1

 70
    40
140
1.797693134862313E+99
100
AcDbBlockGripExpr
 91
      149
300
UpdatedEndY
  0
BLOCKSTRETCHACTION
  5
7DC
330
7D3
100
AcDbEvalExpr
 90
      154
 98
       33
 99
      197
100
AcDbBlockElement
300
Stretch14
 98
       33
 99
      197
1071
        0
100
AcDbBlockAction
 70
     0
 71
    17
330
7D9
330
357
330
709
330
708
330
707
330
6FC
330
6FB
330
6FA
330
6F9
330
6F8
330
6F7
330
6F6
330
6F5
330
6F4
330
6F3
330
6F2
330
6F1
1010
1896.433264386705
1020
4428.82151834875
1030
0.0
100
AcDbBlockStretchAction
 92
      149
301
EndXDelta
 93
      149
302
EndYDelta
 72
     2
1011
1974.503926124409
1021
3593.975375444352
1011
1603.206759111068
1021
4775.497195768402
 73
    15
331
6F1
 74
     4
 94
        0
 94
        1
 94
        2
 94
        3
331
6F2
 74
     4
 94
        0
 94
        1
 94
        2
 94
        3
331
6F3
 74
     4
 94
        0
 94
        1
 94
        2
 94
        3
331
6F4
 74
     4
 94
        0
 94
        1
 94
        2
 94
        3
331
6F5
 74
     2
 94
        0
 94
        1
331
6F6
 74
     2
 94
        0
 94
        1
331
6F7
 74
     2
 94
        0
 94
        1
331
6F8
 74
     2
 94
        0
 94
        1
331
6F9
 74
     2
 94
        0
 94
        1
331
6FA
 74
     2
 94
        0
 94
        1
331
6FB
 74
     2
 94
        0
 94
        1
331
6FC
 74
     2
 94
        0
 94
        1
331
707
 74
    12
 94
        5
 94
        6
 94
        7
 94
        8
 94
        9
 94
       10
 94
       11
 94
       12
 94
       13
 94
       14
 94
       15
 94
       16
331
708
 74
    12
 94
        7
 94
        8
 94
        9
 94
       10
 94
       11
 94
       12
 94
       13
 94
       14
 94
       15
 94
       16
 94
       17
 94
       18
331
709
 74
    22
 94
        0
 94
       23
 94
       24
 94
       25
 94
       26
 94
       27
 94
       28
 94
       29
 94
       30
 94
       31
 94
       32
 94
       33
 94
       34
 94
       35
 94
       36
 94
       37
 94
       38
 94
       39
 94
       40
 94
       41
 94
       42
 94
       43
 75
     0
140
1.0
141
0.0
280
     0
  0
BLOCKSTRETCHACTION
  5
7DD
330
7D3
100
AcDbEvalExpr
 90
      155
 98
       33
 99
      197
100
AcDbBlockElement
300
Stretch15
 98
       33
 99
      197
1071
        0
100
AcDbBlockAction
 70
     0
 71
     3
330
6E6
330
6E5
330
6E2
1010
2238.450758717473
1020
4358.469535353602
1030
0.0
100
AcDbBlockStretchAction
 92
      149
301
EndXDelta
 93
      149
302
EndYDelta
 72
     2
1011
2788.034812837519
1021
-4582.642730920205
1011
2189.731431105785
1021
-1859.776183438218
 73
     3
331
6E2
 74
     2
 94
        0
 94
        1
331
6E5
 74
     2
 94
        0
 94
        1
331
6E6
 74
     2
 94
        1
 94
        2
 75
     0
140
1.0
141
0.0
280
     0
  0
BLOCKLINEARPARAMETER
  5
7DE
330
7D3
100
AcDbEvalExpr
 90
      157
 98
       33
 99
      197
100
AcDbBlockElement
300
Linear6
 98
       33
 99
      197
1071
        0
100
AcDbBlockParameter
280
     1
281
     0
100
AcDbBlock2PtParameter
1010
2274.906671219279
1020
3969.426568407409
1030
0.0
1011
2274.906671219279
1021
4209.426568407407
1031
0.0
170
     4
 91
        0
 91
      158
 91
        0
 91
        0
171
     0
172
     0
173
     1
 94
      158
303
DisplacementX
174
     1
 95
      158
304
DisplacementY
177
     0
100
AcDbBlockLinearParameter
305
Head
306

140
-105.9453695419293
307

 96
        1
141
0.0
142
0.0
143
0.0
175
     0
1001
ACAUTHENVIRON
1010
2400.311126538849
1020
4189.96748262977
1030
0.0
  0
BLOCKLINEARGRIP
  5
7DF
330
7D3
100
AcDbEvalExpr
 90
      158
 98
       33
 99
      197
100
AcDbBlockElement
300
End Grip
 98
       33
 99
      197
1071
        0
100
AcDbBlockGrip
 91
      159
 92
      160
1010
2274.906671219279
1020
4209.426568407407
1030
0.0
280
     1
 93
       -1
100
AcDbBlockLinearGrip
140
0.0
141
240.0
142
0.0
  0
BLOCKGRIPLOCATIONCOMPONENT
  5
7E0
330
7D3
100
AcDbEvalExpr
 90
      159
 98
       33
 99
      197
  1

 70
    40
140
1.797693134862313E+99
100
AcDbBlockGripExpr
 91
      157
300
UpdatedEndX
  0
BLOCKGRIPLOCATIONCOMPONENT
  5
7E1
330
7D3
100
AcDbEvalExpr
 90
      160
 98
       33
 99
      197
  1

 70
    40
140
1.797693134862313E+99
100
AcDbBlockGripExpr
 91
      157
300
UpdatedEndY
  0
BLOCKSTRETCHACTION
  5
7E2
330
7D3
100
AcDbEvalExpr
 90
      163
 98
       33
 99
      197
100
AcDbBlockElement
300
Stretch17
 98
       33
 99
      197
1071
        0
100
AcDbBlockAction
 70
     1
 91
      149
 71
    23
330
7DF
330
7D8
330
7D9
330
357
330
7A1
330
709
330
705
330
704
330
703
330
702
330
701
330
700
330
6FE
330
6FD
330
6FA
330
6F9
330
6F8
330
6F7
330
6F6
330
6F5
330
6F4
330
6F2
330
6F1
1010
2400.311126538849
1020
4189.96748262977
1030
0.0
100
AcDbBlockStretchAction
 92
      157
301
EndXDelta
 93
      157
302
EndYDelta
 72
     2
1011
2512.388079451979
1021
4107.039628764956
1011
603.4658028285047
1021
4703.115313447954
 73
    19
331
6F1
 74
     4
 94
        0
 94
        1
 94
        2
 94
        3
331
6F2
 74
     4
 94
        0
 94
        1
 94
        2
 94
        3
331
6F4
 74
     4
 94
        0
 94
        1
 94
        2
 94
        3
331
6F5
 74
     2
 94
        0
 94
        1
331
6F6
 74
     2
 94
        0
 94
        1
331
6F7
 74
     2
 94
        0
 94
        1
331
6F8
 74
     2
 94
        0
 94
        1
331
6F9
 74
     2
 94
        0
 94
        1
331
6FA
 74
     2
 94
        0
 94
        1
331
6FD
 74
     4
 94
        0
 94
        1
 94
        2
 94
        3
331
6FE
 74
     4
 94
        0
 94
        1
 94
        2
 94
        3
331
700
 74
     4
 94
        0
 94
        1
 94
        2
 94
        3
331
701
 74
     2
 94
        0
 94
        1
331
702
 74
     2
 94
        0
 94
        1
331
703
 74
     2
 94
        0
 94
        1
331
704
 74
     2
 94
        0
 94
        1
331
705
 74
     2
 94
        0
 94
        1
331
709
 74
    32
 94
        0
 94
        1
 94
        2
 94
        3
 94
        4
 94
        5
 94
        6
 94
        7
 94
        8
 94
        9
 94
       10
 94
       11
 94
       12
 94
       13
 94
       14
 94
       15
 94
       16
 94
       29
 94
       30
 94
       31
 94
       32
 94
       33
 94
       34
 94
       35
 94
       36
 94
       37
 94
       38
 94
       39
 94
       40
 94
       41
 94
       42
 94
       43
331
7A1
 74
     2
 94
        0
 94
        1
 75
     1
 95
      149
 76
     2
 94
        0
 94
        1
140
1.0
141
0.0
280
     0
  0
BLOCKLINEARPARAMETER
  5
7E3
330
7D3
100
AcDbEvalExpr
 90
      165
 98
       33
 99
      197
100
AcDbBlockElement
300
Linear2
 98
       33
 99
      197
1071
        0
100
AcDbBlockParameter
280
     1
281
     0
100
AcDbBlock2PtParameter
1010
2223.151767394132
1020
2428.356514497544
1030
0.0
1011
2463.151767394132
1021
2428.356514497544
1031
0.0
170
     4
 91
        0
 91
      166
 91
        0
 91
        0
171
     0
172
     0
173
     1
 94
      166
303
DisplacementX
174
     1
 95
      166
304
DisplacementY
177
     0
100
AcDbBlockLinearParameter
305
Length
306

140
97.97168283532663
307

 96
        1
141
0.0
142
0.0
143
0.0
175
     0
1001
ACAUTHENVIRON
1010
2550.196556075206
1020
2439.283408651796
1030
0.0
  0
BLOCKLINEARGRIP
  5
7E4
330
7D3
100
AcDbEvalExpr
 90
      166
 98
       33
 99
      197
100
AcDbBlockElement
300
End Grip
 98
       33
 99
      197
1071
        0
100
AcDbBlockGrip
 91
      167
 92
      168
1010
2463.151767394132
1020
2428.356514497544
1030
0.0
280
     1
 93
       -1
100
AcDbBlockLinearGrip
140
240.0
141
0.0
142
0.0
  0
BLOCKGRIPLOCATIONCOMPONENT
  5
7E5
330
7D3
100
AcDbEvalExpr
 90
      167
 98
       33
 99
      197
  1

 70
    40
140
1.797693134862313E+99
100
AcDbBlockGripExpr
 91
      165
300
UpdatedEndX
  0
BLOCKGRIPLOCATIONCOMPONENT
  5
7E6
330
7D3
100
AcDbEvalExpr
 90
      168
 98
       33
 99
      197
  1

 70
    40
140
1.797693134862313E+99
100
AcDbBlockGripExpr
 91
      165
300
UpdatedEndY
  0
BLOCKSTRETCHACTION
  5
7E7
330
7D3
100
AcDbEvalExpr
 90
      170
 98
       33
 99
      197
100
AcDbBlockElement
300
Stretch18
 98
       33
 99
      197
1071
        0
100
AcDbBlockAction
 70
     0
 71
     5
330
7E4
330
358
330
759
330
758
330
757
1010
2483.205603708251
1020
2506.274361018752
1030
0.0
100
AcDbBlockStretchAction
 92
      165
301
EndXDelta
 93
      165
302
EndYDelta
 72
     2
1011
2556.796617543107
1021
2281.233708579173
1011
2342.888982521749
1021
2696.694211152521
 73
     3
331
757
 74
     5
 94
        0
 94
        1
 94
        2
 94
        3
 94
        4
331
758
 74
     5
 94
        0
 94
        1
 94
        2
 94
        3
 94
        4
331
759
 74
     2
 94
        0
 94
        1
 75
     0
140
1.0
141
0.0
280
     0
  0
BLOCKLINEARPARAMETER
  5
7E8
330
7D3
100
AcDbEvalExpr
 90
      173
 98
       33
 99
      197
100
AcDbBlockElement
300
Linear7
 98
       33
 99
      197
1071
        0
100
AcDbBlockParameter
280
     1
281
     0
100
AcDbBlock2PtParameter
1010
833.4161546922747
1020
1951.499999999996
1030
0.0
1011
1069.151767388315
1021
1951.499999999996
1031
0.0
170
     4
 91
        0
 91
      174
 91
        0
 91
        0
171
     0
172
     0
173
     1
 94
      174
303
DisplacementX
174
     1
 95
      174
304
DisplacementY
177
     0
100
AcDbBlockLinearParameter
305
fixed hole
306

140
79.60903177106594
307

 96
        1
141
0.0
142
0.0
143
0.0
175
     0
1001
ACAUTHENVIRON
1010
1086.930758282277
1020
2013.3300408771
1030
0.0
  0
BLOCKLINEARGRIP
  5
7E9
330
7D3
100
AcDbEvalExpr
 90
      174
 98
       33
 99
      197
100
AcDbBlockElement
300
End Grip
 98
       33
 99
      197
1071
        0
100
AcDbBlockGrip
 91
      175
 92
      176
1010
1069.151767388315
1020
1951.499999999996
1030
0.0
280
     1
 93
       -1
100
AcDbBlockLinearGrip
140
235.7356126960403
141
0.0
142
0.0
  0
BLOCKGRIPLOCATIONCOMPONENT
  5
7EA
330
7D3
100
AcDbEvalExpr
 90
      175
 98
       33
 99
      197
  1

 70
    40
140
1.797693134862313E+99
100
AcDbBlockGripExpr
 91
      173
300
UpdatedEndX
  0
BLOCKGRIPLOCATIONCOMPONENT
  5
7EB
330
7D3
100
AcDbEvalExpr
 90
      176
 98
       33
 99
      197
  1

 70
    40
140
1.797693134862313E+99
100
AcDbBlockGripExpr
 91
      173
300
UpdatedEndY
  0
BLOCKSTRETCHACTION
  5
7EC
330
7D3
100
AcDbEvalExpr
 90
      180
 98
       33
 99
      197
100
AcDbBlockElement
300
Stretch1
 98
       33
 99
      197
1071
        0
100
AcDbBlockAction
 70
     0
 71
     9
330
7E9
330
7AA
330
7A9
330
7A8
330
7A7
330
7A6
330
7A5
330
7A4
330
7A3
1010
1086.930758282277
1020
2013.3300408771
1030
0.0
100
AcDbBlockStretchAction
 92
      173
301
EndXDelta
 93
      173
302
EndYDelta
 72
     2
1011
1005.921516629227
1021
1984.496693024328
1011
1633.037421825007
1021
71.76492283416883
 73
     8
331
7A3
 74
     1
 94
        0
331
7A4
 74
     1
 94
        0
331
7A5
 74
     1
 94
        0
331
7A6
 74
     1
 94
        0
331
7A7
 74
     1
 94
        0
331
7A8
 74
     1
 94
        0
331
7A9
 74
     1
 94
        0
331
7AA
 74
     1
 94
        0
 75
     0
140
1.0
141
0.0
280
     0
  0
BLOCKLINEARPARAMETER
  5
7ED
330
7D3
100
AcDbEvalExpr
 90
      183
 98
       33
 99
      197
100
AcDbBlockElement
300
Linear
 98
       33
 99
      197
1071
        0
100
AcDbBlockParameter
280
     1
281
     0
100
AcDbBlock2PtParameter
1010
833.4161546922747
1020
0.0
1030
0.0
1011
833.4161546922747
1021
2163.5
1031
0.0
170
     4
 91
        0
 91
      184
 91
        0
 91
        0
171
     0
172
     0
173
     1
 94
      184
303
DisplacementX
174
     1
 95
      184
304
DisplacementY
177
     0
100
AcDbBlockLinearParameter
305
Hight
306

140
551.3345145874896
307

 96
        1
141
0.0
142
0.0
143
0.0
175
     0
1001
ACAUTHENVIRON
1010
754.9268558640752
1020
2091.987840852439
1030
0.0
  0
BLOCKLINEARGRIP
  5
7EE
330
7D3
100
AcDbEvalExpr
 90
      184
 98
       33
 99
      197
100
AcDbBlockElement
300
End Grip
 98
       33
 99
      197
1071
        0
100
AcDbBlockGrip
 91
      185
 92
      186
1010
833.4161546922747
1020
2163.5
1030
0.0
280
     1
 93
       -1
100
AcDbBlockLinearGrip
140
0.0
141
2163.5
142
0.0
  0
BLOCKGRIPLOCATIONCOMPONENT
  5
7EF
330
7D3
100
AcDbEvalExpr
 90
      185
 98
       33
 99
      197
  1

 70
    40
140
1.797693134862313E+99
100
AcDbBlockGripExpr
 91
      183
300
UpdatedEndX
  0
BLOCKGRIPLOCATIONCOMPONENT
  5
7F0
330
7D3
100
AcDbEvalExpr
 90
      186
 98
       33
 99
      197
  1

 70
    40
140
1.797693134862313E+99
100
AcDbBlockGripExpr
 91
      183
300
UpdatedEndY
  0
BLOCKSTRETCHACTION
  5
7F1
330
7D3
100
AcDbEvalExpr
 90
      189
 98
       33
 99
      197
100
AcDbBlockElement
300
Stretch2
 98
       33
 99
      197
1071
        0
100
AcDbBlockAction
 70
     2
 91
       90
 91
      173
 71
    78
330
7EE
330
7E9
330
7E8
330
7AA
330
7A6
330
7A0
330
79F
330
79B
330
79A
330
799
330
798
330
797
330
796
330
795
330
794
330
78B
330
78A
330
789
330
788
330
787
330
786
330
785
330
784
330
77B
330
77A
330
779
330
778
330
777
330
776
330
775
330
774
330
76B
330
76A
330
769
330
768
330
767
330
766
330
765
330
764
330
763
330
753
330
74E
330
74D
330
74C
330
74B
330
74A
330
749
330
748
330
747
330
746
330
73D
330
73C
330
73B
330
73A
330
739
330
738
330
737
330
736
330
735
330
72C
330
72B
330
72A
330
729
330
728
330
727
330
726
330
725
330
724
330
71B
330
71A
330
719
330
718
330
717
330
716
330
715
330
714
330
713
330
712
1010
711.0132648298534
1020
2135.901431886662
1030
0.0
100
AcDbBlockStretchAction
 92
      183
301
EndXDelta
 93
      183
302
EndYDelta
 72
     2
1011
1842.112571570236
1021
1448.115333765574
1011
746.165077651327
1021
2305.403624371098
 73
    75
331
712
 74
     2
 94
        0
 94
        1
331
713
 74
     2
 94
        0
 94
        1
331
714
 74
     2
 94
        0
 94
        1
331
715
 74
     2
 94
        0
 94
        1
331
716
 74
     2
 94
        0
 94
        1
331
717
 74
     2
 94
        0
 94
        1
331
718
 74
     2
 94
        0
 94
        1
331
719
 74
     2
 94
        0
 94
        1
331
71A
 74
    42
 94
        0
 94
        1
 94
        2
 94
        3
 94
        4
 94
        5
 94
        6
 94
        7
 94
        8
 94
        9
 94
       10
 94
       11
 94
       12
 94
       13
 94
       14
 94
       15
 94
       16
 94
       17
 94
       18
 94
       19
 94
       20
 94
       21
 94
       22
 94
       23
 94
       26
 94
       27
 94
       28
 94
       29
 94
       30
 94
       31
 94
       32
 94
       33
 94
       34
 94
       35
 94
       36
 94
       37
 94
       38
 94
       39
 94
       40
 94
       41
 94
       42
 94
       43
331
71B
 74
     4
 94
        0
 94
        1
 94
        2
 94
        3
331
724
 74
     2
 94
        0
 94
        1
331
725
 74
     2
 94
        0
 94
        1
331
726
 74
     2
 94
        0
 94
        1
331
727
 74
     2
 94
        0
 94
        1
331
728
 74
     2
 94
        0
 94
        1
331
729
 74
     2
 94
        0
 94
        1
331
72A
 74
     2
 94
        0
 94
        1
331
72B
 74
     2
 94
        0
 94
        1
331
72C
 74
     4
 94
        0
 94
        1
 94
        2
 94
        3
331
735
 74
     2
 94
        0
 94
        1
331
736
 74
     2
 94
        0
 94
        1
331
737
 74
     2
 94
        0
 94
        1
331
738
 74
     2
 94
        0
 94
        1
331
739
 74
     2
 94
        0
 94
        1
331
73A
 74
     2
 94
        0
 94
        1
331
73B
 74
     2
 94
        0
 94
        1
331
73C
 74
     2
 94
        0
 94
        1
331
73D
 74
     4
 94
        0
 94
        1
 94
        2
 94
        3
331
746
 74
     2
 94
        0
 94
        1
331
747
 74
     2
 94
        0
 94
        1
331
748
 74
     2
 94
        0
 94
        1
331
749
 74
     2
 94
        0
 94
        1
331
74A
 74
     2
 94
        0
 94
        1
331
74B
 74
     2
 94
        0
 94
        1
331
74C
 74
     2
 94
        0
 94
        1
331
74D
 74
     2
 94
        0
 94
        1
331
74E
 74
     4
 94
        0
 94
        1
 94
        2
 94
        3
331
753
 74
     4
 94
        0
 94
        1
 94
        2
 94
        3
331
763
 74
     2
 94
        0
 94
        1
331
764
 74
     2
 94
        0
 94
        1
331
765
 74
     2
 94
        0
 94
        1
331
766
 74
     2
 94
        0
 94
        1
331
767
 74
     2
 94
        0
 94
        1
331
768
 74
     2
 94
        0
 94
        1
331
769
 74
     2
 94
        0
 94
        1
331
76A
 74
     2
 94
        0
 94
        1
331
76B
 74
    42
 94
        0
 94
        1
 94
        2
 94
        3
 94
        4
 94
        5
 94
        6
 94
        7
 94
        8
 94
        9
 94
       10
 94
       11
 94
       12
 94
       13
 94
       14
 94
       15
 94
       16
 94
       17
 94
       18
 94
       19
 94
       20
 94
       21
 94
       22
 94
       23
 94
       26
 94
       27
 94
       28
 94
       29
 94
       30
 94
       31
 94
       32
 94
       33
 94
       34
 94
       35
 94
       36
 94
       37
 94
       38
 94
       39
 94
       40
 94
       41
 94
       42
 94
       43
331
774
 74
     2
 94
        0
 94
        1
331
775
 74
     2
 94
        0
 94
        1
331
776
 74
     2
 94
        0
 94
        1
331
777
 74
     2
 94
        0
 94
        1
331
778
 74
     2
 94
        0
 94
        1
331
779
 74
     2
 94
        0
 94
        1
331
77A
 74
     2
 94
        0
 94
        1
331
77B
 74
     2
 94
        0
 94
        1
331
784
 74
     2
 94
        0
 94
        1
331
785
 74
     2
 94
        0
 94
        1
331
786
 74
     2
 94
        0
 94
        1
331
787
 74
     2
 94
        0
 94
        1
331
788
 74
     2
 94
        0
 94
        1
331
789
 74
     2
 94
        0
 94
        1
331
78A
 74
     2
 94
        0
 94
        1
331
78B
 74
     2
 94
        0
 94
        1
331
794
 74
     2
 94
        0
 94
        1
331
795
 74
     2
 94
        0
 94
        1
331
796
 74
     2
 94
        0
 94
        1
331
797
 74
     2
 94
        0
 94
        1
331
798
 74
     2
 94
        0
 94
        1
331
799
 74
     2
 94
        0
 94
        1
331
79A
 74
     2
 94
        0
 94
        1
331
79B
 74
     2
 94
        0
 94
        1
331
79F
 74
     1
 94
        0
331
7A0
 74
     1
 94
        0
331
7A6
 74
     1
 94
        0
331
7AA
 74
     1
 94
        0
 75
     1
 95
      173
 76
     2
 94
        0
 94
        1
140
1.0
141
0.0
280
     0
  0
BLOCKSTRETCHACTION
  5
7F2
330
7D3
100
AcDbEvalExpr
 90
      190
 98
       33
 99
      197
100
AcDbBlockElement
300
Stretch4
 98
       33
 99
      197
1071
        0
100
AcDbBlockAction
 70
     1
 91
       90
 71
    12
330
6E6
330
6E3
330
6E2
330
6E1
330
6E0
330
6DF
330
6DE
330
6DC
330
6DA
330
6D8
330
6D6
330
7B4
1010
926.5560378182223
1020
2091.987840852439
1030
0.0
100
AcDbBlockStretchAction
 92
      183
301
EndXDelta
 93
      183
302
EndYDelta
 72
     2
1011
2638.812706158598
1021
-2851.498740250129
1011
-90.27484629667744
1021
-1757.340962965004
 73
    12
331
6D8
 74
     2
 94
        0
 94
        1
331
6DA
 74
     2
 94
        0
 94
        1
331
6DC
 74
     2
 94
        0
 94
        1
331
6DE
 74
     4
 94
        0
 94
        1
 94
        2
 94
        3
331
6DF
 74
     4
 94
        0
 94
        1
 94
        2
 94
        3
331
6E0
 74
     2
 94
        0
 94
        1
331
6E1
 74
     2
 94
        0
 94
        1
331
6E2
 74
     2
 94
        0
 94
        1
331
6E3
 74
     2
 94
        0
 94
        1
331
6E6
 74
     2
 94
        0
 94
        1
331
7B4
 74
     2
 94
        0
 94
        1
331
6D6
 74
     2
 94
        0
 94
        1
 75
     0
140
1.0
141
0.0
280
     0
  0
BLOCKLINEARPARAMETER
  5
7F3
330
7D3
100
AcDbEvalExpr
 90
      201
 98
       33
 99
      197
100
AcDbBlockElement
300
Linear4
 98
       33
 99
      197
1071
        0
100
AcDbBlockParameter
280
     1
281
     0
100
AcDbBlock2PtParameter
1010
833.4161546922747
1020
0.0
1030
0.0
1011
833.4161546922747
1021
1350.999999999996
1031
0.0
170
     4
 91
        0
 91
      202
 91
        0
 91
        0
171
     0
172
     0
173
     1
 94
      202
303
DisplacementX
174
     1
 95
      202
304
DisplacementY
177
     0
100
AcDbBlockLinearParameter
305
2nd hole
306

140
283.3819497732889
307

 96
        1
141
0.0
142
0.0
143
0.0
175
     0
1001
ACAUTHENVIRON
1010
833.0433671013096
1020
1359.707399821974
1030
0.0
  0
BLOCKLINEARGRIP
  5
7F4
330
7D3
100
AcDbEvalExpr
 90
      202
 98
       33
 99
      197
100
AcDbBlockElement
300
End Grip
 98
       33
 99
      197
1071
        0
100
AcDbBlockGrip
 91
      203
 92
      204
1010
833.4161546922747
1020
1350.999999999996
1030
0.0
280
     1
 93
       -1
100
AcDbBlockLinearGrip
140
0.0
141
1350.999999999996
142
0.0
  0
BLOCKGRIPLOCATIONCOMPONENT
  5
7F5
330
7D3
100
AcDbEvalExpr
 90
      203
 98
       33
 99
      197
  1

 70
    40
140
1.797693134862313E+99
100
AcDbBlockGripExpr
 91
      201
300
UpdatedEndX
  0
BLOCKGRIPLOCATIONCOMPONENT
  5
7F6
330
7D3
100
AcDbEvalExpr
 90
      204
 98
       33
 99
      197
  1

 70
    40
140
1.797693134862313E+99
100
AcDbBlockGripExpr
 91
      201
300
UpdatedEndY
  0
BLOCKSTRETCHACTION
  5
7F7
330
7D3
100
AcDbEvalExpr
 90
      206
 98
       33
 99
      197
100
AcDbBlockElement
300
Stretch3
 98
       33
 99
      197
1071
        0
100
AcDbBlockAction
 70
     0
 71
     2
330
7A9
330
7A5
1010
565.050190975428
1020
1335.984013943554
1030
0.0
100
AcDbBlockStretchAction
 92
      201
301
EndXDelta
 93
      201
302
EndYDelta
 72
     2
1011
954.4962198730207
1021
1419.284630008769
1011
1637.111623966506
1021
1270.727225705897
 73
     2
331
7A5
 74
     1
 94
        0
331
7A9
 74
     1
 94
        0
 75
     0
140
1.0
141
0.0
280
     0
  0
BLOCKLINEARPARAMETER
  5
7F8
330
7D3
100
AcDbEvalExpr
 90
      208
 98
       33
 99
      197
100
AcDbBlockElement
300
Linear5
 98
       33
 99
      197
1071
        0
100
AcDbBlockParameter
280
     1
281
     0
100
AcDbBlock2PtParameter
1010
833.4161546922747
1020
0.0
1030
0.0
1011
833.4161546922747
1021
750.4999999999961
1031
0.0
170
     4
 91
        0
 91
      209
 91
        0
 91
        0
171
     0
172
     0
173
     1
 94
      209
303
DisplacementX
174
     1
 95
      209
304
DisplacementY
177
     0
100
AcDbBlockLinearParameter
305
3ed hole
306

140
45.81981380811111
307

 96
        1
141
0.0
142
0.0
143
0.0
175
     0
1001
ACAUTHENVIRON
1010
848.5526993132944
1020
127.3837429070374
1030
0.0
  0
BLOCKLINEARGRIP
  5
7F9
330
7D3
100
AcDbEvalExpr
 90
      209
 98
       33
 99
      197
100
AcDbBlockElement
300
End Grip
 98
       33
 99
      197
1071
        0
100
AcDbBlockGrip
 91
      210
 92
      211
1010
833.4161546922747
1020
750.4999999999961
1030
0.0
280
     1
 93
       -1
100
AcDbBlockLinearGrip
140
0.0000000000001137
141
750.4999999999961
142
0.0
  0
BLOCKGRIPLOCATIONCOMPONENT
  5
7FA
330
7D3
100
AcDbEvalExpr
 90
      210
 98
       33
 99
      197
  1

 70
    40
140
1.797693134862313E+99
100
AcDbBlockGripExpr
 91
      208
300
UpdatedEndX
  0
BLOCKGRIPLOCATIONCOMPONENT
  5
7FB
330
7D3
100
AcDbEvalExpr
 90
      211
 98
       33
 99
      197
  1

 70
    40
140
1.797693134862313E+99
100
AcDbBlockGripExpr
 91
      208
300
UpdatedEndY
  0
BLOCKLINEARPARAMETER
  5
7FC
330
7D3
100
AcDbEvalExpr
 90
      215
 98
       33
 99
      197
100
AcDbBlockElement
300
Linear3
 98
       33
 99
      197
1071
        0
100
AcDbBlockParameter
280
     1
281
     0
100
AcDbBlock2PtParameter
1010
833.4161546922747
1020
0.0
1030
0.0
1011
833.4161546922747
1021
960.7499999999999
1031
0.0
170
     4
 91
        0
 91
      216
 91
        0
 91
        0
171
     0
172
     0
173
     1
 94
      216
303
DisplacementX
174
     1
 95
      216
304
DisplacementY
177
     0
100
AcDbBlockLinearParameter
305
Mid Hing
306

140
118.6758089853806
307

 96
        1
141
0.0
142
0.0
143
0.0
175
     0
1001
ACAUTHENVIRON
1010
726.2965840929921
1020
949.1937616139018
1030
0.0
  0
BLOCKLINEARGRIP
  5
7FD
330
7D3
100
AcDbEvalExpr
 90
      216
 98
       33
 99
      197
100
AcDbBlockElement
300
End Grip
 98
       33
 99
      197
1071
        0
100
AcDbBlockGrip
 91
      217
 92
      218
1010
833.4161546922747
1020
960.7499999999999
1030
0.0
280
     1
 93
       -1
100
AcDbBlockLinearGrip
140
0.0
141
960.7499999999999
142
0.0
  0
BLOCKGRIPLOCATIONCOMPONENT
  5
7FE
330
7D3
100
AcDbEvalExpr
 90
      217
 98
       33
 99
      197
  1

 70
    40
140
1.797693134862313E+99
100
AcDbBlockGripExpr
 91
      215
300
UpdatedEndX
  0
BLOCKGRIPLOCATIONCOMPONENT
  5
7FF
330
7D3
100
AcDbEvalExpr
 90
      218
 98
       33
 99
      197
  1

 70
    40
140
1.797693134862313E+99
100
AcDbBlockGripExpr
 91
      215
300
UpdatedEndY
  0
BLOCKSTRETCHACTION
  5
800
330
7D3
100
AcDbEvalExpr
 90
      220
 98
       33
 99
      197
100
AcDbBlockElement
300
Stretch7
 98
       33
 99
      197
1071
        0
100
AcDbBlockAction
 70
     0
 71
     1
330
754
1010
759.844261992353
1020
915.6460837145408
1030
0.0
100
AcDbBlockStretchAction
 92
      215
301
EndXDelta
 93
      215
302
EndYDelta
 72
     2
1011
848.042338653293
1021
867.1913181563141
1011
999.0701610413596
1021
1064.986915737529
 73
     1
331
754
 74
     4
 94
        0
 94
        1
 94
        2
 94
        3
 75
     0
140
1.0
141
0.0
280
     0
  0
BLOCKSTRETCHACTION
  5
801
330
7D3
100
AcDbEvalExpr
 90
      221
 98
       33
 99
      197
100
AcDbBlockElement
300
Stretch8
 98
       33
 99
      197
1071
        0
100
AcDbBlockAction
 70
     0
 71
     1
330
6E8
1010
754.0315562196276
1020
949.1937616139018
1030
0.0
100
AcDbBlockStretchAction
 92
      215
301
EndXDelta
 93
      215
302
EndYDelta
 72
     2
1011
13.05992233416327
1021
-3290.346518154864
1011
262.8107128867851
1021
-2995.303584310583
 73
     1
331
6E8
 74
     4
 94
        0
 94
        1
 94
        2
 94
        3
 75
     0
140
1.0
141
0.0
280
     0
  0
BLOCKLOOKUPPARAMETER
  5
802
330
7D3
100
AcDbEvalExpr
 90
      228
 98
       33
 99
      197
100
AcDbBlockElement
300
Lookup
 98
       33
 99
      197
1071
        0
100
AcDbBlockParameter
280
     1
281
     0
100
AcDbBlock1PtParameter
1010
2776.02994769509
1020
-856.7096019792806
1030
0.0
 93
      229
170
     0
171
     0
100
AcDbBlockLookUpParameter
303
DropSeal
304

 94
      258
1001
ACAUTHENVIRON
1010
2919.546446014445
1020
-1000.226100298636
1030
0.0
  0
BLOCKLOOKUPGRIP
  5
803
330
7D3
100
AcDbEvalExpr
 90
      229
 98
       33
 99
      197
100
AcDbBlockElement
300
Grip
 98
       33
 99
      197
1071
        0
100
AcDbBlockGrip
 91
      230
 92
      231
1010
2776.02994769509
1020
-856.7096019792806
1030
0.0
280
     0
 93
       -1
100
AcDbBlockLookUpGrip
  0
BLOCKGRIPLOCATIONCOMPONENT
  5
804
330
7D3
100
AcDbEvalExpr
 90
      230
 98
       33
 99
      197
  1

 70
    40
140
0.0
100
AcDbBlockGripExpr
 91
      228
300
UpdatedX
  0
BLOCKGRIPLOCATIONCOMPONENT
  5
805
330
7D3
100
AcDbEvalExpr
 90
      231
 98
       33
 99
      197
  1

 70
    40
140
0.0
100
AcDbBlockGripExpr
 91
      228
300
UpdatedY
  0
BLOCKXYPARAMETER
  5
806
330
7D3
100
AcDbEvalExpr
 90
      243
 98
       33
 99
      197
100
AcDbBlockElement
300
XY
 98
       33
 99
      197
1071
        0
100
AcDbBlockParameter
280
     1
281
     0
100
AcDbBlock2PtParameter
1010
45.00524275097996
1020
-4159.567365426407
1030
0.0
1011
60.00524275097996
1021
-4129.567365426406
1031
0.0
170
     4
 91
      247
 91
      244
 91
      250
 91
      253
171
     2
 92
      247
301
DisplacementX
 92
      250
301
DisplacementX
172
     2
 93
      247
302
DisplacementY
 93
      253
302
DisplacementY
173
     2
 94
      244
303
DisplacementX
 94
      253
303
DisplacementX
174
     2
 95
      244
304
DisplacementY
 95
      250
304
DisplacementY
177
     0
100
AcDbBlockXYParameter
305
Y Distance1
306
X Distance1
307

308

141
5.606093075952983
140
5.606093075952983
309

 97
        1
146
0.0
147
0.0
148
0.0
176
     0
410

 96
        1
142
0.0
143
0.0
144
0.0
175
     0
1001
ACAUTHENVIRON
1010
201.2101306246618
1020
-4298.272253300088
1030
0.0
  0
BLOCKXYGRIP
  5
807
330
7D3
100
AcDbEvalExpr
 90
      244
 98
       33
 99
      197
100
AcDbBlockElement
300
End Grip
 98
       33
 99
      197
1071
        0
100
AcDbBlockGrip
 91
      245
 92
      246
1010
60.00524275097996
1020
-4129.567365426406
1030
0.0
280
     1
 93
       -1
100
AcDbBlockXYGrip
  0
BLOCKGRIPLOCATIONCOMPONENT
  5
808
330
7D3
100
AcDbEvalExpr
 90
      245
 98
       33
 99
      197
  1

 70
    40
140
1.797693134862313E+99
100
AcDbBlockGripExpr
 91
      243
300
UpdatedEndX
  0
BLOCKGRIPLOCATIONCOMPONENT
  5
809
330
7D3
100
AcDbEvalExpr
 90
      246
 98
       33
 99
      197
  1

 70
    40
140
1.797693134862313E+99
100
AcDbBlockGripExpr
 91
      243
300
UpdatedEndY
  0
BLOCKXYGRIP
  5
80A
330
7D3
100
AcDbEvalExpr
 90
      247
 98
       33
 99
      197
100
AcDbBlockElement
300
Base Grip
 98
       33
 99
      197
1071
        0
100
AcDbBlockGrip
 91
      248
 92
      249
1010
45.00524275097996
1020
-4159.567365426407
1030
0.0
280
     1
 93
       -1
100
AcDbBlockXYGrip
  0
BLOCKGRIPLOCATIONCOMPONENT
  5
80B
330
7D3
100
AcDbEvalExpr
 90
      248
 98
       33
 99
      197
  1

 70
    40
140
0.0
100
AcDbBlockGripExpr
 91
      243
300
UpdatedBaseX
  0
BLOCKGRIPLOCATIONCOMPONENT
  5
80C
330
7D3
100
AcDbEvalExpr
 90
      249
 98
       33
 99
      197
  1

 70
    40
140
0.0
100
AcDbBlockGripExpr
 91
      243
300
UpdatedBaseY
  0
BLOCKXYGRIP
  5
80D
330
7D3
100
AcDbEvalExpr
 90
      250
 98
       33
 99
      197
100
AcDbBlockElement
300
BaseX-EndY Grip
 98
       33
 99
      197
1071
        0
100
AcDbBlockGrip
 91
      251
 92
      252
1010
45.00524275097996
1020
-4129.567365426406
1030
0.0
280
     1
 93
       -1
100
AcDbBlockXYGrip
  0
BLOCKGRIPLOCATIONCOMPONENT
  5
80E
330
7D3
100
AcDbEvalExpr
 90
      251
 98
       33
 99
      197
  1

 70
    40
140
0.0
100
AcDbBlockGripExpr
 91
      243
300
UpdatedBaseX
  0
BLOCKGRIPLOCATIONCOMPONENT
  5
80F
330
7D3
100
AcDbEvalExpr
 90
      252
 98
       33
 99
      197
  1

 70
    40
140
1.797693134862313E+99
100
AcDbBlockGripExpr
 91
      243
300
UpdatedEndY
  0
BLOCKXYGRIP
  5
810
330
7D3
100
AcDbEvalExpr
 90
      253
 98
       33
 99
      197
100
AcDbBlockElement
300
BaseY-EndX Grip
 98
       33
 99
      197
1071
        0
100
AcDbBlockGrip
 91
      254
 92
      255
1010
60.00524275097996
1020
-4159.567365426407
1030
0.0
280
     1
 93
       -1
100
AcDbBlockXYGrip
  0
BLOCKGRIPLOCATIONCOMPONENT
  5
811
330
7D3
100
AcDbEvalExpr
 90
      254
 98
       33
 99
      197
  1

 70
    40
140
1.797693134862313E+99
100
AcDbBlockGripExpr
 91
      243
300
UpdatedEndX
  0
BLOCKGRIPLOCATIONCOMPONENT
  5
812
330
7D3
100
AcDbEvalExpr
 90
      255
 98
       33
 99
      197
  1

 70
    40
140
0.0
100
AcDbBlockGripExpr
 91
      243
300
UpdatedBaseY
  0
BLOCKLOOKUPACTION
  5
813
330
7D3
100
AcDbEvalExpr
 90
      258
 98
       33
 99
      197
100
AcDbBlockElement
300
DropSeal
 98
       33
 99
      197
1071
        0
100
AcDbBlockAction
 70
     0
 71
     0
1010
2851.997498912926
1020
-932.677153197117
1030
0.0
100
AcDbBlockLookupAction
 92
        2
 93
        3
301

302
15
302
30
302
Yes
302
0
302
0
302
No
303

 94
      243
 95
       40
 96
        2
282
     0
305
Custom
281
     0
304
UpdatedDistanceX
303

 94
      243
 95
       40
 96
        2
282
     0
305
Custom
281
     0
304
UpdatedDistanceY
303

 94
      228
 95
        1
 96
        0
282
     1
305
Custom
281
     1
304
lookupString
280
     1
  0
BLOCKSTRETCHACTION
  5
814
330
7D3
100
AcDbEvalExpr
 90
      259
 98
       33
 99
      197
100
AcDbBlockElement
300
Stretch10
 98
       33
 99
      197
1071
        0
100
AcDbBlockAction
 70
     0
 71
     2
330
7C0
330
7AD
1010
106.3216453424001
1020
-4167.121917597341
1030
0.0
100
AcDbBlockStretchAction
 92
      243
301
EndXDelta
 93
      243
302
BaseYDelta
 72
     2
1011
1076.578015804363
1021
-4166.745872931056
1011
1064.485643328211
1021
-4131.351159885173
 73
     2
331
7C0
 74
     1
 94
        1
331
7AD
 74
     2
 94
        0
 94
        1
 75
     0
140
1.0
141
0.0
280
     0
  0
BLOCKSTRETCHACTION
  5
815
330
7D3
100
AcDbEvalExpr
 90
      260
 98
       33
 99
      197
100
AcDbBlockElement
300
Stretch11
 98
       33
 99
      197
1071
        0
100
AcDbBlockAction
 70
     0
 71
     1
330
7C0
1010
72.1493908091385
1020
-4160.743481043255
1030
0.0
100
AcDbBlockStretchAction
 92
      243
301
EndXDelta
 93
      243
302
EndYDelta
 72
     2
1011
1106.658478655125
1021
-4151.14533311427
1011
1055.470251593222
1021
-4124.971679608811
 73
     1
331
7C0
 74
     2
 94
        2
 94
        3
 75
     0
140
1.0
141
0.0
280
     0
  0
BLOCKSTRETCHACTION
  5
816
330
7D3
100
AcDbEvalExpr
 90
      261
 98
       33
 99
      197
100
AcDbBlockElement
300
Stretch5
 98
       33
 99
      197
1071
        0
100
AcDbBlockAction
 70
     0
 71
     3
330
810
330
807
330
7BF
1010
69.83302655987613
1020
-4160.830776427942
1030
0.0
100
AcDbBlockStretchAction
 92
      243
301
EndXDelta
 93
      243
302
BaseYDelta
 72
     2
1011
65.63465676171472
1021
-4162.311720766436
1011
59.14915329182986
1021
-4125.842263412216
 73
     1
331
7BF
 74
     2
 94
        1
 94
        2
 75
     0
140
1.0
141
0.0
280
     0
  0
BLOCKSTRETCHACTION
  5
817
330
7D3
100
AcDbEvalExpr
 90
      262
 98
       33
 99
      197
100
AcDbBlockElement
300
Stretch9
 98
       33
 99
      197
1071
        0
100
AcDbBlockAction
 70
     0
 71
     3
330
80D
330
807
330
7BF
1010
72.86521296355729
1020
-4160.830776427942
1030
0.0
100
AcDbBlockStretchAction
 92
      243
301
EndXDelta
 93
      243
302
EndYDelta
 72
     2
1011
73.46782428859295
1021
-4137.096489057096
1011
37.418470310673
1021
-4124.639050978836
 73
     1
331
7BF
 74
     2
 94
        2
 94
        3
 75
     0
140
1.0
141
0.0
280
     0
  0
BLOCKSTRETCHACTION
  5
818
330
7D3
100
AcDbEvalExpr
 90
      264
 98
       33
 99
      197
100
AcDbBlockElement
300
Stretch
 98
       33
 99
      197
1071
        0
100
AcDbBlockAction
 70
     0
 71
    21
330
7C0
330
7BD
330
7BB
330
7B9
330
7B4
330
7B3
330
7B2
330
7B1
330
6F0
330
6EF
330
6EC
330
6EB
330
6EA
330
7AD
330
7AC
330
6DB
330
6DA
330
6D9
330
6D8
330
6D7
330
6D6
1010
1871.768795752094
1020
4460.39129873641
1030
0.0
100
AcDbBlockStretchAction
 92
      149
301
EndXDelta
 93
      149
302
EndYDelta
 72
     2
1011
1180.141720602682
1021
-4755.559444766761
1011
753.7541973301268
1021
-1811.31532652197
 73
    21
331
6D8
 74
     2
 94
        0
 94
        1
331
6D9
 74
     2
 94
        0
 94
        1
331
6DA
 74
     2
 94
        0
 94
        1
331
6DB
 74
     2
 94
        0
 94
        1
331
6EA
 74
     4
 94
        0
 94
        1
 94
        2
 94
        3
331
6EB
 74
     1
 94
        0
331
6EC
 74
     1
 94
        0
331
6EF
 74
     1
 94
        0
331
6F0
 74
     1
 94
        0
331
7B1
 74
     7
 94
        7
 94
        8
 94
        9
 94
       10
 94
       11
 94
       12
 94
       13
331
7B2
 74
     7
 94
        7
 94
        8
 94
        9
 94
       10
 94
       11
 94
       12
 94
       13
331
7B3
 74
     7
 94
        7
 94
        8
 94
        9
 94
       10
 94
       11
 94
       12
 94
       13
331
7B4
 74
     2
 94
        1
 94
        2
331
7B9
 74
     1
 94
        0
331
7BB
 74
     4
 94
        0
 94
        1
 94
        2
 94
        3
331
7BD
 74
     4
 94
        0
 94
        1
 94
        2
 94
        3
331
7C0
 74
     4
 94
        0
 94
        1
 94
        2
 94
        3
331
7AC
 74
     2
 94
        0
 94
        1
331
7AD
 74
     2
 94
        0
 94
        1
331
6D6
 74
     2
 94
        0
 94
        1
331
6D7
 74
     2
 94
        0
 94
        1
 75
     0
140
1.0
141
0.0
280
     0
  0
BLOCKSTRETCHACTION
  5
819
330
7D3
100
AcDbEvalExpr
 90
      265
 98
       33
 99
      197
100
AcDbBlockElement
300
Stretch6
 98
       33
 99
      197
1071
        0
100
AcDbBlockAction
 70
     0
 71
     2
330
7A8
330
7A4
1010
848.5526993132944
1020
127.3837429070374
1030
0.0
100
AcDbBlockStretchAction
 92
      208
301
EndXDelta
 93
      208
302
EndYDelta
 72
     2
1011
1013.674755449538
1021
676.0860001091969
1011
1620.703980185644
1021
805.4568666453196
 73
     2
331
7A4
 74
     1
 94
        0
331
7A8
 74
     1
 94
        0
 75
     0
140
1.0
141
0.0
280
     0
  0
BLOCKSTRETCHACTION
  5
81A
330
7D3
100
AcDbEvalExpr
 90
      267
 98
       33
 99
      197
100
AcDbBlockElement
300
Stretch12
 98
       33
 99
      197
1071
        0
100
AcDbBlockAction
 70
     1
 91
      132
 71
    58
330
7D5
330
7D4
330
79E
330
79C
330
79B
330
798
330
797
330
796
330
795
330
794
330
793
330
792
330
791
330
78F
330
78E
330
78C
330
78B
330
788
330
787
330
786
330
785
330
784
330
783
330
782
330
781
330
77F
330
77E
330
77C
330
77B
330
778
330
777
330
776
330
775
330
774
330
773
330
772
330
771
330
76F
330
76E
330
76C
330
76B
330
76A
330
767
330
766
330
765
330
764
330
763
330
762
330
761
330
760
330
75E
330
75D
330
75B
330
7B8
330
7AB
330
7B7
330
7B5
330
7B6
1010
2711.813054385155
1020
2439.283408651796
1030
0.0
100
AcDbBlockStretchAction
 92
      165
301
EndXDelta
 93
      165
302
EndYDelta
 72
     2
1011
1852.092165391426
1021
-38.9870272041444
1011
1617.042847542179
1021
2193.746769560596
 73
    56
331
7B5
 74
    24
 94
        0
 94
        1
 94
        2
 94
        3
 94
        4
 94
        5
 94
        6
 94
        7
 94
        8
 94
        9
 94
       10
 94
       11
 94
       12
 94
       13
 94
       14
 94
       15
 94
       16
 94
       17
 94
       18
 94
       19
 94
       20
 94
       21
 94
       22
 94
       23
331
7B6
 74
    14
 94
        0
 94
        1
 94
        2
 94
        3
 94
        4
 94
        5
 94
        6
 94
        7
 94
        8
 94
        9
 94
       10
 94
       11
 94
       12
 94
       13
331
7B7
 74
     8
 94
        0
 94
        1
 94
        2
 94
        3
 94
        4
 94
        5
 94
        6
 94
        7
331
7B8
 74
    10
 94
        0
 94
        1
 94
        2
 94
        3
 94
        4
 94
        5
 94
        6
 94
        7
 94
        8
 94
        9
331
75B
 74
     2
 94
        0
 94
        1
331
75D
 74
     2
 94
        0
 94
        1
331
75E
 74
     2
 94
        0
 94
        1
331
760
 74
     2
 94
        0
 94
        1
331
761
 74
     2
 94
        0
 94
        1
331
762
 74
     2
 94
        0
 94
        1
331
763
 74
     2
 94
        0
 94
        1
331
764
 74
     2
 94
        0
 94
        1
331
765
 74
     2
 94
        0
 94
        1
331
766
 74
     2
 94
        0
 94
        1
331
767
 74
     2
 94
        0
 94
        1
331
76A
 74
     2
 94
        0
 94
        1
331
76B
 74
    32
 94
        0
 94
        1
 94
        2
 94
        3
 94
        4
 94
        5
 94
        6
 94
        7
 94
        8
 94
        9
 94
       10
 94
       11
 94
       12
 94
       13
 94
       14
 94
       15
 94
       16
 94
       17
 94
       18
 94
       19
 94
       20
 94
       21
 94
       22
 94
       23
 94
       24
 94
       37
 94
       38
 94
       39
 94
       40
 94
       41
 94
       42
 94
       43
331
76C
 74
     2
 94
        0
 94
        1
331
76E
 74
     2
 94
        0
 94
        1
331
76F
 74
     2
 94
        0
 94
        1
331
771
 74
     2
 94
        0
 94
        1
331
772
 74
     2
 94
        0
 94
        1
331
773
 74
     2
 94
        0
 94
        1
331
774
 74
     2
 94
        0
 94
        1
331
775
 74
     2
 94
        0
 94
        1
331
776
 74
     2
 94
        0
 94
        1
331
777
 74
     2
 94
        0
 94
        1
331
778
 74
     2
 94
        0
 94
        1
331
77B
 74
     2
 94
        0
 94
        1
331
77C
 74
     2
 94
        0
 94
        1
331
77E
 74
     2
 94
        0
 94
        1
331
77F
 74
     2
 94
        0
 94
        1
331
781
 74
     2
 94
        0
 94
        1
331
782
 74
     2
 94
        0
 94
        1
331
783
 74
     2
 94
        0
 94
        1
331
784
 74
     2
 94
        0
 94
        1
331
785
 74
     2
 94
        0
 94
        1
331
786
 74
     2
 94
        0
 94
        1
331
787
 74
     2
 94
        0
 94
        1
331
788
 74
     2
 94
        0
 94
        1
331
78B
 74
     2
 94
        0
 94
        1
331
78C
 74
     2
 94
        0
 94
        1
331
78E
 74
     2
 94
        0
 94
        1
331
78F
 74
     2
 94
        0
 94
        1
331
791
 74
     2
 94
        0
 94
        1
331
792
 74
     2
 94
        0
 94
        1
331
793
 74
     2
 94
        0
 94
        1
331
794
 74
     2
 94
        0
 94
        1
331
795
 74
     2
 94
        0
 94
        1
331
796
 74
     2
 94
        0
 94
        1
331
797
 74
     2
 94
        0
 94
        1
331
798
 74
     2
 94
        0
 94
        1
331
79B
 74
     2
 94
        0
 94
        1
331
79C
 74
     4
 94
        0
 94
        1
 94
        2
 94
        3
331
79E
 74
     8
 94
        0
 94
        1
 94
        2
 94
        3
 94
        4
 94
        5
 94
        6
 94
        7
331
7AB
 74
    12
 94
        0
 94
        1
 94
        2
 94
        3
 94
        4
 94
        5
 94
        6
 94
        7
 94
        8
 94
        9
 94
       10
 94
       11
 75
     1
 95
      132
 76
     1
 94
        0
140
1.0
141
0.0
280
     0
  0
BLOCKSTRETCHACTION
  5
81B
330
7D3
100
AcDbEvalExpr
 90
      269
 98
       33
 99
      197
100
AcDbBlockElement
300
Stretch13
 98
       33
 99
      197
1071
        0
100
AcDbBlockAction
 70
     1
 91
       90
 71
    18
330
756
330
74C
330
74B
330
742
330
73F
330
73B
330
73A
330
731
330
72E
330
72A
330
729
330
720
330
71D
330
71A
330
718
330
717
330
70E
330
70B
1010
2909.030366425098
1020
2439.283408651796
1030
0.0
100
AcDbBlockStretchAction
 92
      165
301
EndXDelta
 93
      165
302
EndYDelta
 72
     2
1011
1242.408931330406
1021
-29.28331540365616
1011
1118.845860953239
1021
2203.512536140173
 73
    18
331
70B
 74
     2
 94
        0
 94
        1
331
70E
 74
     2
 94
        0
 94
        1
331
717
 74
     2
 94
        0
 94
        1
331
718
 74
     2
 94
        0
 94
        1
331
71A
 74
    12
 94
       25
 94
       26
 94
       27
 94
       28
 94
       29
 94
       30
 94
       31
 94
       32
 94
       33
 94
       34
 94
       35
 94
       36
331
71D
 74
     2
 94
        0
 94
        1
331
720
 74
     2
 94
        0
 94
        1
331
729
 74
     2
 94
        0
 94
        1
331
72A
 74
     2
 94
        0
 94
        1
331
72E
 74
     2
 94
        0
 94
        1
331
731
 74
     2
 94
        0
 94
        1
331
73A
 74
     2
 94
        0
 94
        1
331
73B
 74
     2
 94
        0
 94
        1
331
73F
 74
     2
 94
        0
 94
        1
331
742
 74
     2
 94
        0
 94
        1
331
74B
 74
     2
 94
        0
 94
        1
331
74C
 74
     2
 94
        0
 94
        1
331
756
 74
     4
 94
        0
 94
        1
 94
        2
 94
        3
 75
     0
140
1.0
141
0.0
280
     0
  0
BLOCKFLIPPARAMETER
  5
81C
330
7D3
100
AcDbEvalExpr
 90
      286
 98
       33
 99
      197
100
AcDbBlockElement
300
Flip
 98
       33
 99
      197
1071
        0
100
AcDbBlockParameter
280
     1
281
     0
100
AcDbBlock2PtParameter
1010
1314.591284325286
1020
-1320.421639282162
1030
0.0
1011
1314.591284325286
1021
-1048.204410991595
1031
0.0
170
     4
 91
      287
 91
        0
 91
        0
 91
        0
171
     0
172
     0
173
     0
174
     0
177
     0
100
AcDbBlockFlipParameter
305
Direction
306

307
Not flipped
308
Flipped
1012
945.5395930255326
1022
-969.4046854194564
1032
0.0
309
UpdatedFlip
 96
      287
1001
ACAUTHENVIRON
1010
1423.470251426105
1020
-1429.30060638298
1030
0.0
  0
BLOCKFLIPGRIP
  5
81D
330
7D3
100
AcDbEvalExpr
 90
      287
 98
       33
 99
      197
100
AcDbBlockElement
300
Grip
 98
       33
 99
      197
1071
        0
100
AcDbBlockGrip
 91
      289
 92
      290
1010
1314.591284325286
1020
-1320.421639282162
1030
0.0
280
     0
 93
       -1
100
AcDbBlockFlipGrip
140
0.0
141
272.2172282905666
142
0.0
 93
      288
  0
BLOCKGRIPLOCATIONCOMPONENT
  5
81E
330
7D3
100
AcDbEvalExpr
 90
      288
 98
       33
 99
      197
  1

 70
    70
 70
     0
100
AcDbBlockGripExpr
 91
      286
300
UpdatedFlip
  0
BLOCKGRIPLOCATIONCOMPONENT
  5
81F
330
7D3
100
AcDbEvalExpr
 90
      289
 98
       33
 99
      197
  1

 70
    40
140
0.0
100
AcDbBlockGripExpr
 91
      286
300
UpdatedBaseX
  0
BLOCKGRIPLOCATIONCOMPONENT
  5
820
330
7D3
100
AcDbEvalExpr
 90
      290
 98
       33
 99
      197
  1

 70
    40
140
0.0
100
AcDbBlockGripExpr
 91
      286
300
UpdatedBaseY
  0
BLOCKFLIPACTION
  5
821
330
7D3
100
AcDbEvalExpr
 90
      291
 98
       33
 99
      197
100
AcDbBlockElement
300
Flip1
 98
       33
 99
      197
1071
        0
100
AcDbBlockAction
 70
    20
 91
      165
 91
      292
 91
      297
 91
      320
 91
      332
 91
      345
 91
      350
 91
      355
 91
      371
 91
      382
 91
      132
 91
      149
 91
      157
 91
      173
 91
      183
 91
      201
 91
      208
 91
      215
 91
      228
 91
      243
 71
   289
330
81D
330
810
330
80D
330
80A
330
807
330
806
330
803
330
802
330
7FD
330
7FC
330
7F9
330
7F8
330
7F4
330
7F3
330
7EE
330
7ED
330
7E9
330
7E8
330
7DF
330
7DE
330
7D9
330
7D8
330
7D5
330
7D4
330
7C0
330
7BF
330
7BE
330
7BD
330
7BC
330
7BB
330
7BA
330
7B9
330
7B8
330
7B7
330
7B6
330
7B5
330
7B4
330
7B3
330
7B2
330
7B1
330
7B0
330
7AF
330
7AE
330
7AB
330
357
330
7AA
330
7A9
330
7A8
330
7A7
330
7A6
330
7A5
330
7A4
330
7A3
330
7A2
330
7A1
330
7A0
330
79F
330
79E
330
79D
330
79C
330
79B
330
79A
330
799
330
798
330
797
330
796
330
795
330
794
330
793
330
792
330
791
330
790
330
78F
330
78E
330
78D
330
78C
330
78B
330
78A
330
789
330
788
330
787
330
786
330
785
330
784
330
783
330
782
330
781
330
780
330
77F
330
77E
330
77D
330
77C
330
77B
330
77A
330
779
330
778
330
777
330
776
330
775
330
774
330
773
330
772
330
771
330
770
330
76F
330
76E
330
76D
330
76C
330
76B
330
76A
330
769
330
768
330
767
330
766
330
765
330
764
330
763
330
762
330
761
330
760
330
75F
330
75E
330
75D
330
75C
330
75B
330
756
330
755
330
754
330
753
330
752
330
751
330
750
330
74F
330
74E
330
74D
330
74C
330
74B
330
74A
330
749
330
748
330
747
330
746
330
745
330
744
330
743
330
742
330
741
330
740
330
73F
330
73E
330
73D
330
73C
330
73B
330
73A
330
739
330
738
330
737
330
736
330
735
330
734
330
733
330
732
330
731
330
730
330
72F
330
72E
330
72D
330
72C
330
72B
330
72A
330
729
330
728
330
727
330
726
330
725
330
724
330
723
330
722
330
721
330
720
330
71F
330
71E
330
71D
330
71C
330
71B
330
71A
330
719
330
718
330
717
330
716
330
715
330
714
330
713
330
712
330
711
330
710
330
70F
330
70E
330
70D
330
70C
330
70B
330
70A
330
709
330
708
330
707
330
706
330
705
330
704
330
703
330
702
330
701
330
700
330
6FF
330
6FE
330
6FD
330
6FC
330
6FB
330
6FA
330
6F9
330
6F8
330
6F7
330
6F6
330
6F5
330
6F4
330
6F3
330
6F2
330
6F1
330
6F0
330
6EF
330
6EE
330
6ED
330
6EC
330
6EB
330
6EA
330
6E9
330
7AD
330
7AC
330
6E8
330
6E7
330
6E6
330
6E5
330
6E4
330
6E3
330
6E2
330
6E1
330
6E0
330
6DF
330
6DE
330
6DD
330
6DC
330
6DB
330
6DA
330
6D9
330
6D8
330
6D7
330
6D6
330
857
330
856
330
84D
330
84C
330
846
330
845
330
842
330
841
330
83E
330
83D
330
839
330
838
330
832
330
831
330
827
330
826
330
823
330
822
330
7E4
330
7E3
330
7CE
330
7CD
330
7CC
330
7C9
330
7C6
330
7C3
330
7C2
330
7C1
330
358
330
75A
330
759
330
758
330
757
1010
1423.470251426105
1020
-1429.30060638298
1030
0.0
100
AcDbBlockFlipAction
 92
      286
 93
      286
 94
      286
 95
      286
301
Flip
302
UpdatedFlip
303
UpdatedBase
304
UpdatedEnd
  0
BLOCKLINEARPARAMETER
  5
822
330
7D3
100
AcDbEvalExpr
 90
      292
 98
       33
 99
      197
100
AcDbBlockElement
300
Linear8
 98
       33
 99
      197
1071
        0
100
AcDbBlockParameter
280
     1
281
     0
100
AcDbBlock2PtParameter
1010
2550.509121255644
1020
1441.835837790113
1030
0.0
1011
2550.509121255644
1021
1481.835837790113
1031
0.0
170
     4
 91
        0
 91
      293
 91
        0
 91
        0
171
     0
172
     0
173
     1
 94
      293
303
DisplacementX
174
     1
 95
      293
304
DisplacementY
177
     0
100
AcDbBlockLinearParameter
305
Overlap_2
306

140
-25.17738704457588
307

 96
        1
141
0.0
142
0.0
143
0.0
175
     0
1001
ACAUTHENVIRON
1010
2580.466815214569
1020
1477.055530875763
1030
0.0
  0
BLOCKLINEARGRIP
  5
823
330
7D3
100
AcDbEvalExpr
 90
      293
 98
       33
 99
      197
100
AcDbBlockElement
300
End Grip
 98
       33
 99
      197
1071
        0
100
AcDbBlockGrip
 91
      294
 92
      295
1010
2550.509121255644
1020
1481.835837790113
1030
0.0
280
     1
 93
       -1
100
AcDbBlockLinearGrip
140
0.0
141
40.0
142
0.0
  0
BLOCKGRIPLOCATIONCOMPONENT
  5
824
330
7D3
100
AcDbEvalExpr
 90
      294
 98
       33
 99
      197
  1

 70
    40
140
1.797693134862313E+99
100
AcDbBlockGripExpr
 91
      292
300
UpdatedEndX
  0
BLOCKGRIPLOCATIONCOMPONENT
  5
825
330
7D3
100
AcDbEvalExpr
 90
      295
 98
       33
 99
      197
  1

 70
    40
140
1.797693134862313E+99
100
AcDbBlockGripExpr
 91
      292
300
UpdatedEndY
  0
BLOCKLINEARPARAMETER
  5
826
330
7D3
100
AcDbEvalExpr
 90
      297
 98
       33
 99
      197
100
AcDbBlockElement
300
Linear9
 98
       33
 99
      197
1071
        0
100
AcDbBlockParameter
280
     1
281
     0
100
AcDbBlock2PtParameter
1010
2510.509121255644
1020
1486.835837790113
1030
0.0
1011
2550.509121255644
1021
1486.835837790113
1031
0.0
170
     4
 91
        0
 91
      298
 91
        0
 91
        0
171
     0
172
     0
173
     1
 94
      298
303
DisplacementX
174
     1
 95
      298
304
DisplacementY
177
     0
100
AcDbBlockLinearParameter
305
Overlap_3
306

140
27.73183054917899
307

 96
        1
141
0.0
142
0.0
143
0.0
175
     0
1001
ACAUTHENVIRON
1010
2555.289428169994
1020
1509.787361424942
1030
0.0
  0
BLOCKLINEARGRIP
  5
827
330
7D3
100
AcDbEvalExpr
 90
      298
 98
       33
 99
      197
100
AcDbBlockElement
300
End Grip
 98
       33
 99
      197
1071
        0
100
AcDbBlockGrip
 91
      299
 92
      300
1010
2550.509121255644
1020
1486.835837790113
1030
0.0
280
     1
 93
       -1
100
AcDbBlockLinearGrip
140
40.0
141
0.0
142
0.0
  0
BLOCKGRIPLOCATIONCOMPONENT
  5
828
330
7D3
100
AcDbEvalExpr
 90
      299
 98
       33
 99
      197
  1

 70
    40
140
1.797693134862313E+99
100
AcDbBlockGripExpr
 91
      297
300
UpdatedEndX
  0
BLOCKGRIPLOCATIONCOMPONENT
  5
829
330
7D3
100
AcDbEvalExpr
 90
      300
 98
       33
 99
      197
  1

 70
    40
140
1.797693134862313E+99
100
AcDbBlockGripExpr
 91
      297
300
UpdatedEndY
  0
BLOCKSTRETCHACTION
  5
82A
330
7D3
100
AcDbEvalExpr
 90
      304
 98
       33
 99
      197
100
AcDbBlockElement
300
Stretch16
 98
       33
 99
      197
1071
        0
100
AcDbBlockAction
 70
     1
 91
      297
 71
     4
330
826
330
827
330
823
330
7C1
1010
2578.579331968291
1020
1478.943014122042
1030
0.0
100
AcDbBlockStretchAction
 92
      292
301
EndXDelta
 93
      292
302
EndYDelta
 72
     2
1011
2558.796705585526
1021
1470.835419247199
1011
2500.973824671062
1021
1493.50138930036
 73
     1
331
7C1
 74
     2
 94
        2
 94
        3
 75
     1
 95
      297
 76
     2
 94
        0
 94
        1
140
1.0
141
0.0
280
     0
  0
BLOCKSTRETCHACTION
  5
82B
330
7D3
100
AcDbEvalExpr
 90
      305
 98
       33
 99
      197
100
AcDbBlockElement
300
Stretch19
 98
       33
 99
      197
1071
        0
100
AcDbBlockAction
 70
     0
 71
     5
330
79B
330
78B
330
77B
330
76B
330
76A
1010
2743.336089539787
1020
1432.527137425535
1030
0.0
100
AcDbBlockStretchAction
 92
      292
301
EndXDelta
 93
      292
302
EndYDelta
 72
     2
1011
1817.311734083312
1021
2139.416442531892
1011
1745.338647923461
1021
2179.586723522003
 73
     5
331
76A
 74
     2
 94
        0
 94
        1
331
76B
 74
     3
 94
       21
 94
       22
 94
       23
331
77B
 74
     2
 94
        0
 94
        1
331
78B
 74
     2
 94
        0
 94
        1
331
79B
 74
     2
 94
        0
 94
        1
 75
     0
140
1.0
141
0.0
280
     0
  0
BLOCKSTRETCHACTION
  5
82C
330
7D3
100
AcDbEvalExpr
 90
      306
 98
       33
 99
      197
100
AcDbBlockElement
300
Stretch20
 98
       33
 99
      197
1071
        0
100
AcDbBlockAction
 70
     1
 91
      183
 71
     7
330
7EE
330
7ED
330
74D
330
73C
330
72B
330
71A
330
719
1010
2593.713410259978
1020
1478.727751245327
1030
0.0
100
AcDbBlockStretchAction
 92
      292
301
EndXDelta
 93
      292
302
EndYDelta
 72
     2
1011
877.2916745665424
1021
2146.951236735131
1011
816.1144513140898
1021
2184.288556033545
 73
     5
331
719
 74
     2
 94
        0
 94
        1
331
71A
 74
     3
 94
       21
 94
       22
 94
       23
331
72B
 74
     2
 94
        0
 94
        1
331
73C
 74
     2
 94
        0
 94
        1
331
74D
 74
     2
 94
        0
 94
        1
 75
     1
 95
      183
 76
     1
 94
        1
140
1.0
141
0.0
280
     0
  0
BLOCKSTRETCHACTION
  5
82D
330
7D3
100
AcDbEvalExpr
 90
      307
 98
       33
 99
      197
100
AcDbBlockElement
300
Stretch21
 98
       33
 99
      197
1071
        0
100
AcDbBlockAction
 70
     1
 91
      292
 71
     4
330
827
330
822
330
823
330
7C1
1010
2553.72307414537
1020
1506.353715449566
1030
0.0
100
AcDbBlockStretchAction
 92
      297
301
EndXDelta
 93
      297
302
EndYDelta
 72
     2
1011
2563.238728414552
1021
1431.986126694308
1011
2542.485641764623
1021
1496.072794067342
 73
     1
331
7C1
 74
     2
 94
        1
 94
        2
 75
     1
 95
      292
 76
     2
 94
        0
 94
        1
140
1.0
141
0.0
280
     0
  0
BLOCKSTRETCHACTION
  5
82E
330
7D3
100
AcDbEvalExpr
 90
      310
 98
       33
 99
      197
100
AcDbBlockElement
300
Stretch22
 98
       33
 99
      197
1071
        0
100
AcDbBlockAction
 70
     0
 71
     9
330
79B
330
791
330
78B
330
781
330
77B
330
771
330
76B
330
76A
330
760
1010
2758.936451058389
1020
1448.265512514955
1030
0.0
100
AcDbBlockStretchAction
 92
      297
301
EndXDelta
 93
      297
302
EndYDelta
 72
     2
1011
1804.848523065549
1021
-9.686472521159881
1011
1760.172037965938
1021
2174.542198927371
 73
     9
331
760
 74
     2
 94
        0
 94
        1
331
76A
 74
     2
 94
        0
 94
        1
331
76B
 74
     4
 94
       21
 94
       22
 94
       23
 94
       24
331
771
 74
     2
 94
        0
 94
        1
331
77B
 74
     2
 94
        0
 94
        1
331
781
 74
     2
 94
        0
 94
        1
331
78B
 74
     2
 94
        0
 94
        1
331
791
 74
     2
 94
        0
 94
        1
331
79B
 74
     2
 94
        0
 94
        1
 75
     0
140
1.0
141
0.0
280
     0
  0
BLOCKSTRETCHACTION
  5
82F
330
7D3
100
AcDbEvalExpr
 90
      311
 98
       33
 99
      197
100
AcDbBlockElement
300
Stretch23
 98
       33
 99
      197
1071
        0
100
AcDbBlockAction
 70
     1
 91
      149
 71
     5
330
7D9
330
7D8
330
357
330
709
330
6F5
1010
2572.813759065591
1020
1505.72204113068
1030
0.0
100
AcDbBlockStretchAction
 92
      297
301
EndXDelta
 93
      297
302
EndYDelta
 72
     2
1011
1876.459263382989
1021
4249.717689821987
1011
1822.914020876545
1021
4332.580210563585
 73
     2
331
6F5
 74
     2
 94
        0
 94
        1
331
709
 74
     3
 94
        0
 94
       42
 94
       43
 75
     1
 95
      149
 76
     1
 94
        1
140
1.0
141
0.0
280
     0
  0
BLOCKSTRETCHACTION
  5
830
330
7D3
100
AcDbEvalExpr
 90
      313
 98
       33
 99
      197
100
AcDbBlockElement
300
Stretch24
 98
       33
 99
      197
1071
        0
100
AcDbBlockAction
 70
     1
 91
      149
 71
     6
330
7D9
330
7D8
330
357
330
7A1
330
709
330
6F5
1010
2798.125007277806
1020
1454.709191573334
1030
0.0
100
AcDbBlockStretchAction
 92
      292
301
EndXDelta
 93
      292
302
EndYDelta
 72
     2
1011
1897.156269298255
1021
4257.783004151741
1011
707.0562111980541
1021
4342.514851017095
 73
     3
331
6F5
 74
     2
 94
        0
 94
        1
331
709
 74
     6
 94
        0
 94
        1
 94
        2
 94
        3
 94
       42
 94
       43
331
7A1
 74
     2
 94
        0
 94
        1
 75
     1
 95
      149
 76
     2
 94
        0
 94
        1
140
1.0
141
0.0
280
     0
  0
BLOCKLINEARPARAMETER
  5
831
330
7D3
100
AcDbEvalExpr
 90
      320
 98
       33
 99
      197
100
AcDbBlockElement
300
Linear11
 98
       33
 99
      197
1071
        0
100
AcDbBlockParameter
280
     1
281
     0
100
AcDbBlock2PtParameter
1010
2753.707697420876
1020
1481.835837790113
1030
0.0
1011
2713.707697420876
1021
1481.835837790113
1031
0.0
170
     4
 91
        0
 91
      321
 91
        0
 91
        0
171
     0
172
     0
173
     1
 94
      321
303
DisplacementX
174
     1
 95
      321
304
DisplacementY
177
     0
100
AcDbBlockLinearParameter
305
Overlap_1
306

140
-18.77609352168656
307

 96
        1
141
0.0
142
0.0
143
0.0
175
     0
1001
ACAUTHENVIRON
1010
2718.488004335226
1020
1495.83162439745
1030
0.0
  0
BLOCKLINEARGRIP
  5
832
330
7D3
100
AcDbEvalExpr
 90
      321
 98
       33
 99
      197
100
AcDbBlockElement
300
End Grip
 98
       33
 99
      197
1071
        0
100
AcDbBlockGrip
 91
      322
 92
      323
1010
2713.707697420876
1020
1481.835837790113
1030
0.0
280
     1
 93
       -1
100
AcDbBlockLinearGrip
140
-40.0
141
0.0
142
0.0
  0
BLOCKGRIPLOCATIONCOMPONENT
  5
833
330
7D3
100
AcDbEvalExpr
 90
      322
 98
       33
 99
      197
  1

 70
    40
140
1.797693134862313E+99
100
AcDbBlockGripExpr
 91
      320
300
UpdatedEndX
  0
BLOCKGRIPLOCATIONCOMPONENT
  5
834
330
7D3
100
AcDbEvalExpr
 90
      323
 98
       33
 99
      197
  1

 70
    40
140
1.797693134862313E+99
100
AcDbBlockGripExpr
 91
      320
300
UpdatedEndY
  0
BLOCKSTRETCHACTION
  5
835
330
7D3
100
AcDbEvalExpr
 90
      327
 98
       33
 99
      197
100
AcDbBlockElement
300
Stretch25
 98
       33
 99
      197
1071
        0
100
AcDbBlockAction
 70
     0
 71
     2
330
832
330
7C2
1010
2716.570292778101
1020
1497.749335954575
1030
0.0
100
AcDbBlockStretchAction
 92
      320
301
EndXDelta
 93
      320
302
EndYDelta
 72
     2
1011
2720.837603817425
1021
1433.731980922508
1011
2703.2803696677
1021
1502.378479141811
 73
     1
331
7C2
 74
     2
 94
        0
 94
        3
 75
     0
140
1.0
141
0.0
280
     0
  0
BLOCKSTRETCHACTION
  5
836
330
7D3
100
AcDbEvalExpr
 90
      329
 98
       33
 99
      197
100
AcDbBlockElement
300
Stretch26
 98
       33
 99
      197
1071
        0
100
AcDbBlockAction
 70
     5
 91
      173
 91
      183
 91
      201
 91
      208
 91
      215
 71
    18
330
7FD
330
7FC
330
7F9
330
7F8
330
7F4
330
7F3
330
7EE
330
7ED
330
7E8
330
74D
330
743
330
73C
330
732
330
72B
330
721
330
71A
330
719
330
70F
1010
2718.066364917861
1020
1499.329970283275
1030
0.0
100
AcDbBlockStretchAction
 92
      320
301
EndXDelta
 93
      320
302
EndYDelta
 72
     2
1011
851.0356897631206
1021
-4.583915072773379
1011
828.1795019854907
1021
2176.858497873542
 73
     9
331
70F
 74
     2
 94
        0
 94
        1
331
719
 74
     2
 94
        0
 94
        1
331
71A
 74
     4
 94
       21
 94
       22
 94
       23
 94
       24
331
721
 74
     2
 94
        0
 94
        1
331
72B
 74
     2
 94
        0
 94
        1
331
732
 74
     2
 94
        0
 94
        1
331
73C
 74
     2
 94
        0
 94
        1
331
743
 74
     2
 94
        0
 94
        1
331
74D
 74
     2
 94
        0
 94
        1
 75
     5
 95
      173
 76
     1
 94
        0
 95
      183
 76
     2
 94
        0
 94
        1
 95
      201
 76
     2
 94
        0
 94
        1
 95
      208
 76
     2
 94
        0
 94
        1
 95
      215
 76
     2
 94
        0
 94
        1
140
1.0
141
0.0
280
     0
  0
BLOCKSTRETCHACTION
  5
837
330
7D3
100
AcDbEvalExpr
 90
      330
 98
       33
 99
      197
100
AcDbBlockElement
300
Stretch27
 98
       33
 99
      197
1071
        0
100
AcDbBlockAction
 70
     1
 91
      149
 71
     4
330
7D8
330
357
330
7A1
330
709
1010
2726.24534829971
1020
1498.450267367173
1030
0.0
100
AcDbBlockStretchAction
 92
      320
301
EndXDelta
 93
      320
302
EndYDelta
 72
     2
1011
787.622726884394
1021
4258.480612798445
1011
763.5562358864698
1021
4305.422607288572
 73
     2
331
709
 74
     3
 94
        1
 94
        2
 94
        3
331
7A1
 74
     2
 94
        0
 94
        1
 75
     1
 95
      149
 76
     1
 94
        0
140
1.0
141
0.0
280
     0
  0
BLOCKLINEARPARAMETER
  5
838
330
7D3
100
AcDbEvalExpr
 90
      332
 98
       33
 99
      197
100
AcDbBlockElement
300
Linear10
 98
       33
 99
      197
1071
        0
100
AcDbBlockParameter
280
     1
281
     0
100
AcDbBlock2PtParameter
1010
2753.707697420876
1020
1481.835837790113
1030
0.0
1011
2753.707697420876
1021
1441.835837790113
1031
0.0
170
     4
 91
        0
 91
      333
 91
        0
 91
        0
171
     0
172
     0
173
     1
 94
      333
303
DisplacementX
174
     1
 95
      333
304
DisplacementY
177
     0
100
AcDbBlockLinearParameter
305
Overlap_4
306

140
26.19825074188702
307

 96
        1
141
0.0
142
0.0
143
0.0
175
     0
1001
ACAUTHENVIRON
1010
2784.272896779965
1020
1437.468889172911
1030
0.0
  0
BLOCKLINEARGRIP
  5
839
330
7D3
100
AcDbEvalExpr
 90
      333
 98
       33
 99
      197
100
AcDbBlockElement
300
End Grip
 98
       33
 99
      197
1071
        0
100
AcDbBlockGrip
 91
      334
 92
      335
1010
2753.707697420876
1020
1441.835837790113
1030
0.0
280
     1
 93
       -1
100
AcDbBlockLinearGrip
140
0.0
141
-40.0
142
0.0
  0
BLOCKGRIPLOCATIONCOMPONENT
  5
83A
330
7D3
100
AcDbEvalExpr
 90
      334
 98
       33
 99
      197
  1

 70
    40
140
1.797693134862313E+99
100
AcDbBlockGripExpr
 91
      332
300
UpdatedEndX
  0
BLOCKGRIPLOCATIONCOMPONENT
  5
83B
330
7D3
100
AcDbEvalExpr
 90
      335
 98
       33
 99
      197
  1

 70
    40
140
1.797693134862313E+99
100
AcDbBlockGripExpr
 91
      332
300
UpdatedEndY
  0
BLOCKSTRETCHACTION
  5
83C
330
7D3
100
AcDbEvalExpr
 90
      342
 98
       33
 99
      197
100
AcDbBlockElement
300
Stretch28
 98
       33
 99
      197
1071
        0
100
AcDbBlockAction
 70
     0
 71
     2
330
839
330
7C2
1010
2784.106028158064
1020
1437.635757794812
1030
0.0
100
AcDbBlockStretchAction
 92
      332
301
EndXDelta
 93
      332
302
EndYDelta
 72
     2
1011
2770.226599195245
1021
1428.087814573733
1011
2700.225230190452
1021
1458.304938668712
 73
     1
331
7C2
 74
     2
 94
        0
 94
        1
 75
     0
140
1.0
141
0.0
280
     0
  0
BLOCKLINEARPARAMETER
  5
83D
330
7D3
100
AcDbEvalExpr
 90
      345
 98
       33
 99
      197
100
AcDbBlockElement
300
Linear12
 98
       33
 99
      197
1071
        0
100
AcDbBlockParameter
280
     1
281
     0
100
AcDbBlock2PtParameter
1010
2510.509121255644
1020
1246.835483347578
1030
0.0
1011
2572.509121255644
1021
1246.835483347578
1031
0.0
170
     4
 91
        0
 91
      346
 91
        0
 91
        0
171
     0
172
     0
173
     1
 94
      346
303
DisplacementX
174
     1
 95
      346
304
DisplacementY
177
     0
100
AcDbBlockLinearParameter
305
Overlap_5
306

140
22.43967103336036
307

 96
        1
141
0.0
142
0.0
143
0.0
175
     0
1001
ACAUTHENVIRON
1010
2577.958124688829
1020
1263.826150947755
1030
0.0
  0
BLOCKLINEARGRIP
  5
83E
330
7D3
100
AcDbEvalExpr
 90
      346
 98
       33
 99
      197
100
AcDbBlockElement
300
End Grip
 98
       33
 99
      197
1071
        0
100
AcDbBlockGrip
 91
      347
 92
      348
1010
2572.509121255644
1020
1246.835483347578
1030
0.0
280
     1
 93
       -1
100
AcDbBlockLinearGrip
140
62.0
141
0.0
142
0.0
  0
BLOCKGRIPLOCATIONCOMPONENT
  5
83F
330
7D3
100
AcDbEvalExpr
 90
      347
 98
       33
 99
      197
  1

 70
    40
140
1.797693134862313E+99
100
AcDbBlockGripExpr
 91
      345
300
UpdatedEndX
  0
BLOCKGRIPLOCATIONCOMPONENT
  5
840
330
7D3
100
AcDbEvalExpr
 90
      348
 98
       33
 99
      197
  1

 70
    40
140
1.797693134862313E+99
100
AcDbBlockGripExpr
 91
      345
300
UpdatedEndY
  0
BLOCKLINEARPARAMETER
  5
841
330
7D3
100
AcDbEvalExpr
 90
      350
 98
       33
 99
      197
100
AcDbBlockElement
300
Linear13
 98
       33
 99
      197
1071
        0
100
AcDbBlockParameter
280
     1
281
     0
100
AcDbBlock2PtParameter
1010
2572.509121255644
1020
1179.835483347579
1030
0.0
1011
2572.509121255644
1021
1241.835483347579
1031
0.0
170
     4
 91
        0
 91
      351
 91
        0
 91
        0
171
     0
172
     0
173
     1
 94
      351
303
DisplacementX
174
     1
 95
      351
304
DisplacementY
177
     0
100
AcDbBlockLinearParameter
305
Overlap_6
306

140
-38.83257802046137
307

 96
        1
141
0.0
142
0.0
143
0.0
175
     0
1001
ACAUTHENVIRON
1010
2618.31538938879
1020
1234.861793234893
1030
0.0
  0
BLOCKLINEARGRIP
  5
842
330
7D3
100
AcDbEvalExpr
 90
      351
 98
       33
 99
      197
100
AcDbBlockElement
300
End Grip
 98
       33
 99
      197
1071
        0
100
AcDbBlockGrip
 91
      352
 92
      353
1010
2572.509121255644
1020
1241.835483347579
1030
0.0
280
     1
 93
       -1
100
AcDbBlockLinearGrip
140
0.0
141
62.0
142
0.0
  0
BLOCKGRIPLOCATIONCOMPONENT
  5
843
330
7D3
100
AcDbEvalExpr
 90
      352
 98
       33
 99
      197
  1

 70
    40
140
1.797693134862313E+99
100
AcDbBlockGripExpr
 91
      350
300
UpdatedEndX
  0
BLOCKGRIPLOCATIONCOMPONENT
  5
844
330
7D3
100
AcDbEvalExpr
 90
      353
 98
       33
 99
      197
  1

 70
    40
140
1.797693134862313E+99
100
AcDbBlockGripExpr
 91
      350
300
UpdatedEndY
  0
BLOCKLINEARPARAMETER
  5
845
330
7D3
100
AcDbEvalExpr
 90
      355
 98
       33
 99
      197
100
AcDbBlockElement
300
Linear14
 98
       33
 99
      197
1071
        0
100
AcDbBlockParameter
280
     1
281
     0
100
AcDbBlock2PtParameter
1010
2826.057158627591
1020
1241.835483347579
1030
0.0
1011
2764.057158627591
1021
1241.835483347579
1031
0.0
170
     4
 91
        0
 91
      356
 91
        0
 91
        0
171
     0
172
     0
173
     1
 94
      356
303
DisplacementX
174
     1
 95
      356
304
DisplacementY
177
     0
100
AcDbBlockLinearParameter
305
Overlap_7
306

140
-27.54395620172727
307

 96
        1
141
0.0
142
0.0
143
0.0
175
     0
1001
ACAUTHENVIRON
1010
2767.374005662856
1020
1266.062592514041
1030
0.0
  0
BLOCKLINEARGRIP
  5
846
330
7D3
100
AcDbEvalExpr
 90
      356
 98
       33
 99
      197
100
AcDbBlockElement
300
End Grip
 98
       33
 99
      197
1071
        0
100
AcDbBlockGrip
 91
      357
 92
      358
1010
2764.057158627591
1020
1241.835483347579
1030
0.0
280
     1
 93
       -1
100
AcDbBlockLinearGrip
140
-62.0
141
0.0
142
0.0
  0
BLOCKGRIPLOCATIONCOMPONENT
  5
847
330
7D3
100
AcDbEvalExpr
 90
      357
 98
       33
 99
      197
  1

 70
    40
140
1.797693134862313E+99
100
AcDbBlockGripExpr
 91
      355
300
UpdatedEndX
  0
BLOCKGRIPLOCATIONCOMPONENT
  5
848
330
7D3
100
AcDbEvalExpr
 90
      358
 98
       33
 99
      197
  1

 70
    40
140
1.797693134862313E+99
100
AcDbBlockGripExpr
 91
      355
300
UpdatedEndY
  0
BLOCKSTRETCHACTION
  5
849
330
7D3
100
AcDbEvalExpr
 90
      365
 98
       33
 99
      197
100
AcDbBlockElement
300
Stretch31
 98
       33
 99
      197
1071
        0
100
AcDbBlockAction
 70
     1
 91
      345
 71
     4
330
7CC
330
842
330
83D
330
83E
1010
2614.023528093462
1020
1239.153654530222
1030
0.0
100
AcDbBlockStretchAction
 92
      350
301
EndXDelta
 93
      350
302
EndYDelta
 72
     2
1011
2585.780600340222
1021
1229.754593432113
1011
2502.125379950725
1021
1256.286709590695
 73
     1
331
7CC
 74
     2
 94
        2
 94
        3
 75
     1
 95
      345
 76
     2
 94
        0
 94
        1
140
1.0
141
0.0
280
     0
  0
BLOCKSTRETCHACTION
  5
84A
330
7D3
100
AcDbEvalExpr
 90
      366
 98
       33
 99
      197
100
AcDbBlockElement
300
Stretch32
 98
       33
 99
      197
1071
        0
100
AcDbBlockAction
 70
     0
 71
    10
330
79A
330
78A
330
77A
330
76B
330
769
330
74C
330
73B
330
72A
330
71A
330
718
1010
2635.052245659235
1020
1234.861793234893
1030
0.0
100
AcDbBlockStretchAction
 92
      350
301
EndXDelta
 93
      350
302
EndYDelta
 72
     2
1011
1479.066153795036
1021
2132.942526400617
1011
1163.16397775356
1021
2208.437618766231
 73
    10
331
718
 74
     2
 94
        0
 94
        1
331
71A
 74
     3
 94
       26
 94
       27
 94
       28
331
72A
 74
     2
 94
        0
 94
        1
331
73B
 74
     2
 94
        0
 94
        1
331
74C
 74
     2
 94
        0
 94
        1
331
769
 74
     2
 94
        0
 94
        1
331
76B
 74
     3
 94
       26
 94
       27
 94
       28
331
77A
 74
     2
 94
        0
 94
        1
331
78A
 74
     2
 94
        0
 94
        1
331
79A
 74
     2
 94
        0
 94
        1
 75
     0
140
1.0
141
0.0
280
     0
  0
BLOCKSTRETCHACTION
  5
84B
330
7D3
100
AcDbEvalExpr
 90
      368
 98
       33
 99
      197
100
AcDbBlockElement
300
Stretch33
 98
       33
 99
      197
1071
        0
100
AcDbBlockAction
 70
     0
 71
     9
330
74C
330
742
330
73B
330
731
330
72A
330
720
330
71A
330
718
330
70E
1010
2650.94253266891
1020
1190.841742967673
1030
0.0
100
AcDbBlockStretchAction
 92
      345
301
EndXDelta
 93
      345
302
EndYDelta
 72
     2
1011
1243.291271544003
1021
-9.4673784408551
1011
1202.175617423287
1021
2195.602012119842
 73
     9
331
70E
 74
     2
 94
        0
 94
        1
331
718
 74
     2
 94
        0
 94
        1
331
71A
 74
     4
 94
       25
 94
       26
 94
       27
 94
       28
331
720
 74
     2
 94
        0
 94
        1
331
72A
 74
     2
 94
        0
 94
        1
331
731
 74
     2
 94
        0
 94
        1
331
73B
 74
     2
 94
        0
 94
        1
331
742
 74
     2
 94
        0
 94
        1
331
74C
 74
     2
 94
        0
 94
        1
 75
     0
140
1.0
141
0.0
280
     0
  0
BLOCKLINEARPARAMETER
  5
84C
330
7D3
100
AcDbEvalExpr
 90
      371
 98
       33
 99
      197
100
AcDbBlockElement
300
Linear15
 98
       33
 99
      197
1071
        0
100
AcDbBlockParameter
280
     1
281
     0
100
AcDbBlock2PtParameter
1010
2826.057158627591
1020
1241.835483347579
1030
0.0
1011
2826.057158627591
1021
1179.835483347579
1031
0.0
170
     4
 91
        0
 91
      372
 91
        0
 91
        0
171
     0
172
     0
173
     1
 94
      372
303
DisplacementX
174
     1
 95
      372
304
DisplacementY
177
     0
100
AcDbBlockLinearParameter
305
Overlap_8
306

140
27.98861942224903
307

 96
        1
141
0.0
142
0.0
143
0.0
175
     0
1001
ACAUTHENVIRON
1010
2863.189817941509
1020
1170.69144345591
1030
0.0
  0
BLOCKLINEARGRIP
  5
84D
330
7D3
100
AcDbEvalExpr
 90
      372
 98
       33
 99
      197
100
AcDbBlockElement
300
End Grip
 98
       33
 99
      197
1071
        0
100
AcDbBlockGrip
 91
      373
 92
      374
1010
2826.057158627591
1020
1179.835483347579
1030
0.0
280
     1
 93
       -1
100
AcDbBlockLinearGrip
140
0.0
141
-62.0
142
0.0
  0
BLOCKGRIPLOCATIONCOMPONENT
  5
84E
330
7D3
100
AcDbEvalExpr
 90
      373
 98
       33
 99
      197
  1

 70
    40
140
1.797693134862313E+99
100
AcDbBlockGripExpr
 91
      371
300
UpdatedEndX
  0
BLOCKGRIPLOCATIONCOMPONENT
  5
84F
330
7D3
100
AcDbEvalExpr
 90
      374
 98
       33
 99
      197
  1

 70
    40
140
1.797693134862313E+99
100
AcDbBlockGripExpr
 91
      371
300
UpdatedEndY
  0
BLOCKSTRETCHACTION
  5
850
330
7D3
100
AcDbEvalExpr
 90
      376
 98
       33
 99
      197
100
AcDbBlockElement
300
Stretch34
 98
       33
 99
      197
1071
        0
100
AcDbBlockAction
 70
     0
 71
     2
330
846
330
7CD
1010
2768.862337486123
1020
1264.574260690774
1030
0.0
100
AcDbBlockStretchAction
 92
      355
301
EndXDelta
 93
      355
302
EndYDelta
 72
     2
1011
2780.056675095788
1021
1164.336225564613
1011
2750.224913633312
1021
1260.577940311119
 73
     1
331
7CD
 74
     2
 94
        0
 94
        3
 75
     0
140
1.0
141
0.0
280
     0
  0
BLOCKSTRETCHACTION
  5
851
330
7D3
100
AcDbEvalExpr
 90
      377
 98
       33
 99
      197
100
AcDbBlockElement
300
Stretch35
 98
       33
 99
      197
1071
        0
100
AcDbBlockAction
 70
     0
 71
     9
330
79A
330
790
330
78A
330
780
330
77A
330
770
330
76B
330
769
330
75F
1010
2768.317865151393
1020
1268.126290571717
1030
0.0
100
AcDbBlockStretchAction
 92
      355
301
EndXDelta
 93
      355
302
EndYDelta
 72
     2
1011
1416.896808351186
1021
-9.112497803373116
1011
1388.069805159757
1021
2172.31577706612
 73
     9
331
75F
 74
     2
 94
        0
 94
        1
331
769
 74
     2
 94
        0
 94
        1
331
76B
 74
     4
 94
       25
 94
       26
 94
       27
 94
       28
331
770
 74
     2
 94
        0
 94
        1
331
77A
 74
     2
 94
        0
 94
        1
331
780
 74
     2
 94
        0
 94
        1
331
78A
 74
     2
 94
        0
 94
        1
331
790
 74
     2
 94
        0
 94
        1
331
79A
 74
     2
 94
        0
 94
        1
 75
     0
140
1.0
141
0.0
280
     0
  0
BLOCKSTRETCHACTION
  5
852
330
7D3
100
AcDbEvalExpr
 90
      378
 98
       33
 99
      197
100
AcDbBlockElement
300
Stretch36
 98
       33
 99
      197
1071
        0
100
AcDbBlockAction
 70
     0
 71
     2
330
7A2
330
709
1010
2783.294871432127
1020
1266.062592514041
1030
0.0
100
AcDbBlockStretchAction
 92
      355
301
EndXDelta
 93
      355
302
EndYDelta
 72
     2
1011
801.1117401035372
1021
3873.532246569143
1011
762.857457812286
1021
3932.526345653517
 73
     2
331
709
 74
     3
 94
       20
 94
       21
 94
       22
331
7A2
 74
     2
 94
        0
 94
        1
 75
     0
140
1.0
141
0.0
280
     0
  0
BLOCKSTRETCHACTION
  5
853
330
7D3
100
AcDbEvalExpr
 90
      379
 98
       33
 99
      197
100
AcDbBlockElement
300
Stretch37
 98
       33
 99
      197
1071
        0
100
AcDbBlockAction
 70
     0
 71
     2
330
709
330
6FC
1010
2591.035732928471
1020
1263.826150947755
1030
0.0
100
AcDbBlockStretchAction
 92
      345
301
EndXDelta
 93
      345
302
EndYDelta
 72
     2
1011
1867.277250935134
1021
3865.215045042853
1011
1826.591376403085
1021
3942.530909561599
 73
     2
331
6FC
 74
     2
 94
        0
 94
        1
331
709
 74
     3
 94
       23
 94
       24
 94
       25
 75
     0
140
1.0
141
0.0
280
     0
  0
BLOCKSTRETCHACTION
  5
854
330
7D3
100
AcDbEvalExpr
 90
      380
 98
       33
 99
      197
100
AcDbBlockElement
300
Stretch38
 98
       33
 99
      197
1071
        0
100
AcDbBlockAction
 70
     0
 71
     2
330
84D
330
7CD
1010
2862.981703289745
1020
1170.899558107674
1030
0.0
100
AcDbBlockStretchAction
 92
      371
301
EndXDelta
 93
      371
302
EndYDelta
 72
     2
1011
2839.796431497788
1021
1165.844604918497
1011
2750.883934040627
1021
1202.400032973965
 73
     1
331
7CD
 74
     2
 94
        0
 94
        1
 75
     0
140
1.0
141
0.0
280
     0
  0
BLOCKSTRETCHACTION
  5
855
330
7D3
100
AcDbEvalExpr
 90
      381
 98
       33
 99
      197
100
AcDbBlockElement
300
Stretch39
 98
       33
 99
      197
1071
        0
100
AcDbBlockAction
 70
     0
 71
     3
330
7A2
330
709
330
6FC
1010
2885.135513681514
1020
1170.69144345591
1030
0.0
100
AcDbBlockStretchAction
 92
      371
301
EndXDelta
 93
      371
302
EndYDelta
 72
     2
1011
1920.81318854633
1021
3843.908711437656
1011
681.3562527204194
1021
3932.471457828498
 73
     3
331
6FC
 74
     2
 94
        0
 94
        1
331
709
 74
     6
 94
       20
 94
       21
 94
       22
 94
       23
 94
       24
 94
       25
331
7A2
 74
     2
 94
        0
 94
        1
 75
     0
140
1.0
141
0.0
280
     0
  0
BLOCKLINEARPARAMETER
  5
856
330
7D3
100
AcDbEvalExpr
 90
      382
 98
       33
 99
      197
100
AcDbBlockElement
300
Linear16
 98
       33
 99
      197
1071
        0
100
AcDbBlockParameter
280
     1
281
     0
100
AcDbBlock2PtParameter
1010
2668.942136938538
1020
806.5098301701471
1030
0.0
1011
2668.942136938538
1021
756.5098301701472
1031
0.0
170
     4
 91
        0
 91
      383
 91
        0
 91
        0
171
     0
172
     0
173
     1
 94
      383
303
DisplacementX
174
     1
 95
      383
304
DisplacementY
177
     0
100
AcDbBlockLinearParameter
305
underfloor
306

140
25.81499514453753
307

 96
        1
141
0.0
142
0.0
143
0.0
175
     0
1001
ACAUTHENVIRON
1010
2705.278061675296
1020
745.9889005779277
1030
0.0
  0
BLOCKLINEARGRIP
  5
857
330
7D3
100
AcDbEvalExpr
 90
      383
 98
       33
 99
      197
100
AcDbBlockElement
300
End Grip
 98
       33
 99
      197
1071
        0
100
AcDbBlockGrip
 91
      384
 92
      385
1010
2668.942136938538
1020
756.5098301701472
1030
0.0
280
     1
 93
       -1
100
AcDbBlockLinearGrip
140
0.0
141
-50.0
142
0.0
  0
BLOCKGRIPLOCATIONCOMPONENT
  5
858
330
7D3
100
AcDbEvalExpr
 90
      384
 98
       33
 99
      197
  1

 70
    40
140
1.797693134862313E+99
100
AcDbBlockGripExpr
 91
      382
300
UpdatedEndX
  0
BLOCKGRIPLOCATIONCOMPONENT
  5
859
330
7D3
100
AcDbEvalExpr
 90
      385
 98
       33
 99
      197
  1

 70
    40
140
1.797693134862313E+99
100
AcDbBlockGripExpr
 91
      382
300
UpdatedEndY
  0
BLOCKSTRETCHACTION
  5
85A
330
7D3
100
AcDbEvalExpr
 90
      388
 98
       33
 99
      197
100
AcDbBlockElement
300
Stretch40
 98
       33
 99
      197
1071
        0
100
AcDbBlockAction
 70
     0
 71
     2
330
857
330
7CE
1010
2711.146869431078
1020
740.1200928221444
1030
0.0
100
AcDbBlockStretchAction
 92
      382
301
EndXDelta
 93
      382
302
EndYDelta
 72
     2
1011
2728.248316347032
1021
721.1537484028631
1011
2639.614323597314
1021
781.7868898093767
 73
     1
331
7CE
 74
     1
 94
        1
 75
     0
140
1.0
141
0.0
280
     0
  0
BLOCKSTRETCHACTION
  5
85B
330
7D3
100
AcDbEvalExpr
 90
      389
 98
       33
 99
      197
100
AcDbBlockElement
300
Stretch41
 98
       33
 99
      197
1071
        0
100
AcDbBlockAction
 70
     4
 91
      183
 91
      201
 91
      208
 91
      215
 71
    74
330
7FC
330
7F8
330
7F3
330
7ED
330
79D
330
79C
330
793
330
792
330
791
330
790
330
78F
330
78E
330
78D
330
78C
330
783
330
782
330
781
330
780
330
77F
330
77E
330
77D
330
77C
330
773
330
772
330
771
330
770
330
76F
330
76E
330
76D
330
76C
330
76B
330
762
330
761
330
760
330
75F
330
75E
330
75D
330
75C
330
75B
330
756
330
755
330
745
330
744
330
743
330
742
330
741
330
740
330
73F
330
73E
330
734
330
733
330
732
330
731
330
730
330
72F
330
72E
330
72D
330
723
330
722
330
721
330
720
330
71F
330
71E
330
71D
330
71C
330
71A
330
711
330
710
330
70F
330
70E
330
70D
330
70C
330
70B
330
70A
1010
2926.159660105895
1020
688.4502631046119
1030
0.0
100
AcDbBlockStretchAction
 92
      382
301
EndXDelta
 93
      382
302
EndYDelta
 72
     2
1011
1891.680598716673
1021
-64.70720769281979
1011
816.0142163508572
1021
48.90703627896437
 73
    70
331
70A
 74
     2
 94
        0
 94
        1
331
70B
 74
     2
 94
        0
 94
        1
331
70C
 74
     2
 94
        0
 94
        1
331
70D
 74
     2
 94
        0
 94
        1
331
70E
 74
     2
 94
        0
 94
        1
331
70F
 74
     2
 94
        0
 94
        1
331
710
 74
     2
 94
        0
 94
        1
331
711
 74
     2
 94
        0
 94
        1
331
71A
 74
     2
 94
       24
 94
       25
331
71C
 74
     2
 94
        0
 94
        1
331
71D
 74
     2
 94
        0
 94
        1
331
71E
 74
     2
 94
        0
 94
        1
331
71F
 74
     2
 94
        0
 94
        1
331
720
 74
     2
 94
        0
 94
        1
331
721
 74
     2
 94
        0
 94
        1
331
722
 74
     2
 94
        0
 94
        1
331
723
 74
     2
 94
        0
 94
        1
331
72D
 74
     2
 94
        0
 94
        1
331
72E
 74
     2
 94
        0
 94
        1
331
72F
 74
     2
 94
        0
 94
        1
331
730
 74
     2
 94
        0
 94
        1
331
731
 74
     2
 94
        0
 94
        1
331
732
 74
     2
 94
        0
 94
        1
331
733
 74
     2
 94
        0
 94
        1
331
734
 74
     2
 94
        0
 94
        1
331
73E
 74
     2
 94
        0
 94
        1
331
73F
 74
     2
 94
        0
 94
        1
331
740
 74
     2
 94
        0
 94
        1
331
741
 74
     2
 94
        0
 94
        1
331
742
 74
     2
 94
        0
 94
        1
331
743
 74
     2
 94
        0
 94
        1
331
744
 74
     2
 94
        0
 94
        1
331
745
 74
     2
 94
        0
 94
        1
331
755
 74
     4
 94
        0
 94
        1
 94
        2
 94
        3
331
756
 74
     4
 94
        0
 94
        1
 94
        2
 94
        3
331
75B
 74
     2
 94
        0
 94
        1
331
75C
 74
     2
 94
        0
 94
        1
331
75D
 74
     2
 94
        0
 94
        1
331
75E
 74
     2
 94
        0
 94
        1
331
75F
 74
     2
 94
        0
 94
        1
331
760
 74
     2
 94
        0
 94
        1
331
761
 74
     2
 94
        0
 94
        1
331
762
 74
     2
 94
        0
 94
        1
331
76B
 74
     2
 94
       24
 94
       25
331
76C
 74
     2
 94
        0
 94
        1
331
76D
 74
     2
 94
        0
 94
        1
331
76E
 74
     2
 94
        0
 94
        1
331
76F
 74
     2
 94
        0
 94
        1
331
770
 74
     2
 94
        0
 94
        1
331
771
 74
     2
 94
        0
 94
        1
331
772
 74
     2
 94
        0
 94
        1
331
773
 74
     2
 94
        0
 94
        1
331
77C
 74
     2
 94
        0
 94
        1
331
77D
 74
     2
 94
        0
 94
        1
331
77E
 74
     2
 94
        0
 94
        1
331
77F
 74
     2
 94
        0
 94
        1
331
780
 74
     2
 94
        0
 94
        1
331
781
 74
     2
 94
        0
 94
        1
331
782
 74
     2
 94
        0
 94
        1
331
783
 74
     2
 94
        0
 94
        1
331
78C
 74
     2
 94
        0
 94
        1
331
78D
 74
     2
 94
        0
 94
        1
331
78E
 74
     2
 94
        0
 94
        1
331
78F
 74
     2
 94
        0
 94
        1
331
790
 74
     2
 94
        0
 94
        1
331
791
 74
     2
 94
        0
 94
        1
331
792
 74
     2
 94
        0
 94
        1
331
793
 74
     2
 94
        0
 94
        1
331
79C
 74
     4
 94
        0
 94
        1
 94
        2
 94
        3
331
79D
 74
     4
 94
        0
 94
        1
 94
        2
 94
        3
 75
     4
 95
      183
 76
     1
 94
        0
 95
      201
 76
     1
 94
        0
 95
      208
 76
     1
 94
        0
 95
      215
 76
     1
 94
        0
140
1.0
141
0.0
280
     0
  0
ACDB_DYNAMICBLOCKPROXYNODE
  5
85C
330
7D3
100
AcDbEvalExpr
 90
      391
 98
       33
 99
      197
  0
BLOCKVISIBILITYPARAMETER
  5
642
330
641
100
AcDbEvalExpr
 90
      132
 98
       33
 99
      197
100
AcDbBlockElement
300
Visibility State
 98
       33
 99
      197
1071
        0
100
AcDbBlockParameter
280
     1
281
     0
100
AcDbBlock1PtParameter
1010
1842.436118330865
1020
1171.803542846199
1030
0.0
 93
      133
170
     0
171
     0
100
AcDbBlockVisibilityParameter
281
     1
301
ACCESSORY
302

 91
        0
 93
      244
331
612
331
580
331
591
331
5ED
331
5F9
331
595
331
615
331
59C
331
59E
331
60A
331
593
331
599
331
618
331
5E5
331
572
331
606
331
5A8
331
627
331
5F1
331
589
331
5DE
331
558
331
5D2
331
565
331
560
331
5D7
331
567
331
634
331
582
331
5A1
331
610
331
601
331
5EE
331
5F5
331
575
331
620
331
5A3
331
5A9
331
626
331
5A4
331
622
331
5AD
331
619
331
5A2
331
5AB
331
5B7
331
581
331
598
331
602
331
56E
331
604
331
574
331
584
331
59F
331
56B
331
5E4
331
61F
331
5B0
331
569
331
5B5
331
5AA
331
62E
331
5C1
331
624
331
61B
331
61D
331
60C
331
586
331
613
331
57F
331
5F3
331
573
331
607
331
594
331
57D
331
614
331
59D
331
60B
331
592
331
59B
331
5DF
331
5A7
331
600
331
57C
331
616
331
5EC
331
54A
331
5CD
331
63B
331
62C
331
55F
331
623
331
5AC
331
5A5
331
61C
331
553
331
5CC
331
63A
331
62A
331
5BC
331
5AE
331
62F
331
5C0
331
545
331
5B2
331
629
331
5B8
331
55C
331
637
331
588
331
5F8
331
58D
331
5E9
331
5FD
331
5AF
331
5BE
331
552
331
5D1
331
630
331
5B1
331
61E
331
628
331
5B3
331
563
331
5B9
331
55D
331
61A
331
551
331
63C
331
544
331
5D4
331
5BB
331
55B
331
5B4
331
5A6
331
5A0
331
611
331
5B6
331
5BD
331
561
331
62B
331
568
331
60D
331
5E1
331
617
331
546
331
5BA
331
631
331
55A
331
5BF
331
608
331
578
331
58C
331
5E8
331
5FC
331
60E
331
5EB
331
58B
331
57B
331
596
331
5FF
331
5F4
331
58A
331
621
331
62D
331
55E
331
57A
331
603
331
583
331
60F
331
5F0
331
570
331
547
331
5DB
331
5DC
331
625
331
605
331
585
331
5FE
331
56A
331
590
331
5D9
331
549
331
5F2
331
571
331
566
331
5CE
331
5DD
331
5C2
331
555
331
5EA
331
579
331
609
331
5D0
331
5E2
331
58E
331
5C5
331
5D3
331
548
331
5D8
331
54B
331
5C4
331
556
331
562
331
5CA
331
559
331
59A
331
5FB
331
597
331
56C
331
5E3
331
577
331
5E7
331
5C9
331
5F6
331
564
331
557
331
54C
331
5C3
331
5C6
331
58F
331
56D
331
5CF
331
5DA
331
5F7
331
576
331
5FA
331
56F
331
5D6
331
5E6
331
5C7
331
550
331
5EF
331
57E
331
587
331
63D
331
5C8
331
54F
331
5D5
331
554
331
5CB
331
54D
331
5E0
331
54E
 92
        7
303
Devon
 94
      229
332
5CB
332
5C7
332
5C3
332
5CF
332
554
332
550
332
54C
332
5DC
332
544
332
5D4
332
548
332
5D8
332
5CC
332
5C4
332
5D0
332
553
332
54B
332
5DF
332
5D3
332
5D7
332
5DB
332
547
332
560
332
564
332
568
332
55C
332
5B8
332
5BC
332
5B3
332
628
332
563
332
5BB
332
55B
332
55F
332
56C
332
604
332
574
332
570
332
578
332
608
332
5E3
332
58B
332
5EB
332
57C
332
616
332
584
332
59F
332
597
332
59B
332
5F4
332
58C
332
5E8
332
5F0
332
5E2
332
5E6
332
5B5
332
569
332
5C1
332
62E
332
62A
332
56D
332
581
332
598
332
556
332
54E
332
54A
332
5CD
332
5D9
332
549
332
562
332
57F
332
613
332
57B
332
596
332
60B
332
592
332
577
332
5B0
332
61F
332
61A
332
5AC
332
56B
332
5E4
332
5A2
332
58A
332
5FF
332
5BA
332
629
332
5B2
332
5C2
332
555
332
55D
332
5B9
332
559
332
60D
332
59D
332
614
332
5E1
332
55A
332
5DD
332
5CE
332
56A
332
590
332
610
332
5A1
332
582
332
566
332
5CA
332
62D
332
55E
332
5A3
332
621
332
5AD
332
622
332
61B
332
5AA
332
5A6
332
5A9
332
5A5
332
620
332
61C
332
5FE
332
602
332
56E
332
605
332
585
332
5F9
332
591
332
5ED
332
575
332
5F5
332
5B1
332
61E
332
5A8
332
627
332
618
332
599
332
572
332
606
332
5EA
332
5A0
332
611
332
579
332
609
332
5AB
332
5A4
332
5AE
332
5B6
332
61D
332
60C
332
586
332
59C
332
615
332
593
332
60A
332
5F3
332
573
332
607
332
617
332
588
332
5F8
332
58D
332
5E9
332
5FD
332
5C9
332
5D2
332
565
332
5DE
332
558
332
5E7
332
603
332
583
332
60F
332
600
332
580
332
612
332
5EC
332
57A
332
5F2
332
571
332
5F6
332
5FA
332
589
332
5F1
332
576
332
57D
332
594
332
5EE
332
601
332
551
332
5EF
332
5F7
332
57E
332
58E
332
5FC
332
5FB
332
59E
332
595
332
5E5
332
54F
332
5C8
332
54D
332
545
332
5BE
332
552
332
5D1
332
5C5
332
546
332
5BD
332
561
332
5D5
332
5B7
332
5BF
332
557
332
5A7
332
567
332
5DA
332
5AF
332
58F
332
56F
332
5D6
332
59A
332
5B4
332
587
332
63D
332
60E
332
5C0
332
5C6
332
5E0
 95
       67
333
68F
333
687
333
65B
333
68B
333
667
333
683
333
65F
333
657
333
64B
333
650
333
64C
333
6C8
333
6C3
333
698
333
69C
333
6A4
333
6C0
333
6B8
333
647
333
6B7
333
6BF
333
64D
333
651
333
655
333
6C2
333
6BE
333
6B9
333
6C1
333
646
333
64A
333
656
333
652
333
65A
333
67E
333
682
333
68A
333
662
333
686
333
66A
333
666
333
678
333
674
333
670
333
688
333
684
333
660
333
65C
333
671
333
675
333
681
333
685
333
689
333
661
333
665
333
69D
333
699
333
6A5
333
66F
333
66B
333
69B
333
6A3
333
67B
333
66E
333
69E
333
69A
333
6AA
333
6C9
303
Euroart roller
 94
      222
332
5A5
332
5A9
332
61A
332
5AD
332
622
332
5A4
332
5A8
332
61B
332
5AC
332
59B
332
597
332
588
332
59F
332
584
332
612
332
580
332
593
332
60A
332
582
332
610
332
5A1
332
595
332
618
332
599
332
614
332
59D
332
606
332
572
332
56A
332
57F
332
613
332
596
332
57B
332
60B
332
592
332
57D
332
594
332
581
332
598
332
59C
332
615
332
60D
332
590
332
578
332
608
332
574
332
604
332
56C
332
5E5
332
5ED
332
591
332
5E1
332
5F8
332
600
332
5FB
332
58F
332
5E7
332
5E3
332
58B
332
5EB
332
62B
332
568
332
577
332
5DF
332
620
332
61C
332
5A3
332
5A7
332
5AB
332
619
332
5A2
332
621
332
62D
332
55E
332
5B5
332
569
332
62C
332
55F
332
609
332
579
332
60E
332
616
332
57C
332
58D
332
5E9
332
5FD
332
605
332
585
332
5F9
332
586
332
5FE
332
602
332
56E
332
5E8
332
58C
332
5FC
332
611
332
5A0
332
56B
332
5E4
332
59E
332
59A
332
5A6
332
5AA
332
5AE
332
5BD
332
561
332
5B6
332
61F
332
5B0
332
5B7
332
5F3
332
573
332
607
332
5FF
332
5BB
332
544
332
5D4
332
5BA
332
5F4
332
58A
332
61D
332
617
332
587
332
603
332
583
332
60F
332
5EC
332
5F5
332
575
332
5EE
332
571
332
5F2
332
567
332
601
332
57E
332
5B8
332
5F0
332
570
332
547
332
5DB
332
563
332
5B3
332
5DC
332
57A
332
5F1
332
589
332
5DE
332
558
332
5D2
332
565
332
560
332
5D7
332
5D9
332
549
332
5EF
332
58E
332
545
332
5B2
332
5E2
332
5F6
332
62E
332
5C1
332
5B9
332
55D
332
61E
332
5B1
332
5EA
332
5DA
332
56D
332
5CF
332
553
332
5CC
332
566
332
5CE
332
5DD
332
5C2
332
555
332
5D0
332
5D8
332
548
332
54A
332
5CD
332
551
332
5FA
332
576
332
556
332
562
332
5CA
332
56F
332
564
332
5D6
332
5E6
332
5C7
332
550
332
5BE
332
552
332
5D1
332
54D
332
54B
332
5C4
332
5CB
332
554
332
5C9
332
5BF
332
557
332
5D3
332
54E
332
5AF
332
5F7
332
5B4
332
5BC
332
5C6
332
5C5
332
5C8
332
54F
332
5D5
332
5C0
332
546
332
54C
332
5C3
332
5E0
 95
       20
333
671
333
674
333
670
333
66A
333
666
333
662
333
68A
333
646
333
652
333
651
333
64D
333
647
333
64C
333
657
333
65B
333
667
333
68B
333
66B
333
661
333
65C
303
Euroart
 94
      228
332
598
332
581
332
5A0
332
611
332
57D
332
594
332
585
332
589
332
610
332
582
332
5A1
332
599
332
618
332
5AA
332
5A6
332
5AE
332
5A2
332
61D
332
621
332
5A5
332
626
332
5A9
332
5AD
332
622
332
5B1
332
61E
332
61A
332
61B
332
5B0
332
61F
332
5A4
332
627
332
5A8
332
5AC
332
620
332
61C
332
5AB
332
5A7
332
5A3
332
55D
332
5B9
332
5B5
332
569
332
58C
332
5E8
332
5F0
332
5EC
332
5E4
332
608
332
578
332
570
332
574
332
604
332
5F4
332
600
332
616
332
57C
332
59F
332
584
332
612
332
580
332
56B
332
5BB
332
55B
332
5B7
332
628
332
563
332
5B3
332
5FE
332
606
332
572
332
602
332
56E
332
575
332
579
332
609
332
605
332
5F1
332
5ED
332
591
332
5F5
332
629
332
5B2
332
62D
332
55E
332
544
332
5D4
332
547
332
5DB
332
5BC
332
62A
332
5B8
332
55C
332
62E
332
5C1
332
5B4
332
5EA
332
57B
332
596
332
5EB
332
58B
332
60B
332
592
332
59B
332
5DF
332
614
332
59D
332
58A
332
56F
332
5FF
332
5BA
332
588
332
5F8
332
586
332
59C
332
615
332
593
332
60A
332
613
332
57F
332
5F3
332
573
332
607
332
567
332
5D8
332
548
332
55F
332
5E7
332
5E3
332
56C
332
5DC
332
568
332
5D0
332
564
332
557
332
5CC
332
553
332
54A
332
5CD
332
5D3
332
5E2
332
558
332
5DE
332
5E9
332
58D
332
57A
332
56D
332
5CF
332
571
332
5F2
332
601
332
5EE
332
5D2
332
565
332
560
332
5D7
332
5E6
332
5C7
332
550
332
561
332
5BD
332
566
332
5CE
332
55A
332
5DD
332
5C2
332
555
332
56A
332
590
332
5D9
332
549
332
5C5
332
5C4
332
54B
332
545
332
546
332
5BE
332
552
332
5D1
332
556
332
5DA
332
5C9
332
554
332
5CB
332
54E
332
597
332
59E
332
595
332
5E5
332
5F9
332
576
332
5FD
332
5FA
332
5F7
332
5EF
332
57E
332
603
332
583
332
60F
332
5FB
332
54F
332
5C8
332
54D
332
5FC
332
577
332
5F6
332
60D
332
5E1
332
59A
332
617
332
5B6
332
60E
332
5AF
332
587
332
58F
332
559
332
5CA
332
562
332
5C3
332
54C
332
5BF
332
551
332
58E
332
5D6
332
5D5
332
5C0
332
5C6
332
5E0
 95
       31
333
68A
333
662
333
666
333
66A
333
665
333
661
333
66E
333
656
333
652
333
65A
333
64A
333
646
333
660
333
65C
333
64D
333
651
333
655
333
650
333
64C
333
66F
333
66B
333
667
333
65B
333
65F
333
68B
333
64B
333
657
333
647
333
674
333
670
333
671
303
Consort
 94
      185
332
5CF
332
5C7
332
5CB
332
591
332
5ED
332
5F1
332
5E9
332
58D
332
598
332
581
332
615
332
59C
332
57D
332
594
332
60D
332
585
332
575
332
571
332
56D
332
605
332
5F5
332
5F9
332
5DF
332
5DB
332
5D7
332
5D3
332
564
332
560
332
568
332
5DE
332
5DA
332
5D2
332
565
332
5B5
332
569
332
582
332
610
332
5A1
332
57A
332
599
332
618
332
614
332
59D
332
617
332
57F
332
613
332
592
332
60B
332
596
332
57B
332
60A
332
593
332
584
332
59F
332
59B
332
597
332
5E3
332
5E7
332
58B
332
5EB
332
56C
332
5A7
332
5A3
332
5AB
332
5F3
332
573
332
607
332
5D8
332
5DC
332
5D4
332
55F
332
563
332
5B3
332
576
332
572
332
606
332
5F2
332
5A8
332
5A4
332
5E1
332
589
332
5FD
332
574
332
604
332
5F4
332
5E8
332
58C
332
578
332
608
332
5F0
332
570
332
616
332
57C
332
612
332
580
332
588
332
5F8
332
586
332
58A
332
5FE
332
602
332
56E
332
603
332
583
332
60F
332
5FF
332
577
332
5EC
332
5B2
332
5B6
332
5A9
332
5A5
332
600
332
5AD
332
5AC
332
5B0
332
5AA
332
5A2
332
56B
332
5E4
332
59E
332
595
332
609
332
579
332
59A
332
5FC
332
611
332
5A0
332
5E5
332
590
332
56A
332
58F
332
5D9
332
5A6
332
566
332
5CE
332
5DD
332
5EA
332
58E
332
5FA
332
5EE
332
601
332
5F6
332
587
332
5FB
332
5D6
332
56F
332
5E2
332
561
332
5BD
332
5F7
332
567
332
5B7
332
60E
332
5D0
332
5EF
332
57E
332
5BF
332
5C6
332
562
332
5CA
332
5C8
332
5CC
332
5CD
332
5B1
332
5E6
332
5C1
332
5C4
332
5C9
332
5C5
332
5BC
332
5B9
332
5C2
332
5BB
332
5C3
332
5BE
332
5D1
332
5BA
332
5C0
332
5B4
332
5AE
332
5E0
332
5D5
332
5B8
332
5AF
 95
       31
333
66F
333
66B
333
665
333
661
333
68B
333
65B
333
667
333
65F
333
657
333
64B
333
660
333
65C
333
64D
333
651
333
655
333
650
333
64C
333
64A
333
646
333
652
333
656
333
65A
333
66E
333
666
333
66A
333
662
333
68A
333
647
333
674
333
670
333
671
303
Tesa
 94
      186
332
57F
332
613
332
617
332
596
332
57B
332
59A
332
59E
332
60B
332
592
332
60E
332
612
332
580
332
588
332
616
332
57C
332
60A
332
593
332
584
332
59F
332
59B
332
56E
332
602
332
606
332
572
332
5FE
332
586
332
599
332
618
332
59D
332
614
332
58A
332
608
332
578
332
604
332
574
332
570
332
600
332
5FC
332
5F8
332
5F4
332
58C
332
5E8
332
5EC
332
5F0
332
5E4
332
5F3
332
5FF
332
607
332
573
332
577
332
56B
332
58B
332
5EB
332
5EF
332
5E7
332
568
332
564
332
5AB
332
5A7
332
5A3
332
5DB
332
5DF
332
5A6
332
5A2
332
5D0
332
563
332
5B3
332
5DC
332
5A8
332
594
332
57D
332
591
332
5ED
332
60D
332
615
332
59C
332
595
332
5E1
332
5E5
332
5AD
332
5A9
332
5A5
332
5A1
332
610
332
582
332
5F9
332
5B2
332
5AA
332
611
332
5A0
332
598
332
581
332
569
332
5B5
332
609
332
579
332
5B6
332
5A4
332
5EA
332
5B0
332
5AC
332
57A
332
5E9
332
58D
332
571
332
5F2
332
5E2
332
60F
332
583
332
603
332
590
332
56A
332
5FB
332
597
332
56C
332
5E3
332
5EE
332
5F5
332
575
332
601
332
5F6
332
57E
332
5D9
332
5F1
332
589
332
5DE
332
5D2
332
565
332
560
332
5D7
332
566
332
5CE
332
5DD
332
58E
332
585
332
605
332
625
332
5FD
332
5D4
332
5FA
332
576
332
5D8
332
55F
332
5D6
332
56F
332
561
332
5BD
332
58F
332
587
332
56D
332
5CF
332
567
332
5B7
332
5DA
332
5F7
332
562
332
5CA
332
5C8
332
5CC
332
5CD
332
5B1
332
5E6
332
5C1
332
5C7
332
5D3
332
5CB
332
5C5
332
5C9
332
5B4
332
5B8
332
5BC
332
5B9
332
5C6
332
5BF
332
5C4
332
5BE
332
5C2
332
5BB
332
5C3
332
5D1
332
5BA
332
5C0
332
5AE
332
5E0
332
5D5
332
5AF
 95
       31
333
68A
333
662
333
666
333
66A
333
665
333
661
333
66E
333
656
333
652
333
65A
333
64A
333
646
333
660
333
65C
333
64D
333
651
333
655
333
650
333
64C
333
66F
333
66B
333
667
333
65B
333
65F
333
68B
333
64B
333
657
333
647
333
674
333
670
333
671
303
Miller Roller
 94
      186
332
567
332
55F
332
563
332
5B3
332
568
332
564
332
5DB
332
5DF
332
5D3
332
5DC
332
5D8
332
5CF
332
584
332
59F
332
59B
332
60A
332
593
332
580
332
612
332
60E
332
57C
332
616
332
617
332
613
332
57F
332
60B
332
592
332
59E
332
59A
332
57B
332
596
332
58B
332
5EB
332
5E7
332
577
332
607
332
573
332
56B
332
5F3
332
5B5
332
569
332
56D
332
5AD
332
5A9
332
5A5
332
5AC
332
623
332
610
332
582
332
5A1
332
618
332
599
332
595
332
614
332
59D
332
586
332
598
332
581
332
59C
332
615
332
60D
332
5A0
332
611
332
5A3
332
5A7
332
5AB
332
5E4
332
5F0
332
5E8
332
58C
332
5EC
332
574
332
604
332
570
332
578
332
608
332
5F4
332
5A2
332
606
332
572
332
5FE
332
58A
332
600
332
5FC
332
588
332
5F8
332
5FF
332
5A8
332
594
332
57D
332
5B7
332
5E5
332
5E1
332
5FD
332
58D
332
5E9
332
5ED
332
591
332
5F9
332
5AA
332
5A6
332
5AE
332
5B6
332
5B0
332
5A4
332
609
332
579
332
5F1
332
589
332
57A
332
57E
332
575
332
5F5
332
602
332
56E
332
5EE
332
601
332
605
332
585
332
58F
332
5FB
332
597
332
56C
332
5E3
332
590
332
56A
332
571
332
5F2
332
5DA
332
5D2
332
565
332
560
332
5D7
332
5DE
332
5D4
332
5D9
332
562
332
5CA
332
5CE
332
566
332
5F6
332
5EF
332
5B2
332
583
332
60F
332
603
332
587
332
58E
332
5FA
332
576
332
56F
332
5E2
332
561
332
5BD
332
5D6
332
5DD
332
5EA
332
5F7
332
5D0
332
5BF
332
5C7
332
5CB
332
5C6
332
5C8
332
5CC
332
5CD
332
5B1
332
5E6
332
5C1
332
5C4
332
5C9
332
5C5
332
5BC
332
5B9
332
5C2
332
5BB
332
5C3
332
5BE
332
5D1
332
5BA
332
5C0
332
5B4
332
5E0
332
5D5
332
5B8
332
5AF
 95
       31
333
66F
333
66B
333
665
333
661
333
68B
333
65B
333
667
333
65F
333
657
333
64B
333
660
333
65C
333
64D
333
651
333
655
333
650
333
64C
333
64A
333
646
333
652
333
656
333
65A
333
66E
333
666
333
66A
333
662
333
68A
333
647
333
674
333
670
333
671
303
Dourma
 94
      186
332
609
332
579
332
56D
332
575
332
571
332
569
332
5B5
332
5F1
332
5ED
332
591
332
5E5
332
5F5
332
5F9
332
601
332
614
332
59D
332
595
332
57E
332
599
332
618
332
610
332
5A1
332
582
332
57D
332
594
332
60D
332
59C
332
615
332
5A0
332
611
332
589
332
598
332
581
332
5AD
332
5A9
332
5A5
332
5F6
332
5F2
332
5EE
332
58A
332
606
332
572
332
56E
332
602
332
5A8
332
5CF
332
5E8
332
58C
332
5FC
332
574
332
604
332
57C
332
616
332
60E
332
580
332
612
332
593
332
60A
332
584
332
59F
332
59B
332
596
332
57B
332
60B
332
592
332
59A
332
59E
332
5AB
332
5A7
332
5A3
332
5B3
332
563
332
5B7
332
568
332
5EB
332
58B
332
5E7
332
5DF
332
5E1
332
5AA
332
5A6
332
5A2
332
624
332
56B
332
5E4
332
5F4
332
5EC
332
5B6
332
5F3
332
573
332
607
332
613
332
57F
332
617
332
5B0
332
5EA
332
5A4
332
577
332
5FF
332
5EF
332
567
332
590
332
608
332
578
332
5DA
332
5D2
332
565
332
560
332
5D7
332
5DE
332
600
332
56A
332
5D9
332
566
332
5CE
332
5DD
332
5D0
332
5F0
332
570
332
5DC
332
5DB
332
564
332
583
332
60F
332
603
332
5B2
332
58E
332
585
332
605
332
5FB
332
597
332
56C
332
5E3
332
5D4
332
562
332
5CA
332
588
332
5F8
332
586
332
5E9
332
58D
332
57A
332
5FD
332
5E2
332
5FA
332
576
332
5D8
332
55F
332
5AC
332
5FE
332
5D6
332
56F
332
561
332
5BD
332
58F
332
587
332
5F7
332
5C4
332
5CC
332
5C8
332
5CD
332
5B1
332
5E6
332
5C1
332
5C7
332
5D3
332
5CB
332
5C9
332
5C5
332
5BC
332
5B9
332
5C6
332
5BF
332
5C2
332
5BB
332
5C3
332
5BE
332
5D1
332
5BA
332
5C0
332
5B4
332
5AE
332
5E0
332
5D5
332
5B8
332
5AF
 95
       31
333
68A
333
662
333
666
333
66A
333
665
333
661
333
66E
333
656
333
652
333
65A
333
64A
333
646
333
660
333
65C
333
64D
333
651
333
655
333
650
333
64C
333
66F
333
66B
333
667
333
65B
333
65F
333
68B
333
64B
333
657
333
647
333
674
333
670
333
671
  0
BLOCKVISIBILITYGRIP
  5
643
330
641
100
AcDbEvalExpr
 90
      133
 98
       33
 99
      197
100
AcDbBlockElement
300
Grip
 98
       33
 99
      197
1071
        0
100
AcDbBlockGrip
 91
      134
 92
      135
1010
1842.436118330865
1020
1171.803542846199
1030
0.0
280
     0
 93
       -1
100
AcDbBlockVisibilityGrip
  0
BLOCKGRIPLOCATIONCOMPONENT
  5
644
330
641
100
AcDbEvalExpr
 90
      134
 98
       33
 99
      197
  1

 70
    40
140
0.0
100
AcDbBlockGripExpr
 91
      132
300
UpdatedX
  0
BLOCKGRIPLOCATIONCOMPONENT
  5
645
330
641
100
AcDbEvalExpr
 90
      135
 98
       33
 99
      197
  1

 70
    40
140
0.0
100
AcDbBlockGripExpr
 91
      132
300
UpdatedY
  0
BLOCKLINEARPARAMETER
  5
646
330
641
100
AcDbEvalExpr
 90
      149
 98
       33
 99
      197
100
AcDbBlockElement
300
Linear1
 98
       33
 99
      197
1071
        0
100
AcDbBlockParameter
280
     1
281
     0
100
AcDbBlock2PtParameter
1010
775.5912843253462
1020
4289.414775093879
1030
0.0
1011
1853.591284325346
1021
4289.414775093879
1031
0.0
170
     4
 91
        0
 91
      150
 91
        0
 91
        0
171
     0
172
     0
173
     1
 94
      150
303
DisplacementX
174
     1
 95
      150
304
DisplacementY
177
     0
100
AcDbBlockLinearParameter
305
Width
306

140
182.2487233162319
307

 96
        1
141
0.0
142
0.0
143
0.0
175
     0
1001
ACAUTHENVIRON
1010
1864.863483999046
1020
4460.39129873641
1030
0.0
  0
BLOCKLINEARGRIP
  5
647
330
641
100
AcDbEvalExpr
 90
      150
 98
       33
 99
      197
100
AcDbBlockElement
300
End Grip
 98
       33
 99
      197
1071
        0
100
AcDbBlockGrip
 91
      151
 92
      152
1010
1853.591284325346
1020
4289.414775093879
1030
0.0
280
     1
 93
       -1
100
AcDbBlockLinearGrip
140
1077.999999999999
141
0.0
142
0.0
  0
BLOCKGRIPLOCATIONCOMPONENT
  5
648
330
641
100
AcDbEvalExpr
 90
      151
 98
       33
 99
      197
  1

 70
    40
140
1.797693134862313E+99
100
AcDbBlockGripExpr
 91
      149
300
UpdatedEndX
  0
BLOCKGRIPLOCATIONCOMPONENT
  5
649
330
641
100
AcDbEvalExpr
 90
      152
 98
       33
 99
      197
  1

 70
    40
140
1.797693134862313E+99
100
AcDbBlockGripExpr
 91
      149
300
UpdatedEndY
  0
BLOCKSTRETCHACTION
  5
64A
330
641
100
AcDbEvalExpr
 90
      154
 98
       33
 99
      197
100
AcDbBlockElement
300
Stretch14
 98
       33
 99
      197
1071
        0
100
AcDbBlockAction
 70
     0
 71
    17
330
647
330
357
330
577
330
576
330
575
330
56A
330
569
330
568
330
567
330
566
330
565
330
564
330
563
330
562
330
561
330
560
330
55F
1010
1896.433264386705
1020
4428.82151834875
1030
0.0
100
AcDbBlockStretchAction
 92
      149
301
EndXDelta
 93
      149
302
EndYDelta
 72
     2
1011
1974.503926124409
1021
3593.975375444352
1011
1603.206759111068
1021
4775.497195768402
 73
    15
331
55F
 74
     4
 94
        0
 94
        1
 94
        2
 94
        3
331
560
 74
     4
 94
        0
 94
        1
 94
        2
 94
        3
331
561
 74
     4
 94
        0
 94
        1
 94
        2
 94
        3
331
562
 74
     4
 94
        0
 94
        1
 94
        2
 94
        3
331
563
 74
     2
 94
        0
 94
        1
331
564
 74
     2
 94
        0
 94
        1
331
565
 74
     2
 94
        0
 94
        1
331
566
 74
     2
 94
        0
 94
        1
331
567
 74
     2
 94
        0
 94
        1
331
568
 74
     2
 94
        0
 94
        1
331
569
 74
     2
 94
        0
 94
        1
331
56A
 74
     2
 94
        0
 94
        1
331
575
 74
    12
 94
        5
 94
        6
 94
        7
 94
        8
 94
        9
 94
       10
 94
       11
 94
       12
 94
       13
 94
       14
 94
       15
 94
       16
331
576
 74
    12
 94
        7
 94
        8
 94
        9
 94
       10
 94
       11
 94
       12
 94
       13
 94
       14
 94
       15
 94
       16
 94
       17
 94
       18
331
577
 74
    22
 94
        0
 94
       23
 94
       24
 94
       25
 94
       26
 94
       27
 94
       28
 94
       29
 94
       30
 94
       31
 94
       32
 94
       33
 94
       34
 94
       35
 94
       36
 94
       37
 94
       38
 94
       39
 94
       40
 94
       41
 94
       42
 94
       43
 75
     0
140
1.0
141
0.0
280
     0
  0
BLOCKSTRETCHACTION
  5
64B
330
641
100
AcDbEvalExpr
 90
      155
 98
       33
 99
      197
100
AcDbBlockElement
300
Stretch15
 98
       33
 99
      197
1071
        0
100
AcDbBlockAction
 70
     0
 71
     3
330
554
330
553
330
550
1010
2238.450758717473
1020
4358.469535353602
1030
0.0
100
AcDbBlockStretchAction
 92
      149
301
EndXDelta
 93
      149
302
EndYDelta
 72
     2
1011
2788.034812837519
1021
-4582.642730920205
1011
2189.731431105785
1021
-1859.776183438218
 73
     3
331
550
 74
     2
 94
        0
 94
        1
331
553
 74
     2
 94
        0
 94
        1
331
554
 74
     2
 94
        1
 94
        2
 75
     0
140
1.0
141
0.0
280
     0
  0
BLOCKLINEARPARAMETER
  5
64C
330
641
100
AcDbEvalExpr
 90
      157
 98
       33
 99
      197
100
AcDbBlockElement
300
Linear6
 98
       33
 99
      197
1071
        0
100
AcDbBlockParameter
280
     1
281
     0
100
AcDbBlock2PtParameter
1010
2274.906671219279
1020
3969.426568407409
1030
0.0
1011
2274.906671219279
1021
4209.426568407407
1031
0.0
170
     4
 91
        0
 91
      158
 91
        0
 91
        0
171
     0
172
     0
173
     1
 94
      158
303
DisplacementX
174
     1
 95
      158
304
DisplacementY
177
     0
100
AcDbBlockLinearParameter
305
Head
306

140
-105.9453695419293
307

 96
        1
141
0.0
142
0.0
143
0.0
175
     0
1001
ACAUTHENVIRON
1010
2400.311126538849
1020
4189.96748262977
1030
0.0
  0
BLOCKLINEARGRIP
  5
64D
330
641
100
AcDbEvalExpr
 90
      158
 98
       33
 99
      197
100
AcDbBlockElement
300
End Grip
 98
       33
 99
      197
1071
        0
100
AcDbBlockGrip
 91
      159
 92
      160
1010
2274.906671219279
1020
4209.426568407407
1030
0.0
280
     1
 93
       -1
100
AcDbBlockLinearGrip
140
0.0
141
240.0
142
0.0
  0
BLOCKGRIPLOCATIONCOMPONENT
  5
64E
330
641
100
AcDbEvalExpr
 90
      159
 98
       33
 99
      197
  1

 70
    40
140
1.797693134862313E+99
100
AcDbBlockGripExpr
 91
      157
300
UpdatedEndX
  0
BLOCKGRIPLOCATIONCOMPONENT
  5
64F
330
641
100
AcDbEvalExpr
 90
      160
 98
       33
 99
      197
  1

 70
    40
140
1.797693134862313E+99
100
AcDbBlockGripExpr
 91
      157
300
UpdatedEndY
  0
BLOCKSTRETCHACTION
  5
650
330
641
100
AcDbEvalExpr
 90
      163
 98
       33
 99
      197
100
AcDbBlockElement
300
Stretch17
 98
       33
 99
      197
1071
        0
100
AcDbBlockAction
 70
     1
 91
      149
 71
    23
330
64D
330
646
330
647
330
357
330
60F
330
577
330
573
330
572
330
571
330
570
330
56F
330
56E
330
56C
330
56B
330
568
330
567
330
566
330
565
330
564
330
563
330
562
330
560
330
55F
1010
2400.311126538849
1020
4189.96748262977
1030
0.0
100
AcDbBlockStretchAction
 92
      157
301
EndXDelta
 93
      157
302
EndYDelta
 72
     2
1011
2512.388079451979
1021
4107.039628764956
1011
603.4658028285047
1021
4703.115313447954
 73
    19
331
60F
 74
     2
 94
        0
 94
        1
331
55F
 74
     4
 94
        0
 94
        1
 94
        2
 94
        3
331
560
 74
     4
 94
        0
 94
        1
 94
        2
 94
        3
331
562
 74
     4
 94
        0
 94
        1
 94
        2
 94
        3
331
563
 74
     2
 94
        0
 94
        1
331
564
 74
     2
 94
        0
 94
        1
331
565
 74
     2
 94
        0
 94
        1
331
566
 74
     2
 94
        0
 94
        1
331
567
 74
     2
 94
        0
 94
        1
331
568
 74
     2
 94
        0
 94
        1
331
56B
 74
     4
 94
        0
 94
        1
 94
        2
 94
        3
331
56C
 74
     4
 94
        0
 94
        1
 94
        2
 94
        3
331
56E
 74
     4
 94
        0
 94
        1
 94
        2
 94
        3
331
56F
 74
     2
 94
        0
 94
        1
331
570
 74
     2
 94
        0
 94
        1
331
571
 74
     2
 94
        0
 94
        1
331
572
 74
     2
 94
        0
 94
        1
331
573
 74
     2
 94
        0
 94
        1
331
577
 74
    32
 94
        0
 94
        1
 94
        2
 94
        3
 94
        4
 94
        5
 94
        6
 94
        7
 94
        8
 94
        9
 94
       10
 94
       11
 94
       12
 94
       13
 94
       14
 94
       15
 94
       16
 94
       29
 94
       30
 94
       31
 94
       32
 94
       33
 94
       34
 94
       35
 94
       36
 94
       37
 94
       38
 94
       39
 94
       40
 94
       41
 94
       42
 94
       43
 75
     1
 95
      149
 76
     2
 94
        0
 94
        1
140
1.0
141
0.0
280
     0
  0
BLOCKLINEARPARAMETER
  5
651
330
641
100
AcDbEvalExpr
 90
      165
 98
       33
 99
      197
100
AcDbBlockElement
300
Linear2
 98
       33
 99
      197
1071
        0
100
AcDbBlockParameter
280
     1
281
     0
100
AcDbBlock2PtParameter
1010
2223.151767394132
1020
2428.356514497544
1030
0.0
1011
2463.151767394132
1021
2428.356514497544
1031
0.0
170
     4
 91
        0
 91
      166
 91
        0
 91
        0
171
     0
172
     0
173
     1
 94
      166
303
DisplacementX
174
     1
 95
      166
304
DisplacementY
177
     0
100
AcDbBlockLinearParameter
305
Length
306

140
97.97168283532663
307

 96
        1
141
0.0
142
0.0
143
0.0
175
     0
1001
ACAUTHENVIRON
1010
2550.196556075206
1020
2439.283408651796
1030
0.0
  0
BLOCKLINEARGRIP
  5
652
330
641
100
AcDbEvalExpr
 90
      166
 98
       33
 99
      197
100
AcDbBlockElement
300
End Grip
 98
       33
 99
      197
1071
        0
100
AcDbBlockGrip
 91
      167
 92
      168
1010
2463.151767394132
1020
2428.356514497544
1030
0.0
280
     1
 93
       -1
100
AcDbBlockLinearGrip
140
240.0
141
0.0
142
0.0
  0
BLOCKGRIPLOCATIONCOMPONENT
  5
653
330
641
100
AcDbEvalExpr
 90
      167
 98
       33
 99
      197
  1

 70
    40
140
1.797693134862313E+99
100
AcDbBlockGripExpr
 91
      165
300
UpdatedEndX
  0
BLOCKGRIPLOCATIONCOMPONENT
  5
654
330
641
100
AcDbEvalExpr
 90
      168
 98
       33
 99
      197
  1

 70
    40
140
1.797693134862313E+99
100
AcDbBlockGripExpr
 91
      165
300
UpdatedEndY
  0
BLOCKSTRETCHACTION
  5
655
330
641
100
AcDbEvalExpr
 90
      170
 98
       33
 99
      197
100
AcDbBlockElement
300
Stretch18
 98
       33
 99
      197
1071
        0
100
AcDbBlockAction
 70
     0
 71
     5
330
652
330
358
330
5C7
330
5C6
330
5C5
1010
2483.205603708251
1020
2506.274361018752
1030
0.0
100
AcDbBlockStretchAction
 92
      165
301
EndXDelta
 93
      165
302
EndYDelta
 72
     2
1011
2556.796617543107
1021
2281.233708579173
1011
2342.888982521749
1021
2696.694211152521
 73
     3
331
5C5
 74
     5
 94
        0
 94
        1
 94
        2
 94
        3
 94
        4
331
5C6
 74
     5
 94
        0
 94
        1
 94
        2
 94
        3
 94
        4
331
5C7
 74
     2
 94
        0
 94
        1
 75
     0
140
1.0
141
0.0
280
     0
  0
BLOCKLINEARPARAMETER
  5
656
330
641
100
AcDbEvalExpr
 90
      173
 98
       33
 99
      197
100
AcDbBlockElement
300
Linear7
 98
       33
 99
      197
1071
        0
100
AcDbBlockParameter
280
     1
281
     0
100
AcDbBlock2PtParameter
1010
833.4161546922747
1020
1951.499999999996
1030
0.0
1011
1069.151767388315
1021
1951.499999999996
1031
0.0
170
     4
 91
        0
 91
      174
 91
        0
 91
        0
171
     0
172
     0
173
     1
 94
      174
303
DisplacementX
174
     1
 95
      174
304
DisplacementY
177
     0
100
AcDbBlockLinearParameter
305
fixed hole
306

140
79.60903177106594
307

 96
        1
141
0.0
142
0.0
143
0.0
175
     0
1001
ACAUTHENVIRON
1010
1086.930758282277
1020
2013.3300408771
1030
0.0
  0
BLOCKLINEARGRIP
  5
657
330
641
100
AcDbEvalExpr
 90
      174
 98
       33
 99
      197
100
AcDbBlockElement
300
End Grip
 98
       33
 99
      197
1071
        0
100
AcDbBlockGrip
 91
      175
 92
      176
1010
1069.151767388315
1020
1951.499999999996
1030
0.0
280
     1
 93
       -1
100
AcDbBlockLinearGrip
140
235.7356126960403
141
0.0
142
0.0
  0
BLOCKGRIPLOCATIONCOMPONENT
  5
658
330
641
100
AcDbEvalExpr
 90
      175
 98
       33
 99
      197
  1

 70
    40
140
1.797693134862313E+99
100
AcDbBlockGripExpr
 91
      173
300
UpdatedEndX
  0
BLOCKGRIPLOCATIONCOMPONENT
  5
659
330
641
100
AcDbEvalExpr
 90
      176
 98
       33
 99
      197
  1

 70
    40
140
1.797693134862313E+99
100
AcDbBlockGripExpr
 91
      173
300
UpdatedEndY
  0
BLOCKSTRETCHACTION
  5
65A
330
641
100
AcDbEvalExpr
 90
      180
 98
       33
 99
      197
100
AcDbBlockElement
300
Stretch1
 98
       33
 99
      197
1071
        0
100
AcDbBlockAction
 70
     0
 71
     9
330
657
330
618
330
617
330
616
330
615
330
614
330
613
330
612
330
611
1010
1086.930758282277
1020
2013.3300408771
1030
0.0
100
AcDbBlockStretchAction
 92
      173
301
EndXDelta
 93
      173
302
EndYDelta
 72
     2
1011
1005.921516629227
1021
1984.496693024328
1011
1633.037421825007
1021
71.76492283416883
 73
     8
331
611
 74
     1
 94
        0
331
612
 74
     1
 94
        0
331
613
 74
     1
 94
        0
331
614
 74
     1
 94
        0
331
615
 74
     1
 94
        0
331
616
 74
     1
 94
        0
331
617
 74
     1
 94
        0
331
618
 74
     1
 94
        0
 75
     0
140
1.0
141
0.0
280
     0
  0
BLOCKLINEARPARAMETER
  5
65B
330
641
100
AcDbEvalExpr
 90
      183
 98
       33
 99
      197
100
AcDbBlockElement
300
Linear
 98
       33
 99
      197
1071
        0
100
AcDbBlockParameter
280
     1
281
     0
100
AcDbBlock2PtParameter
1010
833.4161546922747
1020
0.0
1030
0.0
1011
833.4161546922747
1021
2163.5
1031
0.0
170
     4
 91
        0
 91
      184
 91
        0
 91
        0
171
     0
172
     0
173
     1
 94
      184
303
DisplacementX
174
     1
 95
      184
304
DisplacementY
177
     0
100
AcDbBlockLinearParameter
305
Hight
306

140
551.3345145874896
307

 96
        1
141
0.0
142
0.0
143
0.0
175
     0
1001
ACAUTHENVIRON
1010
754.9268558640752
1020
2091.987840852439
1030
0.0
  0
BLOCKLINEARGRIP
  5
65C
330
641
100
AcDbEvalExpr
 90
      184
 98
       33
 99
      197
100
AcDbBlockElement
300
End Grip
 98
       33
 99
      197
1071
        0
100
AcDbBlockGrip
 91
      185
 92
      186
1010
833.4161546922747
1020
2163.5
1030
0.0
280
     1
 93
       -1
100
AcDbBlockLinearGrip
140
0.0
141
2163.5
142
0.0
  0
BLOCKGRIPLOCATIONCOMPONENT
  5
65D
330
641
100
AcDbEvalExpr
 90
      185
 98
       33
 99
      197
  1

 70
    40
140
1.797693134862313E+99
100
AcDbBlockGripExpr
 91
      183
300
UpdatedEndX
  0
BLOCKGRIPLOCATIONCOMPONENT
  5
65E
330
641
100
AcDbEvalExpr
 90
      186
 98
       33
 99
      197
  1

 70
    40
140
1.797693134862313E+99
100
AcDbBlockGripExpr
 91
      183
300
UpdatedEndY
  0
BLOCKSTRETCHACTION
  5
65F
330
641
100
AcDbEvalExpr
 90
      189
 98
       33
 99
      197
100
AcDbBlockElement
300
Stretch2
 98
       33
 99
      197
1071
        0
100
AcDbBlockAction
 70
     2
 91
       90
 91
      173
 71
    78
330
65C
330
657
330
656
330
618
330
614
330
60E
330
60D
330
609
330
608
330
607
330
606
330
605
330
604
330
603
330
602
330
5F9
330
5F8
330
5F7
330
5F6
330
5F5
330
5F4
330
5F3
330
5F2
330
5E9
330
5E8
330
5E7
330
5E6
330
5E5
330
5E4
330
5E3
330
5E2
330
5D9
330
5D8
330
5D7
330
5D6
330
5D5
330
5D4
330
5D3
330
5D2
330
5D1
330
5C1
330
5BC
330
5BB
330
5BA
330
5B9
330
5B8
330
5B7
330
5B6
330
5B5
330
5B4
330
5AB
330
5AA
330
5A9
330
5A8
330
5A7
330
5A6
330
5A5
330
5A4
330
5A3
330
59A
330
599
330
598
330
597
330
596
330
595
330
594
330
593
330
592
330
589
330
588
330
587
330
586
330
585
330
584
330
583
330
582
330
581
330
580
1010
711.0132648298534
1020
2135.901431886662
1030
0.0
100
AcDbBlockStretchAction
 92
      183
301
EndXDelta
 93
      183
302
EndYDelta
 72
     2
1011
1842.112571570236
1021
1448.115333765574
1011
746.165077651327
1021
2305.403624371098
 73
    75
331
5F2
 74
     2
 94
        0
 94
        1
331
5F3
 74
     2
 94
        0
 94
        1
331
5F4
 74
     2
 94
        0
 94
        1
331
5F5
 74
     2
 94
        0
 94
        1
331
5F6
 74
     2
 94
        0
 94
        1
331
5F7
 74
     2
 94
        0
 94
        1
331
5F8
 74
     2
 94
        0
 94
        1
331
5F9
 74
     2
 94
        0
 94
        1
331
602
 74
     2
 94
        0
 94
        1
331
603
 74
     2
 94
        0
 94
        1
331
604
 74
     2
 94
        0
 94
        1
331
605
 74
     2
 94
        0
 94
        1
331
606
 74
     2
 94
        0
 94
        1
331
607
 74
     2
 94
        0
 94
        1
331
608
 74
     2
 94
        0
 94
        1
331
609
 74
     2
 94
        0
 94
        1
331
60D
 74
     1
 94
        0
331
60E
 74
     1
 94
        0
331
614
 74
     1
 94
        0
331
618
 74
     1
 94
        0
331
580
 74
     2
 94
        0
 94
        1
331
581
 74
     2
 94
        0
 94
        1
331
582
 74
     2
 94
        0
 94
        1
331
583
 74
     2
 94
        0
 94
        1
331
584
 74
     2
 94
        0
 94
        1
331
585
 74
     2
 94
        0
 94
        1
331
586
 74
     2
 94
        0
 94
        1
331
587
 74
     2
 94
        0
 94
        1
331
588
 74
    42
 94
        0
 94
        1
 94
        2
 94
        3
 94
        4
 94
        5
 94
        6
 94
        7
 94
        8
 94
        9
 94
       10
 94
       11
 94
       12
 94
       13
 94
       14
 94
       15
 94
       16
 94
       17
 94
       18
 94
       19
 94
       20
 94
       21
 94
       22
 94
       23
 94
       26
 94
       27
 94
       28
 94
       29
 94
       30
 94
       31
 94
       32
 94
       33
 94
       34
 94
       35
 94
       36
 94
       37
 94
       38
 94
       39
 94
       40
 94
       41
 94
       42
 94
       43
331
589
 74
     4
 94
        0
 94
        1
 94
        2
 94
        3
331
592
 74
     2
 94
        0
 94
        1
331
593
 74
     2
 94
        0
 94
        1
331
594
 74
     2
 94
        0
 94
        1
331
595
 74
     2
 94
        0
 94
        1
331
596
 74
     2
 94
        0
 94
        1
331
597
 74
     2
 94
        0
 94
        1
331
598
 74
     2
 94
        0
 94
        1
331
599
 74
     2
 94
        0
 94
        1
331
59A
 74
     4
 94
        0
 94
        1
 94
        2
 94
        3
331
5A3
 74
     2
 94
        0
 94
        1
331
5A4
 74
     2
 94
        0
 94
        1
331
5A5
 74
     2
 94
        0
 94
        1
331
5A6
 74
     2
 94
        0
 94
        1
331
5A7
 74
     2
 94
        0
 94
        1
331
5A8
 74
     2
 94
        0
 94
        1
331
5A9
 74
     2
 94
        0
 94
        1
331
5AA
 74
     2
 94
        0
 94
        1
331
5AB
 74
     4
 94
        0
 94
        1
 94
        2
 94
        3
331
5B4
 74
     2
 94
        0
 94
        1
331
5B5
 74
     2
 94
        0
 94
        1
331
5B6
 74
     2
 94
        0
 94
        1
331
5B7
 74
     2
 94
        0
 94
        1
331
5B8
 74
     2
 94
        0
 94
        1
331
5B9
 74
     2
 94
        0
 94
        1
331
5BA
 74
     2
 94
        0
 94
        1
331
5BB
 74
     2
 94
        0
 94
        1
331
5BC
 74
     4
 94
        0
 94
        1
 94
        2
 94
        3
331
5C1
 74
     4
 94
        0
 94
        1
 94
        2
 94
        3
331
5D1
 74
     2
 94
        0
 94
        1
331
5D2
 74
     2
 94
        0
 94
        1
331
5D3
 74
     2
 94
        0
 94
        1
331
5D4
 74
     2
 94
        0
 94
        1
331
5D5
 74
     2
 94
        0
 94
        1
331
5D6
 74
     2
 94
        0
 94
        1
331
5D7
 74
     2
 94
        0
 94
        1
331
5D8
 74
     2
 94
        0
 94
        1
331
5D9
 74
    42
 94
        0
 94
        1
 94
        2
 94
        3
 94
        4
 94
        5
 94
        6
 94
        7
 94
        8
 94
        9
 94
       10
 94
       11
 94
       12
 94
       13
 94
       14
 94
       15
 94
       16
 94
       17
 94
       18
 94
       19
 94
       20
 94
       21
 94
       22
 94
       23
 94
       26
 94
       27
 94
       28
 94
       29
 94
       30
 94
       31
 94
       32
 94
       33
 94
       34
 94
       35
 94
       36
 94
       37
 94
       38
 94
       39
 94
       40
 94
       41
 94
       42
 94
       43
331
5E2
 74
     2
 94
        0
 94
        1
331
5E3
 74
     2
 94
        0
 94
        1
331
5E4
 74
     2
 94
        0
 94
        1
331
5E5
 74
     2
 94
        0
 94
        1
331
5E6
 74
     2
 94
        0
 94
        1
331
5E7
 74
     2
 94
        0
 94
        1
331
5E8
 74
     2
 94
        0
 94
        1
331
5E9
 74
     2
 94
        0
 94
        1
 75
     1
 95
      173
 76
     2
 94
        0
 94
        1
140
1.0
141
0.0
280
     0
  0
BLOCKSTRETCHACTION
  5
660
330
641
100
AcDbEvalExpr
 90
      190
 98
       33
 99
      197
100
AcDbBlockElement
300
Stretch4
 98
       33
 99
      197
1071
        0
100
AcDbBlockAction
 70
     1
 91
       90
 71
    12
330
554
330
551
330
550
330
54F
330
54E
330
54D
330
54C
330
54A
330
548
330
546
330
544
330
622
1010
926.5560378182223
1020
2091.987840852439
1030
0.0
100
AcDbBlockStretchAction
 92
      183
301
EndXDelta
 93
      183
302
EndYDelta
 72
     2
1011
2638.812706158598
1021
-2851.498740250129
1011
-90.27484629667744
1021
-1757.340962965004
 73
    12
331
622
 74
     2
 94
        0
 94
        1
331
548
 74
     2
 94
        0
 94
        1
331
54A
 74
     2
 94
        0
 94
        1
331
54C
 74
     4
 94
        0
 94
        1
 94
        2
 94
        3
331
54D
 74
     4
 94
        0
 94
        1
 94
        2
 94
        3
331
54E
 74
     2
 94
        0
 94
        1
331
54F
 74
     2
 94
        0
 94
        1
331
550
 74
     2
 94
        0
 94
        1
331
551
 74
     2
 94
        0
 94
        1
331
554
 74
     2
 94
        0
 94
        1
331
544
 74
     2
 94
        0
 94
        1
331
546
 74
     2
 94
        0
 94
        1
 75
     0
140
1.0
141
0.0
280
     0
  0
BLOCKLINEARPARAMETER
  5
661
330
641
100
AcDbEvalExpr
 90
      201
 98
       33
 99
      197
100
AcDbBlockElement
300
Linear4
 98
       33
 99
      197
1071
        0
100
AcDbBlockParameter
280
     1
281
     0
100
AcDbBlock2PtParameter
1010
833.4161546922747
1020
0.0
1030
0.0
1011
833.4161546922747
1021
1350.999999999996
1031
0.0
170
     4
 91
        0
 91
      202
 91
        0
 91
        0
171
     0
172
     0
173
     1
 94
      202
303
DisplacementX
174
     1
 95
      202
304
DisplacementY
177
     0
100
AcDbBlockLinearParameter
305
2nd hole
306

140
283.3819497732889
307

 96
        1
141
0.0
142
0.0
143
0.0
175
     0
1001
ACAUTHENVIRON
1010
833.0433671013096
1020
1359.707399821974
1030
0.0
  0
BLOCKLINEARGRIP
  5
662
330
641
100
AcDbEvalExpr
 90
      202
 98
       33
 99
      197
100
AcDbBlockElement
300
End Grip
 98
       33
 99
      197
1071
        0
100
AcDbBlockGrip
 91
      203
 92
      204
1010
833.4161546922747
1020
1350.999999999996
1030
0.0
280
     1
 93
       -1
100
AcDbBlockLinearGrip
140
0.0
141
1350.999999999996
142
0.0
  0
BLOCKGRIPLOCATIONCOMPONENT
  5
663
330
641
100
AcDbEvalExpr
 90
      203
 98
       33
 99
      197
  1

 70
    40
140
1.797693134862313E+99
100
AcDbBlockGripExpr
 91
      201
300
UpdatedEndX
  0
BLOCKGRIPLOCATIONCOMPONENT
  5
664
330
641
100
AcDbEvalExpr
 90
      204
 98
       33
 99
      197
  1

 70
    40
140
1.797693134862313E+99
100
AcDbBlockGripExpr
 91
      201
300
UpdatedEndY
  0
BLOCKSTRETCHACTION
  5
665
330
641
100
AcDbEvalExpr
 90
      206
 98
       33
 99
      197
100
AcDbBlockElement
300
Stretch3
 98
       33
 99
      197
1071
        0
100
AcDbBlockAction
 70
     0
 71
     2
330
617
330
613
1010
565.050190975428
1020
1335.984013943554
1030
0.0
100
AcDbBlockStretchAction
 92
      201
301
EndXDelta
 93
      201
302
EndYDelta
 72
     2
1011
954.4962198730207
1021
1419.284630008769
1011
1637.111623966506
1021
1270.727225705897
 73
     2
331
613
 74
     1
 94
        0
331
617
 74
     1
 94
        0
 75
     0
140
1.0
141
0.0
280
     0
  0
BLOCKLINEARPARAMETER
  5
666
330
641
100
AcDbEvalExpr
 90
      208
 98
       33
 99
      197
100
AcDbBlockElement
300
Linear5
 98
       33
 99
      197
1071
        0
100
AcDbBlockParameter
280
     1
281
     0
100
AcDbBlock2PtParameter
1010
833.4161546922747
1020
0.0
1030
0.0
1011
833.4161546922747
1021
750.4999999999961
1031
0.0
170
     4
 91
        0
 91
      209
 91
        0
 91
        0
171
     0
172
     0
173
     1
 94
      209
303
DisplacementX
174
     1
 95
      209
304
DisplacementY
177
     0
100
AcDbBlockLinearParameter
305
3ed hole
306

140
45.81981380811111
307

 96
        1
141
0.0
142
0.0
143
0.0
175
     0
1001
ACAUTHENVIRON
1010
848.5526993132944
1020
127.3837429070374
1030
0.0
  0
BLOCKLINEARGRIP
  5
667
330
641
100
AcDbEvalExpr
 90
      209
 98
       33
 99
      197
100
AcDbBlockElement
300
End Grip
 98
       33
 99
      197
1071
        0
100
AcDbBlockGrip
 91
      210
 92
      211
1010
833.4161546922747
1020
750.4999999999961
1030
0.0
280
     1
 93
       -1
100
AcDbBlockLinearGrip
140
0.0000000000001137
141
750.4999999999961
142
0.0
  0
BLOCKGRIPLOCATIONCOMPONENT
  5
668
330
641
100
AcDbEvalExpr
 90
      210
 98
       33
 99
      197
  1

 70
    40
140
1.797693134862313E+99
100
AcDbBlockGripExpr
 91
      208
300
UpdatedEndX
  0
BLOCKGRIPLOCATIONCOMPONENT
  5
669
330
641
100
AcDbEvalExpr
 90
      211
 98
       33
 99
      197
  1

 70
    40
140
1.797693134862313E+99
100
AcDbBlockGripExpr
 91
      208
300
UpdatedEndY
  0
BLOCKLINEARPARAMETER
  5
66A
330
641
100
AcDbEvalExpr
 90
      215
 98
       33
 99
      197
100
AcDbBlockElement
300
Linear3
 98
       33
 99
      197
1071
        0
100
AcDbBlockParameter
280
     1
281
     0
100
AcDbBlock2PtParameter
1010
833.4161546922747
1020
0.0
1030
0.0
1011
833.4161546922747
1021
960.7499999999999
1031
0.0
170
     4
 91
        0
 91
      216
 91
        0
 91
        0
171
     0
172
     0
173
     1
 94
      216
303
DisplacementX
174
     1
 95
      216
304
DisplacementY
177
     0
100
AcDbBlockLinearParameter
305
Mid Hing
306

140
118.6758089853806
307

 96
        1
141
0.0
142
0.0
143
0.0
175
     0
1001
ACAUTHENVIRON
1010
726.2965840929921
1020
949.1937616139018
1030
0.0
  0
BLOCKLINEARGRIP
  5
66B
330
641
100
AcDbEvalExpr
 90
      216
 98
       33
 99
      197
100
AcDbBlockElement
300
End Grip
 98
       33
 99
      197
1071
        0
100
AcDbBlockGrip
 91
      217
 92
      218
1010
833.4161546922747
1020
960.7499999999999
1030
0.0
280
     1
 93
       -1
100
AcDbBlockLinearGrip
140
0.0
141
960.7499999999999
142
0.0
  0
BLOCKGRIPLOCATIONCOMPONENT
  5
66C
330
641
100
AcDbEvalExpr
 90
      217
 98
       33
 99
      197
  1

 70
    40
140
1.797693134862313E+99
100
AcDbBlockGripExpr
 91
      215
300
UpdatedEndX
  0
BLOCKGRIPLOCATIONCOMPONENT
  5
66D
330
641
100
AcDbEvalExpr
 90
      218
 98
       33
 99
      197
  1

 70
    40
140
1.797693134862313E+99
100
AcDbBlockGripExpr
 91
      215
300
UpdatedEndY
  0
BLOCKSTRETCHACTION
  5
66E
330
641
100
AcDbEvalExpr
 90
      220
 98
       33
 99
      197
100
AcDbBlockElement
300
Stretch7
 98
       33
 99
      197
1071
        0
100
AcDbBlockAction
 70
     0
 71
     1
330
5C2
1010
759.844261992353
1020
915.6460837145408
1030
0.0
100
AcDbBlockStretchAction
 92
      215
301
EndXDelta
 93
      215
302
EndYDelta
 72
     2
1011
848.042338653293
1021
867.1913181563141
1011
999.0701610413596
1021
1064.986915737529
 73
     1
331
5C2
 74
     4
 94
        0
 94
        1
 94
        2
 94
        3
 75
     0
140
1.0
141
0.0
280
     0
  0
BLOCKSTRETCHACTION
  5
66F
330
641
100
AcDbEvalExpr
 90
      221
 98
       33
 99
      197
100
AcDbBlockElement
300
Stretch8
 98
       33
 99
      197
1071
        0
100
AcDbBlockAction
 70
     0
 71
     1
330
556
1010
754.0315562196276
1020
949.1937616139018
1030
0.0
100
AcDbBlockStretchAction
 92
      215
301
EndXDelta
 93
      215
302
EndYDelta
 72
     2
1011
13.05992233416327
1021
-3290.346518154864
1011
262.8107128867851
1021
-2995.303584310583
 73
     1
331
556
 74
     4
 94
        0
 94
        1
 94
        2
 94
        3
 75
     0
140
1.0
141
0.0
280
     0
  0
BLOCKLOOKUPPARAMETER
  5
670
330
641
100
AcDbEvalExpr
 90
      228
 98
       33
 99
      197
100
AcDbBlockElement
300
Lookup
 98
       33
 99
      197
1071
        0
100
AcDbBlockParameter
280
     1
281
     0
100
AcDbBlock1PtParameter
1010
2776.02994769509
1020
-856.7096019792806
1030
0.0
 93
      229
170
     0
171
     0
100
AcDbBlockLookUpParameter
303
DropSeal
304

 94
      258
1001
ACAUTHENVIRON
1010
2919.546446014445
1020
-1000.226100298636
1030
0.0
  0
BLOCKLOOKUPGRIP
  5
671
330
641
100
AcDbEvalExpr
 90
      229
 98
       33
 99
      197
100
AcDbBlockElement
300
Grip
 98
       33
 99
      197
1071
        0
100
AcDbBlockGrip
 91
      230
 92
      231
1010
2776.02994769509
1020
-856.7096019792806
1030
0.0
280
     0
 93
       -1
100
AcDbBlockLookUpGrip
  0
BLOCKGRIPLOCATIONCOMPONENT
  5
672
330
641
100
AcDbEvalExpr
 90
      230
 98
       33
 99
      197
  1

 70
    40
140
0.0
100
AcDbBlockGripExpr
 91
      228
300
UpdatedX
  0
BLOCKGRIPLOCATIONCOMPONENT
  5
673
330
641
100
AcDbEvalExpr
 90
      231
 98
       33
 99
      197
  1

 70
    40
140
0.0
100
AcDbBlockGripExpr
 91
      228
300
UpdatedY
  0
BLOCKXYPARAMETER
  5
674
330
641
100
AcDbEvalExpr
 90
      243
 98
       33
 99
      197
100
AcDbBlockElement
300
XY
 98
       33
 99
      197
1071
        0
100
AcDbBlockParameter
280
     1
281
     0
100
AcDbBlock2PtParameter
1010
45.00524275097996
1020
-4159.567365426407
1030
0.0
1011
60.00524275097996
1021
-4129.567365426406
1031
0.0
170
     4
 91
      247
 91
      244
 91
      250
 91
      253
171
     2
 92
      247
301
DisplacementX
 92
      250
301
DisplacementX
172
     2
 93
      247
302
DisplacementY
 93
      253
302
DisplacementY
173
     2
 94
      244
303
DisplacementX
 94
      253
303
DisplacementX
174
     2
 95
      244
304
DisplacementY
 95
      250
304
DisplacementY
177
     0
100
AcDbBlockXYParameter
305
Y Distance1
306
X Distance1
307

308

141
5.606093075952983
140
5.606093075952983
309

 97
        1
146
0.0
147
0.0
148
0.0
176
     0
410

 96
        1
142
0.0
143
0.0
144
0.0
175
     0
1001
ACAUTHENVIRON
1010
201.2101306246618
1020
-4298.272253300088
1030
0.0
  0
BLOCKXYGRIP
  5
675
330
641
100
AcDbEvalExpr
 90
      244
 98
       33
 99
      197
100
AcDbBlockElement
300
End Grip
 98
       33
 99
      197
1071
        0
100
AcDbBlockGrip
 91
      245
 92
      246
1010
60.00524275097996
1020
-4129.567365426406
1030
0.0
280
     1
 93
       -1
100
AcDbBlockXYGrip
  0
BLOCKGRIPLOCATIONCOMPONENT
  5
676
330
641
100
AcDbEvalExpr
 90
      245
 98
       33
 99
      197
  1

 70
    40
140
1.797693134862313E+99
100
AcDbBlockGripExpr
 91
      243
300
UpdatedEndX
  0
BLOCKGRIPLOCATIONCOMPONENT
  5
677
330
641
100
AcDbEvalExpr
 90
      246
 98
       33
 99
      197
  1

 70
    40
140
1.797693134862313E+99
100
AcDbBlockGripExpr
 91
      243
300
UpdatedEndY
  0
BLOCKXYGRIP
  5
678
330
641
100
AcDbEvalExpr
 90
      247
 98
       33
 99
      197
100
AcDbBlockElement
300
Base Grip
 98
       33
 99
      197
1071
        0
100
AcDbBlockGrip
 91
      248
 92
      249
1010
45.00524275097996
1020
-4159.567365426407
1030
0.0
280
     1
 93
       -1
100
AcDbBlockXYGrip
  0
BLOCKGRIPLOCATIONCOMPONENT
  5
679
330
641
100
AcDbEvalExpr
 90
      248
 98
       33
 99
      197
  1

 70
    40
140
0.0
100
AcDbBlockGripExpr
 91
      243
300
UpdatedBaseX
  0
BLOCKGRIPLOCATIONCOMPONENT
  5
67A
330
641
100
AcDbEvalExpr
 90
      249
 98
       33
 99
      197
  1

 70
    40
140
0.0
100
AcDbBlockGripExpr
 91
      243
300
UpdatedBaseY
  0
BLOCKXYGRIP
  5
67B
330
641
100
AcDbEvalExpr
 90
      250
 98
       33
 99
      197
100
AcDbBlockElement
300
BaseX-EndY Grip
 98
       33
 99
      197
1071
        0
100
AcDbBlockGrip
 91
      251
 92
      252
1010
45.00524275097996
1020
-4129.567365426406
1030
0.0
280
     1
 93
       -1
100
AcDbBlockXYGrip
  0
BLOCKGRIPLOCATIONCOMPONENT
  5
67C
330
641
100
AcDbEvalExpr
 90
      251
 98
       33
 99
      197
  1

 70
    40
140
0.0
100
AcDbBlockGripExpr
 91
      243
300
UpdatedBaseX
  0
BLOCKGRIPLOCATIONCOMPONENT
  5
67D
330
641
100
AcDbEvalExpr
 90
      252
 98
       33
 99
      197
  1

 70
    40
140
1.797693134862313E+99
100
AcDbBlockGripExpr
 91
      243
300
UpdatedEndY
  0
BLOCKXYGRIP
  5
67E
330
641
100
AcDbEvalExpr
 90
      253
 98
       33
 99
      197
100
AcDbBlockElement
300
BaseY-EndX Grip
 98
       33
 99
      197
1071
        0
100
AcDbBlockGrip
 91
      254
 92
      255
1010
60.00524275097996
1020
-4159.567365426407
1030
0.0
280
     1
 93
       -1
100
AcDbBlockXYGrip
  0
BLOCKGRIPLOCATIONCOMPONENT
  5
67F
330
641
100
AcDbEvalExpr
 90
      254
 98
       33
 99
      197
  1

 70
    40
140
1.797693134862313E+99
100
AcDbBlockGripExpr
 91
      243
300
UpdatedEndX
  0
BLOCKGRIPLOCATIONCOMPONENT
  5
680
330
641
100
AcDbEvalExpr
 90
      255
 98
       33
 99
      197
  1

 70
    40
140
0.0
100
AcDbBlockGripExpr
 91
      243
300
UpdatedBaseY
  0
BLOCKLOOKUPACTION
  5
681
330
641
100
AcDbEvalExpr
 90
      258
 98
       33
 99
      197
100
AcDbBlockElement
300
DropSeal
 98
       33
 99
      197
1071
        0
100
AcDbBlockAction
 70
     0
 71
     0
1010
2851.997498912926
1020
-932.677153197117
1030
0.0
100
AcDbBlockLookupAction
 92
        2
 93
        3
301

302
15
302
30
302
Yes
302
0
302
0
302
No
303

 94
      243
 95
       40
 96
        2
282
     0
305
Custom
281
     0
304
UpdatedDistanceX
303

 94
      243
 95
       40
 96
        2
282
     0
305
Custom
281
     0
304
UpdatedDistanceY
303

 94
      228
 95
        1
 96
        0
282
     1
305
Custom
281
     1
304
lookupString
280
     1
  0
BLOCKSTRETCHACTION
  5
682
330
641
100
AcDbEvalExpr
 90
      259
 98
       33
 99
      197
100
AcDbBlockElement
300
Stretch10
 98
       33
 99
      197
1071
        0
100
AcDbBlockAction
 70
     0
 71
     2
330
62E
330
61B
1010
106.3216453424001
1020
-4167.121917597341
1030
0.0
100
AcDbBlockStretchAction
 92
      243
301
EndXDelta
 93
      243
302
BaseYDelta
 72
     2
1011
1076.578015804363
1021
-4166.745872931056
1011
1064.485643328211
1021
-4131.351159885173
 73
     2
331
61B
 74
     2
 94
        0
 94
        1
331
62E
 74
     1
 94
        1
 75
     0
140
1.0
141
0.0
280
     0
  0
BLOCKSTRETCHACTION
  5
683
330
641
100
AcDbEvalExpr
 90
      260
 98
       33
 99
      197
100
AcDbBlockElement
300
Stretch11
 98
       33
 99
      197
1071
        0
100
AcDbBlockAction
 70
     0
 71
     1
330
62E
1010
72.1493908091385
1020
-4160.743481043255
1030
0.0
100
AcDbBlockStretchAction
 92
      243
301
EndXDelta
 93
      243
302
EndYDelta
 72
     2
1011
1106.658478655125
1021
-4151.14533311427
1011
1055.470251593222
1021
-4124.971679608811
 73
     1
331
62E
 74
     2
 94
        2
 94
        3
 75
     0
140
1.0
141
0.0
280
     0
  0
BLOCKSTRETCHACTION
  5
684
330
641
100
AcDbEvalExpr
 90
      261
 98
       33
 99
      197
100
AcDbBlockElement
300
Stretch5
 98
       33
 99
      197
1071
        0
100
AcDbBlockAction
 70
     0
 71
     3
330
67E
330
675
330
62D
1010
69.83302655987613
1020
-4160.830776427942
1030
0.0
100
AcDbBlockStretchAction
 92
      243
301
EndXDelta
 93
      243
302
BaseYDelta
 72
     2
1011
65.63465676171472
1021
-4162.311720766436
1011
59.14915329182986
1021
-4125.842263412216
 73
     1
331
62D
 74
     2
 94
        1
 94
        2
 75
     0
140
1.0
141
0.0
280
     0
  0
BLOCKSTRETCHACTION
  5
685
330
641
100
AcDbEvalExpr
 90
      262
 98
       33
 99
      197
100
AcDbBlockElement
300
Stretch9
 98
       33
 99
      197
1071
        0
100
AcDbBlockAction
 70
     0
 71
     3
330
67B
330
675
330
62D
1010
72.86521296355729
1020
-4160.830776427942
1030
0.0
100
AcDbBlockStretchAction
 92
      243
301
EndXDelta
 93
      243
302
EndYDelta
 72
     2
1011
73.46782428859295
1021
-4137.096489057096
1011
37.418470310673
1021
-4124.639050978836
 73
     1
331
62D
 74
     2
 94
        2
 94
        3
 75
     0
140
1.0
141
0.0
280
     0
  0
BLOCKSTRETCHACTION
  5
686
330
641
100
AcDbEvalExpr
 90
      264
 98
       33
 99
      197
100
AcDbBlockElement
300
Stretch
 98
       33
 99
      197
1071
        0
100
AcDbBlockAction
 70
     0
 71
    21
330
62E
330
62B
330
629
330
627
330
622
330
621
330
620
330
61F
330
55E
330
55D
330
55A
330
559
330
558
330
61B
330
61A
330
549
330
548
330
547
330
546
330
545
330
544
1010
1871.768795752094
1020
4460.39129873641
1030
0.0
100
AcDbBlockStretchAction
 92
      149
301
EndXDelta
 93
      149
302
EndYDelta
 72
     2
1011
1180.141720602682
1021
-4755.559444766761
1011
753.7541973301268
1021
-1811.31532652197
 73
    21
331
61A
 74
     2
 94
        0
 94
        1
331
61B
 74
     2
 94
        0
 94
        1
331
61F
 74
     7
 94
        7
 94
        8
 94
        9
 94
       10
 94
       11
 94
       12
 94
       13
331
620
 74
     7
 94
        7
 94
        8
 94
        9
 94
       10
 94
       11
 94
       12
 94
       13
331
621
 74
     7
 94
        7
 94
        8
 94
        9
 94
       10
 94
       11
 94
       12
 94
       13
331
622
 74
     2
 94
        1
 94
        2
331
627
 74
     1
 94
        0
331
629
 74
     4
 94
        0
 94
        1
 94
        2
 94
        3
331
62B
 74
     4
 94
        0
 94
        1
 94
        2
 94
        3
331
62E
 74
     4
 94
        0
 94
        1
 94
        2
 94
        3
331
548
 74
     2
 94
        0
 94
        1
331
549
 74
     2
 94
        0
 94
        1
331
558
 74
     4
 94
        0
 94
        1
 94
        2
 94
        3
331
559
 74
     1
 94
        0
331
55A
 74
     1
 94
        0
331
55D
 74
     1
 94
        0
331
55E
 74
     1
 94
        0
331
544
 74
     2
 94
        0
 94
        1
331
545
 74
     2
 94
        0
 94
        1
331
546
 74
     2
 94
        0
 94
        1
331
547
 74
     2
 94
        0
 94
        1
 75
     0
140
1.0
141
0.0
280
     0
  0
BLOCKSTRETCHACTION
  5
687
330
641
100
AcDbEvalExpr
 90
      265
 98
       33
 99
      197
100
AcDbBlockElement
300
Stretch6
 98
       33
 99
      197
1071
        0
100
AcDbBlockAction
 70
     0
 71
     2
330
616
330
612
1010
848.5526993132944
1020
127.3837429070374
1030
0.0
100
AcDbBlockStretchAction
 92
      208
301
EndXDelta
 93
      208
302
EndYDelta
 72
     2
1011
1013.674755449538
1021
676.0860001091969
1011
1620.703980185644
1021
805.4568666453196
 73
     2
331
612
 74
     1
 94
        0
331
616
 74
     1
 94
        0
 75
     0
140
1.0
141
0.0
280
     0
  0
BLOCKSTRETCHACTION
  5
688
330
641
100
AcDbEvalExpr
 90
      267
 98
       33
 99
      197
100
AcDbBlockElement
300
Stretch12
 98
       33
 99
      197
1071
        0
100
AcDbBlockAction
 70
     1
 91
      132
 71
    58
330
643
330
642
330
60C
330
60A
330
609
330
606
330
605
330
604
330
603
330
602
330
601
330
600
330
5FF
330
5FD
330
5FC
330
5FA
330
5F9
330
5F6
330
5F5
330
5F4
330
5F3
330
5F2
330
5F1
330
5F0
330
5EF
330
5ED
330
5EC
330
5EA
330
5E9
330
5E6
330
5E5
330
5E4
330
5E3
330
5E2
330
5E1
330
5E0
330
5DF
330
5DD
330
5DC
330
5DA
330
5D9
330
5D8
330
5D5
330
5D4
330
5D3
330
5D2
330
5D1
330
5D0
330
5CF
330
5CE
330
5CC
330
5CB
330
5C9
330
626
330
619
330
625
330
623
330
624
1010
2711.813054385155
1020
2439.283408651796
1030
0.0
100
AcDbBlockStretchAction
 92
      165
301
EndXDelta
 93
      165
302
EndYDelta
 72
     2
1011
1852.092165391426
1021
-38.9870272041444
1011
1617.042847542179
1021
2193.746769560596
 73
    56
331
5F0
 74
     2
 94
        0
 94
        1
331
5F1
 74
     2
 94
        0
 94
        1
331
5F2
 74
     2
 94
        0
 94
        1
331
5F3
 74
     2
 94
        0
 94
        1
331
5F4
 74
     2
 94
        0
 94
        1
331
5F5
 74
     2
 94
        0
 94
        1
331
5F6
 74
     2
 94
        0
 94
        1
331
5F9
 74
     2
 94
        0
 94
        1
331
5FA
 74
     2
 94
        0
 94
        1
331
5FC
 74
     2
 94
        0
 94
        1
331
5FD
 74
     2
 94
        0
 94
        1
331
5FF
 74
     2
 94
        0
 94
        1
331
600
 74
     2
 94
        0
 94
        1
331
601
 74
     2
 94
        0
 94
        1
331
602
 74
     2
 94
        0
 94
        1
331
603
 74
     2
 94
        0
 94
        1
331
604
 74
     2
 94
        0
 94
        1
331
605
 74
     2
 94
        0
 94
        1
331
606
 74
     2
 94
        0
 94
        1
331
609
 74
     2
 94
        0
 94
        1
331
60A
 74
     4
 94
        0
 94
        1
 94
        2
 94
        3
331
60C
 74
     8
 94
        0
 94
        1
 94
        2
 94
        3
 94
        4
 94
        5
 94
        6
 94
        7
331
619
 74
    12
 94
        0
 94
        1
 94
        2
 94
        3
 94
        4
 94
        5
 94
        6
 94
        7
 94
        8
 94
        9
 94
       10
 94
       11
331
623
 74
    24
 94
        0
 94
        1
 94
        2
 94
        3
 94
        4
 94
        5
 94
        6
 94
        7
 94
        8
 94
        9
 94
       10
 94
       11
 94
       12
 94
       13
 94
       14
 94
       15
 94
       16
 94
       17
 94
       18
 94
       19
 94
       20
 94
       21
 94
       22
 94
       23
331
624
 74
    14
 94
        0
 94
        1
 94
        2
 94
        3
 94
        4
 94
        5
 94
        6
 94
        7
 94
        8
 94
        9
 94
       10
 94
       11
 94
       12
 94
       13
331
625
 74
     8
 94
        0
 94
        1
 94
        2
 94
        3
 94
        4
 94
        5
 94
        6
 94
        7
331
626
 74
    10
 94
        0
 94
        1
 94
        2
 94
        3
 94
        4
 94
        5
 94
        6
 94
        7
 94
        8
 94
        9
331
5C9
 74
     2
 94
        0
 94
        1
331
5CB
 74
     2
 94
        0
 94
        1
331
5CC
 74
     2
 94
        0
 94
        1
331
5CE
 74
     2
 94
        0
 94
        1
331
5CF
 74
     2
 94
        0
 94
        1
331
5D0
 74
     2
 94
        0
 94
        1
331
5D1
 74
     2
 94
        0
 94
        1
331
5D2
 74
     2
 94
        0
 94
        1
331
5D3
 74
     2
 94
        0
 94
        1
331
5D4
 74
     2
 94
        0
 94
        1
331
5D5
 74
     2
 94
        0
 94
        1
331
5D8
 74
     2
 94
        0
 94
        1
331
5D9
 74
    32
 94
        0
 94
        1
 94
        2
 94
        3
 94
        4
 94
        5
 94
        6
 94
        7
 94
        8
 94
        9
 94
       10
 94
       11
 94
       12
 94
       13
 94
       14
 94
       15
 94
       16
 94
       17
 94
       18
 94
       19
 94
       20
 94
       21
 94
       22
 94
       23
 94
       24
 94
       37
 94
       38
 94
       39
 94
       40
 94
       41
 94
       42
 94
       43
331
5DA
 74
     2
 94
        0
 94
        1
331
5DC
 74
     2
 94
        0
 94
        1
331
5DD
 74
     2
 94
        0
 94
        1
331
5DF
 74
     2
 94
        0
 94
        1
331
5E0
 74
     2
 94
        0
 94
        1
331
5E1
 74
     2
 94
        0
 94
        1
331
5E2
 74
     2
 94
        0
 94
        1
331
5E3
 74
     2
 94
        0
 94
        1
331
5E4
 74
     2
 94
        0
 94
        1
331
5E5
 74
     2
 94
        0
 94
        1
331
5E6
 74
     2
 94
        0
 94
        1
331
5E9
 74
     2
 94
        0
 94
        1
331
5EA
 74
     2
 94
        0
 94
        1
331
5EC
 74
     2
 94
        0
 94
        1
331
5ED
 74
     2
 94
        0
 94
        1
331
5EF
 74
     2
 94
        0
 94
        1
 75
     1
 95
      132
 76
     1
 94
        0
140
1.0
141
0.0
280
     0
  0
BLOCKSTRETCHACTION
  5
689
330
641
100
AcDbEvalExpr
 90
      269
 98
       33
 99
      197
100
AcDbBlockElement
300
Stretch13
 98
       33
 99
      197
1071
        0
100
AcDbBlockAction
 70
     1
 91
       90
 71
    18
330
5C4
330
5BA
330
5B9
330
5B0
330
5AD
330
5A9
330
5A8
330
59F
330
59C
330
598
330
597
330
58E
330
58B
330
588
330
586
330
585
330
57C
330
579
1010
2909.030366425098
1020
2439.283408651796
1030
0.0
100
AcDbBlockStretchAction
 92
      165
301
EndXDelta
 93
      165
302
EndYDelta
 72
     2
1011
1242.408931330406
1021
-29.28331540365616
1011
1118.845860953239
1021
2203.512536140173
 73
    18
331
579
 74
     2
 94
        0
 94
        1
331
57C
 74
     2
 94
        0
 94
        1
331
585
 74
     2
 94
        0
 94
        1
331
586
 74
     2
 94
        0
 94
        1
331
588
 74
    12
 94
       25
 94
       26
 94
       27
 94
       28
 94
       29
 94
       30
 94
       31
 94
       32
 94
       33
 94
       34
 94
       35
 94
       36
331
58B
 74
     2
 94
        0
 94
        1
331
58E
 74
     2
 94
        0
 94
        1
331
597
 74
     2
 94
        0
 94
        1
331
598
 74
     2
 94
        0
 94
        1
331
59C
 74
     2
 94
        0
 94
        1
331
59F
 74
     2
 94
        0
 94
        1
331
5A8
 74
     2
 94
        0
 94
        1
331
5A9
 74
     2
 94
        0
 94
        1
331
5AD
 74
     2
 94
        0
 94
        1
331
5B0
 74
     2
 94
        0
 94
        1
331
5B9
 74
     2
 94
        0
 94
        1
331
5BA
 74
     2
 94
        0
 94
        1
331
5C4
 74
     4
 94
        0
 94
        1
 94
        2
 94
        3
 75
     0
140
1.0
141
0.0
280
     0
  0
BLOCKFLIPPARAMETER
  5
68A
330
641
100
AcDbEvalExpr
 90
      286
 98
       33
 99
      197
100
AcDbBlockElement
300
Flip
 98
       33
 99
      197
1071
        0
100
AcDbBlockParameter
280
     1
281
     0
100
AcDbBlock2PtParameter
1010
1314.591284325286
1020
-1320.421639282162
1030
0.0
1011
1314.591284325286
1021
-1048.204410991595
1031
0.0
170
     4
 91
      287
 91
        0
 91
        0
 91
        0
171
     0
172
     0
173
     0
174
     0
177
     0
100
AcDbBlockFlipParameter
305
Direction
306

307
Not flipped
308
Flipped
1012
945.5395930255326
1022
-969.4046854194564
1032
0.0
309
UpdatedFlip
 96
      287
1001
ACAUTHENVIRON
1010
1423.470251426105
1020
-1429.30060638298
1030
0.0
  0
BLOCKFLIPGRIP
  5
68B
330
641
100
AcDbEvalExpr
 90
      287
 98
       33
 99
      197
100
AcDbBlockElement
300
Grip
 98
       33
 99
      197
1071
        0
100
AcDbBlockGrip
 91
      289
 92
      290
1010
1314.591284325286
1020
-1320.421639282162
1030
0.0
280
     0
 93
       -1
100
AcDbBlockFlipGrip
140
0.0
141
272.2172282905666
142
0.0
 93
      288
  0
BLOCKGRIPLOCATIONCOMPONENT
  5
68C
330
641
100
AcDbEvalExpr
 90
      288
 98
       33
 99
      197
  1

 70
    70
 70
     0
100
AcDbBlockGripExpr
 91
      286
300
UpdatedFlip
  0
BLOCKGRIPLOCATIONCOMPONENT
  5
68D
330
641
100
AcDbEvalExpr
 90
      289
 98
       33
 99
      197
  1

 70
    40
140
0.0
100
AcDbBlockGripExpr
 91
      286
300
UpdatedBaseX
  0
BLOCKGRIPLOCATIONCOMPONENT
  5
68E
330
641
100
AcDbEvalExpr
 90
      290
 98
       33
 99
      197
  1

 70
    40
140
0.0
100
AcDbBlockGripExpr
 91
      286
300
UpdatedBaseY
  0
BLOCKFLIPACTION
  5
68F
330
641
100
AcDbEvalExpr
 90
      291
 98
       33
 99
      197
100
AcDbBlockElement
300
Flip1
 98
       33
 99
      197
1071
        0
100
AcDbBlockAction
 70
    20
 91
      165
 91
      292
 91
      297
 91
      320
 91
      332
 91
      345
 91
      350
 91
      355
 91
      371
 91
      382
 91
      132
 91
      149
 91
      157
 91
      173
 91
      183
 91
      201
 91
      208
 91
      215
 91
      228
 91
      243
 71
   289
330
68B
330
67E
330
67B
330
678
330
675
330
674
330
671
330
670
330
66B
330
66A
330
667
330
666
330
662
330
661
330
65C
330
65B
330
657
330
656
330
64D
330
64C
330
647
330
646
330
643
330
642
330
62E
330
62D
330
62C
330
62B
330
62A
330
629
330
628
330
627
330
626
330
625
330
624
330
623
330
622
330
621
330
620
330
61F
330
61E
330
61D
330
61C
330
619
330
357
330
618
330
617
330
616
330
615
330
614
330
613
330
612
330
611
330
610
330
60F
330
60E
330
60D
330
60C
330
60B
330
60A
330
609
330
608
330
607
330
606
330
605
330
604
330
603
330
602
330
601
330
600
330
5FF
330
5FE
330
5FD
330
5FC
330
5FB
330
5FA
330
5F9
330
5F8
330
5F7
330
5F6
330
5F5
330
5F4
330
5F3
330
5F2
330
5F1
330
5F0
330
5EF
330
5EE
330
5ED
330
5EC
330
5EB
330
5EA
330
5E9
330
5E8
330
5E7
330
5E6
330
5E5
330
5E4
330
5E3
330
5E2
330
5E1
330
5E0
330
5DF
330
5DE
330
5DD
330
5DC
330
5DB
330
5DA
330
5D9
330
5D8
330
5D7
330
5D6
330
5D5
330
5D4
330
5D3
330
5D2
330
5D1
330
5D0
330
5CF
330
5CE
330
5CD
330
5CC
330
5CB
330
5CA
330
5C9
330
5C4
330
5C3
330
5C2
330
5C1
330
5C0
330
5BF
330
5BE
330
5BD
330
5BC
330
5BB
330
5BA
330
5B9
330
5B8
330
5B7
330
5B6
330
5B5
330
5B4
330
5B3
330
5B2
330
5B1
330
5B0
330
5AF
330
5AE
330
5AD
330
5AC
330
5AB
330
5AA
330
5A9
330
5A8
330
5A7
330
5A6
330
5A5
330
5A4
330
5A3
330
5A2
330
5A1
330
5A0
330
59F
330
59E
330
59D
330
59C
330
59B
330
59A
330
599
330
598
330
597
330
596
330
595
330
594
330
593
330
592
330
591
330
590
330
58F
330
58E
330
58D
330
58C
330
58B
330
58A
330
589
330
588
330
587
330
586
330
585
330
584
330
583
330
582
330
581
330
580
330
57F
330
57E
330
57D
330
57C
330
57B
330
57A
330
579
330
578
330
577
330
576
330
575
330
574
330
573
330
572
330
571
330
570
330
56F
330
56E
330
56D
330
56C
330
56B
330
56A
330
569
330
568
330
567
330
566
330
565
330
564
330
563
330
562
330
561
330
560
330
55F
330
55E
330
55D
330
55C
330
55B
330
55A
330
559
330
558
330
557
330
61B
330
61A
330
556
330
555
330
554
330
553
330
552
330
551
330
550
330
54F
330
54E
330
54D
330
54C
330
54B
330
54A
330
549
330
548
330
547
330
546
330
545
330
544
330
6C5
330
6C4
330
6BB
330
6BA
330
6B4
330
6B3
330
6B0
330
6AF
330
6AC
330
6AB
330
6A7
330
6A6
330
6A0
330
69F
330
695
330
694
330
691
330
690
330
652
330
651
330
63C
330
63B
330
63A
330
637
330
634
330
631
330
630
330
62F
330
358
330
5C8
330
5C7
330
5C6
330
5C5
1010
1423.470251426105
1020
-1429.30060638298
1030
0.0
100
AcDbBlockFlipAction
 92
      286
 93
      286
 94
      286
 95
      286
301
Flip
302
UpdatedFlip
303
UpdatedBase
304
UpdatedEnd
  0
BLOCKLINEARPARAMETER
  5
690
330
641
100
AcDbEvalExpr
 90
      292
 98
       33
 99
      197
100
AcDbBlockElement
300
Linear8
 98
       33
 99
      197
1071
        0
100
AcDbBlockParameter
280
     1
281
     0
100
AcDbBlock2PtParameter
1010
2550.509121255644
1020
1441.835837790113
1030
0.0
1011
2550.509121255644
1021
1481.835837790113
1031
0.0
170
     4
 91
        0
 91
      293
 91
        0
 91
        0
171
     0
172
     0
173
     1
 94
      293
303
DisplacementX
174
     1
 95
      293
304
DisplacementY
177
     0
100
AcDbBlockLinearParameter
305
Overlap_2
306

140
-25.17738704457588
307

 96
        1
141
0.0
142
0.0
143
0.0
175
     0
1001
ACAUTHENVIRON
1010
2580.466815214569
1020
1477.055530875763
1030
0.0
  0
BLOCKLINEARGRIP
  5
691
330
641
100
AcDbEvalExpr
 90
      293
 98
       33
 99
      197
100
AcDbBlockElement
300
End Grip
 98
       33
 99
      197
1071
        0
100
AcDbBlockGrip
 91
      294
 92
      295
1010
2550.509121255644
1020
1481.835837790113
1030
0.0
280
     1
 93
       -1
100
AcDbBlockLinearGrip
140
0.0
141
40.0
142
0.0
  0
BLOCKGRIPLOCATIONCOMPONENT
  5
692
330
641
100
AcDbEvalExpr
 90
      294
 98
       33
 99
      197
  1

 70
    40
140
1.797693134862313E+99
100
AcDbBlockGripExpr
 91
      292
300
UpdatedEndX
  0
BLOCKGRIPLOCATIONCOMPONENT
  5
693
330
641
100
AcDbEvalExpr
 90
      295
 98
       33
 99
      197
  1

 70
    40
140
1.797693134862313E+99
100
AcDbBlockGripExpr
 91
      292
300
UpdatedEndY
  0
BLOCKLINEARPARAMETER
  5
694
330
641
100
AcDbEvalExpr
 90
      297
 98
       33
 99
      197
100
AcDbBlockElement
300
Linear9
 98
       33
 99
      197
1071
        0
100
AcDbBlockParameter
280
     1
281
     0
100
AcDbBlock2PtParameter
1010
2510.509121255644
1020
1486.835837790113
1030
0.0
1011
2550.509121255644
1021
1486.835837790113
1031
0.0
170
     4
 91
        0
 91
      298
 91
        0
 91
        0
171
     0
172
     0
173
     1
 94
      298
303
DisplacementX
174
     1
 95
      298
304
DisplacementY
177
     0
100
AcDbBlockLinearParameter
305
Overlap_3
306

140
27.73183054917899
307

 96
        1
141
0.0
142
0.0
143
0.0
175
     0
1001
ACAUTHENVIRON
1010
2555.289428169994
1020
1509.787361424942
1030
0.0
  0
BLOCKLINEARGRIP
  5
695
330
641
100
AcDbEvalExpr
 90
      298
 98
       33
 99
      197
100
AcDbBlockElement
300
End Grip
 98
       33
 99
      197
1071
        0
100
AcDbBlockGrip
 91
      299
 92
      300
1010
2550.509121255644
1020
1486.835837790113
1030
0.0
280
     1
 93
       -1
100
AcDbBlockLinearGrip
140
40.0
141
0.0
142
0.0
  0
BLOCKGRIPLOCATIONCOMPONENT
  5
696
330
641
100
AcDbEvalExpr
 90
      299
 98
       33
 99
      197
  1

 70
    40
140
1.797693134862313E+99
100
AcDbBlockGripExpr
 91
      297
300
UpdatedEndX
  0
BLOCKGRIPLOCATIONCOMPONENT
  5
697
330
641
100
AcDbEvalExpr
 90
      300
 98
       33
 99
      197
  1

 70
    40
140
1.797693134862313E+99
100
AcDbBlockGripExpr
 91
      297
300
UpdatedEndY
  0
BLOCKSTRETCHACTION
  5
698
330
641
100
AcDbEvalExpr
 90
      304
 98
       33
 99
      197
100
AcDbBlockElement
300
Stretch16
 98
       33
 99
      197
1071
        0
100
AcDbBlockAction
 70
     1
 91
      297
 71
     4
330
694
330
695
330
691
330
62F
1010
2578.579331968291
1020
1478.943014122042
1030
0.0
100
AcDbBlockStretchAction
 92
      292
301
EndXDelta
 93
      292
302
EndYDelta
 72
     2
1011
2558.796705585526
1021
1470.835419247199
1011
2500.973824671062
1021
1493.50138930036
 73
     1
331
62F
 74
     2
 94
        2
 94
        3
 75
     1
 95
      297
 76
     2
 94
        0
 94
        1
140
1.0
141
0.0
280
     0
  0
BLOCKSTRETCHACTION
  5
699
330
641
100
AcDbEvalExpr
 90
      305
 98
       33
 99
      197
100
AcDbBlockElement
300
Stretch19
 98
       33
 99
      197
1071
        0
100
AcDbBlockAction
 70
     0
 71
     5
330
609
330
5F9
330
5E9
330
5D9
330
5D8
1010
2743.336089539787
1020
1432.527137425535
1030
0.0
100
AcDbBlockStretchAction
 92
      292
301
EndXDelta
 93
      292
302
EndYDelta
 72
     2
1011
1817.311734083312
1021
2139.416442531892
1011
1745.338647923461
1021
2179.586723522003
 73
     5
331
5F9
 74
     2
 94
        0
 94
        1
331
609
 74
     2
 94
        0
 94
        1
331
5D8
 74
     2
 94
        0
 94
        1
331
5D9
 74
     3
 94
       21
 94
       22
 94
       23
331
5E9
 74
     2
 94
        0
 94
        1
 75
     0
140
1.0
141
0.0
280
     0
  0
BLOCKSTRETCHACTION
  5
69A
330
641
100
AcDbEvalExpr
 90
      306
 98
       33
 99
      197
100
AcDbBlockElement
300
Stretch20
 98
       33
 99
      197
1071
        0
100
AcDbBlockAction
 70
     1
 91
      183
 71
     7
330
65C
330
65B
330
5BB
330
5AA
330
599
330
588
330
587
1010
2593.713410259978
1020
1478.727751245327
1030
0.0
100
AcDbBlockStretchAction
 92
      292
301
EndXDelta
 93
      292
302
EndYDelta
 72
     2
1011
877.2916745665424
1021
2146.951236735131
1011
816.1144513140898
1021
2184.288556033545
 73
     5
331
587
 74
     2
 94
        0
 94
        1
331
588
 74
     3
 94
       21
 94
       22
 94
       23
331
599
 74
     2
 94
        0
 94
        1
331
5AA
 74
     2
 94
        0
 94
        1
331
5BB
 74
     2
 94
        0
 94
        1
 75
     1
 95
      183
 76
     1
 94
        1
140
1.0
141
0.0
280
     0
  0
BLOCKSTRETCHACTION
  5
69B
330
641
100
AcDbEvalExpr
 90
      307
 98
       33
 99
      197
100
AcDbBlockElement
300
Stretch21
 98
       33
 99
      197
1071
        0
100
AcDbBlockAction
 70
     1
 91
      292
 71
     4
330
695
330
690
330
691
330
62F
1010
2553.72307414537
1020
1506.353715449566
1030
0.0
100
AcDbBlockStretchAction
 92
      297
301
EndXDelta
 93
      297
302
EndYDelta
 72
     2
1011
2563.238728414552
1021
1431.986126694308
1011
2542.485641764623
1021
1496.072794067342
 73
     1
331
62F
 74
     2
 94
        1
 94
        2
 75
     1
 95
      292
 76
     2
 94
        0
 94
        1
140
1.0
141
0.0
280
     0
  0
BLOCKSTRETCHACTION
  5
69C
330
641
100
AcDbEvalExpr
 90
      310
 98
       33
 99
      197
100
AcDbBlockElement
300
Stretch22
 98
       33
 99
      197
1071
        0
100
AcDbBlockAction
 70
     0
 71
     9
330
609
330
5FF
330
5F9
330
5EF
330
5E9
330
5DF
330
5D9
330
5D8
330
5CE
1010
2758.936451058389
1020
1448.265512514955
1030
0.0
100
AcDbBlockStretchAction
 92
      297
301
EndXDelta
 93
      297
302
EndYDelta
 72
     2
1011
1804.848523065549
1021
-9.686472521159881
1011
1760.172037965938
1021
2174.542198927371
 73
     9
331
5F9
 74
     2
 94
        0
 94
        1
331
5FF
 74
     2
 94
        0
 94
        1
331
609
 74
     2
 94
        0
 94
        1
331
5CE
 74
     2
 94
        0
 94
        1
331
5D8
 74
     2
 94
        0
 94
        1
331
5D9
 74
     4
 94
       21
 94
       22
 94
       23
 94
       24
331
5DF
 74
     2
 94
        0
 94
        1
331
5E9
 74
     2
 94
        0
 94
        1
331
5EF
 74
     2
 94
        0
 94
        1
 75
     0
140
1.0
141
0.0
280
     0
  0
BLOCKSTRETCHACTION
  5
69D
330
641
100
AcDbEvalExpr
 90
      311
 98
       33
 99
      197
100
AcDbBlockElement
300
Stretch23
 98
       33
 99
      197
1071
        0
100
AcDbBlockAction
 70
     1
 91
      149
 71
     5
330
647
330
646
330
357
330
577
330
563
1010
2572.813759065591
1020
1505.72204113068
1030
0.0
100
AcDbBlockStretchAction
 92
      297
301
EndXDelta
 93
      297
302
EndYDelta
 72
     2
1011
1876.459263382989
1021
4249.717689821987
1011
1822.914020876545
1021
4332.580210563585
 73
     2
331
563
 74
     2
 94
        0
 94
        1
331
577
 74
     3
 94
        0
 94
       42
 94
       43
 75
     1
 95
      149
 76
     1
 94
        1
140
1.0
141
0.0
280
     0
  0
BLOCKSTRETCHACTION
  5
69E
330
641
100
AcDbEvalExpr
 90
      313
 98
       33
 99
      197
100
AcDbBlockElement
300
Stretch24
 98
       33
 99
      197
1071
        0
100
AcDbBlockAction
 70
     1
 91
      149
 71
     6
330
647
330
646
330
357
330
60F
330
577
330
563
1010
2798.125007277806
1020
1454.709191573334
1030
0.0
100
AcDbBlockStretchAction
 92
      292
301
EndXDelta
 93
      292
302
EndYDelta
 72
     2
1011
1897.156269298255
1021
4257.783004151741
1011
707.0562111980541
1021
4342.514851017095
 73
     3
331
60F
 74
     2
 94
        0
 94
        1
331
563
 74
     2
 94
        0
 94
        1
331
577
 74
     6
 94
        0
 94
        1
 94
        2
 94
        3
 94
       42
 94
       43
 75
     1
 95
      149
 76
     2
 94
        0
 94
        1
140
1.0
141
0.0
280
     0
  0
BLOCKLINEARPARAMETER
  5
69F
330
641
100
AcDbEvalExpr
 90
      320
 98
       33
 99
      197
100
AcDbBlockElement
300
Linear11
 98
       33
 99
      197
1071
        0
100
AcDbBlockParameter
280
     1
281
     0
100
AcDbBlock2PtParameter
1010
2753.707697420876
1020
1481.835837790113
1030
0.0
1011
2713.707697420876
1021
1481.835837790113
1031
0.0
170
     4
 91
        0
 91
      321
 91
        0
 91
        0
171
     0
172
     0
173
     1
 94
      321
303
DisplacementX
174
     1
 95
      321
304
DisplacementY
177
     0
100
AcDbBlockLinearParameter
305
Overlap_1
306

140
-18.77609352168656
307

 96
        1
141
0.0
142
0.0
143
0.0
175
     0
1001
ACAUTHENVIRON
1010
2718.488004335226
1020
1495.83162439745
1030
0.0
  0
BLOCKLINEARGRIP
  5
6A0
330
641
100
AcDbEvalExpr
 90
      321
 98
       33
 99
      197
100
AcDbBlockElement
300
End Grip
 98
       33
 99
      197
1071
        0
100
AcDbBlockGrip
 91
      322
 92
      323
1010
2713.707697420876
1020
1481.835837790113
1030
0.0
280
     1
 93
       -1
100
AcDbBlockLinearGrip
140
-40.0
141
0.0
142
0.0
  0
BLOCKGRIPLOCATIONCOMPONENT
  5
6A1
330
641
100
AcDbEvalExpr
 90
      322
 98
       33
 99
      197
  1

 70
    40
140
1.797693134862313E+99
100
AcDbBlockGripExpr
 91
      320
300
UpdatedEndX
  0
BLOCKGRIPLOCATIONCOMPONENT
  5
6A2
330
641
100
AcDbEvalExpr
 90
      323
 98
       33
 99
      197
  1

 70
    40
140
1.797693134862313E+99
100
AcDbBlockGripExpr
 91
      320
300
UpdatedEndY
  0
BLOCKSTRETCHACTION
  5
6A3
330
641
100
AcDbEvalExpr
 90
      327
 98
       33
 99
      197
100
AcDbBlockElement
300
Stretch25
 98
       33
 99
      197
1071
        0
100
AcDbBlockAction
 70
     0
 71
     2
330
6A0
330
630
1010
2716.570292778101
1020
1497.749335954575
1030
0.0
100
AcDbBlockStretchAction
 92
      320
301
EndXDelta
 93
      320
302
EndYDelta
 72
     2
1011
2720.837603817425
1021
1433.731980922508
1011
2703.2803696677
1021
1502.378479141811
 73
     1
331
630
 74
     2
 94
        0
 94
        3
 75
     0
140
1.0
141
0.0
280
     0
  0
BLOCKSTRETCHACTION
  5
6A4
330
641
100
AcDbEvalExpr
 90
      329
 98
       33
 99
      197
100
AcDbBlockElement
300
Stretch26
 98
       33
 99
      197
1071
        0
100
AcDbBlockAction
 70
     5
 91
      173
 91
      183
 91
      201
 91
      208
 91
      215
 71
    18
330
66B
330
66A
330
667
330
666
330
662
330
661
330
65C
330
65B
330
656
330
5BB
330
5B1
330
5AA
330
5A0
330
599
330
58F
330
588
330
587
330
57D
1010
2718.066364917861
1020
1499.329970283275
1030
0.0
100
AcDbBlockStretchAction
 92
      320
301
EndXDelta
 93
      320
302
EndYDelta
 72
     2
1011
851.0356897631206
1021
-4.583915072773379
1011
828.1795019854907
1021
2176.858497873542
 73
     9
331
57D
 74
     2
 94
        0
 94
        1
331
587
 74
     2
 94
        0
 94
        1
331
588
 74
     4
 94
       21
 94
       22
 94
       23
 94
       24
331
58F
 74
     2
 94
        0
 94
        1
331
599
 74
     2
 94
        0
 94
        1
331
5A0
 74
     2
 94
        0
 94
        1
331
5AA
 74
     2
 94
        0
 94
        1
331
5B1
 74
     2
 94
        0
 94
        1
331
5BB
 74
     2
 94
        0
 94
        1
 75
     5
 95
      173
 76
     1
 94
        0
 95
      183
 76
     2
 94
        0
 94
        1
 95
      201
 76
     2
 94
        0
 94
        1
 95
      208
 76
     2
 94
        0
 94
        1
 95
      215
 76
     2
 94
        0
 94
        1
140
1.0
141
0.0
280
     0
  0
BLOCKSTRETCHACTION
  5
6A5
330
641
100
AcDbEvalExpr
 90
      330
 98
       33
 99
      197
100
AcDbBlockElement
300
Stretch27
 98
       33
 99
      197
1071
        0
100
AcDbBlockAction
 70
     1
 91
      149
 71
     4
330
646
330
357
330
60F
330
577
1010
2726.24534829971
1020
1498.450267367173
1030
0.0
100
AcDbBlockStretchAction
 92
      320
301
EndXDelta
 93
      320
302
EndYDelta
 72
     2
1011
787.622726884394
1021
4258.480612798445
1011
763.5562358864698
1021
4305.422607288572
 73
     2
331
60F
 74
     2
 94
        0
 94
        1
331
577
 74
     3
 94
        1
 94
        2
 94
        3
 75
     1
 95
      149
 76
     1
 94
        0
140
1.0
141
0.0
280
     0
  0
BLOCKLINEARPARAMETER
  5
6A6
330
641
100
AcDbEvalExpr
 90
      332
 98
       33
 99
      197
100
AcDbBlockElement
300
Linear10
 98
       33
 99
      197
1071
        0
100
AcDbBlockParameter
280
     1
281
     0
100
AcDbBlock2PtParameter
1010
2753.707697420876
1020
1481.835837790113
1030
0.0
1011
2753.707697420876
1021
1441.835837790113
1031
0.0
170
     4
 91
        0
 91
      333
 91
        0
 91
        0
171
     0
172
     0
173
     1
 94
      333
303
DisplacementX
174
     1
 95
      333
304
DisplacementY
177
     0
100
AcDbBlockLinearParameter
305
Overlap_4
306

140
26.19825074188702
307

 96
        1
141
0.0
142
0.0
143
0.0
175
     0
1001
ACAUTHENVIRON
1010
2784.272896779965
1020
1437.468889172911
1030
0.0
  0
BLOCKLINEARGRIP
  5
6A7
330
641
100
AcDbEvalExpr
 90
      333
 98
       33
 99
      197
100
AcDbBlockElement
300
End Grip
 98
       33
 99
      197
1071
        0
100
AcDbBlockGrip
 91
      334
 92
      335
1010
2753.707697420876
1020
1441.835837790113
1030
0.0
280
     1
 93
       -1
100
AcDbBlockLinearGrip
140
0.0
141
-40.0
142
0.0
  0
BLOCKGRIPLOCATIONCOMPONENT
  5
6A8
330
641
100
AcDbEvalExpr
 90
      334
 98
       33
 99
      197
  1

 70
    40
140
1.797693134862313E+99
100
AcDbBlockGripExpr
 91
      332
300
UpdatedEndX
  0
BLOCKGRIPLOCATIONCOMPONENT
  5
6A9
330
641
100
AcDbEvalExpr
 90
      335
 98
       33
 99
      197
  1

 70
    40
140
1.797693134862313E+99
100
AcDbBlockGripExpr
 91
      332
300
UpdatedEndY
  0
BLOCKSTRETCHACTION
  5
6AA
330
641
100
AcDbEvalExpr
 90
      342
 98
       33
 99
      197
100
AcDbBlockElement
300
Stretch28
 98
       33
 99
      197
1071
        0
100
AcDbBlockAction
 70
     0
 71
     2
330
6A7
330
630
1010
2784.106028158064
1020
1437.635757794812
1030
0.0
100
AcDbBlockStretchAction
 92
      332
301
EndXDelta
 93
      332
302
EndYDelta
 72
     2
1011
2770.226599195245
1021
1428.087814573733
1011
2700.225230190452
1021
1458.304938668712
 73
     1
331
630
 74
     2
 94
        0
 94
        1
 75
     0
140
1.0
141
0.0
280
     0
  0
BLOCKLINEARPARAMETER
  5
6AB
330
641
100
AcDbEvalExpr
 90
      345
 98
       33
 99
      197
100
AcDbBlockElement
300
Linear12
 98
       33
 99
      197
1071
        0
100
AcDbBlockParameter
280
     1
281
     0
100
AcDbBlock2PtParameter
1010
2510.509121255644
1020
1246.835483347578
1030
0.0
1011
2572.509121255644
1021
1246.835483347578
1031
0.0
170
     4
 91
        0
 91
      346
 91
        0
 91
        0
171
     0
172
     0
173
     1
 94
      346
303
DisplacementX
174
     1
 95
      346
304
DisplacementY
177
     0
100
AcDbBlockLinearParameter
305
Overlap_5
306

140
22.43967103336036
307

 96
        1
141
0.0
142
0.0
143
0.0
175
     0
1001
ACAUTHENVIRON
1010
2577.958124688829
1020
1263.826150947755
1030
0.0
  0
BLOCKLINEARGRIP
  5
6AC
330
641
100
AcDbEvalExpr
 90
      346
 98
       33
 99
      197
100
AcDbBlockElement
300
End Grip
 98
       33
 99
      197
1071
        0
100
AcDbBlockGrip
 91
      347
 92
      348
1010
2572.509121255644
1020
1246.835483347578
1030
0.0
280
     1
 93
       -1
100
AcDbBlockLinearGrip
140
62.0
141
0.0
142
0.0
  0
BLOCKGRIPLOCATIONCOMPONENT
  5
6AD
330
641
100
AcDbEvalExpr
 90
      347
 98
       33
 99
      197
  1

 70
    40
140
1.797693134862313E+99
100
AcDbBlockGripExpr
 91
      345
300
UpdatedEndX
  0
BLOCKGRIPLOCATIONCOMPONENT
  5
6AE
330
641
100
AcDbEvalExpr
 90
      348
 98
       33
 99
      197
  1

 70
    40
140
1.797693134862313E+99
100
AcDbBlockGripExpr
 91
      345
300
UpdatedEndY
  0
BLOCKLINEARPARAMETER
  5
6AF
330
641
100
AcDbEvalExpr
 90
      350
 98
       33
 99
      197
100
AcDbBlockElement
300
Linear13
 98
       33
 99
      197
1071
        0
100
AcDbBlockParameter
280
     1
281
     0
100
AcDbBlock2PtParameter
1010
2572.509121255644
1020
1179.835483347579
1030
0.0
1011
2572.509121255644
1021
1241.835483347579
1031
0.0
170
     4
 91
        0
 91
      351
 91
        0
 91
        0
171
     0
172
     0
173
     1
 94
      351
303
DisplacementX
174
     1
 95
      351
304
DisplacementY
177
     0
100
AcDbBlockLinearParameter
305
Overlap_6
306

140
-38.83257802046137
307

 96
        1
141
0.0
142
0.0
143
0.0
175
     0
1001
ACAUTHENVIRON
1010
2618.31538938879
1020
1234.861793234893
1030
0.0
  0
BLOCKLINEARGRIP
  5
6B0
330
641
100
AcDbEvalExpr
 90
      351
 98
       33
 99
      197
100
AcDbBlockElement
300
End Grip
 98
       33
 99
      197
1071
        0
100
AcDbBlockGrip
 91
      352
 92
      353
1010
2572.509121255644
1020
1241.835483347579
1030
0.0
280
     1
 93
       -1
100
AcDbBlockLinearGrip
140
0.0
141
62.0
142
0.0
  0
BLOCKGRIPLOCATIONCOMPONENT
  5
6B1
330
641
100
AcDbEvalExpr
 90
      352
 98
       33
 99
      197
  1

 70
    40
140
1.797693134862313E+99
100
AcDbBlockGripExpr
 91
      350
300
UpdatedEndX
  0
BLOCKGRIPLOCATIONCOMPONENT
  5
6B2
330
641
100
AcDbEvalExpr
 90
      353
 98
       33
 99
      197
  1

 70
    40
140
1.797693134862313E+99
100
AcDbBlockGripExpr
 91
      350
300
UpdatedEndY
  0
BLOCKLINEARPARAMETER
  5
6B3
330
641
100
AcDbEvalExpr
 90
      355
 98
       33
 99
      197
100
AcDbBlockElement
300
Linear14
 98
       33
 99
      197
1071
        0
100
AcDbBlockParameter
280
     1
281
     0
100
AcDbBlock2PtParameter
1010
2826.057158627591
1020
1241.835483347579
1030
0.0
1011
2764.057158627591
1021
1241.835483347579
1031
0.0
170
     4
 91
        0
 91
      356
 91
        0
 91
        0
171
     0
172
     0
173
     1
 94
      356
303
DisplacementX
174
     1
 95
      356
304
DisplacementY
177
     0
100
AcDbBlockLinearParameter
305
Overlap_7
306

140
-27.54395620172727
307

 96
        1
141
0.0
142
0.0
143
0.0
175
     0
1001
ACAUTHENVIRON
1010
2767.374005662856
1020
1266.062592514041
1030
0.0
  0
BLOCKLINEARGRIP
  5
6B4
330
641
100
AcDbEvalExpr
 90
      356
 98
       33
 99
      197
100
AcDbBlockElement
300
End Grip
 98
       33
 99
      197
1071
        0
100
AcDbBlockGrip
 91
      357
 92
      358
1010
2764.057158627591
1020
1241.835483347579
1030
0.0
280
     1
 93
       -1
100
AcDbBlockLinearGrip
140
-62.0
141
0.0
142
0.0
  0
BLOCKGRIPLOCATIONCOMPONENT
  5
6B5
330
641
100
AcDbEvalExpr
 90
      357
 98
       33
 99
      197
  1

 70
    40
140
1.797693134862313E+99
100
AcDbBlockGripExpr
 91
      355
300
UpdatedEndX
  0
BLOCKGRIPLOCATIONCOMPONENT
  5
6B6
330
641
100
AcDbEvalExpr
 90
      358
 98
       33
 99
      197
  1

 70
    40
140
1.797693134862313E+99
100
AcDbBlockGripExpr
 91
      355
300
UpdatedEndY
  0
BLOCKSTRETCHACTION
  5
6B7
330
641
100
AcDbEvalExpr
 90
      365
 98
       33
 99
      197
100
AcDbBlockElement
300
Stretch31
 98
       33
 99
      197
1071
        0
100
AcDbBlockAction
 70
     1
 91
      345
 71
     4
330
63A
330
6B0
330
6AB
330
6AC
1010
2614.023528093462
1020
1239.153654530222
1030
0.0
100
AcDbBlockStretchAction
 92
      350
301
EndXDelta
 93
      350
302
EndYDelta
 72
     2
1011
2585.780600340222
1021
1229.754593432113
1011
2502.125379950725
1021
1256.286709590695
 73
     1
331
63A
 74
     2
 94
        2
 94
        3
 75
     1
 95
      345
 76
     2
 94
        0
 94
        1
140
1.0
141
0.0
280
     0
  0
BLOCKSTRETCHACTION
  5
6B8
330
641
100
AcDbEvalExpr
 90
      366
 98
       33
 99
      197
100
AcDbBlockElement
300
Stretch32
 98
       33
 99
      197
1071
        0
100
AcDbBlockAction
 70
     0
 71
    10
330
608
330
5F8
330
5E8
330
5D9
330
5D7
330
5BA
330
5A9
330
598
330
588
330
586
1010
2635.052245659235
1020
1234.861793234893
1030
0.0
100
AcDbBlockStretchAction
 92
      350
301
EndXDelta
 93
      350
302
EndYDelta
 72
     2
1011
1479.066153795036
1021
2132.942526400617
1011
1163.16397775356
1021
2208.437618766231
 73
    10
331
5F8
 74
     2
 94
        0
 94
        1
331
608
 74
     2
 94
        0
 94
        1
331
586
 74
     2
 94
        0
 94
        1
331
588
 74
     3
 94
       26
 94
       27
 94
       28
331
598
 74
     2
 94
        0
 94
        1
331
5A9
 74
     2
 94
        0
 94
        1
331
5BA
 74
     2
 94
        0
 94
        1
331
5D7
 74
     2
 94
        0
 94
        1
331
5D9
 74
     3
 94
       26
 94
       27
 94
       28
331
5E8
 74
     2
 94
        0
 94
        1
 75
     0
140
1.0
141
0.0
280
     0
  0
BLOCKSTRETCHACTION
  5
6B9
330
641
100
AcDbEvalExpr
 90
      368
 98
       33
 99
      197
100
AcDbBlockElement
300
Stretch33
 98
       33
 99
      197
1071
        0
100
AcDbBlockAction
 70
     0
 71
     9
330
5BA
330
5B0
330
5A9
330
59F
330
598
330
58E
330
588
330
586
330
57C
1010
2650.94253266891
1020
1190.841742967673
1030
0.0
100
AcDbBlockStretchAction
 92
      345
301
EndXDelta
 93
      345
302
EndYDelta
 72
     2
1011
1243.291271544003
1021
-9.4673784408551
1011
1202.175617423287
1021
2195.602012119842
 73
     9
331
57C
 74
     2
 94
        0
 94
        1
331
586
 74
     2
 94
        0
 94
        1
331
588
 74
     4
 94
       25
 94
       26
 94
       27
 94
       28
331
58E
 74
     2
 94
        0
 94
        1
331
598
 74
     2
 94
        0
 94
        1
331
59F
 74
     2
 94
        0
 94
        1
331
5A9
 74
     2
 94
        0
 94
        1
331
5B0
 74
     2
 94
        0
 94
        1
331
5BA
 74
     2
 94
        0
 94
        1
 75
     0
140
1.0
141
0.0
280
     0
  0
BLOCKLINEARPARAMETER
  5
6BA
330
641
100
AcDbEvalExpr
 90
      371
 98
       33
 99
      197
100
AcDbBlockElement
300
Linear15
 98
       33
 99
      197
1071
        0
100
AcDbBlockParameter
280
     1
281
     0
100
AcDbBlock2PtParameter
1010
2826.057158627591
1020
1241.835483347579
1030
0.0
1011
2826.057158627591
1021
1179.835483347579
1031
0.0
170
     4
 91
        0
 91
      372
 91
        0
 91
        0
171
     0
172
     0
173
     1
 94
      372
303
DisplacementX
174
     1
 95
      372
304
DisplacementY
177
     0
100
AcDbBlockLinearParameter
305
Overlap_8
306

140
27.98861942224903
307

 96
        1
141
0.0
142
0.0
143
0.0
175
     0
1001
ACAUTHENVIRON
1010
2863.189817941509
1020
1170.69144345591
1030
0.0
  0
BLOCKLINEARGRIP
  5
6BB
330
641
100
AcDbEvalExpr
 90
      372
 98
       33
 99
      197
100
AcDbBlockElement
300
End Grip
 98
       33
 99
      197
1071
        0
100
AcDbBlockGrip
 91
      373
 92
      374
1010
2826.057158627591
1020
1179.835483347579
1030
0.0
280
     1
 93
       -1
100
AcDbBlockLinearGrip
140
0.0
141
-62.0
142
0.0
  0
BLOCKGRIPLOCATIONCOMPONENT
  5
6BC
330
641
100
AcDbEvalExpr
 90
      373
 98
       33
 99
      197
  1

 70
    40
140
1.797693134862313E+99
100
AcDbBlockGripExpr
 91
      371
300
UpdatedEndX
  0
BLOCKGRIPLOCATIONCOMPONENT
  5
6BD
330
641
100
AcDbEvalExpr
 90
      374
 98
       33
 99
      197
  1

 70
    40
140
1.797693134862313E+99
100
AcDbBlockGripExpr
 91
      371
300
UpdatedEndY
  0
BLOCKSTRETCHACTION
  5
6BE
330
641
100
AcDbEvalExpr
 90
      376
 98
       33
 99
      197
100
AcDbBlockElement
300
Stretch34
 98
       33
 99
      197
1071
        0
100
AcDbBlockAction
 70
     0
 71
     2
330
6B4
330
63B
1010
2768.862337486123
1020
1264.574260690774
1030
0.0
100
AcDbBlockStretchAction
 92
      355
301
EndXDelta
 93
      355
302
EndYDelta
 72
     2
1011
2780.056675095788
1021
1164.336225564613
1011
2750.224913633312
1021
1260.577940311119
 73
     1
331
63B
 74
     2
 94
        0
 94
        3
 75
     0
140
1.0
141
0.0
280
     0
  0
BLOCKSTRETCHACTION
  5
6BF
330
641
100
AcDbEvalExpr
 90
      377
 98
       33
 99
      197
100
AcDbBlockElement
300
Stretch35
 98
       33
 99
      197
1071
        0
100
AcDbBlockAction
 70
     0
 71
     9
330
608
330
5FE
330
5F8
330
5EE
330
5E8
330
5DE
330
5D9
330
5D7
330
5CD
1010
2768.317865151393
1020
1268.126290571717
1030
0.0
100
AcDbBlockStretchAction
 92
      355
301
EndXDelta
 93
      355
302
EndYDelta
 72
     2
1011
1416.896808351186
1021
-9.112497803373116
1011
1388.069805159757
1021
2172.31577706612
 73
     9
331
5F8
 74
     2
 94
        0
 94
        1
331
5FE
 74
     2
 94
        0
 94
        1
331
608
 74
     2
 94
        0
 94
        1
331
5CD
 74
     2
 94
        0
 94
        1
331
5D7
 74
     2
 94
        0
 94
        1
331
5D9
 74
     4
 94
       25
 94
       26
 94
       27
 94
       28
331
5DE
 74
     2
 94
        0
 94
        1
331
5E8
 74
     2
 94
        0
 94
        1
331
5EE
 74
     2
 94
        0
 94
        1
 75
     0
140
1.0
141
0.0
280
     0
  0
BLOCKSTRETCHACTION
  5
6C0
330
641
100
AcDbEvalExpr
 90
      378
 98
       33
 99
      197
100
AcDbBlockElement
300
Stretch36
 98
       33
 99
      197
1071
        0
100
AcDbBlockAction
 70
     0
 71
     2
330
610
330
577
1010
2783.294871432127
1020
1266.062592514041
1030
0.0
100
AcDbBlockStretchAction
 92
      355
301
EndXDelta
 93
      355
302
EndYDelta
 72
     2
1011
801.1117401035372
1021
3873.532246569143
1011
762.857457812286
1021
3932.526345653517
 73
     2
331
610
 74
     2
 94
        0
 94
        1
331
577
 74
     3
 94
       20
 94
       21
 94
       22
 75
     0
140
1.0
141
0.0
280
     0
  0
BLOCKSTRETCHACTION
  5
6C1
330
641
100
AcDbEvalExpr
 90
      379
 98
       33
 99
      197
100
AcDbBlockElement
300
Stretch37
 98
       33
 99
      197
1071
        0
100
AcDbBlockAction
 70
     0
 71
     2
330
577
330
56A
1010
2591.035732928471
1020
1263.826150947755
1030
0.0
100
AcDbBlockStretchAction
 92
      345
301
EndXDelta
 93
      345
302
EndYDelta
 72
     2
1011
1867.277250935134
1021
3865.215045042853
1011
1826.591376403085
1021
3942.530909561599
 73
     2
331
56A
 74
     2
 94
        0
 94
        1
331
577
 74
     3
 94
       23
 94
       24
 94
       25
 75
     0
140
1.0
141
0.0
280
     0
  0
BLOCKSTRETCHACTION
  5
6C2
330
641
100
AcDbEvalExpr
 90
      380
 98
       33
 99
      197
100
AcDbBlockElement
300
Stretch38
 98
       33
 99
      197
1071
        0
100
AcDbBlockAction
 70
     0
 71
     2
330
6BB
330
63B
1010
2862.981703289745
1020
1170.899558107674
1030
0.0
100
AcDbBlockStretchAction
 92
      371
301
EndXDelta
 93
      371
302
EndYDelta
 72
     2
1011
2839.796431497788
1021
1165.844604918497
1011
2750.883934040627
1021
1202.400032973965
 73
     1
331
63B
 74
     2
 94
        0
 94
        1
 75
     0
140
1.0
141
0.0
280
     0
  0
BLOCKSTRETCHACTION
  5
6C3
330
641
100
AcDbEvalExpr
 90
      381
 98
       33
 99
      197
100
AcDbBlockElement
300
Stretch39
 98
       33
 99
      197
1071
        0
100
AcDbBlockAction
 70
     0
 71
     3
330
610
330
577
330
56A
1010
2885.135513681514
1020
1170.69144345591
1030
0.0
100
AcDbBlockStretchAction
 92
      371
301
EndXDelta
 93
      371
302
EndYDelta
 72
     2
1011
1920.81318854633
1021
3843.908711437656
1011
681.3562527204194
1021
3932.471457828498
 73
     3
331
610
 74
     2
 94
        0
 94
        1
331
56A
 74
     2
 94
        0
 94
        1
331
577
 74
     6
 94
       20
 94
       21
 94
       22
 94
       23
 94
       24
 94
       25
 75
     0
140
1.0
141
0.0
280
     0
  0
BLOCKLINEARPARAMETER
  5
6C4
330
641
100
AcDbEvalExpr
 90
      382
 98
       33
 99
      197
100
AcDbBlockElement
300
Linear16
 98
       33
 99
      197
1071
        0
100
AcDbBlockParameter
280
     1
281
     0
100
AcDbBlock2PtParameter
1010
2668.942136938538
1020
806.5098301701471
1030
0.0
1011
2668.942136938538
1021
756.5098301701472
1031
0.0
170
     4
 91
        0
 91
      383
 91
        0
 91
        0
171
     0
172
     0
173
     1
 94
      383
303
DisplacementX
174
     1
 95
      383
304
DisplacementY
177
     0
100
AcDbBlockLinearParameter
305
underfloor
306

140
25.81499514453753
307

 96
        1
141
0.0
142
0.0
143
0.0
175
     0
1001
ACAUTHENVIRON
1010
2705.278061675296
1020
745.9889005779277
1030
0.0
  0
BLOCKLINEARGRIP
  5
6C5
330
641
100
AcDbEvalExpr
 90
      383
 98
       33
 99
      197
100
AcDbBlockElement
300
End Grip
 98
       33
 99
      197
1071
        0
100
AcDbBlockGrip
 91
      384
 92
      385
1010
2668.942136938538
1020
756.5098301701472
1030
0.0
280
     1
 93
       -1
100
AcDbBlockLinearGrip
140
0.0
141
-50.0
142
0.0
  0
BLOCKGRIPLOCATIONCOMPONENT
  5
6C6
330
641
100
AcDbEvalExpr
 90
      384
 98
       33
 99
      197
  1

 70
    40
140
1.797693134862313E+99
100
AcDbBlockGripExpr
 91
      382
300
UpdatedEndX
  0
BLOCKGRIPLOCATIONCOMPONENT
  5
6C7
330
641
100
AcDbEvalExpr
 90
      385
 98
       33
 99
      197
  1

 70
    40
140
1.797693134862313E+99
100
AcDbBlockGripExpr
 91
      382
300
UpdatedEndY
  0
BLOCKSTRETCHACTION
  5
6C8
330
641
100
AcDbEvalExpr
 90
      388
 98
       33
 99
      197
100
AcDbBlockElement
300
Stretch40
 98
       33
 99
      197
1071
        0
100
AcDbBlockAction
 70
     0
 71
     2
330
6C5
330
63C
1010
2711.146869431078
1020
740.1200928221444
1030
0.0
100
AcDbBlockStretchAction
 92
      382
301
EndXDelta
 93
      382
302
EndYDelta
 72
     2
1011
2728.248316347032
1021
721.1537484028631
1011
2639.614323597314
1021
781.7868898093767
 73
     1
331
63C
 74
     1
 94
        1
 75
     0
140
1.0
141
0.0
280
     0
  0
BLOCKSTRETCHACTION
  5
6C9
330
641
100
AcDbEvalExpr
 90
      389
 98
       33
 99
      197
100
AcDbBlockElement
300
Stretch41
 98
       33
 99
      197
1071
        0
100
AcDbBlockAction
 70
     4
 91
      183
 91
      201
 91
      208
 91
      215
 71
    74
330
66A
330
666
330
661
330
65B
330
60B
330
60A
330
601
330
600
330
5FF
330
5FE
330
5FD
330
5FC
330
5FB
330
5FA
330
5F1
330
5F0
330
5EF
330
5EE
330
5ED
330
5EC
330
5EB
330
5EA
330
5E1
330
5E0
330
5DF
330
5DE
330
5DD
330
5DC
330
5DB
330
5DA
330
5D9
330
5D0
330
5CF
330
5CE
330
5CD
330
5CC
330
5CB
330
5CA
330
5C9
330
5C4
330
5C3
330
5B3
330
5B2
330
5B1
330
5B0
330
5AF
330
5AE
330
5AD
330
5AC
330
5A2
330
5A1
330
5A0
330
59F
330
59E
330
59D
330
59C
330
59B
330
591
330
590
330
58F
330
58E
330
58D
330
58C
330
58B
330
58A
330
588
330
57F
330
57E
330
57D
330
57C
330
57B
330
57A
330
579
330
578
1010
2926.159660105895
1020
688.4502631046119
1030
0.0
100
AcDbBlockStretchAction
 92
      382
301
EndXDelta
 93
      382
302
EndYDelta
 72
     2
1011
1891.680598716673
1021
-64.70720769281979
1011
816.0142163508572
1021
48.90703627896437
 73
    70
331
5F0
 74
     2
 94
        0
 94
        1
331
5F1
 74
     2
 94
        0
 94
        1
331
5FA
 74
     2
 94
        0
 94
        1
331
5FB
 74
     2
 94
        0
 94
        1
331
5FC
 74
     2
 94
        0
 94
        1
331
5FD
 74
     2
 94
        0
 94
        1
331
5FE
 74
     2
 94
        0
 94
        1
331
5FF
 74
     2
 94
        0
 94
        1
331
600
 74
     2
 94
        0
 94
        1
331
601
 74
     2
 94
        0
 94
        1
331
60A
 74
     4
 94
        0
 94
        1
 94
        2
 94
        3
331
60B
 74
     4
 94
        0
 94
        1
 94
        2
 94
        3
331
578
 74
     2
 94
        0
 94
        1
331
579
 74
     2
 94
        0
 94
        1
331
57A
 74
     2
 94
        0
 94
        1
331
57B
 74
     2
 94
        0
 94
        1
331
57C
 74
     2
 94
        0
 94
        1
331
57D
 74
     2
 94
        0
 94
        1
331
57E
 74
     2
 94
        0
 94
        1
331
57F
 74
     2
 94
        0
 94
        1
331
588
 74
     2
 94
       24
 94
       25
331
58A
 74
     2
 94
        0
 94
        1
331
58B
 74
     2
 94
        0
 94
        1
331
58C
 74
     2
 94
        0
 94
        1
331
58D
 74
     2
 94
        0
 94
        1
331
58E
 74
     2
 94
        0
 94
        1
331
58F
 74
     2
 94
        0
 94
        1
331
590
 74
     2
 94
        0
 94
        1
331
591
 74
     2
 94
        0
 94
        1
331
59B
 74
     2
 94
        0
 94
        1
331
59C
 74
     2
 94
        0
 94
        1
331
59D
 74
     2
 94
        0
 94
        1
331
59E
 74
     2
 94
        0
 94
        1
331
59F
 74
     2
 94
        0
 94
        1
331
5A0
 74
     2
 94
        0
 94
        1
331
5A1
 74
     2
 94
        0
 94
        1
331
5A2
 74
     2
 94
        0
 94
        1
331
5AC
 74
     2
 94
        0
 94
        1
331
5AD
 74
     2
 94
        0
 94
        1
331
5AE
 74
     2
 94
        0
 94
        1
331
5AF
 74
     2
 94
        0
 94
        1
331
5B0
 74
     2
 94
        0
 94
        1
331
5B1
 74
     2
 94
        0
 94
        1
331
5B2
 74
     2
 94
        0
 94
        1
331
5B3
 74
     2
 94
        0
 94
        1
331
5C3
 74
     4
 94
        0
 94
        1
 94
        2
 94
        3
331
5C4
 74
     4
 94
        0
 94
        1
 94
        2
 94
        3
331
5C9
 74
     2
 94
        0
 94
        1
331
5CA
 74
     2
 94
        0
 94
        1
331
5CB
 74
     2
 94
        0
 94
        1
331
5CC
 74
     2
 94
        0
 94
        1
331
5CD
 74
     2
 94
        0
 94
        1
331
5CE
 74
     2
 94
        0
 94
        1
331
5CF
 74
     2
 94
        0
 94
        1
331
5D0
 74
     2
 94
        0
 94
        1
331
5D9
 74
     2
 94
       24
 94
       25
331
5DA
 74
     2
 94
        0
 94
        1
331
5DB
 74
     2
 94
        0
 94
        1
331
5DC
 74
     2
 94
        0
 94
        1
331
5DD
 74
     2
 94
        0
 94
        1
331
5DE
 74
     2
 94
        0
 94
        1
331
5DF
 74
     2
 94
        0
 94
        1
331
5E0
 74
     2
 94
        0
 94
        1
331
5E1
 74
     2
 94
        0
 94
        1
331
5EA
 74
     2
 94
        0
 94
        1
331
5EB
 74
     2
 94
        0
 94
        1
331
5EC
 74
     2
 94
        0
 94
        1
331
5ED
 74
     2
 94
        0
 94
        1
331
5EE
 74
     2
 94
        0
 94
        1
331
5EF
 74
     2
 94
        0
 94
        1
 75
     4
 95
      183
 76
     1
 94
        0
 95
      201
 76
     1
 94
        0
 95
      208
 76
     1
 94
        0
 95
      215
 76
     1
 94
        0
140
1.0
141
0.0
280
     0
  0
ACDB_DYNAMICBLOCKPROXYNODE
  5
6CA
330
641
100
AcDbEvalExpr
 90
      391
 98
       33
 99
      197
  0
BLOCKVISIBILITYPARAMETER
  5
A3D
330
A3C
100
AcDbEvalExpr
 90
      132
 98
       33
 99
      197
100
AcDbBlockElement
300
Visibility State
 98
       33
 99
      197
1071
        0
100
AcDbBlockParameter
280
     1
281
     0
100
AcDbBlock1PtParameter
1010
1842.436118330865
1020
1171.803542846199
1030
0.0
 93
      133
170
     0
171
     0
100
AcDbBlockVisibilityParameter
281
     1
301
ACCESSORY
302

 91
        0
 93
      243
331
A10
331
97E
331
98F
331
9EB
331
9F7
331
993
331
9C0
331
A13
331
99A
331
9B9
331
99C
331
A08
331
991
331
9C2
331
997
331
9BC
331
A16
331
9E3
331
970
331
A04
331
9A6
331
A25
331
9EF
331
987
331
9DC
331
956
331
9D0
331
963
331
95E
331
9D5
331
965
331
A32
331
947
331
980
331
99F
331
A0E
331
9FF
331
9EC
331
9F3
331
973
331
A1E
331
9A1
331
9A7
331
A24
331
9A2
331
A20
331
9AB
331
A17
331
9A0
331
9A9
331
9B5
331
97F
331
996
331
9BD
331
A00
331
96C
331
A02
331
972
331
982
331
99D
331
969
331
9E2
331
A1D
331
9AE
331
967
331
9B3
331
9A8
331
A2C
331
9BF
331
994
331
A22
331
A19
331
A1B
331
A0A
331
984
331
A11
331
97D
331
9F1
331
971
331
A05
331
992
331
9C1
331
97B
331
A12
331
99B
331
9B8
331
A09
331
A2F
331
990
331
9C3
331
999
331
9BA
331
9DD
331
9A5
331
9FE
331
97A
331
A14
331
9EA
331
948
331
9CB
331
A39
331
944
331
A2A
331
95D
331
A21
331
9AA
331
9A3
331
A1A
331
951
331
9CA
331
A38
331
A28
331
9AC
331
A2D
331
A0B
331
9BE
331
995
331
943
331
9B0
331
A27
331
9B6
331
95A
331
A35
331
986
331
9F6
331
98B
331
9E7
331
9FB
331
9AD
331
950
331
9CF
331
A2E
331
9AF
331
A1C
331
A26
331
9B1
331
961
331
9B7
331
95B
331
A18
331
942
331
94F
331
A3A
331
9D2
331
959
331
9B2
331
9A4
331
99E
331
A0F
331
9B4
331
9BB
331
998
331
95F
331
A29
331
966
331
9DF
331
A15
331
958
331
A06
331
976
331
98A
331
9E6
331
9FA
331
A0C
331
9E9
331
989
331
979
331
9FD
331
9F2
331
988
331
A1F
331
A2B
331
95C
331
978
331
A01
331
981
331
A0D
331
9EE
331
96E
331
945
331
9D9
331
9DA
331
A23
331
A03
331
983
331
9FC
331
968
331
98E
331
9D7
331
9F0
331
96F
331
964
331
9CC
331
9DB
331
953
331
9E8
331
977
331
A07
331
9CE
331
9E0
331
98C
331
9D1
331
946
331
9D6
331
949
331
954
331
960
331
9C8
331
957
331
9F9
331
96A
331
9E1
331
975
331
9E5
331
9C7
331
9F4
331
962
331
955
331
94A
331
9C4
331
98D
331
96B
331
9CD
331
9D8
331
9F5
331
974
331
9F8
331
96D
331
9D4
331
9E4
331
9C5
331
94E
331
9ED
331
97C
331
985
331
9C6
331
94D
331
9D3
331
952
331
9C9
331
94B
331
9DE
331
94C
 92
        7
303
Devon
 94
      228
332
9D1
332
9C9
332
9C5
332
9CD
332
992
332
9C1
332
996
332
9BD
332
9B9
332
99A
332
94E
332
952
332
95A
332
94A
332
946
332
9DA
332
9D6
332
A18
332
942
332
A14
332
9D2
332
9CA
332
9CE
332
991
332
9C2
332
9B6
332
9BE
332
995
332
9BA
332
999
332
951
332
959
332
949
332
945
332
A06
332
A2C
332
9DD
332
9D5
332
9D9
332
9E1
332
95E
332
962
332
966
332
96A
332
9B1
332
A26
332
961
332
95D
332
A02
332
972
332
96E
332
976
332
97A
332
989
332
9E9
332
982
332
98A
332
99D
332
9F2
332
9E6
332
9EE
332
9E0
332
9E4
332
9B3
332
96B
332
967
332
9BF
332
994
332
A28
332
97F
332
954
332
94C
332
948
332
9CB
332
9D7
332
947
332
960
332
97D
332
A11
332
979
332
A09
332
990
332
9C3
332
975
332
9AE
332
A1D
332
9AA
332
969
332
9E2
332
9A0
332
988
332
9FD
332
9B8
332
99B
332
A27
332
9B0
332
9C0
332
993
332
953
332
95B
332
9B7
332
957
332
A0B
332
A12
332
9DF
332
958
332
9DB
332
9CC
332
968
332
98E
332
A0E
332
99F
332
980
332
964
332
9C8
332
A2B
332
95C
332
9A1
332
A1F
332
9AB
332
A20
332
A19
332
9A8
332
9A4
332
9A7
332
9A3
332
A1E
332
A1A
332
9FC
332
A00
332
96C
332
A03
332
983
332
9F7
332
98F
332
9EB
332
973
332
9F3
332
9AF
332
A1C
332
9A6
332
A25
332
A16
332
997
332
9BC
332
970
332
A04
332
9E8
332
99E
332
A0F
332
977
332
A07
332
9A9
332
9A2
332
9AC
332
9B4
332
A1B
332
A0A
332
984
332
A13
332
A08
332
9F1
332
971
332
A05
332
A15
332
986
332
9F6
332
98B
332
9E7
332
9FB
332
9C7
332
9D0
332
963
332
9DC
332
956
332
9E5
332
A01
332
981
332
A0D
332
9FE
332
97E
332
A10
332
9EA
332
978
332
9F0
332
96F
332
9F4
332
9F8
332
987
332
9EF
332
974
332
97B
332
9EC
332
9FF
332
94F
332
9ED
332
9F5
332
97C
332
98C
332
9FA
332
9F9
332
99C
332
9E3
332
94D
332
9C6
332
94B
332
943
332
950
332
9CF
332
944
332
9BB
332
998
332
95F
332
9D3
332
9B5
332
955
332
9A5
332
965
332
9D8
332
9AD
332
98D
332
96D
332
9D4
332
9B2
332
985
332
A0C
332
9C4
332
9DE
 95
       67
333
A8A
333
A82
333
A86
333
A7E
333
A56
333
A52
333
A5A
333
A66
333
A62
333
A46
333
A42
333
ABD
333
AB9
333
A4B
333
A57
333
A47
333
AB4
333
ABC
333
AC3
333
A4C
333
A50
333
ABE
333
ABA
333
AB2
333
A41
333
A45
333
A93
333
A97
333
A9F
333
ABB
333
AB3
333
A48
333
A51
333
A4D
333
A55
333
A79
333
A7D
333
A85
333
A81
333
A5D
333
A65
333
A61
333
A73
333
A6F
333
A6B
333
A83
333
A7F
333
A5B
333
A6C
333
A70
333
A7C
333
A80
333
A84
333
A5C
333
A60
333
A98
333
A94
333
AA0
333
A6A
333
A76
333
A96
333
A9E
333
A69
333
A99
333
A95
333
AA5
333
AC4
303
Euroart roller
 94
      222
332
99F
332
9A3
332
9A2
332
9A7
332
9AB
332
9AA
332
9A6
332
A19
332
942
332
A18
332
A20
332
9BA
332
999
332
9BE
332
995
332
9C2
332
991
332
98D
332
986
332
982
332
97E
332
99D
332
A10
332
A08
332
A04
332
980
332
A0E
332
A12
332
A06
332
9C0
332
993
332
9BC
332
997
332
9B8
332
99B
332
98F
332
A16
332
970
332
968
332
97D
332
989
332
A11
332
A09
332
9BF
332
994
332
9C3
332
990
332
979
332
975
332
97B
332
9C1
332
992
332
9BD
332
996
332
9B9
332
99A
332
98E
332
97F
332
A13
332
A0B
332
976
332
972
332
9F6
332
9FE
332
A02
332
966
332
96A
332
9DF
332
9E3
332
9EB
332
9F9
332
9E9
332
9E5
332
9DD
332
9E1
332
A29
332
A1E
332
A1A
332
9A1
332
9A5
332
9A9
332
A17
332
9A0
332
A1F
332
A2B
332
95C
332
9B3
332
967
332
A2A
332
95D
332
A07
332
977
332
A0C
332
A14
332
97A
332
98B
332
9E7
332
9FB
332
A03
332
983
332
9F7
332
984
332
9FC
332
A00
332
96C
332
9E6
332
98A
332
9FA
332
A0F
332
99E
332
969
332
9E2
332
99C
332
998
332
9BB
332
9A4
332
9A8
332
9AC
332
95F
332
9B4
332
A1D
332
9AE
332
9B5
332
9F1
332
971
332
A05
332
9FD
332
9D2
332
9F2
332
988
332
A1B
332
A15
332
985
332
A01
332
981
332
A0D
332
9EA
332
9F3
332
973
332
9EC
332
96F
332
9F0
332
965
332
9FF
332
97C
332
9B6
332
9EE
332
96E
332
945
332
9D9
332
961
332
9B1
332
9DA
332
978
332
9EF
332
987
332
9DC
332
956
332
9D0
332
963
332
95E
332
9D5
332
9D7
332
947
332
9ED
332
98C
332
943
332
9B0
332
9E0
332
9F4
332
A2C
332
9B7
332
95B
332
A1C
332
9AF
332
9E8
332
9D8
332
96B
332
9CD
332
951
332
9CA
332
964
332
9CC
332
9DB
332
953
332
9CE
332
9D6
332
946
332
948
332
9CB
332
94F
332
9F8
332
974
332
954
332
960
332
9C8
332
96D
332
962
332
9D4
332
9E4
332
9C5
332
94E
332
950
332
9CF
332
94B
332
949
332
9C9
332
952
332
9C7
332
955
332
9D1
332
94C
332
9AD
332
9F5
332
9B2
332
9C4
332
9C6
332
94D
332
9D3
332
944
332
94A
332
9DE
 95
       20
333
A6C
333
A6F
333
A6B
333
A65
333
A61
333
A5D
333
A85
333
A41
333
A4D
333
A4C
333
A48
333
A42
333
A47
333
A52
333
A56
333
A62
333
A66
333
A86
333
A5C
333
A57
303
Euroart
 94
      228
332
9B9
332
99A
332
996
332
9BD
332
992
332
9C1
332
987
332
97F
332
983
332
99E
332
9A2
332
A0F
332
97B
332
A0E
332
A06
332
980
332
99F
332
9A3
332
9BC
332
997
332
A16
332
A1A
332
9A8
332
9A4
332
9AC
332
9A0
332
A1B
332
A1F
332
A24
332
A20
332
A1C
332
9A7
332
9AB
332
9AF
332
9B3
332
942
332
A18
332
A14
332
A19
332
9AE
332
9A6
332
9AA
332
A1D
332
A25
332
A1E
332
9A9
332
9A5
332
9A1
332
99D
332
95B
332
9B7
332
967
332
98A
332
982
332
97E
332
9E6
332
9EE
332
9EA
332
9F2
332
9E2
332
976
332
96E
332
972
332
97A
332
9FE
332
A02
332
A10
332
969
332
959
332
9B5
332
A26
332
961
332
9B1
332
9FC
332
A04
332
970
332
A00
332
96C
332
973
332
977
332
A07
332
A03
332
9EF
332
9EB
332
98F
332
9F3
332
A27
332
9B0
332
A2B
332
95C
332
9D2
332
945
332
9D9
332
9BA
332
999
332
A28
332
9B6
332
95A
332
A2C
332
9BF
332
994
332
9B2
332
9E8
332
979
332
9E9
332
989
332
A09
332
990
332
9C3
332
9DD
332
A12
332
99B
332
9B8
332
988
332
96D
332
9FD
332
986
332
9F6
332
984
332
A13
332
991
332
9C2
332
A08
332
A11
332
97D
332
9F1
332
971
332
A05
332
965
332
9D6
332
946
332
95D
332
9E5
332
9E1
332
96A
332
9DA
332
966
332
9CE
332
962
332
955
332
9CA
332
951
332
948
332
9CB
332
9D1
332
9E0
332
956
332
9DC
332
9E7
332
98B
332
978
332
96B
332
9CD
332
96F
332
9F0
332
9FF
332
9EC
332
9D0
332
963
332
95E
332
9D5
332
9E4
332
9C5
332
94E
332
95F
332
9BB
332
998
332
964
332
9CC
332
958
332
9DB
332
9C0
332
993
332
953
332
968
332
98E
332
9D7
332
947
332
949
332
943
332
944
332
950
332
9CF
332
954
332
9D8
332
9C7
332
952
332
9C9
332
94C
332
995
332
9BE
332
99C
332
9E3
332
9F7
332
974
332
9FB
332
9F8
332
9F5
332
9ED
332
97C
332
A01
332
981
332
A0D
332
9F9
332
94D
332
9C6
332
94B
332
9FA
332
975
332
9F4
332
A0B
332
9DF
332
A15
332
9B4
332
A0C
332
9AD
332
985
332
98D
332
957
332
9C8
332
960
332
94A
332
94F
332
98C
332
9D4
332
9D3
332
9C4
332
9DE
 95
       31
333
A85
333
A5D
333
A61
333
A65
333
A60
333
A5C
333
A69
333
A51
333
A4D
333
A55
333
A45
333
A41
333
A5B
333
A57
333
A4B
333
A48
333
A4C
333
A50
333
A47
333
A6A
333
A66
333
A62
333
A5A
333
A56
333
A52
333
A86
333
A46
333
A42
333
A6F
333
A6B
333
A6C
303
Consort
 94
      185
332
9D1
332
9CD
332
9C5
332
9C9
332
983
332
97F
332
98B
332
98F
332
9BC
332
997
332
9B8
332
99B
332
9E7
332
9EF
332
9EB
332
9F3
332
9BD
332
996
332
9B9
332
99A
332
9C1
332
992
332
A13
332
A0B
332
97B
332
973
332
96F
332
96B
332
963
332
967
332
A03
332
9F7
332
9DD
332
9D9
332
9D5
332
9E1
332
962
332
95E
332
966
332
96A
332
9DC
332
9D8
332
9D0
332
9B3
332
980
332
A0E
332
A12
332
99F
332
978
332
A16
332
A15
332
97D
332
989
332
A11
332
A09
332
9C3
332
990
332
9BF
332
994
332
979
332
A08
332
999
332
9BA
332
9BE
332
995
332
991
332
9C2
332
982
332
9A1
332
99D
332
9E9
332
9E5
332
9A9
332
9A5
332
9F1
332
971
332
A05
332
9D6
332
9DA
332
9D2
332
95D
332
961
332
9B1
332
974
332
970
332
A04
332
9F0
332
9A6
332
9A2
332
9DF
332
987
332
9FB
332
972
332
A02
332
9F2
332
9E6
332
98A
332
976
332
A06
332
9EE
332
96E
332
A14
332
97A
332
A10
332
97E
332
986
332
9F6
332
984
332
988
332
9FC
332
A00
332
96C
332
A01
332
981
332
A0D
332
9FD
332
975
332
9EA
332
9B0
332
9B4
332
9A7
332
9A3
332
9FE
332
9AB
332
9AA
332
9AE
332
9A8
332
9A0
332
969
332
9E2
332
99C
332
993
332
9C0
332
A07
332
977
332
998
332
9BB
332
9FA
332
A0F
332
99E
332
9E3
332
98E
332
968
332
98D
332
9D7
332
9A4
332
964
332
9CC
332
9DB
332
9E8
332
98C
332
9F8
332
9EC
332
9FF
332
9F4
332
985
332
9F9
332
9D4
332
96D
332
9E0
332
95F
332
9F5
332
965
332
9B5
332
A0C
332
9CE
332
9ED
332
97C
332
9C4
332
960
332
9C8
332
9C6
332
9CA
332
9CB
332
9AF
332
9E4
332
9C7
332
9B7
332
9CF
332
9B2
332
9AC
332
9DE
332
9D3
332
9B6
332
9AD
 95
       31
333
A6A
333
A60
333
A5C
333
A66
333
A62
333
A5A
333
A86
333
A56
333
A52
333
A46
333
A42
333
A5B
333
A57
333
A4B
333
A48
333
A4C
333
A50
333
A47
333
A45
333
A41
333
A4D
333
A51
333
A55
333
A69
333
A61
333
A65
333
A5D
333
A85
333
A6F
333
A6B
333
A6C
303
Tesa
 94
      186
332
989
332
97D
332
A05
332
A11
332
A09
332
975
332
971
332
979
332
A15
332
9BB
332
998
332
9BF
332
994
332
9C3
332
990
332
99C
332
9A0
332
A0C
332
A10
332
A08
332
A04
332
97E
332
986
332
982
332
98A
332
A14
332
97A
332
976
332
972
332
96E
332
9C2
332
991
332
9BA
332
999
332
99D
332
9A1
332
96C
332
970
332
A00
332
9FC
332
984
332
988
332
9BC
332
997
332
9B8
332
99B
332
A16
332
A12
332
A06
332
A02
332
9FE
332
9FA
332
9F6
332
9F2
332
9E6
332
9EA
332
9EE
332
9E2
332
9F1
332
9E9
332
9ED
332
9E5
332
9FD
332
969
332
962
332
966
332
9A5
332
9A9
332
9DD
332
9D9
332
9A4
332
9CE
332
961
332
9B1
332
9DA
332
9A6
332
992
332
9C1
332
97B
332
98F
332
9EB
332
A0B
332
A13
332
99A
332
9B9
332
993
332
9C0
332
9DF
332
9E3
332
9AB
332
9A7
332
9A3
332
99F
332
A0E
332
980
332
9F7
332
9B0
332
9A8
332
A0F
332
99E
332
996
332
9BD
332
97F
332
967
332
9B3
332
A07
332
977
332
9B4
332
9A2
332
9E8
332
9AE
332
9AA
332
978
332
9E7
332
98B
332
96F
332
9F0
332
9E0
332
A0D
332
981
332
A01
332
98E
332
968
332
9F9
332
995
332
9BE
332
96A
332
9E1
332
9EC
332
9F3
332
973
332
9FF
332
9F4
332
97C
332
9D7
332
9EF
332
987
332
9DC
332
9D0
332
963
332
95E
332
9D5
332
964
332
9CC
332
9DB
332
98C
332
983
332
A03
332
A23
332
9FB
332
9D2
332
9F8
332
974
332
9D6
332
95D
332
9D4
332
96D
332
95F
332
98D
332
985
332
96B
332
9CD
332
965
332
9B5
332
9D8
332
9F5
332
960
332
9C8
332
9C6
332
9CA
332
9CB
332
9AF
332
9E4
332
9C5
332
9D1
332
9C9
332
9C7
332
9B2
332
9B6
332
9B7
332
9C4
332
9CF
332
9AC
332
9DE
332
9D3
332
9AD
 95
       31
333
A85
333
A5D
333
A61
333
A65
333
A60
333
A5C
333
A69
333
A51
333
A4D
333
A55
333
A45
333
A41
333
A5B
333
A57
333
A4B
333
A48
333
A4C
333
A50
333
A47
333
A6A
333
A66
333
A62
333
A5A
333
A56
333
A52
333
A86
333
A46
333
A42
333
A6F
333
A6B
333
A6C
303
Miller Roller
 94
      186
332
969
332
965
332
95D
332
961
332
9B1
332
966
332
962
332
9DD
332
9D9
332
9D1
332
9CD
332
9DA
332
9D6
332
982
332
97E
332
99D
332
9A1
332
9BA
332
999
332
9C2
332
991
332
A08
332
A10
332
A0C
332
97A
332
A14
332
A15
332
A11
332
A09
332
A05
332
97D
332
989
332
9C3
332
990
332
9BB
332
998
332
9BF
332
994
332
99C
332
979
332
975
332
971
332
9E9
332
9E5
332
9F1
332
9B3
332
9AB
332
9A7
332
967
332
96B
332
9A3
332
99F
332
9AA
332
A21
332
A0E
332
A12
332
980
332
984
332
A16
332
997
332
9BC
332
9C0
332
993
332
9B8
332
99B
332
99A
332
9B9
332
996
332
9BD
332
97F
332
A0F
332
A0B
332
A13
332
99E
332
9A5
332
9A9
332
9E2
332
9EE
332
9E6
332
98A
332
9EA
332
972
332
A02
332
96E
332
976
332
A06
332
9F2
332
9A0
332
A04
332
970
332
9FC
332
988
332
9FE
332
9FA
332
986
332
9F6
332
9FD
332
9A6
332
992
332
9C1
332
97B
332
9B5
332
9E3
332
9DF
332
9FB
332
98B
332
9E7
332
9EB
332
98F
332
9F7
332
9A8
332
9A4
332
9AC
332
9B4
332
9AE
332
9A2
332
A07
332
977
332
9EF
332
987
332
978
332
97C
332
973
332
9F3
332
A00
332
96C
332
9EC
332
9FF
332
A03
332
983
332
98D
332
9F9
332
995
332
9BE
332
96A
332
9E1
332
98E
332
968
332
96F
332
9F0
332
9D8
332
9D0
332
963
332
95E
332
9D5
332
9DC
332
9D2
332
9D7
332
960
332
9C8
332
9CC
332
964
332
9F4
332
9ED
332
9B0
332
981
332
A0D
332
A01
332
985
332
98C
332
9F8
332
974
332
96D
332
9E0
332
95F
332
9D4
332
9DB
332
9E8
332
9F5
332
9CE
332
9C5
332
9C9
332
9C4
332
9C6
332
9CA
332
9CB
332
9AF
332
9E4
332
9C7
332
9B7
332
9CF
332
9B2
332
9DE
332
9D3
332
9B6
332
9AD
 95
       31
333
A6A
333
A60
333
A5C
333
A66
333
A62
333
A5A
333
A86
333
A56
333
A52
333
A46
333
A42
333
A5B
333
A57
333
A4B
333
A48
333
A4C
333
A50
333
A47
333
A45
333
A41
333
A4D
333
A51
333
A55
333
A69
333
A61
333
A65
333
A5D
333
A85
333
A6F
333
A6B
333
A6C
303
Dourma
 94
      186
332
A0F
332
A13
332
A0B
332
A07
332
97B
332
977
332
973
332
96F
332
9B3
332
9AB
332
9A7
332
967
332
96B
332
9EF
332
9EB
332
9F3
332
98F
332
9B8
332
99B
332
9C0
332
993
332
9BC
332
997
332
9E3
332
9F7
332
9FF
332
A12
332
A0E
332
97C
332
980
332
988
332
A16
332
99F
332
9A3
332
9C1
332
992
332
9B9
332
99A
332
9BD
332
996
332
99E
332
987
332
97F
332
9F4
332
A00
332
9F0
332
9EC
332
A04
332
A0C
332
A10
332
A08
332
970
332
96C
332
9A6
332
9CD
332
9E6
332
98A
332
97E
332
982
332
9FA
332
A02
332
972
332
97A
332
A14
332
999
332
9BA
332
991
332
9C2
332
99D
332
994
332
9BF
332
979
332
A09
332
990
332
9C3
332
998
332
9BB
332
99C
332
9A9
332
9A5
332
9A1
332
9B1
332
961
332
9B5
332
966
332
9E9
332
989
332
9E5
332
9DD
332
9DF
332
9A8
332
9A4
332
9A0
332
A22
332
969
332
9E2
332
9F2
332
9EA
332
9B4
332
9F1
332
971
332
A05
332
A11
332
97D
332
A15
332
9AE
332
9E8
332
9A2
332
975
332
9FD
332
9ED
332
965
332
98E
332
A06
332
976
332
9D8
332
9D0
332
963
332
95E
332
9D5
332
9DC
332
9FE
332
968
332
9D7
332
964
332
9CC
332
9DB
332
9CE
332
9EE
332
96E
332
9DA
332
9D9
332
962
332
981
332
A0D
332
A01
332
9B0
332
98C
332
983
332
A03
332
9F9
332
995
332
9BE
332
96A
332
9E1
332
9D2
332
960
332
9C8
332
986
332
9F6
332
984
332
9E7
332
98B
332
978
332
9FB
332
9E0
332
9F8
332
974
332
9D6
332
95D
332
9AA
332
9FC
332
9D4
332
96D
332
95F
332
98D
332
985
332
9F5
332
9CA
332
9C6
332
9CB
332
9AF
332
9E4
332
9C5
332
9D1
332
9C9
332
9C7
332
9B7
332
9C4
332
9CF
332
9B2
332
9AC
332
9DE
332
9D3
332
9B6
332
9AD
 95
       31
333
A85
333
A5D
333
A61
333
A65
333
A60
333
A5C
333
A69
333
A51
333
A4D
333
A55
333
A45
333
A41
333
A5B
333
A57
333
A4B
333
A48
333
A4C
333
A50
333
A47
333
A6A
333
A66
333
A62
333
A5A
333
A56
333
A52
333
A86
333
A46
333
A42
333
A6F
333
A6B
333
A6C
  0
BLOCKVISIBILITYGRIP
  5
A3E
330
A3C
100
AcDbEvalExpr
 90
      133
 98
       33
 99
      197
100
AcDbBlockElement
300
Grip
 98
       33
 99
      197
1071
        0
100
AcDbBlockGrip
 91
      134
 92
      135
1010
1842.436118330865
1020
1171.803542846199
1030
0.0
280
     0
 93
       -1
100
AcDbBlockVisibilityGrip
  0
BLOCKGRIPLOCATIONCOMPONENT
  5
A3F
330
A3C
100
AcDbEvalExpr
 90
      134
 98
       33
 99
      197
  1

 70
    40
140
0.0
100
AcDbBlockGripExpr
 91
      132
300
UpdatedX
  0
BLOCKGRIPLOCATIONCOMPONENT
  5
A40
330
A3C
100
AcDbEvalExpr
 90
      135
 98
       33
 99
      197
  1

 70
    40
140
0.0
100
AcDbBlockGripExpr
 91
      132
300
UpdatedY
  0
BLOCKLINEARPARAMETER
  5
A41
330
A3C
100
AcDbEvalExpr
 90
      149
 98
       33
 99
      197
100
AcDbBlockElement
300
Linear1
 98
       33
 99
      197
1071
        0
100
AcDbBlockParameter
280
     1
281
     0
100
AcDbBlock2PtParameter
1010
775.5912843253462
1020
4289.414775093879
1030
0.0
1011
1853.591284325346
1021
4289.414775093879
1031
0.0
170
     4
 91
        0
 91
      150
 91
        0
 91
        0
171
     0
172
     0
173
     1
 94
      150
303
DisplacementX
174
     1
 95
      150
304
DisplacementY
177
     0
100
AcDbBlockLinearParameter
305
Width
306

140
182.2487233162319
307

 96
        1
141
0.0
142
0.0
143
0.0
175
     0
1001
ACAUTHENVIRON
1010
1864.863483999046
1020
4460.39129873641
1030
0.0
  0
BLOCKLINEARGRIP
  5
A42
330
A3C
100
AcDbEvalExpr
 90
      150
 98
       33
 99
      197
100
AcDbBlockElement
300
End Grip
 98
       33
 99
      197
1071
        0
100
AcDbBlockGrip
 91
      151
 92
      152
1010
1853.591284325346
1020
4289.414775093879
1030
0.0
280
     1
 93
       -1
100
AcDbBlockLinearGrip
140
1077.999999999999
141
0.0
142
0.0
  0
BLOCKGRIPLOCATIONCOMPONENT
  5
A43
330
A3C
100
AcDbEvalExpr
 90
      151
 98
       33
 99
      197
  1

 70
    40
140
1.797693134862313E+99
100
AcDbBlockGripExpr
 91
      149
300
UpdatedEndX
  0
BLOCKGRIPLOCATIONCOMPONENT
  5
A44
330
A3C
100
AcDbEvalExpr
 90
      152
 98
       33
 99
      197
  1

 70
    40
140
1.797693134862313E+99
100
AcDbBlockGripExpr
 91
      149
300
UpdatedEndY
  0
BLOCKSTRETCHACTION
  5
A45
330
A3C
100
AcDbEvalExpr
 90
      154
 98
       33
 99
      197
100
AcDbBlockElement
300
Stretch14
 98
       33
 99
      197
1071
        0
100
AcDbBlockAction
 70
     0
 71
    17
330
A42
330
357
330
975
330
974
330
973
330
968
330
967
330
966
330
965
330
964
330
963
330
962
330
961
330
960
330
95F
330
95E
330
95D
1010
1896.433264386705
1020
4428.82151834875
1030
0.0
100
AcDbBlockStretchAction
 92
      149
301
EndXDelta
 93
      149
302
EndYDelta
 72
     2
1011
1974.503926124409
1021
3593.975375444352
1011
1603.206759111068
1021
4775.497195768402
 73
    15
331
95D
 74
     4
 94
        0
 94
        1
 94
        2
 94
        3
331
95E
 74
     4
 94
        0
 94
        1
 94
        2
 94
        3
331
95F
 74
     4
 94
        0
 94
        1
 94
        2
 94
        3
331
960
 74
     4
 94
        0
 94
        1
 94
        2
 94
        3
331
961
 74
     2
 94
        0
 94
        1
331
962
 74
     2
 94
        0
 94
        1
331
963
 74
     2
 94
        0
 94
        1
331
964
 74
     2
 94
        0
 94
        1
331
965
 74
     2
 94
        0
 94
        1
331
966
 74
     2
 94
        0
 94
        1
331
967
 74
     2
 94
        0
 94
        1
331
968
 74
     2
 94
        0
 94
        1
331
973
 74
    12
 94
        5
 94
        6
 94
        7
 94
        8
 94
        9
 94
       10
 94
       11
 94
       12
 94
       13
 94
       14
 94
       15
 94
       16
331
974
 74
    12
 94
        7
 94
        8
 94
        9
 94
       10
 94
       11
 94
       12
 94
       13
 94
       14
 94
       15
 94
       16
 94
       17
 94
       18
331
975
 74
    22
 94
        0
 94
       23
 94
       24
 94
       25
 94
       26
 94
       27
 94
       28
 94
       29
 94
       30
 94
       31
 94
       32
 94
       33
 94
       34
 94
       35
 94
       36
 94
       37
 94
       38
 94
       39
 94
       40
 94
       41
 94
       42
 94
       43
 75
     0
140
1.0
141
0.0
280
     0
  0
BLOCKSTRETCHACTION
  5
A46
330
A3C
100
AcDbEvalExpr
 90
      155
 98
       33
 99
      197
100
AcDbBlockElement
300
Stretch15
 98
       33
 99
      197
1071
        0
100
AcDbBlockAction
 70
     0
 71
     3
330
952
330
951
330
94E
1010
2238.450758717473
1020
4358.469535353602
1030
0.0
100
AcDbBlockStretchAction
 92
      149
301
EndXDelta
 93
      149
302
EndYDelta
 72
     2
1011
2788.034812837519
1021
-4582.642730920205
1011
2189.731431105785
1021
-1859.776183438218
 73
     3
331
94E
 74
     2
 94
        0
 94
        1
331
951
 74
     2
 94
        0
 94
        1
331
952
 74
     2
 94
        1
 94
        2
 75
     0
140
1.0
141
0.0
280
     0
  0
BLOCKLINEARPARAMETER
  5
A47
330
A3C
100
AcDbEvalExpr
 90
      157
 98
       33
 99
      197
100
AcDbBlockElement
300
Linear6
 98
       33
 99
      197
1071
        0
100
AcDbBlockParameter
280
     1
281
     0
100
AcDbBlock2PtParameter
1010
2274.906671219279
1020
3969.426568407409
1030
0.0
1011
2274.906671219279
1021
4209.426568407407
1031
0.0
170
     4
 91
        0
 91
      158
 91
        0
 91
        0
171
     0
172
     0
173
     1
 94
      158
303
DisplacementX
174
     1
 95
      158
304
DisplacementY
177
     0
100
AcDbBlockLinearParameter
305
Head
306

140
-105.9453695419293
307

 96
        1
141
0.0
142
0.0
143
0.0
175
     0
1001
ACAUTHENVIRON
1010
2400.311126538849
1020
4189.96748262977
1030
0.0
  0
BLOCKLINEARGRIP
  5
A48
330
A3C
100
AcDbEvalExpr
 90
      158
 98
       33
 99
      197
100
AcDbBlockElement
300
End Grip
 98
       33
 99
      197
1071
        0
100
AcDbBlockGrip
 91
      159
 92
      160
1010
2274.906671219279
1020
4209.426568407407
1030
0.0
280
     1
 93
       -1
100
AcDbBlockLinearGrip
140
0.0
141
240.0
142
0.0
  0
BLOCKGRIPLOCATIONCOMPONENT
  5
A49
330
A3C
100
AcDbEvalExpr
 90
      159
 98
       33
 99
      197
  1

 70
    40
140
1.797693134862313E+99
100
AcDbBlockGripExpr
 91
      157
300
UpdatedEndX
  0
BLOCKGRIPLOCATIONCOMPONENT
  5
A4A
330
A3C
100
AcDbEvalExpr
 90
      160
 98
       33
 99
      197
  1

 70
    40
140
1.797693134862313E+99
100
AcDbBlockGripExpr
 91
      157
300
UpdatedEndY
  0
BLOCKSTRETCHACTION
  5
A4B
330
A3C
100
AcDbEvalExpr
 90
      163
 98
       33
 99
      197
100
AcDbBlockElement
300
Stretch17
 98
       33
 99
      197
1071
        0
100
AcDbBlockAction
 70
     1
 91
      149
 71
    23
330
A48
330
A41
330
A42
330
357
330
A0D
330
975
330
971
330
970
330
96F
330
96E
330
96D
330
96C
330
96A
330
969
330
966
330
965
330
964
330
963
330
962
330
961
330
960
330
95E
330
95D
1010
2400.311126538849
1020
4189.96748262977
1030
0.0
100
AcDbBlockStretchAction
 92
      157
301
EndXDelta
 93
      157
302
EndYDelta
 72
     2
1011
2512.388079451979
1021
4107.039628764956
1011
603.4658028285047
1021
4703.115313447954
 73
    19
331
95D
 74
     4
 94
        0
 94
        1
 94
        2
 94
        3
331
95E
 74
     4
 94
        0
 94
        1
 94
        2
 94
        3
331
960
 74
     4
 94
        0
 94
        1
 94
        2
 94
        3
331
961
 74
     2
 94
        0
 94
        1
331
962
 74
     2
 94
        0
 94
        1
331
963
 74
     2
 94
        0
 94
        1
331
964
 74
     2
 94
        0
 94
        1
331
965
 74
     2
 94
        0
 94
        1
331
966
 74
     2
 94
        0
 94
        1
331
969
 74
     4
 94
        0
 94
        1
 94
        2
 94
        3
331
96A
 74
     4
 94
        0
 94
        1
 94
        2
 94
        3
331
96C
 74
     4
 94
        0
 94
        1
 94
        2
 94
        3
331
96D
 74
     2
 94
        0
 94
        1
331
96E
 74
     2
 94
        0
 94
        1
331
96F
 74
     2
 94
        0
 94
        1
331
970
 74
     2
 94
        0
 94
        1
331
971
 74
     2
 94
        0
 94
        1
331
975
 74
    32
 94
        0
 94
        1
 94
        2
 94
        3
 94
        4
 94
        5
 94
        6
 94
        7
 94
        8
 94
        9
 94
       10
 94
       11
 94
       12
 94
       13
 94
       14
 94
       15
 94
       16
 94
       29
 94
       30
 94
       31
 94
       32
 94
       33
 94
       34
 94
       35
 94
       36
 94
       37
 94
       38
 94
       39
 94
       40
 94
       41
 94
       42
 94
       43
331
A0D
 74
     2
 94
        0
 94
        1
 75
     1
 95
      149
 76
     2
 94
        0
 94
        1
140
1.0
141
0.0
280
     0
  0
BLOCKLINEARPARAMETER
  5
A4C
330
A3C
100
AcDbEvalExpr
 90
      165
 98
       33
 99
      197
100
AcDbBlockElement
300
Linear2
 98
       33
 99
      197
1071
        0
100
AcDbBlockParameter
280
     1
281
     0
100
AcDbBlock2PtParameter
1010
2223.151767394132
1020
2428.356514497544
1030
0.0
1011
2463.151767394132
1021
2428.356514497544
1031
0.0
170
     4
 91
        0
 91
      166
 91
        0
 91
        0
171
     0
172
     0
173
     1
 94
      166
303
DisplacementX
174
     1
 95
      166
304
DisplacementY
177
     0
100
AcDbBlockLinearParameter
305
Length
306

140
97.97168283532663
307

 96
        1
141
0.0
142
0.0
143
0.0
175
     0
1001
ACAUTHENVIRON
1010
2550.196556075206
1020
2439.283408651796
1030
0.0
  0
BLOCKLINEARGRIP
  5
A4D
330
A3C
100
AcDbEvalExpr
 90
      166
 98
       33
 99
      197
100
AcDbBlockElement
300
End Grip
 98
       33
 99
      197
1071
        0
100
AcDbBlockGrip
 91
      167
 92
      168
1010
2463.151767394132
1020
2428.356514497544
1030
0.0
280
     1
 93
       -1
100
AcDbBlockLinearGrip
140
240.0
141
0.0
142
0.0
  0
BLOCKGRIPLOCATIONCOMPONENT
  5
A4E
330
A3C
100
AcDbEvalExpr
 90
      167
 98
       33
 99
      197
  1

 70
    40
140
1.797693134862313E+99
100
AcDbBlockGripExpr
 91
      165
300
UpdatedEndX
  0
BLOCKGRIPLOCATIONCOMPONENT
  5
A4F
330
A3C
100
AcDbEvalExpr
 90
      168
 98
       33
 99
      197
  1

 70
    40
140
1.797693134862313E+99
100
AcDbBlockGripExpr
 91
      165
300
UpdatedEndY
  0
BLOCKSTRETCHACTION
  5
A50
330
A3C
100
AcDbEvalExpr
 90
      170
 98
       33
 99
      197
100
AcDbBlockElement
300
Stretch18
 98
       33
 99
      197
1071
        0
100
AcDbBlockAction
 70
     0
 71
     5
330
A4D
330
358
330
9C5
330
9C4
330
9C3
1010
2483.205603708251
1020
2506.274361018752
1030
0.0
100
AcDbBlockStretchAction
 92
      165
301
EndXDelta
 93
      165
302
EndYDelta
 72
     2
1011
2556.796617543107
1021
2281.233708579173
1011
2342.888982521749
1021
2696.694211152521
 73
     3
331
9C3
 74
     5
 94
        0
 94
        1
 94
        2
 94
        3
 94
        4
331
9C4
 74
     5
 94
        0
 94
        1
 94
        2
 94
        3
 94
        4
331
9C5
 74
     2
 94
        0
 94
        1
 75
     0
140
1.0
141
0.0
280
     0
  0
BLOCKLINEARPARAMETER
  5
A51
330
A3C
100
AcDbEvalExpr
 90
      173
 98
       33
 99
      197
100
AcDbBlockElement
300
Linear7
 98
       33
 99
      197
1071
        0
100
AcDbBlockParameter
280
     1
281
     0
100
AcDbBlock2PtParameter
1010
833.4161546922747
1020
1951.499999999996
1030
0.0
1011
1069.151767388315
1021
1951.499999999996
1031
0.0
170
     4
 91
        0
 91
      174
 91
        0
 91
        0
171
     0
172
     0
173
     1
 94
      174
303
DisplacementX
174
     1
 95
      174
304
DisplacementY
177
     0
100
AcDbBlockLinearParameter
305
fixed hole
306

140
79.60903177106594
307

 96
        1
141
0.0
142
0.0
143
0.0
175
     0
1001
ACAUTHENVIRON
1010
1086.930758282277
1020
2013.3300408771
1030
0.0
  0
BLOCKLINEARGRIP
  5
A52
330
A3C
100
AcDbEvalExpr
 90
      174
 98
       33
 99
      197
100
AcDbBlockElement
300
End Grip
 98
       33
 99
      197
1071
        0
100
AcDbBlockGrip
 91
      175
 92
      176
1010
1069.151767388315
1020
1951.499999999996
1030
0.0
280
     1
 93
       -1
100
AcDbBlockLinearGrip
140
235.7356126960403
141
0.0
142
0.0
  0
BLOCKGRIPLOCATIONCOMPONENT
  5
A53
330
A3C
100
AcDbEvalExpr
 90
      175
 98
       33
 99
      197
  1

 70
    40
140
1.797693134862313E+99
100
AcDbBlockGripExpr
 91
      173
300
UpdatedEndX
  0
BLOCKGRIPLOCATIONCOMPONENT
  5
A54
330
A3C
100
AcDbEvalExpr
 90
      176
 98
       33
 99
      197
  1

 70
    40
140
1.797693134862313E+99
100
AcDbBlockGripExpr
 91
      173
300
UpdatedEndY
  0
BLOCKSTRETCHACTION
  5
A55
330
A3C
100
AcDbEvalExpr
 90
      180
 98
       33
 99
      197
100
AcDbBlockElement
300
Stretch1
 98
       33
 99
      197
1071
        0
100
AcDbBlockAction
 70
     0
 71
     9
330
A52
330
A16
330
A15
330
A14
330
A13
330
A12
330
A11
330
A10
330
A0F
1010
1086.930758282277
1020
2013.3300408771
1030
0.0
100
AcDbBlockStretchAction
 92
      173
301
EndXDelta
 93
      173
302
EndYDelta
 72
     2
1011
1005.921516629227
1021
1984.496693024328
1011
1633.037421825007
1021
71.76492283416883
 73
     8
331
A0F
 74
     1
 94
        0
331
A10
 74
     1
 94
        0
331
A11
 74
     1
 94
        0
331
A12
 74
     1
 94
        0
331
A13
 74
     1
 94
        0
331
A14
 74
     1
 94
        0
331
A15
 74
     1
 94
        0
331
A16
 74
     1
 94
        0
 75
     0
140
1.0
141
0.0
280
     0
  0
BLOCKLINEARPARAMETER
  5
A56
330
A3C
100
AcDbEvalExpr
 90
      183
 98
       33
 99
      197
100
AcDbBlockElement
300
Linear
 98
       33
 99
      197
1071
        0
100
AcDbBlockParameter
280
     1
281
     0
100
AcDbBlock2PtParameter
1010
833.4161546922747
1020
0.0
1030
0.0
1011
833.4161546922747
1021
2163.5
1031
0.0
170
     4
 91
        0
 91
      184
 91
        0
 91
        0
171
     0
172
     0
173
     1
 94
      184
303
DisplacementX
174
     1
 95
      184
304
DisplacementY
177
     0
100
AcDbBlockLinearParameter
305
Hight
306

140
551.3345145874896
307

 96
        1
141
0.0
142
0.0
143
0.0
175
     0
1001
ACAUTHENVIRON
1010
754.9268558640752
1020
2091.987840852439
1030
0.0
  0
BLOCKLINEARGRIP
  5
A57
330
A3C
100
AcDbEvalExpr
 90
      184
 98
       33
 99
      197
100
AcDbBlockElement
300
End Grip
 98
       33
 99
      197
1071
        0
100
AcDbBlockGrip
 91
      185
 92
      186
1010
833.4161546922747
1020
2163.5
1030
0.0
280
     1
 93
       -1
100
AcDbBlockLinearGrip
140
0.0
141
2163.5
142
0.0
  0
BLOCKGRIPLOCATIONCOMPONENT
  5
A58
330
A3C
100
AcDbEvalExpr
 90
      185
 98
       33
 99
      197
  1

 70
    40
140
1.797693134862313E+99
100
AcDbBlockGripExpr
 91
      183
300
UpdatedEndX
  0
BLOCKGRIPLOCATIONCOMPONENT
  5
A59
330
A3C
100
AcDbEvalExpr
 90
      186
 98
       33
 99
      197
  1

 70
    40
140
1.797693134862313E+99
100
AcDbBlockGripExpr
 91
      183
300
UpdatedEndY
  0
BLOCKSTRETCHACTION
  5
A5A
330
A3C
100
AcDbEvalExpr
 90
      189
 98
       33
 99
      197
100
AcDbBlockElement
300
Stretch2
 98
       33
 99
      197
1071
        0
100
AcDbBlockAction
 70
     2
 91
       90
 91
      173
 71
    78
330
A57
330
A52
330
A51
330
A16
330
A12
330
A0C
330
A0B
330
A07
330
A06
330
A05
330
A04
330
A03
330
A02
330
A01
330
A00
330
9F7
330
9F6
330
9F5
330
9F4
330
9F3
330
9F2
330
9F1
330
9F0
330
9E7
330
9E6
330
9E5
330
9E4
330
9E3
330
9E2
330
9E1
330
9E0
330
9D7
330
9D6
330
9D5
330
9D4
330
9D3
330
9D2
330
9D1
330
9D0
330
9CF
330
9BF
330
9BA
330
9B9
330
9B8
330
9B7
330
9B6
330
9B5
330
9B4
330
9B3
330
9B2
330
9A9
330
9A8
330
9A7
330
9A6
330
9A5
330
9A4
330
9A3
330
9A2
330
9A1
330
998
330
997
330
996
330
995
330
994
330
993
330
992
330
991
330
990
330
987
330
986
330
985
330
984
330
983
330
982
330
981
330
980
330
97F
330
97E
1010
711.0132648298534
1020
2135.901431886662
1030
0.0
100
AcDbBlockStretchAction
 92
      183
301
EndXDelta
 93
      183
302
EndYDelta
 72
     2
1011
1842.112571570236
1021
1448.115333765574
1011
746.165077651327
1021
2305.403624371098
 73
    75
331
97E
 74
     2
 94
        0
 94
        1
331
97F
 74
     2
 94
        0
 94
        1
331
980
 74
     2
 94
        0
 94
        1
331
981
 74
     2
 94
        0
 94
        1
331
982
 74
     2
 94
        0
 94
        1
331
983
 74
     2
 94
        0
 94
        1
331
984
 74
     2
 94
        0
 94
        1
331
985
 74
     2
 94
        0
 94
        1
331
986
 74
    42
 94
        0
 94
        1
 94
        2
 94
        3
 94
        4
 94
        5
 94
        6
 94
        7
 94
        8
 94
        9
 94
       10
 94
       11
 94
       12
 94
       13
 94
       14
 94
       15
 94
       16
 94
       17
 94
       18
 94
       19
 94
       20
 94
       21
 94
       22
 94
       23
 94
       26
 94
       27
 94
       28
 94
       29
 94
       30
 94
       31
 94
       32
 94
       33
 94
       34
 94
       35
 94
       36
 94
       37
 94
       38
 94
       39
 94
       40
 94
       41
 94
       42
 94
       43
331
987
 74
     4
 94
        0
 94
        1
 94
        2
 94
        3
331
990
 74
     2
 94
        0
 94
        1
331
991
 74
     2
 94
        0
 94
        1
331
992
 74
     2
 94
        0
 94
        1
331
993
 74
     2
 94
        0
 94
        1
331
994
 74
     2
 94
        0
 94
        1
331
995
 74
     2
 94
        0
 94
        1
331
996
 74
     2
 94
        0
 94
        1
331
997
 74
     2
 94
        0
 94
        1
331
998
 74
     4
 94
        0
 94
        1
 94
        2
 94
        3
331
9A1
 74
     2
 94
        0
 94
        1
331
9A2
 74
     2
 94
        0
 94
        1
331
9A3
 74
     2
 94
        0
 94
        1
331
9A4
 74
     2
 94
        0
 94
        1
331
9A5
 74
     2
 94
        0
 94
        1
331
9A6
 74
     2
 94
        0
 94
        1
331
9A7
 74
     2
 94
        0
 94
        1
331
9A8
 74
     2
 94
        0
 94
        1
331
9A9
 74
     4
 94
        0
 94
        1
 94
        2
 94
        3
331
9B2
 74
     2
 94
        0
 94
        1
331
9B3
 74
     2
 94
        0
 94
        1
331
9B4
 74
     2
 94
        0
 94
        1
331
9B5
 74
     2
 94
        0
 94
        1
331
9B6
 74
     2
 94
        0
 94
        1
331
9B7
 74
     2
 94
        0
 94
        1
331
9B8
 74
     2
 94
        0
 94
        1
331
9B9
 74
     2
 94
        0
 94
        1
331
9BA
 74
     4
 94
        0
 94
        1
 94
        2
 94
        3
331
9BF
 74
     4
 94
        0
 94
        1
 94
        2
 94
        3
331
9CF
 74
     2
 94
        0
 94
        1
331
9D0
 74
     2
 94
        0
 94
        1
331
9D1
 74
     2
 94
        0
 94
        1
331
9D2
 74
     2
 94
        0
 94
        1
331
9D3
 74
     2
 94
        0
 94
        1
331
9D4
 74
     2
 94
        0
 94
        1
331
9D5
 74
     2
 94
        0
 94
        1
331
9D6
 74
     2
 94
        0
 94
        1
331
9D7
 74
    42
 94
        0
 94
        1
 94
        2
 94
        3
 94
        4
 94
        5
 94
        6
 94
        7
 94
        8
 94
        9
 94
       10
 94
       11
 94
       12
 94
       13
 94
       14
 94
       15
 94
       16
 94
       17
 94
       18
 94
       19
 94
       20
 94
       21
 94
       22
 94
       23
 94
       26
 94
       27
 94
       28
 94
       29
 94
       30
 94
       31
 94
       32
 94
       33
 94
       34
 94
       35
 94
       36
 94
       37
 94
       38
 94
       39
 94
       40
 94
       41
 94
       42
 94
       43
331
9E0
 74
     2
 94
        0
 94
        1
331
9E1
 74
     2
 94
        0
 94
        1
331
9E2
 74
     2
 94
        0
 94
        1
331
9E3
 74
     2
 94
        0
 94
        1
331
9E4
 74
     2
 94
        0
 94
        1
331
9E5
 74
     2
 94
        0
 94
        1
331
9E6
 74
     2
 94
        0
 94
        1
331
9E7
 74
     2
 94
        0
 94
        1
331
9F0
 74
     2
 94
        0
 94
        1
331
9F1
 74
     2
 94
        0
 94
        1
331
9F2
 74
     2
 94
        0
 94
        1
331
9F3
 74
     2
 94
        0
 94
        1
331
9F4
 74
     2
 94
        0
 94
        1
331
9F5
 74
     2
 94
        0
 94
        1
331
9F6
 74
     2
 94
        0
 94
        1
331
9F7
 74
     2
 94
        0
 94
        1
331
A00
 74
     2
 94
        0
 94
        1
331
A01
 74
     2
 94
        0
 94
        1
331
A02
 74
     2
 94
        0
 94
        1
331
A03
 74
     2
 94
        0
 94
        1
331
A04
 74
     2
 94
        0
 94
        1
331
A05
 74
     2
 94
        0
 94
        1
331
A06
 74
     2
 94
        0
 94
        1
331
A07
 74
     2
 94
        0
 94
        1
331
A0B
 74
     1
 94
        0
331
A0C
 74
     1
 94
        0
331
A12
 74
     1
 94
        0
331
A16
 74
     1
 94
        0
 75
     1
 95
      173
 76
     2
 94
        0
 94
        1
140
1.0
141
0.0
280
     0
  0
BLOCKSTRETCHACTION
  5
A5B
330
A3C
100
AcDbEvalExpr
 90
      190
 98
       33
 99
      197
100
AcDbBlockElement
300
Stretch4
 98
       33
 99
      197
1071
        0
100
AcDbBlockAction
 70
     1
 91
       90
 71
    12
330
952
330
94F
330
94E
330
94D
330
94C
330
94B
330
94A
330
948
330
946
330
944
330
942
330
A20
1010
926.5560378182223
1020
2091.987840852439
1030
0.0
100
AcDbBlockStretchAction
 92
      183
301
EndXDelta
 93
      183
302
EndYDelta
 72
     2
1011
2638.812706158598
1021
-2851.498740250129
1011
-90.27484629667744
1021
-1757.340962965004
 73
    12
331
942
 74
     2
 94
        0
 94
        1
331
944
 74
     2
 94
        0
 94
        1
331
946
 74
     2
 94
        0
 94
        1
331
948
 74
     2
 94
        0
 94
        1
331
94A
 74
     4
 94
        0
 94
        1
 94
        2
 94
        3
331
94B
 74
     4
 94
        0
 94
        1
 94
        2
 94
        3
331
94C
 74
     2
 94
        0
 94
        1
331
94D
 74
     2
 94
        0
 94
        1
331
94E
 74
     2
 94
        0
 94
        1
331
94F
 74
     2
 94
        0
 94
        1
331
952
 74
     2
 94
        0
 94
        1
331
A20
 74
     2
 94
        0
 94
        1
 75
     0
140
1.0
141
0.0
280
     0
  0
BLOCKLINEARPARAMETER
  5
A5C
330
A3C
100
AcDbEvalExpr
 90
      201
 98
       33
 99
      197
100
AcDbBlockElement
300
Linear4
 98
       33
 99
      197
1071
        0
100
AcDbBlockParameter
280
     1
281
     0
100
AcDbBlock2PtParameter
1010
833.4161546922747
1020
0.0
1030
0.0
1011
833.4161546922747
1021
1350.999999999996
1031
0.0
170
     4
 91
        0
 91
      202
 91
        0
 91
        0
171
     0
172
     0
173
     1
 94
      202
303
DisplacementX
174
     1
 95
      202
304
DisplacementY
177
     0
100
AcDbBlockLinearParameter
305
2nd hole
306

140
283.3819497732889
307

 96
        1
141
0.0
142
0.0
143
0.0
175
     0
1001
ACAUTHENVIRON
1010
833.0433671013096
1020
1359.707399821974
1030
0.0
  0
BLOCKLINEARGRIP
  5
A5D
330
A3C
100
AcDbEvalExpr
 90
      202
 98
       33
 99
      197
100
AcDbBlockElement
300
End Grip
 98
       33
 99
      197
1071
        0
100
AcDbBlockGrip
 91
      203
 92
      204
1010
833.4161546922747
1020
1350.999999999996
1030
0.0
280
     1
 93
       -1
100
AcDbBlockLinearGrip
140
0.0
141
1350.999999999996
142
0.0
  0
BLOCKGRIPLOCATIONCOMPONENT
  5
A5E
330
A3C
100
AcDbEvalExpr
 90
      203
 98
       33
 99
      197
  1

 70
    40
140
1.797693134862313E+99
100
AcDbBlockGripExpr
 91
      201
300
UpdatedEndX
  0
BLOCKGRIPLOCATIONCOMPONENT
  5
A5F
330
A3C
100
AcDbEvalExpr
 90
      204
 98
       33
 99
      197
  1

 70
    40
140
1.797693134862313E+99
100
AcDbBlockGripExpr
 91
      201
300
UpdatedEndY
  0
BLOCKSTRETCHACTION
  5
A60
330
A3C
100
AcDbEvalExpr
 90
      206
 98
       33
 99
      197
100
AcDbBlockElement
300
Stretch3
 98
       33
 99
      197
1071
        0
100
AcDbBlockAction
 70
     0
 71
     2
330
A15
330
A11
1010
565.050190975428
1020
1335.984013943554
1030
0.0
100
AcDbBlockStretchAction
 92
      201
301
EndXDelta
 93
      201
302
EndYDelta
 72
     2
1011
954.4962198730207
1021
1419.284630008769
1011
1637.111623966506
1021
1270.727225705897
 73
     2
331
A11
 74
     1
 94
        0
331
A15
 74
     1
 94
        0
 75
     0
140
1.0
141
0.0
280
     0
  0
BLOCKLINEARPARAMETER
  5
A61
330
A3C
100
AcDbEvalExpr
 90
      208
 98
       33
 99
      197
100
AcDbBlockElement
300
Linear5
 98
       33
 99
      197
1071
        0
100
AcDbBlockParameter
280
     1
281
     0
100
AcDbBlock2PtParameter
1010
833.4161546922747
1020
0.0
1030
0.0
1011
833.4161546922747
1021
750.4999999999961
1031
0.0
170
     4
 91
        0
 91
      209
 91
        0
 91
        0
171
     0
172
     0
173
     1
 94
      209
303
DisplacementX
174
     1
 95
      209
304
DisplacementY
177
     0
100
AcDbBlockLinearParameter
305
3ed hole
306

140
45.81981380811111
307

 96
        1
141
0.0
142
0.0
143
0.0
175
     0
1001
ACAUTHENVIRON
1010
848.5526993132944
1020
127.3837429070374
1030
0.0
  0
BLOCKLINEARGRIP
  5
A62
330
A3C
100
AcDbEvalExpr
 90
      209
 98
       33
 99
      197
100
AcDbBlockElement
300
End Grip
 98
       33
 99
      197
1071
        0
100
AcDbBlockGrip
 91
      210
 92
      211
1010
833.4161546922747
1020
750.4999999999961
1030
0.0
280
     1
 93
       -1
100
AcDbBlockLinearGrip
140
0.0000000000001137
141
750.4999999999961
142
0.0
  0
BLOCKGRIPLOCATIONCOMPONENT
  5
A63
330
A3C
100
AcDbEvalExpr
 90
      210
 98
       33
 99
      197
  1

 70
    40
140
1.797693134862313E+99
100
AcDbBlockGripExpr
 91
      208
300
UpdatedEndX
  0
BLOCKGRIPLOCATIONCOMPONENT
  5
A64
330
A3C
100
AcDbEvalExpr
 90
      211
 98
       33
 99
      197
  1

 70
    40
140
1.797693134862313E+99
100
AcDbBlockGripExpr
 91
      208
300
UpdatedEndY
  0
BLOCKLINEARPARAMETER
  5
A65
330
A3C
100
AcDbEvalExpr
 90
      215
 98
       33
 99
      197
100
AcDbBlockElement
300
Linear3
 98
       33
 99
      197
1071
        0
100
AcDbBlockParameter
280
     1
281
     0
100
AcDbBlock2PtParameter
1010
833.4161546922747
1020
0.0
1030
0.0
1011
833.4161546922747
1021
960.7499999999999
1031
0.0
170
     4
 91
        0
 91
      216
 91
        0
 91
        0
171
     0
172
     0
173
     1
 94
      216
303
DisplacementX
174
     1
 95
      216
304
DisplacementY
177
     0
100
AcDbBlockLinearParameter
305
Mid Hing
306

140
118.6758089853806
307

 96
        1
141
0.0
142
0.0
143
0.0
175
     0
1001
ACAUTHENVIRON
1010
726.2965840929921
1020
949.1937616139018
1030
0.0
  0
BLOCKLINEARGRIP
  5
A66
330
A3C
100
AcDbEvalExpr
 90
      216
 98
       33
 99
      197
100
AcDbBlockElement
300
End Grip
 98
       33
 99
      197
1071
        0
100
AcDbBlockGrip
 91
      217
 92
      218
1010
833.4161546922747
1020
960.7499999999999
1030
0.0
280
     1
 93
       -1
100
AcDbBlockLinearGrip
140
0.0
141
960.7499999999999
142
0.0
  0
BLOCKGRIPLOCATIONCOMPONENT
  5
A67
330
A3C
100
AcDbEvalExpr
 90
      217
 98
       33
 99
      197
  1

 70
    40
140
1.797693134862313E+99
100
AcDbBlockGripExpr
 91
      215
300
UpdatedEndX
  0
BLOCKGRIPLOCATIONCOMPONENT
  5
A68
330
A3C
100
AcDbEvalExpr
 90
      218
 98
       33
 99
      197
  1

 70
    40
140
1.797693134862313E+99
100
AcDbBlockGripExpr
 91
      215
300
UpdatedEndY
  0
BLOCKSTRETCHACTION
  5
A69
330
A3C
100
AcDbEvalExpr
 90
      220
 98
       33
 99
      197
100
AcDbBlockElement
300
Stretch7
 98
       33
 99
      197
1071
        0
100
AcDbBlockAction
 70
     0
 71
     1
330
9C0
1010
759.844261992353
1020
915.6460837145408
1030
0.0
100
AcDbBlockStretchAction
 92
      215
301
EndXDelta
 93
      215
302
EndYDelta
 72
     2
1011
848.042338653293
1021
867.1913181563141
1011
999.0701610413596
1021
1064.986915737529
 73
     1
331
9C0
 74
     4
 94
        0
 94
        1
 94
        2
 94
        3
 75
     0
140
1.0
141
0.0
280
     0
  0
BLOCKSTRETCHACTION
  5
A6A
330
A3C
100
AcDbEvalExpr
 90
      221
 98
       33
 99
      197
100
AcDbBlockElement
300
Stretch8
 98
       33
 99
      197
1071
        0
100
AcDbBlockAction
 70
     0
 71
     1
330
954
1010
754.0315562196276
1020
949.1937616139018
1030
0.0
100
AcDbBlockStretchAction
 92
      215
301
EndXDelta
 93
      215
302
EndYDelta
 72
     2
1011
13.05992233416327
1021
-3290.346518154864
1011
262.8107128867851
1021
-2995.303584310583
 73
     1
331
954
 74
     4
 94
        0
 94
        1
 94
        2
 94
        3
 75
     0
140
1.0
141
0.0
280
     0
  0
BLOCKLOOKUPPARAMETER
  5
A6B
330
A3C
100
AcDbEvalExpr
 90
      228
 98
       33
 99
      197
100
AcDbBlockElement
300
Lookup
 98
       33
 99
      197
1071
        0
100
AcDbBlockParameter
280
     1
281
     0
100
AcDbBlock1PtParameter
1010
2776.02994769509
1020
-856.7096019792806
1030
0.0
 93
      229
170
     0
171
     0
100
AcDbBlockLookUpParameter
303
DropSeal
304

 94
      258
1001
ACAUTHENVIRON
1010
2919.546446014445
1020
-1000.226100298636
1030
0.0
  0
BLOCKLOOKUPGRIP
  5
A6C
330
A3C
100
AcDbEvalExpr
 90
      229
 98
       33
 99
      197
100
AcDbBlockElement
300
Grip
 98
       33
 99
      197
1071
        0
100
AcDbBlockGrip
 91
      230
 92
      231
1010
2776.02994769509
1020
-856.7096019792806
1030
0.0
280
     0
 93
       -1
100
AcDbBlockLookUpGrip
  0
BLOCKGRIPLOCATIONCOMPONENT
  5
A6D
330
A3C
100
AcDbEvalExpr
 90
      230
 98
       33
 99
      197
  1

 70
    40
140
0.0
100
AcDbBlockGripExpr
 91
      228
300
UpdatedX
  0
BLOCKGRIPLOCATIONCOMPONENT
  5
A6E
330
A3C
100
AcDbEvalExpr
 90
      231
 98
       33
 99
      197
  1

 70
    40
140
0.0
100
AcDbBlockGripExpr
 91
      228
300
UpdatedY
  0
BLOCKXYPARAMETER
  5
A6F
330
A3C
100
AcDbEvalExpr
 90
      243
 98
       33
 99
      197
100
AcDbBlockElement
300
XY
 98
       33
 99
      197
1071
        0
100
AcDbBlockParameter
280
     1
281
     0
100
AcDbBlock2PtParameter
1010
45.00524275097996
1020
-4159.567365426407
1030
0.0
1011
60.00524275097996
1021
-4129.567365426406
1031
0.0
170
     4
 91
      247
 91
      244
 91
      250
 91
      253
171
     2
 92
      247
301
DisplacementX
 92
      250
301
DisplacementX
172
     2
 93
      247
302
DisplacementY
 93
      253
302
DisplacementY
173
     2
 94
      244
303
DisplacementX
 94
      253
303
DisplacementX
174
     2
 95
      244
304
DisplacementY
 95
      250
304
DisplacementY
177
     0
100
AcDbBlockXYParameter
305
Y Distance1
306
X Distance1
307

308

141
5.606093075952983
140
5.606093075952983
309

 97
        1
146
0.0
147
0.0
148
0.0
176
     0
410

 96
        1
142
0.0
143
0.0
144
0.0
175
     0
1001
ACAUTHENVIRON
1010
201.2101306246618
1020
-4298.272253300088
1030
0.0
  0
BLOCKXYGRIP
  5
A70
330
A3C
100
AcDbEvalExpr
 90
      244
 98
       33
 99
      197
100
AcDbBlockElement
300
End Grip
 98
       33
 99
      197
1071
        0
100
AcDbBlockGrip
 91
      245
 92
      246
1010
60.00524275097996
1020
-4129.567365426406
1030
0.0
280
     1
 93
       -1
100
AcDbBlockXYGrip
  0
BLOCKGRIPLOCATIONCOMPONENT
  5
A71
330
A3C
100
AcDbEvalExpr
 90
      245
 98
       33
 99
      197
  1

 70
    40
140
1.797693134862313E+99
100
AcDbBlockGripExpr
 91
      243
300
UpdatedEndX
  0
BLOCKGRIPLOCATIONCOMPONENT
  5
A72
330
A3C
100
AcDbEvalExpr
 90
      246
 98
       33
 99
      197
  1

 70
    40
140
1.797693134862313E+99
100
AcDbBlockGripExpr
 91
      243
300
UpdatedEndY
  0
BLOCKXYGRIP
  5
A73
330
A3C
100
AcDbEvalExpr
 90
      247
 98
       33
 99
      197
100
AcDbBlockElement
300
Base Grip
 98
       33
 99
      197
1071
        0
100
AcDbBlockGrip
 91
      248
 92
      249
1010
45.00524275097996
1020
-4159.567365426407
1030
0.0
280
     1
 93
       -1
100
AcDbBlockXYGrip
  0
BLOCKGRIPLOCATIONCOMPONENT
  5
A74
330
A3C
100
AcDbEvalExpr
 90
      248
 98
       33
 99
      197
  1

 70
    40
140
0.0
100
AcDbBlockGripExpr
 91
      243
300
UpdatedBaseX
  0
BLOCKGRIPLOCATIONCOMPONENT
  5
A75
330
A3C
100
AcDbEvalExpr
 90
      249
 98
       33
 99
      197
  1

 70
    40
140
0.0
100
AcDbBlockGripExpr
 91
      243
300
UpdatedBaseY
  0
BLOCKXYGRIP
  5
A76
330
A3C
100
AcDbEvalExpr
 90
      250
 98
       33
 99
      197
100
AcDbBlockElement
300
BaseX-EndY Grip
 98
       33
 99
      197
1071
        0
100
AcDbBlockGrip
 91
      251
 92
      252
1010
45.00524275097996
1020
-4129.567365426406
1030
0.0
280
     1
 93
       -1
100
AcDbBlockXYGrip
  0
BLOCKGRIPLOCATIONCOMPONENT
  5
A77
330
A3C
100
AcDbEvalExpr
 90
      251
 98
       33
 99
      197
  1

 70
    40
140
0.0
100
AcDbBlockGripExpr
 91
      243
300
UpdatedBaseX
  0
BLOCKGRIPLOCATIONCOMPONENT
  5
A78
330
A3C
100
AcDbEvalExpr
 90
      252
 98
       33
 99
      197
  1

 70
    40
140
1.797693134862313E+99
100
AcDbBlockGripExpr
 91
      243
300
UpdatedEndY
  0
BLOCKXYGRIP
  5
A79
330
A3C
100
AcDbEvalExpr
 90
      253
 98
       33
 99
      197
100
AcDbBlockElement
300
BaseY-EndX Grip
 98
       33
 99
      197
1071
        0
100
AcDbBlockGrip
 91
      254
 92
      255
1010
60.00524275097996
1020
-4159.567365426407
1030
0.0
280
     1
 93
       -1
100
AcDbBlockXYGrip
  0
BLOCKGRIPLOCATIONCOMPONENT
  5
A7A
330
A3C
100
AcDbEvalExpr
 90
      254
 98
       33
 99
      197
  1

 70
    40
140
1.797693134862313E+99
100
AcDbBlockGripExpr
 91
      243
300
UpdatedEndX
  0
BLOCKGRIPLOCATIONCOMPONENT
  5
A7B
330
A3C
100
AcDbEvalExpr
 90
      255
 98
       33
 99
      197
  1

 70
    40
140
0.0
100
AcDbBlockGripExpr
 91
      243
300
UpdatedBaseY
  0
BLOCKLOOKUPACTION
  5
A7C
330
A3C
100
AcDbEvalExpr
 90
      258
 98
       33
 99
      197
100
AcDbBlockElement
300
DropSeal
 98
       33
 99
      197
1071
        0
100
AcDbBlockAction
 70
     0
 71
     0
1010
2851.997498912926
1020
-932.677153197117
1030
0.0
100
AcDbBlockLookupAction
 92
        2
 93
        3
301

302
15
302
30
302
Yes
302
0
302
0
302
No
303

 94
      243
 95
       40
 96
        2
282
     0
305
Custom
281
     0
304
UpdatedDistanceX
303

 94
      243
 95
       40
 96
        2
282
     0
305
Custom
281
     0
304
UpdatedDistanceY
303

 94
      228
 95
        1
 96
        0
282
     1
305
Custom
281
     1
304
lookupString
280
     1
  0
BLOCKSTRETCHACTION
  5
A7D
330
A3C
100
AcDbEvalExpr
 90
      259
 98
       33
 99
      197
100
AcDbBlockElement
300
Stretch10
 98
       33
 99
      197
1071
        0
100
AcDbBlockAction
 70
     0
 71
     2
330
A2C
330
A19
1010
106.3216453424001
1020
-4167.121917597341
1030
0.0
100
AcDbBlockStretchAction
 92
      243
301
EndXDelta
 93
      243
302
BaseYDelta
 72
     2
1011
1076.578015804363
1021
-4166.745872931056
1011
1064.485643328211
1021
-4131.351159885173
 73
     2
331
A19
 74
     2
 94
        0
 94
        1
331
A2C
 74
     1
 94
        1
 75
     0
140
1.0
141
0.0
280
     0
  0
BLOCKSTRETCHACTION
  5
A7E
330
A3C
100
AcDbEvalExpr
 90
      260
 98
       33
 99
      197
100
AcDbBlockElement
300
Stretch11
 98
       33
 99
      197
1071
        0
100
AcDbBlockAction
 70
     0
 71
     1
330
A2C
1010
72.1493908091385
1020
-4160.743481043255
1030
0.0
100
AcDbBlockStretchAction
 92
      243
301
EndXDelta
 93
      243
302
EndYDelta
 72
     2
1011
1106.658478655125
1021
-4151.14533311427
1011
1055.470251593222
1021
-4124.971679608811
 73
     1
331
A2C
 74
     2
 94
        2
 94
        3
 75
     0
140
1.0
141
0.0
280
     0
  0
BLOCKSTRETCHACTION
  5
A7F
330
A3C
100
AcDbEvalExpr
 90
      261
 98
       33
 99
      197
100
AcDbBlockElement
300
Stretch5
 98
       33
 99
      197
1071
        0
100
AcDbBlockAction
 70
     0
 71
     3
330
A79
330
A70
330
A2B
1010
69.83302655987613
1020
-4160.830776427942
1030
0.0
100
AcDbBlockStretchAction
 92
      243
301
EndXDelta
 93
      243
302
BaseYDelta
 72
     2
1011
65.63465676171472
1021
-4162.311720766436
1011
59.14915329182986
1021
-4125.842263412216
 73
     1
331
A2B
 74
     2
 94
        1
 94
        2
 75
     0
140
1.0
141
0.0
280
     0
  0
BLOCKSTRETCHACTION
  5
A80
330
A3C
100
AcDbEvalExpr
 90
      262
 98
       33
 99
      197
100
AcDbBlockElement
300
Stretch9
 98
       33
 99
      197
1071
        0
100
AcDbBlockAction
 70
     0
 71
     3
330
A76
330
A70
330
A2B
1010
72.86521296355729
1020
-4160.830776427942
1030
0.0
100
AcDbBlockStretchAction
 92
      243
301
EndXDelta
 93
      243
302
EndYDelta
 72
     2
1011
73.46782428859295
1021
-4137.096489057096
1011
37.418470310673
1021
-4124.639050978836
 73
     1
331
A2B
 74
     2
 94
        2
 94
        3
 75
     0
140
1.0
141
0.0
280
     0
  0
BLOCKSTRETCHACTION
  5
A81
330
A3C
100
AcDbEvalExpr
 90
      264
 98
       33
 99
      197
100
AcDbBlockElement
300
Stretch
 98
       33
 99
      197
1071
        0
100
AcDbBlockAction
 70
     0
 71
    21
330
A2C
330
A29
330
A27
330
A25
330
A20
330
A1F
330
A1E
330
A1D
330
95C
330
95B
330
958
330
957
330
956
330
A19
330
A18
330
947
330
946
330
945
330
944
330
943
330
942
1010
1871.768795752094
1020
4460.39129873641
1030
0.0
100
AcDbBlockStretchAction
 92
      149
301
EndXDelta
 93
      149
302
EndYDelta
 72
     2
1011
1180.141720602682
1021
-4755.559444766761
1011
753.7541973301268
1021
-1811.31532652197
 73
    21
331
942
 74
     2
 94
        0
 94
        1
331
943
 74
     2
 94
        0
 94
        1
331
944
 74
     2
 94
        0
 94
        1
331
945
 74
     2
 94
        0
 94
        1
331
946
 74
     2
 94
        0
 94
        1
331
947
 74
     2
 94
        0
 94
        1
331
956
 74
     4
 94
        0
 94
        1
 94
        2
 94
        3
331
957
 74
     1
 94
        0
331
958
 74
     1
 94
        0
331
95B
 74
     1
 94
        0
331
95C
 74
     1
 94
        0
331
A18
 74
     2
 94
        0
 94
        1
331
A19
 74
     2
 94
        0
 94
        1
331
A1D
 74
     7
 94
        7
 94
        8
 94
        9
 94
       10
 94
       11
 94
       12
 94
       13
331
A1E
 74
     7
 94
        7
 94
        8
 94
        9
 94
       10
 94
       11
 94
       12
 94
       13
331
A1F
 74
     7
 94
        7
 94
        8
 94
        9
 94
       10
 94
       11
 94
       12
 94
       13
331
A20
 74
     2
 94
        1
 94
        2
331
A25
 74
     1
 94
        0
331
A27
 74
     4
 94
        0
 94
        1
 94
        2
 94
        3
331
A29
 74
     4
 94
        0
 94
        1
 94
        2
 94
        3
331
A2C
 74
     4
 94
        0
 94
        1
 94
        2
 94
        3
 75
     0
140
1.0
141
0.0
280
     0
  0
BLOCKSTRETCHACTION
  5
A82
330
A3C
100
AcDbEvalExpr
 90
      265
 98
       33
 99
      197
100
AcDbBlockElement
300
Stretch6
 98
       33
 99
      197
1071
        0
100
AcDbBlockAction
 70
     0
 71
     2
330
A14
330
A10
1010
848.5526993132944
1020
127.3837429070374
1030
0.0
100
AcDbBlockStretchAction
 92
      208
301
EndXDelta
 93
      208
302
EndYDelta
 72
     2
1011
1013.674755449538
1021
676.0860001091969
1011
1620.703980185644
1021
805.4568666453196
 73
     2
331
A10
 74
     1
 94
        0
331
A14
 74
     1
 94
        0
 75
     0
140
1.0
141
0.0
280
     0
  0
BLOCKSTRETCHACTION
  5
A83
330
A3C
100
AcDbEvalExpr
 90
      267
 98
       33
 99
      197
100
AcDbBlockElement
300
Stretch12
 98
       33
 99
      197
1071
        0
100
AcDbBlockAction
 70
     1
 91
      132
 71
    58
330
A3E
330
A3D
330
A0A
330
A08
330
A07
330
A04
330
A03
330
A02
330
A01
330
A00
330
9FF
330
9FE
330
9FD
330
9FB
330
9FA
330
9F8
330
9F7
330
9F4
330
9F3
330
9F2
330
9F1
330
9F0
330
9EF
330
9EE
330
9ED
330
9EB
330
9EA
330
9E8
330
9E7
330
9E4
330
9E3
330
9E2
330
9E1
330
9E0
330
9DF
330
9DE
330
9DD
330
9DB
330
9DA
330
9D8
330
9D7
330
9D6
330
9D3
330
9D2
330
9D1
330
9D0
330
9CF
330
9CE
330
9CD
330
9CC
330
9CA
330
9C9
330
9C7
330
A24
330
A17
330
A23
330
A21
330
A22
1010
2711.813054385155
1020
2439.283408651796
1030
0.0
100
AcDbBlockStretchAction
 92
      165
301
EndXDelta
 93
      165
302
EndYDelta
 72
     2
1011
1852.092165391426
1021
-38.9870272041444
1011
1617.042847542179
1021
2193.746769560596
 73
    56
331
9C7
 74
     2
 94
        0
 94
        1
331
9C9
 74
     2
 94
        0
 94
        1
331
9CA
 74
     2
 94
        0
 94
        1
331
9CC
 74
     2
 94
        0
 94
        1
331
9CD
 74
     2
 94
        0
 94
        1
331
9CE
 74
     2
 94
        0
 94
        1
331
9CF
 74
     2
 94
        0
 94
        1
331
9D0
 74
     2
 94
        0
 94
        1
331
9D1
 74
     2
 94
        0
 94
        1
331
9D2
 74
     2
 94
        0
 94
        1
331
9D3
 74
     2
 94
        0
 94
        1
331
9D6
 74
     2
 94
        0
 94
        1
331
9D7
 74
    32
 94
        0
 94
        1
 94
        2
 94
        3
 94
        4
 94
        5
 94
        6
 94
        7
 94
        8
 94
        9
 94
       10
 94
       11
 94
       12
 94
       13
 94
       14
 94
       15
 94
       16
 94
       17
 94
       18
 94
       19
 94
       20
 94
       21
 94
       22
 94
       23
 94
       24
 94
       37
 94
       38
 94
       39
 94
       40
 94
       41
 94
       42
 94
       43
331
9D8
 74
     2
 94
        0
 94
        1
331
9DA
 74
     2
 94
        0
 94
        1
331
9DB
 74
     2
 94
        0
 94
        1
331
9DD
 74
     2
 94
        0
 94
        1
331
9DE
 74
     2
 94
        0
 94
        1
331
9DF
 74
     2
 94
        0
 94
        1
331
9E0
 74
     2
 94
        0
 94
        1
331
9E1
 74
     2
 94
        0
 94
        1
331
9E2
 74
     2
 94
        0
 94
        1
331
9E3
 74
     2
 94
        0
 94
        1
331
9E4
 74
     2
 94
        0
 94
        1
331
9E7
 74
     2
 94
        0
 94
        1
331
9E8
 74
     2
 94
        0
 94
        1
331
9EA
 74
     2
 94
        0
 94
        1
331
9EB
 74
     2
 94
        0
 94
        1
331
9ED
 74
     2
 94
        0
 94
        1
331
9EE
 74
     2
 94
        0
 94
        1
331
9EF
 74
     2
 94
        0
 94
        1
331
9F0
 74
     2
 94
        0
 94
        1
331
9F1
 74
     2
 94
        0
 94
        1
331
9F2
 74
     2
 94
        0
 94
        1
331
9F3
 74
     2
 94
        0
 94
        1
331
9F4
 74
     2
 94
        0
 94
        1
331
9F7
 74
     2
 94
        0
 94
        1
331
9F8
 74
     2
 94
        0
 94
        1
331
9FA
 74
     2
 94
        0
 94
        1
331
9FB
 74
     2
 94
        0
 94
        1
331
9FD
 74
     2
 94
        0
 94
        1
331
9FE
 74
     2
 94
        0
 94
        1
331
9FF
 74
     2
 94
        0
 94
        1
331
A00
 74
     2
 94
        0
 94
        1
331
A01
 74
     2
 94
        0
 94
        1
331
A02
 74
     2
 94
        0
 94
        1
331
A03
 74
     2
 94
        0
 94
        1
331
A04
 74
     2
 94
        0
 94
        1
331
A07
 74
     2
 94
        0
 94
        1
331
A08
 74
     4
 94
        0
 94
        1
 94
        2
 94
        3
331
A0A
 74
     8
 94
        0
 94
        1
 94
        2
 94
        3
 94
        4
 94
        5
 94
        6
 94
        7
331
A17
 74
    12
 94
        0
 94
        1
 94
        2
 94
        3
 94
        4
 94
        5
 94
        6
 94
        7
 94
        8
 94
        9
 94
       10
 94
       11
331
A21
 74
    24
 94
        0
 94
        1
 94
        2
 94
        3
 94
        4
 94
        5
 94
        6
 94
        7
 94
        8
 94
        9
 94
       10
 94
       11
 94
       12
 94
       13
 94
       14
 94
       15
 94
       16
 94
       17
 94
       18
 94
       19
 94
       20
 94
       21
 94
       22
 94
       23
331
A22
 74
    14
 94
        0
 94
        1
 94
        2
 94
        3
 94
        4
 94
        5
 94
        6
 94
        7
 94
        8
 94
        9
 94
       10
 94
       11
 94
       12
 94
       13
331
A23
 74
     8
 94
        0
 94
        1
 94
        2
 94
        3
 94
        4
 94
        5
 94
        6
 94
        7
331
A24
 74
    10
 94
        0
 94
        1
 94
        2
 94
        3
 94
        4
 94
        5
 94
        6
 94
        7
 94
        8
 94
        9
 75
     1
 95
      132
 76
     1
 94
        0
140
1.0
141
0.0
280
     0
  0
BLOCKSTRETCHACTION
  5
A84
330
A3C
100
AcDbEvalExpr
 90
      269
 98
       33
 99
      197
100
AcDbBlockElement
300
Stretch13
 98
       33
 99
      197
1071
        0
100
AcDbBlockAction
 70
     1
 91
       90
 71
    18
330
9C2
330
9B8
330
9B7
330
9AE
330
9AB
330
9A7
330
9A6
330
99D
330
99A
330
996
330
995
330
98C
330
989
330
986
330
984
330
983
330
97A
330
977
1010
2909.030366425098
1020
2439.283408651796
1030
0.0
100
AcDbBlockStretchAction
 92
      165
301
EndXDelta
 93
      165
302
EndYDelta
 72
     2
1011
1242.408931330406
1021
-29.28331540365616
1011
1118.845860953239
1021
2203.512536140173
 73
    18
331
977
 74
     2
 94
        0
 94
        1
331
97A
 74
     2
 94
        0
 94
        1
331
983
 74
     2
 94
        0
 94
        1
331
984
 74
     2
 94
        0
 94
        1
331
986
 74
    12
 94
       25
 94
       26
 94
       27
 94
       28
 94
       29
 94
       30
 94
       31
 94
       32
 94
       33
 94
       34
 94
       35
 94
       36
331
989
 74
     2
 94
        0
 94
        1
331
98C
 74
     2
 94
        0
 94
        1
331
995
 74
     2
 94
        0
 94
        1
331
996
 74
     2
 94
        0
 94
        1
331
99A
 74
     2
 94
        0
 94
        1
331
99D
 74
     2
 94
        0
 94
        1
331
9A6
 74
     2
 94
        0
 94
        1
331
9A7
 74
     2
 94
        0
 94
        1
331
9AB
 74
     2
 94
        0
 94
        1
331
9AE
 74
     2
 94
        0
 94
        1
331
9B7
 74
     2
 94
        0
 94
        1
331
9B8
 74
     2
 94
        0
 94
        1
331
9C2
 74
     4
 94
        0
 94
        1
 94
        2
 94
        3
 75
     0
140
1.0
141
0.0
280
     0
  0
BLOCKFLIPPARAMETER
  5
A85
330
A3C
100
AcDbEvalExpr
 90
      286
 98
       33
 99
      197
100
AcDbBlockElement
300
Flip
 98
       33
 99
      197
1071
        0
100
AcDbBlockParameter
280
     1
281
     0
100
AcDbBlock2PtParameter
1010
1314.591284325286
1020
-1320.421639282162
1030
0.0
1011
1314.591284325286
1021
-1048.204410991595
1031
0.0
170
     4
 91
      287
 91
        0
 91
        0
 91
        0
171
     0
172
     0
173
     0
174
     0
177
     0
100
AcDbBlockFlipParameter
305
Direction
306

307
Not flipped
308
Flipped
1012
945.5395930255326
1022
-969.4046854194564
1032
0.0
309
UpdatedFlip
 96
      287
1001
ACAUTHENVIRON
1010
1423.470251426105
1020
-1429.30060638298
1030
0.0
  0
BLOCKFLIPGRIP
  5
A86
330
A3C
100
AcDbEvalExpr
 90
      287
 98
       33
 99
      197
100
AcDbBlockElement
300
Grip
 98
       33
 99
      197
1071
        0
100
AcDbBlockGrip
 91
      289
 92
      290
1010
1314.591284325286
1020
-1320.421639282162
1030
0.0
280
     0
 93
       -1
100
AcDbBlockFlipGrip
140
0.0
141
272.2172282905666
142
0.0
 93
      288
  0
BLOCKGRIPLOCATIONCOMPONENT
  5
A87
330
A3C
100
AcDbEvalExpr
 90
      288
 98
       33
 99
      197
  1

 70
    70
 70
     0
100
AcDbBlockGripExpr
 91
      286
300
UpdatedFlip
  0
BLOCKGRIPLOCATIONCOMPONENT
  5
A88
330
A3C
100
AcDbEvalExpr
 90
      289
 98
       33
 99
      197
  1

 70
    40
140
0.0
100
AcDbBlockGripExpr
 91
      286
300
UpdatedBaseX
  0
BLOCKGRIPLOCATIONCOMPONENT
  5
A89
330
A3C
100
AcDbEvalExpr
 90
      290
 98
       33
 99
      197
  1

 70
    40
140
0.0
100
AcDbBlockGripExpr
 91
      286
300
UpdatedBaseY
  0
BLOCKFLIPACTION
  5
A8A
330
A3C
100
AcDbEvalExpr
 90
      291
 98
       33
 99
      197
100
AcDbBlockElement
300
Flip1
 98
       33
 99
      197
1071
        0
100
AcDbBlockAction
 70
    20
 91
      165
 91
      292
 91
      297
 91
      320
 91
      332
 91
      345
 91
      350
 91
      355
 91
      371
 91
      382
 91
      132
 91
      149
 91
      157
 91
      173
 91
      183
 91
      201
 91
      208
 91
      215
 91
      228
 91
      243
 71
   289
330
A86
330
A79
330
A76
330
A73
330
A70
330
A6F
330
A6C
330
A6B
330
A66
330
A65
330
A62
330
A61
330
A5D
330
A5C
330
A57
330
A56
330
A52
330
A51
330
A48
330
A47
330
A42
330
A41
330
A3E
330
A3D
330
A2C
330
A2B
330
A2A
330
A29
330
A28
330
A27
330
A26
330
A25
330
A24
330
A23
330
A22
330
A21
330
A20
330
A1F
330
A1E
330
A1D
330
A1C
330
A1B
330
A1A
330
A17
330
357
330
A16
330
A15
330
A14
330
A13
330
A12
330
A11
330
A10
330
A0F
330
A0E
330
A0D
330
A0C
330
A0B
330
A0A
330
A09
330
A08
330
A07
330
A06
330
A05
330
A04
330
A03
330
A02
330
A01
330
A00
330
9FF
330
9FE
330
9FD
330
9FC
330
9FB
330
9FA
330
9F9
330
9F8
330
9F7
330
9F6
330
9F5
330
9F4
330
9F3
330
9F2
330
9F1
330
9F0
330
9EF
330
9EE
330
9ED
330
9EC
330
9EB
330
9EA
330
9E9
330
9E8
330
9E7
330
9E6
330
9E5
330
9E4
330
9E3
330
9E2
330
9E1
330
9E0
330
9DF
330
9DE
330
9DD
330
9DC
330
9DB
330
9DA
330
9D9
330
9D8
330
9D7
330
9D6
330
9D5
330
9D4
330
9D3
330
9D2
330
9D1
330
9D0
330
9CF
330
9CE
330
9CD
330
9CC
330
9CB
330
9CA
330
9C9
330
9C8
330
9C7
330
9C2
330
9C1
330
9C0
330
9BF
330
9BE
330
9BD
330
9BC
330
9BB
330
9BA
330
9B9
330
9B8
330
9B7
330
9B6
330
9B5
330
9B4
330
9B3
330
9B2
330
9B1
330
9B0
330
9AF
330
9AE
330
9AD
330
9AC
330
9AB
330
9AA
330
9A9
330
9A8
330
9A7
330
9A6
330
9A5
330
9A4
330
9A3
330
9A2
330
9A1
330
9A0
330
99F
330
99E
330
99D
330
99C
330
99B
330
99A
330
999
330
998
330
997
330
996
330
995
330
994
330
993
330
992
330
991
330
990
330
98F
330
98E
330
98D
330
98C
330
98B
330
98A
330
989
330
988
330
987
330
986
330
985
330
984
330
983
330
982
330
981
330
980
330
97F
330
97E
330
97D
330
97C
330
97B
330
97A
330
979
330
978
330
977
330
976
330
975
330
974
330
973
330
972
330
971
330
970
330
96F
330
96E
330
96D
330
96C
330
96B
330
96A
330
969
330
968
330
967
330
966
330
965
330
964
330
963
330
962
330
961
330
960
330
95F
330
95E
330
95D
330
95C
330
95B
330
95A
330
959
330
958
330
957
330
956
330
955
330
A19
330
A18
330
954
330
953
330
952
330
951
330
950
330
94F
330
94E
330
94D
330
94C
330
94B
330
94A
330
949
330
948
330
947
330
946
330
945
330
944
330
943
330
942
330
AC0
330
ABF
330
AB6
330
AB5
330
AAF
330
AAE
330
AAB
330
AAA
330
AA7
330
AA6
330
AA2
330
AA1
330
A9B
330
A9A
330
A90
330
A8F
330
A8C
330
A8B
330
A4D
330
A4C
330
A3A
330
A39
330
A38
330
A35
330
A32
330
A2F
330
A2E
330
A2D
330
358
330
9C6
330
9C5
330
9C4
330
9C3
1010
1423.470251426105
1020
-1429.30060638298
1030
0.0
100
AcDbBlockFlipAction
 92
      286
 93
      286
 94
      286
 95
      286
301
Flip
302
UpdatedFlip
303
UpdatedBase
304
UpdatedEnd
  0
BLOCKLINEARPARAMETER
  5
A8B
330
A3C
100
AcDbEvalExpr
 90
      292
 98
       33
 99
      197
100
AcDbBlockElement
300
Linear8
 98
       33
 99
      197
1071
        0
100
AcDbBlockParameter
280
     1
281
     0
100
AcDbBlock2PtParameter
1010
2550.509121255644
1020
1441.835837790113
1030
0.0
1011
2550.509121255644
1021
1481.835837790113
1031
0.0
170
     4
 91
        0
 91
      293
 91
        0
 91
        0
171
     0
172
     0
173
     1
 94
      293
303
DisplacementX
174
     1
 95
      293
304
DisplacementY
177
     0
100
AcDbBlockLinearParameter
305
Overlap_2
306

140
-25.17738704457588
307

 96
        1
141
0.0
142
0.0
143
0.0
175
     0
1001
ACAUTHENVIRON
1010
2580.466815214569
1020
1477.055530875763
1030
0.0
  0
BLOCKLINEARGRIP
  5
A8C
330
A3C
100
AcDbEvalExpr
 90
      293
 98
       33
 99
      197
100
AcDbBlockElement
300
End Grip
 98
       33
 99
      197
1071
        0
100
AcDbBlockGrip
 91
      294
 92
      295
1010
2550.509121255644
1020
1481.835837790113
1030
0.0
280
     1
 93
       -1
100
AcDbBlockLinearGrip
140
0.0
141
40.0
142
0.0
  0
BLOCKGRIPLOCATIONCOMPONENT
  5
A8D
330
A3C
100
AcDbEvalExpr
 90
      294
 98
       33
 99
      197
  1

 70
    40
140
1.797693134862313E+99
100
AcDbBlockGripExpr
 91
      292
300
UpdatedEndX
  0
BLOCKGRIPLOCATIONCOMPONENT
  5
A8E
330
A3C
100
AcDbEvalExpr
 90
      295
 98
       33
 99
      197
  1

 70
    40
140
1.797693134862313E+99
100
AcDbBlockGripExpr
 91
      292
300
UpdatedEndY
  0
BLOCKLINEARPARAMETER
  5
A8F
330
A3C
100
AcDbEvalExpr
 90
      297
 98
       33
 99
      197
100
AcDbBlockElement
300
Linear9
 98
       33
 99
      197
1071
        0
100
AcDbBlockParameter
280
     1
281
     0
100
AcDbBlock2PtParameter
1010
2510.509121255644
1020
1486.835837790113
1030
0.0
1011
2550.509121255644
1021
1486.835837790113
1031
0.0
170
     4
 91
        0
 91
      298
 91
        0
 91
        0
171
     0
172
     0
173
     1
 94
      298
303
DisplacementX
174
     1
 95
      298
304
DisplacementY
177
     0
100
AcDbBlockLinearParameter
305
Overlap_3
306

140
27.73183054917899
307

 96
        1
141
0.0
142
0.0
143
0.0
175
     0
1001
ACAUTHENVIRON
1010
2555.289428169994
1020
1509.787361424942
1030
0.0
  0
BLOCKLINEARGRIP
  5
A90
330
A3C
100
AcDbEvalExpr
 90
      298
 98
       33
 99
      197
100
AcDbBlockElement
300
End Grip
 98
       33
 99
      197
1071
        0
100
AcDbBlockGrip
 91
      299
 92
      300
1010
2550.509121255644
1020
1486.835837790113
1030
0.0
280
     1
 93
       -1
100
AcDbBlockLinearGrip
140
40.0
141
0.0
142
0.0
  0
BLOCKGRIPLOCATIONCOMPONENT
  5
A91
330
A3C
100
AcDbEvalExpr
 90
      299
 98
       33
 99
      197
  1

 70
    40
140
1.797693134862313E+99
100
AcDbBlockGripExpr
 91
      297
300
UpdatedEndX
  0
BLOCKGRIPLOCATIONCOMPONENT
  5
A92
330
A3C
100
AcDbEvalExpr
 90
      300
 98
       33
 99
      197
  1

 70
    40
140
1.797693134862313E+99
100
AcDbBlockGripExpr
 91
      297
300
UpdatedEndY
  0
BLOCKSTRETCHACTION
  5
A93
330
A3C
100
AcDbEvalExpr
 90
      304
 98
       33
 99
      197
100
AcDbBlockElement
300
Stretch16
 98
       33
 99
      197
1071
        0
100
AcDbBlockAction
 70
     1
 91
      297
 71
     4
330
A8F
330
A90
330
A8C
330
A2D
1010
2578.579331968291
1020
1478.943014122042
1030
0.0
100
AcDbBlockStretchAction
 92
      292
301
EndXDelta
 93
      292
302
EndYDelta
 72
     2
1011
2558.796705585526
1021
1470.835419247199
1011
2500.973824671062
1021
1493.50138930036
 73
     1
331
A2D
 74
     2
 94
        2
 94
        3
 75
     1
 95
      297
 76
     2
 94
        0
 94
        1
140
1.0
141
0.0
280
     0
  0
BLOCKSTRETCHACTION
  5
A94
330
A3C
100
AcDbEvalExpr
 90
      305
 98
       33
 99
      197
100
AcDbBlockElement
300
Stretch19
 98
       33
 99
      197
1071
        0
100
AcDbBlockAction
 70
     0
 71
     5
330
A07
330
9F7
330
9E7
330
9D7
330
9D6
1010
2743.336089539787
1020
1432.527137425535
1030
0.0
100
AcDbBlockStretchAction
 92
      292
301
EndXDelta
 93
      292
302
EndYDelta
 72
     2
1011
1817.311734083312
1021
2139.416442531892
1011
1745.338647923461
1021
2179.586723522003
 73
     5
331
9D6
 74
     2
 94
        0
 94
        1
331
9D7
 74
     3
 94
       21
 94
       22
 94
       23
331
9E7
 74
     2
 94
        0
 94
        1
331
9F7
 74
     2
 94
        0
 94
        1
331
A07
 74
     2
 94
        0
 94
        1
 75
     0
140
1.0
141
0.0
280
     0
  0
BLOCKSTRETCHACTION
  5
A95
330
A3C
100
AcDbEvalExpr
 90
      306
 98
       33
 99
      197
100
AcDbBlockElement
300
Stretch20
 98
       33
 99
      197
1071
        0
100
AcDbBlockAction
 70
     1
 91
      183
 71
     7
330
A57
330
A56
330
9B9
330
9A8
330
997
330
986
330
985
1010
2593.713410259978
1020
1478.727751245327
1030
0.0
100
AcDbBlockStretchAction
 92
      292
301
EndXDelta
 93
      292
302
EndYDelta
 72
     2
1011
877.2916745665424
1021
2146.951236735131
1011
816.1144513140898
1021
2184.288556033545
 73
     5
331
985
 74
     2
 94
        0
 94
        1
331
986
 74
     3
 94
       21
 94
       22
 94
       23
331
997
 74
     2
 94
        0
 94
        1
331
9A8
 74
     2
 94
        0
 94
        1
331
9B9
 74
     2
 94
        0
 94
        1
 75
     1
 95
      183
 76
     1
 94
        1
140
1.0
141
0.0
280
     0
  0
BLOCKSTRETCHACTION
  5
A96
330
A3C
100
AcDbEvalExpr
 90
      307
 98
       33
 99
      197
100
AcDbBlockElement
300
Stretch21
 98
       33
 99
      197
1071
        0
100
AcDbBlockAction
 70
     1
 91
      292
 71
     4
330
A90
330
A8B
330
A8C
330
A2D
1010
2553.72307414537
1020
1506.353715449566
1030
0.0
100
AcDbBlockStretchAction
 92
      297
301
EndXDelta
 93
      297
302
EndYDelta
 72
     2
1011
2563.238728414552
1021
1431.986126694308
1011
2542.485641764623
1021
1496.072794067342
 73
     1
331
A2D
 74
     2
 94
        1
 94
        2
 75
     1
 95
      292
 76
     2
 94
        0
 94
        1
140
1.0
141
0.0
280
     0
  0
BLOCKSTRETCHACTION
  5
A97
330
A3C
100
AcDbEvalExpr
 90
      310
 98
       33
 99
      197
100
AcDbBlockElement
300
Stretch22
 98
       33
 99
      197
1071
        0
100
AcDbBlockAction
 70
     0
 71
     9
330
A07
330
9FD
330
9F7
330
9ED
330
9E7
330
9DD
330
9D7
330
9D6
330
9CC
1010
2758.936451058389
1020
1448.265512514955
1030
0.0
100
AcDbBlockStretchAction
 92
      297
301
EndXDelta
 93
      297
302
EndYDelta
 72
     2
1011
1804.848523065549
1021
-9.686472521159881
1011
1760.172037965938
1021
2174.542198927371
 73
     9
331
9CC
 74
     2
 94
        0
 94
        1
331
9D6
 74
     2
 94
        0
 94
        1
331
9D7
 74
     4
 94
       21
 94
       22
 94
       23
 94
       24
331
9DD
 74
     2
 94
        0
 94
        1
331
9E7
 74
     2
 94
        0
 94
        1
331
9ED
 74
     2
 94
        0
 94
        1
331
9F7
 74
     2
 94
        0
 94
        1
331
9FD
 74
     2
 94
        0
 94
        1
331
A07
 74
     2
 94
        0
 94
        1
 75
     0
140
1.0
141
0.0
280
     0
  0
BLOCKSTRETCHACTION
  5
A98
330
A3C
100
AcDbEvalExpr
 90
      311
 98
       33
 99
      197
100
AcDbBlockElement
300
Stretch23
 98
       33
 99
      197
1071
        0
100
AcDbBlockAction
 70
     1
 91
      149
 71
     5
330
A42
330
A41
330
357
330
975
330
961
1010
2572.813759065591
1020
1505.72204113068
1030
0.0
100
AcDbBlockStretchAction
 92
      297
301
EndXDelta
 93
      297
302
EndYDelta
 72
     2
1011
1876.459263382989
1021
4249.717689821987
1011
1822.914020876545
1021
4332.580210563585
 73
     2
331
961
 74
     2
 94
        0
 94
        1
331
975
 74
     3
 94
        0
 94
       42
 94
       43
 75
     1
 95
      149
 76
     1
 94
        1
140
1.0
141
0.0
280
     0
  0
BLOCKSTRETCHACTION
  5
A99
330
A3C
100
AcDbEvalExpr
 90
      313
 98
       33
 99
      197
100
AcDbBlockElement
300
Stretch24
 98
       33
 99
      197
1071
        0
100
AcDbBlockAction
 70
     1
 91
      149
 71
     6
330
A42
330
A41
330
357
330
A0D
330
975
330
961
1010
2798.125007277806
1020
1454.709191573334
1030
0.0
100
AcDbBlockStretchAction
 92
      292
301
EndXDelta
 93
      292
302
EndYDelta
 72
     2
1011
1897.156269298255
1021
4257.783004151741
1011
707.0562111980541
1021
4342.514851017095
 73
     3
331
961
 74
     2
 94
        0
 94
        1
331
975
 74
     6
 94
        0
 94
        1
 94
        2
 94
        3
 94
       42
 94
       43
331
A0D
 74
     2
 94
        0
 94
        1
 75
     1
 95
      149
 76
     2
 94
        0
 94
        1
140
1.0
141
0.0
280
     0
  0
BLOCKLINEARPARAMETER
  5
A9A
330
A3C
100
AcDbEvalExpr
 90
      320
 98
       33
 99
      197
100
AcDbBlockElement
300
Linear11
 98
       33
 99
      197
1071
        0
100
AcDbBlockParameter
280
     1
281
     0
100
AcDbBlock2PtParameter
1010
2753.707697420876
1020
1481.835837790113
1030
0.0
1011
2713.707697420876
1021
1481.835837790113
1031
0.0
170
     4
 91
        0
 91
      321
 91
        0
 91
        0
171
     0
172
     0
173
     1
 94
      321
303
DisplacementX
174
     1
 95
      321
304
DisplacementY
177
     0
100
AcDbBlockLinearParameter
305
Overlap_1
306

140
-18.77609352168656
307

 96
        1
141
0.0
142
0.0
143
0.0
175
     0
1001
ACAUTHENVIRON
1010
2718.488004335226
1020
1495.83162439745
1030
0.0
  0
BLOCKLINEARGRIP
  5
A9B
330
A3C
100
AcDbEvalExpr
 90
      321
 98
       33
 99
      197
100
AcDbBlockElement
300
End Grip
 98
       33
 99
      197
1071
        0
100
AcDbBlockGrip
 91
      322
 92
      323
1010
2713.707697420876
1020
1481.835837790113
1030
0.0
280
     1
 93
       -1
100
AcDbBlockLinearGrip
140
-40.0
141
0.0
142
0.0
  0
BLOCKGRIPLOCATIONCOMPONENT
  5
A9C
330
A3C
100
AcDbEvalExpr
 90
      322
 98
       33
 99
      197
  1

 70
    40
140
1.797693134862313E+99
100
AcDbBlockGripExpr
 91
      320
300
UpdatedEndX
  0
BLOCKGRIPLOCATIONCOMPONENT
  5
A9D
330
A3C
100
AcDbEvalExpr
 90
      323
 98
       33
 99
      197
  1

 70
    40
140
1.797693134862313E+99
100
AcDbBlockGripExpr
 91
      320
300
UpdatedEndY
  0
BLOCKSTRETCHACTION
  5
A9E
330
A3C
100
AcDbEvalExpr
 90
      327
 98
       33
 99
      197
100
AcDbBlockElement
300
Stretch25
 98
       33
 99
      197
1071
        0
100
AcDbBlockAction
 70
     0
 71
     2
330
A9B
330
A2E
1010
2716.570292778101
1020
1497.749335954575
1030
0.0
100
AcDbBlockStretchAction
 92
      320
301
EndXDelta
 93
      320
302
EndYDelta
 72
     2
1011
2720.837603817425
1021
1433.731980922508
1011
2703.2803696677
1021
1502.378479141811
 73
     1
331
A2E
 74
     2
 94
        0
 94
        3
 75
     0
140
1.0
141
0.0
280
     0
  0
BLOCKSTRETCHACTION
  5
A9F
330
A3C
100
AcDbEvalExpr
 90
      329
 98
       33
 99
      197
100
AcDbBlockElement
300
Stretch26
 98
       33
 99
      197
1071
        0
100
AcDbBlockAction
 70
     5
 91
      173
 91
      183
 91
      201
 91
      208
 91
      215
 71
    18
330
A66
330
A65
330
A62
330
A61
330
A5D
330
A5C
330
A57
330
A56
330
A51
330
9B9
330
9AF
330
9A8
330
99E
330
997
330
98D
330
986
330
985
330
97B
1010
2718.066364917861
1020
1499.329970283275
1030
0.0
100
AcDbBlockStretchAction
 92
      320
301
EndXDelta
 93
      320
302
EndYDelta
 72
     2
1011
851.0356897631206
1021
-4.583915072773379
1011
828.1795019854907
1021
2176.858497873542
 73
     9
331
97B
 74
     2
 94
        0
 94
        1
331
985
 74
     2
 94
        0
 94
        1
331
986
 74
     4
 94
       21
 94
       22
 94
       23
 94
       24
331
98D
 74
     2
 94
        0
 94
        1
331
997
 74
     2
 94
        0
 94
        1
331
99E
 74
     2
 94
        0
 94
        1
331
9A8
 74
     2
 94
        0
 94
        1
331
9AF
 74
     2
 94
        0
 94
        1
331
9B9
 74
     2
 94
        0
 94
        1
 75
     5
 95
      173
 76
     1
 94
        0
 95
      183
 76
     2
 94
        0
 94
        1
 95
      201
 76
     2
 94
        0
 94
        1
 95
      208
 76
     2
 94
        0
 94
        1
 95
      215
 76
     2
 94
        0
 94
        1
140
1.0
141
0.0
280
     0
  0
BLOCKSTRETCHACTION
  5
AA0
330
A3C
100
AcDbEvalExpr
 90
      330
 98
       33
 99
      197
100
AcDbBlockElement
300
Stretch27
 98
       33
 99
      197
1071
        0
100
AcDbBlockAction
 70
     1
 91
      149
 71
     4
330
A41
330
357
330
A0D
330
975
1010
2726.24534829971
1020
1498.450267367173
1030
0.0
100
AcDbBlockStretchAction
 92
      320
301
EndXDelta
 93
      320
302
EndYDelta
 72
     2
1011
787.622726884394
1021
4258.480612798445
1011
763.5562358864698
1021
4305.422607288572
 73
     2
331
975
 74
     3
 94
        1
 94
        2
 94
        3
331
A0D
 74
     2
 94
        0
 94
        1
 75
     1
 95
      149
 76
     1
 94
        0
140
1.0
141
0.0
280
     0
  0
BLOCKLINEARPARAMETER
  5
AA1
330
A3C
100
AcDbEvalExpr
 90
      332
 98
       33
 99
      197
100
AcDbBlockElement
300
Linear10
 98
       33
 99
      197
1071
        0
100
AcDbBlockParameter
280
     1
281
     0
100
AcDbBlock2PtParameter
1010
2753.707697420876
1020
1481.835837790113
1030
0.0
1011
2753.707697420876
1021
1441.835837790113
1031
0.0
170
     4
 91
        0
 91
      333
 91
        0
 91
        0
171
     0
172
     0
173
     1
 94
      333
303
DisplacementX
174
     1
 95
      333
304
DisplacementY
177
     0
100
AcDbBlockLinearParameter
305
Overlap_4
306

140
26.19825074188702
307

 96
        1
141
0.0
142
0.0
143
0.0
175
     0
1001
ACAUTHENVIRON
1010
2784.272896779965
1020
1437.468889172911
1030
0.0
  0
BLOCKLINEARGRIP
  5
AA2
330
A3C
100
AcDbEvalExpr
 90
      333
 98
       33
 99
      197
100
AcDbBlockElement
300
End Grip
 98
       33
 99
      197
1071
        0
100
AcDbBlockGrip
 91
      334
 92
      335
1010
2753.707697420876
1020
1441.835837790113
1030
0.0
280
     1
 93
       -1
100
AcDbBlockLinearGrip
140
0.0
141
-40.0
142
0.0
  0
BLOCKGRIPLOCATIONCOMPONENT
  5
AA3
330
A3C
100
AcDbEvalExpr
 90
      334
 98
       33
 99
      197
  1

 70
    40
140
1.797693134862313E+99
100
AcDbBlockGripExpr
 91
      332
300
UpdatedEndX
  0
BLOCKGRIPLOCATIONCOMPONENT
  5
AA4
330
A3C
100
AcDbEvalExpr
 90
      335
 98
       33
 99
      197
  1

 70
    40
140
1.797693134862313E+99
100
AcDbBlockGripExpr
 91
      332
300
UpdatedEndY
  0
BLOCKSTRETCHACTION
  5
AA5
330
A3C
100
AcDbEvalExpr
 90
      342
 98
       33
 99
      197
100
AcDbBlockElement
300
Stretch28
 98
       33
 99
      197
1071
        0
100
AcDbBlockAction
 70
     0
 71
     2
330
AA2
330
A2E
1010
2784.106028158064
1020
1437.635757794812
1030
0.0
100
AcDbBlockStretchAction
 92
      332
301
EndXDelta
 93
      332
302
EndYDelta
 72
     2
1011
2770.226599195245
1021
1428.087814573733
1011
2700.225230190452
1021
1458.304938668712
 73
     1
331
A2E
 74
     2
 94
        0
 94
        1
 75
     0
140
1.0
141
0.0
280
     0
  0
BLOCKLINEARPARAMETER
  5
AA6
330
A3C
100
AcDbEvalExpr
 90
      345
 98
       33
 99
      197
100
AcDbBlockElement
300
Linear12
 98
       33
 99
      197
1071
        0
100
AcDbBlockParameter
280
     1
281
     0
100
AcDbBlock2PtParameter
1010
2510.509121255644
1020
1246.835483347578
1030
0.0
1011
2572.509121255644
1021
1246.835483347578
1031
0.0
170
     4
 91
        0
 91
      346
 91
        0
 91
        0
171
     0
172
     0
173
     1
 94
      346
303
DisplacementX
174
     1
 95
      346
304
DisplacementY
177
     0
100
AcDbBlockLinearParameter
305
Overlap_5
306

140
22.43967103336036
307

 96
        1
141
0.0
142
0.0
143
0.0
175
     0
1001
ACAUTHENVIRON
1010
2577.958124688829
1020
1263.826150947755
1030
0.0
  0
BLOCKLINEARGRIP
  5
AA7
330
A3C
100
AcDbEvalExpr
 90
      346
 98
       33
 99
      197
100
AcDbBlockElement
300
End Grip
 98
       33
 99
      197
1071
        0
100
AcDbBlockGrip
 91
      347
 92
      348
1010
2572.509121255644
1020
1246.835483347578
1030
0.0
280
     1
 93
       -1
100
AcDbBlockLinearGrip
140
62.0
141
0.0
142
0.0
  0
BLOCKGRIPLOCATIONCOMPONENT
  5
AA8
330
A3C
100
AcDbEvalExpr
 90
      347
 98
       33
 99
      197
  1

 70
    40
140
1.797693134862313E+99
100
AcDbBlockGripExpr
 91
      345
300
UpdatedEndX
  0
BLOCKGRIPLOCATIONCOMPONENT
  5
AA9
330
A3C
100
AcDbEvalExpr
 90
      348
 98
       33
 99
      197
  1

 70
    40
140
1.797693134862313E+99
100
AcDbBlockGripExpr
 91
      345
300
UpdatedEndY
  0
BLOCKLINEARPARAMETER
  5
AAA
330
A3C
100
AcDbEvalExpr
 90
      350
 98
       33
 99
      197
100
AcDbBlockElement
300
Linear13
 98
       33
 99
      197
1071
        0
100
AcDbBlockParameter
280
     1
281
     0
100
AcDbBlock2PtParameter
1010
2572.509121255644
1020
1179.835483347579
1030
0.0
1011
2572.509121255644
1021
1241.835483347579
1031
0.0
170
     4
 91
        0
 91
      351
 91
        0
 91
        0
171
     0
172
     0
173
     1
 94
      351
303
DisplacementX
174
     1
 95
      351
304
DisplacementY
177
     0
100
AcDbBlockLinearParameter
305
Overlap_6
306

140
-38.83257802046137
307

 96
        1
141
0.0
142
0.0
143
0.0
175
     0
1001
ACAUTHENVIRON
1010
2618.31538938879
1020
1234.861793234893
1030
0.0
  0
BLOCKLINEARGRIP
  5
AAB
330
A3C
100
AcDbEvalExpr
 90
      351
 98
       33
 99
      197
100
AcDbBlockElement
300
End Grip
 98
       33
 99
      197
1071
        0
100
AcDbBlockGrip
 91
      352
 92
      353
1010
2572.509121255644
1020
1241.835483347579
1030
0.0
280
     1
 93
       -1
100
AcDbBlockLinearGrip
140
0.0
141
62.0
142
0.0
  0
BLOCKGRIPLOCATIONCOMPONENT
  5
AAC
330
A3C
100
AcDbEvalExpr
 90
      352
 98
       33
 99
      197
  1

 70
    40
140
1.797693134862313E+99
100
AcDbBlockGripExpr
 91
      350
300
UpdatedEndX
  0
BLOCKGRIPLOCATIONCOMPONENT
  5
AAD
330
A3C
100
AcDbEvalExpr
 90
      353
 98
       33
 99
      197
  1

 70
    40
140
1.797693134862313E+99
100
AcDbBlockGripExpr
 91
      350
300
UpdatedEndY
  0
BLOCKLINEARPARAMETER
  5
AAE
330
A3C
100
AcDbEvalExpr
 90
      355
 98
       33
 99
      197
100
AcDbBlockElement
300
Linear14
 98
       33
 99
      197
1071
        0
100
AcDbBlockParameter
280
     1
281
     0
100
AcDbBlock2PtParameter
1010
2826.057158627591
1020
1241.835483347579
1030
0.0
1011
2764.057158627591
1021
1241.835483347579
1031
0.0
170
     4
 91
        0
 91
      356
 91
        0
 91
        0
171
     0
172
     0
173
     1
 94
      356
303
DisplacementX
174
     1
 95
      356
304
DisplacementY
177
     0
100
AcDbBlockLinearParameter
305
Overlap_7
306

140
-27.54395620172727
307

 96
        1
141
0.0
142
0.0
143
0.0
175
     0
1001
ACAUTHENVIRON
1010
2767.374005662856
1020
1266.062592514041
1030
0.0
  0
BLOCKLINEARGRIP
  5
AAF
330
A3C
100
AcDbEvalExpr
 90
      356
 98
       33
 99
      197
100
AcDbBlockElement
300
End Grip
 98
       33
 99
      197
1071
        0
100
AcDbBlockGrip
 91
      357
 92
      358
1010
2764.057158627591
1020
1241.835483347579
1030
0.0
280
     1
 93
       -1
100
AcDbBlockLinearGrip
140
-62.0
141
0.0
142
0.0
  0
BLOCKGRIPLOCATIONCOMPONENT
  5
AB0
330
A3C
100
AcDbEvalExpr
 90
      357
 98
       33
 99
      197
  1

 70
    40
140
1.797693134862313E+99
100
AcDbBlockGripExpr
 91
      355
300
UpdatedEndX
  0
BLOCKGRIPLOCATIONCOMPONENT
  5
AB1
330
A3C
100
AcDbEvalExpr
 90
      358
 98
       33
 99
      197
  1

 70
    40
140
1.797693134862313E+99
100
AcDbBlockGripExpr
 91
      355
300
UpdatedEndY
  0
BLOCKSTRETCHACTION
  5
AB2
330
A3C
100
AcDbEvalExpr
 90
      365
 98
       33
 99
      197
100
AcDbBlockElement
300
Stretch31
 98
       33
 99
      197
1071
        0
100
AcDbBlockAction
 70
     1
 91
      345
 71
     4
330
A38
330
AAB
330
AA6
330
AA7
1010
2614.023528093462
1020
1239.153654530222
1030
0.0
100
AcDbBlockStretchAction
 92
      350
301
EndXDelta
 93
      350
302
EndYDelta
 72
     2
1011
2585.780600340222
1021
1229.754593432113
1011
2502.125379950725
1021
1256.286709590695
 73
     1
331
A38
 74
     2
 94
        2
 94
        3
 75
     1
 95
      345
 76
     2
 94
        0
 94
        1
140
1.0
141
0.0
280
     0
  0
BLOCKSTRETCHACTION
  5
AB3
330
A3C
100
AcDbEvalExpr
 90
      366
 98
       33
 99
      197
100
AcDbBlockElement
300
Stretch32
 98
       33
 99
      197
1071
        0
100
AcDbBlockAction
 70
     0
 71
    10
330
A06
330
9F6
330
9E6
330
9D7
330
9D5
330
9B8
330
9A7
330
996
330
986
330
984
1010
2635.052245659235
1020
1234.861793234893
1030
0.0
100
AcDbBlockStretchAction
 92
      350
301
EndXDelta
 93
      350
302
EndYDelta
 72
     2
1011
1479.066153795036
1021
2132.942526400617
1011
1163.16397775356
1021
2208.437618766231
 73
    10
331
984
 74
     2
 94
        0
 94
        1
331
986
 74
     3
 94
       26
 94
       27
 94
       28
331
996
 74
     2
 94
        0
 94
        1
331
9A7
 74
     2
 94
        0
 94
        1
331
9B8
 74
     2
 94
        0
 94
        1
331
9D5
 74
     2
 94
        0
 94
        1
331
9D7
 74
     3
 94
       26
 94
       27
 94
       28
331
9E6
 74
     2
 94
        0
 94
        1
331
9F6
 74
     2
 94
        0
 94
        1
331
A06
 74
     2
 94
        0
 94
        1
 75
     0
140
1.0
141
0.0
280
     0
  0
BLOCKSTRETCHACTION
  5
AB4
330
A3C
100
AcDbEvalExpr
 90
      368
 98
       33
 99
      197
100
AcDbBlockElement
300
Stretch33
 98
       33
 99
      197
1071
        0
100
AcDbBlockAction
 70
     0
 71
     9
330
9B8
330
9AE
330
9A7
330
99D
330
996
330
98C
330
986
330
984
330
97A
1010
2650.94253266891
1020
1190.841742967673
1030
0.0
100
AcDbBlockStretchAction
 92
      345
301
EndXDelta
 93
      345
302
EndYDelta
 72
     2
1011
1243.291271544003
1021
-9.4673784408551
1011
1202.175617423287
1021
2195.602012119842
 73
     9
331
97A
 74
     2
 94
        0
 94
        1
331
984
 74
     2
 94
        0
 94
        1
331
986
 74
     4
 94
       25
 94
       26
 94
       27
 94
       28
331
98C
 74
     2
 94
        0
 94
        1
331
996
 74
     2
 94
        0
 94
        1
331
99D
 74
     2
 94
        0
 94
        1
331
9A7
 74
     2
 94
        0
 94
        1
331
9AE
 74
     2
 94
        0
 94
        1
331
9B8
 74
     2
 94
        0
 94
        1
 75
     0
140
1.0
141
0.0
280
     0
  0
BLOCKLINEARPARAMETER
  5
AB5
330
A3C
100
AcDbEvalExpr
 90
      371
 98
       33
 99
      197
100
AcDbBlockElement
300
Linear15
 98
       33
 99
      197
1071
        0
100
AcDbBlockParameter
280
     1
281
     0
100
AcDbBlock2PtParameter
1010
2826.057158627591
1020
1241.835483347579
1030
0.0
1011
2826.057158627591
1021
1179.835483347579
1031
0.0
170
     4
 91
        0
 91
      372
 91
        0
 91
        0
171
     0
172
     0
173
     1
 94
      372
303
DisplacementX
174
     1
 95
      372
304
DisplacementY
177
     0
100
AcDbBlockLinearParameter
305
Overlap_8
306

140
27.98861942224903
307

 96
        1
141
0.0
142
0.0
143
0.0
175
     0
1001
ACAUTHENVIRON
1010
2863.189817941509
1020
1170.69144345591
1030
0.0
  0
BLOCKLINEARGRIP
  5
AB6
330
A3C
100
AcDbEvalExpr
 90
      372
 98
       33
 99
      197
100
AcDbBlockElement
300
End Grip
 98
       33
 99
      197
1071
        0
100
AcDbBlockGrip
 91
      373
 92
      374
1010
2826.057158627591
1020
1179.835483347579
1030
0.0
280
     1
 93
       -1
100
AcDbBlockLinearGrip
140
0.0
141
-62.0
142
0.0
  0
BLOCKGRIPLOCATIONCOMPONENT
  5
AB7
330
A3C
100
AcDbEvalExpr
 90
      373
 98
       33
 99
      197
  1

 70
    40
140
1.797693134862313E+99
100
AcDbBlockGripExpr
 91
      371
300
UpdatedEndX
  0
BLOCKGRIPLOCATIONCOMPONENT
  5
AB8
330
A3C
100
AcDbEvalExpr
 90
      374
 98
       33
 99
      197
  1

 70
    40
140
1.797693134862313E+99
100
AcDbBlockGripExpr
 91
      371
300
UpdatedEndY
  0
BLOCKSTRETCHACTION
  5
AB9
330
A3C
100
AcDbEvalExpr
 90
      376
 98
       33
 99
      197
100
AcDbBlockElement
300
Stretch34
 98
       33
 99
      197
1071
        0
100
AcDbBlockAction
 70
     0
 71
     2
330
AAF
330
A39
1010
2768.862337486123
1020
1264.574260690774
1030
0.0
100
AcDbBlockStretchAction
 92
      355
301
EndXDelta
 93
      355
302
EndYDelta
 72
     2
1011
2780.056675095788
1021
1164.336225564613
1011
2750.224913633312
1021
1260.577940311119
 73
     1
331
A39
 74
     2
 94
        0
 94
        3
 75
     0
140
1.0
141
0.0
280
     0
  0
BLOCKSTRETCHACTION
  5
ABA
330
A3C
100
AcDbEvalExpr
 90
      377
 98
       33
 99
      197
100
AcDbBlockElement
300
Stretch35
 98
       33
 99
      197
1071
        0
100
AcDbBlockAction
 70
     0
 71
     9
330
A06
330
9FC
330
9F6
330
9EC
330
9E6
330
9DC
330
9D7
330
9D5
330
9CB
1010
2768.317865151393
1020
1268.126290571717
1030
0.0
100
AcDbBlockStretchAction
 92
      355
301
EndXDelta
 93
      355
302
EndYDelta
 72
     2
1011
1416.896808351186
1021
-9.112497803373116
1011
1388.069805159757
1021
2172.31577706612
 73
     9
331
9CB
 74
     2
 94
        0
 94
        1
331
9D5
 74
     2
 94
        0
 94
        1
331
9D7
 74
     4
 94
       25
 94
       26
 94
       27
 94
       28
331
9DC
 74
     2
 94
        0
 94
        1
331
9E6
 74
     2
 94
        0
 94
        1
331
9EC
 74
     2
 94
        0
 94
        1
331
9F6
 74
     2
 94
        0
 94
        1
331
9FC
 74
     2
 94
        0
 94
        1
331
A06
 74
     2
 94
        0
 94
        1
 75
     0
140
1.0
141
0.0
280
     0
  0
BLOCKSTRETCHACTION
  5
ABB
330
A3C
100
AcDbEvalExpr
 90
      378
 98
       33
 99
      197
100
AcDbBlockElement
300
Stretch36
 98
       33
 99
      197
1071
        0
100
AcDbBlockAction
 70
     0
 71
     2
330
A0E
330
975
1010
2783.294871432127
1020
1266.062592514041
1030
0.0
100
AcDbBlockStretchAction
 92
      355
301
EndXDelta
 93
      355
302
EndYDelta
 72
     2
1011
801.1117401035372
1021
3873.532246569143
1011
762.857457812286
1021
3932.526345653517
 73
     2
331
975
 74
     3
 94
       20
 94
       21
 94
       22
331
A0E
 74
     2
 94
        0
 94
        1
 75
     0
140
1.0
141
0.0
280
     0
  0
BLOCKSTRETCHACTION
  5
ABC
330
A3C
100
AcDbEvalExpr
 90
      379
 98
       33
 99
      197
100
AcDbBlockElement
300
Stretch37
 98
       33
 99
      197
1071
        0
100
AcDbBlockAction
 70
     0
 71
     2
330
975
330
968
1010
2591.035732928471
1020
1263.826150947755
1030
0.0
100
AcDbBlockStretchAction
 92
      345
301
EndXDelta
 93
      345
302
EndYDelta
 72
     2
1011
1867.277250935134
1021
3865.215045042853
1011
1826.591376403085
1021
3942.530909561599
 73
     2
331
968
 74
     2
 94
        0
 94
        1
331
975
 74
     3
 94
       23
 94
       24
 94
       25
 75
     0
140
1.0
141
0.0
280
     0
  0
BLOCKSTRETCHACTION
  5
ABD
330
A3C
100
AcDbEvalExpr
 90
      380
 98
       33
 99
      197
100
AcDbBlockElement
300
Stretch38
 98
       33
 99
      197
1071
        0
100
AcDbBlockAction
 70
     0
 71
     2
330
AB6
330
A39
1010
2862.981703289745
1020
1170.899558107674
1030
0.0
100
AcDbBlockStretchAction
 92
      371
301
EndXDelta
 93
      371
302
EndYDelta
 72
     2
1011
2839.796431497788
1021
1165.844604918497
1011
2750.883934040627
1021
1202.400032973965
 73
     1
331
A39
 74
     2
 94
        0
 94
        1
 75
     0
140
1.0
141
0.0
280
     0
  0
BLOCKSTRETCHACTION
  5
ABE
330
A3C
100
AcDbEvalExpr
 90
      381
 98
       33
 99
      197
100
AcDbBlockElement
300
Stretch39
 98
       33
 99
      197
1071
        0
100
AcDbBlockAction
 70
     0
 71
     3
330
A0E
330
975
330
968
1010
2885.135513681514
1020
1170.69144345591
1030
0.0
100
AcDbBlockStretchAction
 92
      371
301
EndXDelta
 93
      371
302
EndYDelta
 72
     2
1011
1920.81318854633
1021
3843.908711437656
1011
681.3562527204194
1021
3932.471457828498
 73
     3
331
968
 74
     2
 94
        0
 94
        1
331
975
 74
     6
 94
       20
 94
       21
 94
       22
 94
       23
 94
       24
 94
       25
331
A0E
 74
     2
 94
        0
 94
        1
 75
     0
140
1.0
141
0.0
280
     0
  0
BLOCKLINEARPARAMETER
  5
ABF
330
A3C
100
AcDbEvalExpr
 90
      382
 98
       33
 99
      197
100
AcDbBlockElement
300
Linear16
 98
       33
 99
      197
1071
        0
100
AcDbBlockParameter
280
     1
281
     0
100
AcDbBlock2PtParameter
1010
2668.942136938538
1020
806.5098301701471
1030
0.0
1011
2668.942136938538
1021
756.5098301701472
1031
0.0
170
     4
 91
        0
 91
      383
 91
        0
 91
        0
171
     0
172
     0
173
     1
 94
      383
303
DisplacementX
174
     1
 95
      383
304
DisplacementY
177
     0
100
AcDbBlockLinearParameter
305
underfloor
306

140
25.81499514453753
307

 96
        1
141
0.0
142
0.0
143
0.0
175
     0
1001
ACAUTHENVIRON
1010
2705.278061675296
1020
745.9889005779277
1030
0.0
  0
BLOCKLINEARGRIP
  5
AC0
330
A3C
100
AcDbEvalExpr
 90
      383
 98
       33
 99
      197
100
AcDbBlockElement
300
End Grip
 98
       33
 99
      197
1071
        0
100
AcDbBlockGrip
 91
      384
 92
      385
1010
2668.942136938538
1020
756.5098301701472
1030
0.0
280
     1
 93
       -1
100
AcDbBlockLinearGrip
140
0.0
141
-50.0
142
0.0
  0
BLOCKGRIPLOCATIONCOMPONENT
  5
AC1
330
A3C
100
AcDbEvalExpr
 90
      384
 98
       33
 99
      197
  1

 70
    40
140
1.797693134862313E+99
100
AcDbBlockGripExpr
 91
      382
300
UpdatedEndX
  0
BLOCKGRIPLOCATIONCOMPONENT
  5
AC2
330
A3C
100
AcDbEvalExpr
 90
      385
 98
       33
 99
      197
  1

 70
    40
140
1.797693134862313E+99
100
AcDbBlockGripExpr
 91
      382
300
UpdatedEndY
  0
BLOCKSTRETCHACTION
  5
AC3
330
A3C
100
AcDbEvalExpr
 90
      388
 98
       33
 99
      197
100
AcDbBlockElement
300
Stretch40
 98
       33
 99
      197
1071
        0
100
AcDbBlockAction
 70
     0
 71
     2
330
AC0
330
A3A
1010
2711.146869431078
1020
740.1200928221444
1030
0.0
100
AcDbBlockStretchAction
 92
      382
301
EndXDelta
 93
      382
302
EndYDelta
 72
     2
1011
2728.248316347032
1021
721.1537484028631
1011
2639.614323597314
1021
781.7868898093767
 73
     1
331
A3A
 74
     1
 94
        1
 75
     0
140
1.0
141
0.0
280
     0
  0
BLOCKSTRETCHACTION
  5
AC4
330
A3C
100
AcDbEvalExpr
 90
      389
 98
       33
 99
      197
100
AcDbBlockElement
300
Stretch41
 98
       33
 99
      197
1071
        0
100
AcDbBlockAction
 70
     4
 91
      183
 91
      201
 91
      208
 91
      215
 71
    74
330
A65
330
A61
330
A5C
330
A56
330
A09
330
A08
330
9FF
330
9FE
330
9FD
330
9FC
330
9FB
330
9FA
330
9F9
330
9F8
330
9EF
330
9EE
330
9ED
330
9EC
330
9EB
330
9EA
330
9E9
330
9E8
330
9DF
330
9DE
330
9DD
330
9DC
330
9DB
330
9DA
330
9D9
330
9D8
330
9D7
330
9CE
330
9CD
330
9CC
330
9CB
330
9CA
330
9C9
330
9C8
330
9C7
330
9C2
330
9C1
330
9B1
330
9B0
330
9AF
330
9AE
330
9AD
330
9AC
330
9AB
330
9AA
330
9A0
330
99F
330
99E
330
99D
330
99C
330
99B
330
99A
330
999
330
98F
330
98E
330
98D
330
98C
330
98B
330
98A
330
989
330
988
330
986
330
97D
330
97C
330
97B
330
97A
330
979
330
978
330
977
330
976
1010
2926.159660105895
1020
688.4502631046119
1030
0.0
100
AcDbBlockStretchAction
 92
      382
301
EndXDelta
 93
      382
302
EndYDelta
 72
     2
1011
1891.680598716673
1021
-64.70720769281979
1011
816.0142163508572
1021
48.90703627896437
 73
    70
331
976
 74
     2
 94
        0
 94
        1
331
977
 74
     2
 94
        0
 94
        1
331
978
 74
     2
 94
        0
 94
        1
331
979
 74
     2
 94
        0
 94
        1
331
97A
 74
     2
 94
        0
 94
        1
331
97B
 74
     2
 94
        0
 94
        1
331
97C
 74
     2
 94
        0
 94
        1
331
97D
 74
     2
 94
        0
 94
        1
331
986
 74
     2
 94
       24
 94
       25
331
988
 74
     2
 94
        0
 94
        1
331
989
 74
     2
 94
        0
 94
        1
331
98A
 74
     2
 94
        0
 94
        1
331
98B
 74
     2
 94
        0
 94
        1
331
98C
 74
     2
 94
        0
 94
        1
331
98D
 74
     2
 94
        0
 94
        1
331
98E
 74
     2
 94
        0
 94
        1
331
98F
 74
     2
 94
        0
 94
        1
331
999
 74
     2
 94
        0
 94
        1
331
99A
 74
     2
 94
        0
 94
        1
331
99B
 74
     2
 94
        0
 94
        1
331
99C
 74
     2
 94
        0
 94
        1
331
99D
 74
     2
 94
        0
 94
        1
331
99E
 74
     2
 94
        0
 94
        1
331
99F
 74
     2
 94
        0
 94
        1
331
9A0
 74
     2
 94
        0
 94
        1
331
9AA
 74
     2
 94
        0
 94
        1
331
9AB
 74
     2
 94
        0
 94
        1
331
9AC
 74
     2
 94
        0
 94
        1
331
9AD
 74
     2
 94
        0
 94
        1
331
9AE
 74
     2
 94
        0
 94
        1
331
9AF
 74
     2
 94
        0
 94
        1
331
9B0
 74
     2
 94
        0
 94
        1
331
9B1
 74
     2
 94
        0
 94
        1
331
9C1
 74
     4
 94
        0
 94
        1
 94
        2
 94
        3
331
9C2
 74
     4
 94
        0
 94
        1
 94
        2
 94
        3
331
9C7
 74
     2
 94
        0
 94
        1
331
9C8
 74
     2
 94
        0
 94
        1
331
9C9
 74
     2
 94
        0
 94
        1
331
9CA
 74
     2
 94
        0
 94
        1
331
9CB
 74
     2
 94
        0
 94
        1
331
9CC
 74
     2
 94
        0
 94
        1
331
9CD
 74
     2
 94
        0
 94
        1
331
9CE
 74
     2
 94
        0
 94
        1
331
9D7
 74
     2
 94
       24
 94
       25
331
9D8
 74
     2
 94
        0
 94
        1
331
9D9
 74
     2
 94
        0
 94
        1
331
9DA
 74
     2
 94
        0
 94
        1
331
9DB
 74
     2
 94
        0
 94
        1
331
9DC
 74
     2
 94
        0
 94
        1
331
9DD
 74
     2
 94
        0
 94
        1
331
9DE
 74
     2
 94
        0
 94
        1
331
9DF
 74
     2
 94
        0
 94
        1
331
9E8
 74
     2
 94
        0
 94
        1
331
9E9
 74
     2
 94
        0
 94
        1
331
9EA
 74
     2
 94
        0
 94
        1
331
9EB
 74
     2
 94
        0
 94
        1
331
9EC
 74
     2
 94
        0
 94
        1
331
9ED
 74
     2
 94
        0
 94
        1
331
9EE
 74
     2
 94
        0
 94
        1
331
9EF
 74
     2
 94
        0
 94
        1
331
9F8
 74
     2
 94
        0
 94
        1
331
9F9
 74
     2
 94
        0
 94
        1
331
9FA
 74
     2
 94
        0
 94
        1
331
9FB
 74
     2
 94
        0
 94
        1
331
9FC
 74
     2
 94
        0
 94
        1
331
9FD
 74
     2
 94
        0
 94
        1
331
9FE
 74
     2
 94
        0
 94
        1
331
9FF
 74
     2
 94
        0
 94
        1
331
A08
 74
     4
 94
        0
 94
        1
 94
        2
 94
        3
331
A09
 74
     4
 94
        0
 94
        1
 94
        2
 94
        3
 75
     4
 95
      183
 76
     1
 94
        0
 95
      201
 76
     1
 94
        0
 95
      208
 76
     1
 94
        0
 95
      215
 76
     1
 94
        0
140
1.0
141
0.0
280
     0
  0
ACDB_DYNAMICBLOCKPROXYNODE
  5
AC5
330
A3C
100
AcDbEvalExpr
 90
      391
 98
       33
 99
      197
  0
DICTIONARY
  5
3E
330
3D
100
AcDbDictionary
280
     1
281
     1
  3
BUMPTILE
360
3F
  3
DIFFUSETILE
360
40
  3
OPACITYTILE
360
41
  3
REFLECTIONTILE
360
42
  3
REFRACTIONTILE
360
43
  3
SPECULARTILE
360
44
  0
DICTIONARY
  5
36
330
35
100
AcDbDictionary
280
     1
281
     1
  3
BUMPTILE
360
37
  3
DIFFUSETILE
360
38
  3
OPACITYTILE
360
39
  3
REFLECTIONTILE
360
3A
  3
REFRACTIONTILE
360
3B
  3
SPECULARTILE
360
3C
  0
DICTIONARY
  5
C
330
A
100
AcDbDictionary
280
     1
281
     1
  3
BUMPTILE
360
D
  3
DIFFUSETILE
360
E
  3
OPACITYTILE
360
F
  3
REFLECTIONTILE
360
10
  3
REFRACTIONTILE
360
11
  3
SPECULARTILE
360
12
  0
DICTIONARY
  5
6CC
330
68
100
AcDbDictionary
280
     1
281
     1
  3
ACAD_ROUNDTRIP_2008_TABLESTYLE_CELLSTYLEMAP
360
AC7
  0
XRECORD
  5
3F
102
{ACAD_REACTORS
330
3E
102
}
330
3E
100
AcDbXrecord
280
     1
270
     1
271
     1
  0
XRECORD
  5
40
102
{ACAD_REACTORS
330
3E
102
}
330
3E
100
AcDbXrecord
280
     1
270
     1
271
     1
  0
XRECORD
  5
41
102
{ACAD_REACTORS
330
3E
102
}
330
3E
100
AcDbXrecord
280
     1
270
     1
271
     1
  0
XRECORD
  5
42
102
{ACAD_REACTORS
330
3E
102
}
330
3E
100
AcDbXrecord
280
     1
270
     1
271
     1
  0
XRECORD
  5
43
102
{ACAD_REACTORS
330
3E
102
}
330
3E
100
AcDbXrecord
280
     1
270
     1
271
     1
  0
XRECORD
  5
44
102
{ACAD_REACTORS
330
3E
102
}
330
3E
100
AcDbXrecord
280
     1
270
     1
271
     1
  0
XRECORD
  5
37
102
{ACAD_REACTORS
330
36
102
}
330
36
100
AcDbXrecord
280
     1
270
     1
271
     1
  0
XRECORD
  5
38
102
{ACAD_REACTORS
330
36
102
}
330
36
100
AcDbXrecord
280
     1
270
     1
271
     1
  0
XRECORD
  5
39
102
{ACAD_REACTORS
330
36
102
}
330
36
100
AcDbXrecord
280
     1
270
     1
271
     1
  0
XRECORD
  5
3A
102
{ACAD_REACTORS
330
36
102
}
330
36
100
AcDbXrecord
280
     1
270
     1
271
     1
  0
XRECORD
  5
3B
102
{ACAD_REACTORS
330
36
102
}
330
36
100
AcDbXrecord
280
     1
270
     1
271
     1
  0
XRECORD
  5
3C
102
{ACAD_REACTORS
330
36
102
}
330
36
100
AcDbXrecord
280
     1
270
     1
271
     1
  0
XRECORD
  5
D
102
{ACAD_REACTORS
330
C
102
}
330
C
100
AcDbXrecord
280
     1
270
     1
271
     1
  0
XRECORD
  5
E
102
{ACAD_REACTORS
330
C
102
}
330
C
100
AcDbXrecord
280
     1
270
     1
271
     1
  0
XRECORD
  5
F
102
{ACAD_REACTORS
330
C
102
}
330
C
100
AcDbXrecord
280
     1
270
     1
271
     1
  0
XRECORD
  5
10
102
{ACAD_REACTORS
330
C
102
}
330
C
100
AcDbXrecord
280
     1
270
     1
271
     1
  0
XRECORD
  5
11
102
{ACAD_REACTORS
330
C
102
}
330
C
100
AcDbXrecord
280
     1
270
     1
271
     1
  0
XRECORD
  5
12
102
{ACAD_REACTORS
330
C
102
}
330
C
100
AcDbXrecord
280
     1
270
     1
271
     1
  0
CELLSTYLEMAP
  5
AC7
102
{ACAD_REACTORS
330
6CC
102
}
330
6CC
100
AcDbCellStyleMap
 90
        3
300
CELLSTYLE
  1
TABLEFORMAT_BEGIN
 90
        5
170
     1
 91
        0
 92
    32768
 62
   257
 93
        1
300
CONTENTFORMAT
  1
CONTENTFORMAT_BEGIN
 90
        0
 91
        0
 92
      512
 93
        0
300

 40
0.0
140
1.0
 94
        5
 62
     0
340
1F
144
0.25
309
CONTENTFORMAT_END
171
     1
301
MARGIN
  1
CELLMARGIN_BEGIN
 40
0.06
 40
0.06
 40
0.06
 40
0.06
 40
0.18
 40
0.18
309
CELLMARGIN_END
 94
        6
 95
        1
302
GRIDFORMAT
  1
GRIDFORMAT_BEGIN
 90
        0
 91
        1
 62
     0
 92
       -2
340
0
 93
        0
 40
0.045
309
GRIDFORMAT_END
 95
        2
302
GRIDFORMAT
  1
GRIDFORMAT_BEGIN
 90
        0
 91
        1
 62
     0
 92
       -2
340
0
 93
        0
 40
0.045
309
GRIDFORMAT_END
 95
        4
302
GRIDFORMAT
  1
GRIDFORMAT_BEGIN
 90
        0
 91
        1
 62
     0
 92
       -2
340
0
 93
        0
 40
0.045
309
GRIDFORMAT_END
 95
        8
302
GRIDFORMAT
  1
GRIDFORMAT_BEGIN
 90
        0
 91
        1
 62
     0
 92
       -2
340
0
 93
        0
 40
0.045
309
GRIDFORMAT_END
 95
       16
302
GRIDFORMAT
  1
GRIDFORMAT_BEGIN
 90
        0
 91
        1
 62
     0
 92
       -2
340
0
 93
        0
 40
0.045
309
GRIDFORMAT_END
 95
       32
302
GRIDFORMAT
  1
GRIDFORMAT_BEGIN
 90
        0
 91
        1
 62
     0
 92
       -2
340
0
 93
        0
 40
0.045
309
GRIDFORMAT_END
309
TABLEFORMAT_END
  1
CELLSTYLE_BEGIN
 90
        1
 91
        1
300
_TITLE
309
CELLSTYLE_END
300
CELLSTYLE
  1
TABLEFORMAT_BEGIN
 90
        5
170
     1
 91
        0
 92
        0
 62
   257
 93
        1
300
CONTENTFORMAT
  1
CONTENTFORMAT_BEGIN
 90
        0
 91
        0
 92
      512
 93
        0
300

 40
0.0
140
1.0
 94
        5
 62
     0
340
1F
144
0.18
309
CONTENTFORMAT_END
171
     1
301
MARGIN
  1
CELLMARGIN_BEGIN
 40
0.06
 40
0.06
 40
0.06
 40
0.06
 40
0.18
 40
0.18
309
CELLMARGIN_END
 94
        6
 95
        1
302
GRIDFORMAT
  1
GRIDFORMAT_BEGIN
 90
        0
 91
        1
 62
     0
 92
       -2
340
0
 93
        0
 40
0.045
309
GRIDFORMAT_END
 95
        2
302
GRIDFORMAT
  1
GRIDFORMAT_BEGIN
 90
        0
 91
        1
 62
     0
 92
       -2
340
0
 93
        0
 40
0.045
309
GRIDFORMAT_END
 95
        4
302
GRIDFORMAT
  1
GRIDFORMAT_BEGIN
 90
        0
 91
        1
 62
     0
 92
       -2
340
0
 93
        0
 40
0.045
309
GRIDFORMAT_END
 95
        8
302
GRIDFORMAT
  1
GRIDFORMAT_BEGIN
 90
        0
 91
        1
 62
     0
 92
       -2
340
0
 93
        0
 40
0.045
309
GRIDFORMAT_END
 95
       16
302
GRIDFORMAT
  1
GRIDFORMAT_BEGIN
 90
        0
 91
        1
 62
     0
 92
       -2
340
0
 93
        0
 40
0.045
309
GRIDFORMAT_END
 95
       32
302
GRIDFORMAT
  1
GRIDFORMAT_BEGIN
 90
        0
 91
        1
 62
     0
 92
       -2
340
0
 93
        0
 40
0.045
309
GRIDFORMAT_END
309
TABLEFORMAT_END
  1
CELLSTYLE_BEGIN
 90
        2
 91
        1
300
_HEADER
309
CELLSTYLE_END
300
CELLSTYLE
  1
TABLEFORMAT_BEGIN
 90
        5
170
     1
 91
        0
 92
        0
 62
   257
 93
        1
300
CONTENTFORMAT
  1
CONTENTFORMAT_BEGIN
 90
        0
 91
        0
 92
      512
 93
        0
300

 40
0.0
140
1.0
 94
        2
 62
     0
340
1F
144
0.18
309
CONTENTFORMAT_END
171
     1
301
MARGIN
  1
CELLMARGIN_BEGIN
 40
0.06
 40
0.06
 40
0.06
 40
0.06
 40
0.18
 40
0.18
309
CELLMARGIN_END
 94
        6
 95
        1
302
GRIDFORMAT
  1
GRIDFORMAT_BEGIN
 90
        0
 91
        1
 62
     0
 92
       -2
340
0
 93
        0
 40
0.045
309
GRIDFORMAT_END
 95
        2
302
GRIDFORMAT
  1
GRIDFORMAT_BEGIN
 90
        0
 91
        1
 62
     0
 92
       -2
340
0
 93
        0
 40
0.045
309
GRIDFORMAT_END
 95
        4
302
GRIDFORMAT
  1
GRIDFORMAT_BEGIN
 90
        0
 91
        1
 62
     0
 92
       -2
340
0
 93
        0
 40
0.045
309
GRIDFORMAT_END
 95
        8
302
GRIDFORMAT
  1
GRIDFORMAT_BEGIN
 90
        0
 91
        1
 62
     0
 92
       -2
340
0
 93
        0
 40
0.045
309
GRIDFORMAT_END
 95
       16
302
GRIDFORMAT
  1
GRIDFORMAT_BEGIN
 90
        0
 91
        1
 62
     0
 92
       -2
340
0
 93
        0
 40
0.045
309
GRIDFORMAT_END
 95
       32
302
GRIDFORMAT
  1
GRIDFORMAT_BEGIN
 90
        0
 91
        1
 62
     0
 92
       -2
340
0
 93
        0
 40
0.045
309
GRIDFORMAT_END
309
TABLEFORMAT_END
  1
CELLSTYLE_BEGIN
 90
        3
 91
        2
300
_DATA
309
CELLSTYLE_END
  0
ENDSEC
  0
EOF
